cycle_index,t_ms,pixel_width
-1,0.001,71
-1,6.981,71
-1,14.086,71
-1,21.160,71
-1,31.739,71
-1,38.898,71
-1,45.335,71
-1,52.828,71
-1,59.491,71
-1,66.209,71
-1,73.309,71
-1,80.166,71
-1,87.189,71
-1,93.864,71
-1,100.500,73
-1,107.435,73
-1,113.892,73
-1,120.930,73
-1,127.556,73
-1,134.456,73
-1,141.450,73
-1,147.895,73
-1,154.756,73
-1,160.338,73
-1,166.651,73
-1,173.716,73
-1,180.764,73
-1,188.913,73
-1,195.761,73
-1,202.955,73
-1,211.659,73
-1,218.420,73
-1,225.167,73
-1,231.648,73
-1,238.780,73
-1,245.327,73
-1,252.018,73
-1,259.155,73
-1,265.905,75
-1,273.233,75
-1,280.152,75
-1,286.918,75
-1,293.641,75
-1,300.598,75
-1,308.103,75
-1,314.712,75
-1,321.967,75
-1,328.924,75
-1,336.008,75
-1,342.685,75
-1,351.613,75
-1,358.808,75
-1,365.675,75
-1,373.022,75
-1,379.873,75
-1,387.176,75
-1,394.036,75
-1,400.697,75
-1,407.684,75
-1,414.067,75
-1,420.913,75
-1,427.986,75
-1,435.041,77
-1,442.126,77
-1,452.036,77
-1,459.184,77
-1,465.840,77
-1,472.887,77
-1,479.653,77
-1,486.245,77
-1,493.488,77
-1,500.342,77
-1,507.405,77
-1,513.882,77
-1,520.913,77
-1,527.528,77
-1,534.380,77
-1,541.597,77
-1,548.232,77
-1,555.426,77
-1,562.278,77
-1,569.547,77
-1,576.394,77
-1,583.148,77
-1,592.139,77
-1,598.916,79
-1,606.300,79
-1,613.683,79
-1,620.923,79
-1,627.662,79
-1,635.433,79
-1,642.509,79
-1,648.988,79
-1,655.999,79
-1,662.669,79
-1,672.489,79
-1,679.183,79
-1,686.202,79
-1,692.756,79
-1,699.495,79
-1,706.722,79
-1,713.476,79
-1,720.453,79
-1,727.156,79
-1,733.819,79
-1,740.605,79
-1,747.251,79
-1,754.049,79
-1,760.846,79
-1,767.441,81
-1,774.341,81
-1,780.892,81
-1,788.038,81
-1,794.737,81
-1,802.172,81
-1,811.819,81
-1,818.891,81
-1,825.561,81
-1,831.980,81
-1,838.723,81
-1,845.437,81
-1,852.536,81
-1,859.101,81
-1,865.819,81
-1,872.827,81
-1,879.296,81
-1,886.042,81
-1,892.611,81
-1,899.134,81
-1,905.691,81
-1,912.740,81
-1,920.570,81
-1,927.232,81
-1,933.988,81
-1,940.905,81
-1,948.177,81
-1,955.684,81
-1,962.485,81
-1,969.156,83
-1,975.981,83
-1,982.705,83
-1,990.092,83
-1,996.918,83
-1,1004.110,83
-1,1011.813,83
-1,1019.017,83
-1,1025.970,83
-1,1032.711,83
-1,1039.875,83
-1,1045.862,83
-1,1052.985,83
-1,1060.847,83
-1,1067.925,83
-1,1075.079,83
-1,1081.734,83
-1,1088.934,83
-1,1094.459,83
-1,1101.429,85
-1,1108.602,85
-1,1115.304,85
-1,1122.342,85
-1,1129.099,85
-1,1136.668,85
-1,1143.629,85
-1,1150.494,85
-1,1157.680,85
-1,1164.406,85
-1,1171.865,85
-1,1178.589,85
-1,1186.556,85
-1,1193.662,85
-1,1200.680,85
-1,1208.053,85
-1,1215.149,85
-1,1223.588,85
-1,1231.116,85
-1,1238.368,85
-1,1245.335,85
-1,1252.243,85
-1,1259.271,85
-1,1266.015,87
-1,1273.360,87
-1,1279.959,87
-1,1286.853,87
-1,1293.314,87
-1,1300.306,87
-1,1307.654,87
-1,1314.407,87
-1,1321.392,87
-1,1328.114,87
-1,1334.798,87
-1,1341.939,87
-1,1352.226,87
-1,1359.198,87
-1,1366.282,87
-1,1373.703,87
-1,1380.548,87
-1,1387.531,87
-1,1394.252,87
-1,1401.299,87
-1,1408.361,87
-1,1415.048,87
-1,1422.237,87
-1,1432.901,87
-1,1439.755,90
-1,1446.296,90
-1,1453.321,90
-1,1459.958,90
-1,1466.551,90
-1,1473.703,90
-1,1480.370,90
-1,1487.194,90
-1,1493.499,90
-1,1500.080,90
-1,1507.038,90
-1,1513.476,90
-1,1520.388,90
-1,1527.488,90
-1,1534.098,90
-1,1541.076,90
-1,1547.579,90
-1,1554.691,90
-1,1561.289,90
-1,1567.959,90
-1,1574.940,90
-1,1581.598,90
-1,1588.712,90
-1,1595.180,90
-1,1601.960,92
-1,1612.019,92
-1,1619.045,92
-1,1625.826,92
-1,1633.032,92
-1,1639.995,92
-1,1646.596,92
-1,1653.592,92
-1,1660.086,92
-1,1666.626,92
-1,1673.396,92
-1,1679.916,92
-1,1686.980,92
-1,1693.261,92
-1,1699.959,92
-1,1707.066,92
-1,1713.674,92
-1,1720.644,92
-1,1727.030,92
-1,1733.604,92
-1,1740.565,92
-1,1747.016,92
-1,1753.914,92
-1,1760.460,92
-1,1767.247,94
-1,1774.161,94
-1,1780.840,94
-1,1787.914,94
-1,1794.382,94
-1,1801.243,94
-1,1809.059,94
-1,1816.060,94
-1,1823.205,94
-1,1830.391,94
-1,1837.371,94
-1,1843.963,94
-1,1850.656,94
-1,1857.639,94
-1,1864.059,94
-1,1871.383,94
-1,1877.916,94
-1,1884.786,94
-1,1892.261,94
-1,1898.725,94
-1,1906.183,94
-1,1912.926,94
-1,1920.785,94
-1,1927.541,94
-1,1933.985,96
-1,1941.019,96
-1,1947.217,96
-1,1954.315,96
-1,1960.768,96
-1,1967.132,96
-1,1973.807,96
-1,1980.240,96
-1,1987.495,96
-1,1996.158,96
-1,2002.922,96
-1,2011.879,96
-1,2019.381,96
-1,2026.118,96
-1,2032.657,96
-1,2040.068,96
-1,2046.794,96
-1,2053.759,96
-1,2060.115,96
-1,2066.719,96
-1,2073.688,96
-1,2080.097,96
-1,2086.904,96
-1,2093.424,96
-1,2099.976,98
-1,2106.922,98
-1,2113.771,98
-1,2120.835,98
-1,2127.067,98
-1,2134.070,98
-1,2141.024,98
-1,2147.327,98
-1,2154.289,98
-1,2160.915,98
-1,2167.648,98
-1,2174.450,98
-1,2180.877,98
-1,2189.297,98
-1,2196.085,98
-1,2202.496,98
-1,2209.307,98
-1,2215.971,98
-1,2223.236,98
-1,2231.603,98
-1,2238.558,98
-1,2245.474,98
-1,2251.976,98
-1,2259.113,98
-1,2265.880,100
-1,2272.879,100
-1,2279.605,100
-1,2286.152,100
-1,2292.838,100
-1,2299.074,100
-1,2306.330,100
-1,2313.025,100
-1,2319.898,100
-1,2327.291,100
-1,2333.961,100
-1,2340.822,100
-1,2347.237,100
-1,2354.664,100
-1,2361.466,100
-1,2368.165,100
-1,2375.147,100
-1,2381.758,100
-1,2388.986,100
-1,2395.555,100
-1,2402.263,100
-1,2412.034,100
-1,2418.925,100
-1,2426.084,100
-1,2433.766,102
-1,2441.675,102
-1,2448.096,102
-1,2455.163,102
-1,2461.677,102
-1,2468.431,102
-1,2475.609,102
-1,2482.218,102
-1,2489.461,102
-1,2495.857,102
-1,2502.278,102
-1,2512.315,102
-1,2519.166,102
-1,2526.411,102
-1,2532.878,102
-1,2540.081,102
-1,2546.565,102
-1,2553.209,102
-1,2560.195,102
-1,2566.762,102
-1,2573.843,102
-1,2580.210,102
-1,2586.861,102
-1,2593.655,102
-1,2600.104,104
-1,2607.055,104
-1,2613.595,104
-1,2620.685,104
-1,2627.226,104
-1,2633.779,104
-1,2640.847,104
-1,2647.299,104
-1,2654.697,104
-1,2661.178,104
-1,2667.823,104
-1,2674.974,104
-1,2681.832,104
-1,2688.960,104
-1,2695.761,104
-1,2703.071,104
-1,2712.170,104
-1,2718.714,104
-1,2725.825,104
-1,2732.214,104
-1,2739.491,104
-1,2747.100,104
-1,2754.222,104
-1,2760.855,104
-1,2767.630,106
-1,2774.592,106
-1,2781.184,106
-1,2788.847,106
-1,2795.535,106
-1,2802.555,106
-1,2812.251,106
-1,2819.299,106
-1,2826.651,106
-1,2833.171,106
-1,2840.026,106
-1,2846.904,106
-1,2853.931,106
-1,2860.588,106
-1,2867.411,106
-1,2874.432,106
-1,2880.888,106
-1,2888.259,106
-1,2894.860,106
-1,2901.743,106
-1,2909.259,106
-1,2916.075,106
-1,2923.254,106
-1,2931.789,106
-1,2939.305,108
-1,2946.097,108
-1,2953.167,108
-1,2960.110,108
-1,2966.823,108
-1,2973.865,108
-1,2980.530,108
-1,2987.711,108
-1,2994.729,108
-1,3000.409,108
-1,3007.440,108
-1,3014.002,108
-1,3021.318,108
-1,3027.907,108
-1,3033.305,108
-1,3040.169,108
-1,3046.623,108
-1,3054.357,108
-1,3061.021,108
-1,3068.042,108
-1,3075.228,108
-1,3081.771,108
-1,3089.090,108
-1,3095.819,108
-1,3102.945,110
-1,3112.891,110
-1,3119.928,110
-1,3127.016,110
-1,3133.500,110
-1,3140.209,110
-1,3146.756,110
-1,3153.782,110
-1,3159.172,110
-1,3165.819,110
-1,3174.044,110
-1,3180.570,110
-1,3187.472,110
-1,3193.771,110
-1,3200.173,110
-1,3206.921,110
-1,3213.906,110
-1,3221.096,110
-1,3227.526,110
-1,3233.940,110
-1,3240.907,110
-1,3247.638,110
-1,3254.491,110
-1,3261.329,110
-1,3268.161,112
-1,3275.014,112
-1,3281.708,112
-1,3289.105,112
-1,3295.674,112
-1,3302.906,112
-1,3309.959,112
-1,3316.445,112
-1,3323.597,112
-1,3331.902,112
-1,3338.761,112
-1,3345.445,112
-1,3352.605,112
-1,3360.162,112
-1,3366.747,112
-1,3373.447,112
-1,3380.328,112
-1,3387.238,112
-1,3393.526,112
-1,3400.004,112
-1,3407.063,112
-1,3413.762,112
-1,3420.622,112
-1,3426.891,112
-1,3433.301,115
-1,3440.137,115
-1,3446.657,115
-1,3453.872,115
-1,3460.496,115
-1,3467.232,115
-1,3474.219,115
-1,3481.048,115
-1,3487.698,115
-1,3493.468,115
-1,3500.249,115
-1,3507.229,115
-1,3513.568,115
-1,3520.798,115
-1,3527.254,115
-1,3533.760,115
-1,3540.872,115
-1,3547.276,115
-1,3554.668,115
-1,3561.176,115
-1,3568.213,115
-1,3575.244,115
-1,3581.810,115
-1,3588.985,115
-1,3595.709,115
-1,3603.086,117
-1,3611.979,117
-1,3619.657,117
-1,3626.584,117
-1,3633.209,117
-1,3640.507,117
-1,3646.972,117
-1,3653.613,117
-1,3661.484,117
-1,3668.659,117
-1,3675.797,117
-1,3682.123,117
-1,3689.385,117
-1,3694.770,117
-1,3701.170,117
-1,3708.011,117
-1,3714.533,117
-1,3721.792,117
-1,3728.354,117
-1,3735.069,117
-1,3742.050,117
-1,3748.452,117
-1,3755.674,117
-1,3762.250,117
-1,3770.961,119
-1,3777.086,119
-1,3783.687,119
-1,3791.180,119
-1,3797.648,119
-1,3805.108,119
-1,3811.780,119
-1,3818.462,119
-1,3825.362,119
-1,3831.890,119
-1,3839.399,119
-1,3846.164,119
-1,3852.695,119
-1,3859.818,119
-1,3866.525,119
-1,3873.726,119
-1,3880.023,119
-1,3886.949,119
-1,3893.617,119
-1,3900.332,119
-1,3907.014,119
-1,3913.373,119
-1,3920.430,119
-1,3926.954,119
-1,3933.684,121
-1,3940.585,121
-1,3947.003,121
-1,3953.866,121
-1,3960.303,121
-1,3967.653,121
-1,3973.991,121
-1,3980.962,121
-1,3988.591,121
-1,3995.611,121
-1,4003.279,121
-1,4012.083,121
-1,4018.929,121
-1,4025.818,121
-1,4032.615,121
-1,4039.659,121
-1,4046.360,121
-1,4052.970,121
-1,4059.961,121
-1,4066.528,121
-1,4073.652,121
-1,4080.153,121
-1,4087.277,121
-1,4093.801,121
-1,4100.476,123
-1,4107.436,123
-1,4113.113,123
-1,4120.237,123
-1,4126.639,123
-1,4133.166,123
-1,4140.448,123
-1,4147.004,123
-1,4154.200,123
-1,4161.180,123
-1,4167.954,123
-1,4174.897,123
-1,4181.434,123
-1,4188.650,123
-1,4195.191,123
-1,4201.978,123
-1,4212.332,123
-1,4219.428,123
-1,4226.542,123
-1,4232.928,123
-1,4239.665,123
-1,4246.094,123
-1,4252.612,123
-1,4259.626,123
-1,4266.409,125
-1,4274.428,125
-1,4280.825,125
-1,4288.413,125
-1,4294.977,125
-1,4301.716,125
-1,4308.715,125
-1,4315.201,125
-1,4322.034,125
-1,4328.747,125
-1,4334.243,125
-1,4341.163,125
-1,4347.702,125
-1,4354.833,125
-1,4361.396,125
-1,4368.342,125
-1,4375.411,125
-1,4381.649,125
-1,4388.584,125
-1,4395.199,125
-1,4402.092,125
-1,4412.341,125
-1,4419.555,125
-1,4426.458,125
-1,4433.090,127
-1,4439.881,127
-1,4446.192,127
-1,4453.056,127
-1,4459.735,127
-1,4466.419,127
-1,4473.155,127
-1,4479.628,127
-1,4486.473,127
-1,4493.041,127
-1,4499.346,127
-1,4506.596,127
-1,4513.057,127
-1,4519.992,127
-1,4526.881,127
-1,4533.306,127
-1,4540.307,127
-1,4546.959,127
-1,4554.186,127
-1,4560.798,127
-1,4567.394,127
-1,4575.262,127
-1,4581.829,127
-1,4589.160,127
-1,4595.741,127
-1,4602.695,129
-1,4612.014,129
-1,4618.901,129
-1,4625.898,129
-1,4632.652,129
-1,4640.137,129
-1,4646.951,129
-1,4653.895,129
-1,4660.427,129
-1,4667.052,129
-1,4673.937,129
-1,4680.448,129
-1,4687.723,129
-1,4694.312,129
-1,4700.930,129
-1,4708.149,129
-1,4714.655,129
-1,4722.028,129
-1,4731.662,129
-1,4738.913,129
-1,4745.584,129
-1,4752.885,129
-1,4759.674,129
-1,4766.292,131
-1,4773.222,131
-1,4780.124,131
-1,4787.289,131
-1,4793.842,131
-1,4800.300,131
-1,4807.003,131
-1,4813.707,131
-1,4820.857,131
-1,4827.320,131
-1,4833.890,131
-1,4840.706,131
-1,4847.108,131
-1,4854.222,131
-1,4860.796,131
-1,4867.467,131
-1,4874.453,131
-1,4881.601,131
-1,4888.767,131
-1,4895.208,131
-1,4901.809,131
-1,4908.726,131
-1,4915.209,131
-1,4922.520,131
-1,4931.580,131
-1,4938.437,133
-1,4944.500,133
-1,4951.742,133
-1,4957.804,133
-1,4964.042,133
-1,4972.066,133
-1,4978.557,133
-1,4985.734,133
-1,4991.633,133
-1,4998.073,133
-1,5005.094,133
-1,5011.774,133
-1,5018.343,133
-1,5025.322,133
-1,5031.763,133
-1,5039.198,133
-1,5045.834,133
-1,5053.029,133
-1,5059.960,133
-1,5065.427,133
-1,5073.084,133
-1,5079.757,133
-1,5086.492,133
-1,5093.583,133
-1,5100.376,135
-1,5107.472,135
-1,5113.934,135
-1,5120.808,135
-1,5127.379,135
-1,5133.963,135
-1,5141.253,135
-1,5147.893,135
-1,5155.290,135
-1,5160.657,135
-1,5166.999,135
-1,5174.052,135
-1,5180.616,135
-1,5189.822,135
-1,5196.507,135
-1,5203.290,135
-1,5211.982,135
-1,5218.942,135
-1,5225.731,135
-1,5232.527,135
-1,5239.524,135
-1,5246.232,135
-1,5253.265,135
-1,5260.471,135
-1,5267.327,137
-1,5274.479,137
-1,5281.141,137
-1,5289.062,137
-1,5295.821,137
-1,5303.157,137
-1,5310.308,137
-1,5317.018,137
-1,5324.002,137
-1,5331.972,137
-1,5339.009,137
-1,5345.838,137
-1,5353.026,137
-1,5359.852,137
-1,5366.398,137
-1,5373.725,137
-1,5379.216,137
-1,5385.608,137
-1,5392.608,137
-1,5399.302,137
-1,5406.746,137
-1,5413.477,137
-1,5420.384,137
-1,5426.903,137
-1,5433.588,139
-1,5440.598,139
-1,5447.109,139
-1,5454.305,139
-1,5460.843,139
-1,5467.584,139
-1,5474.626,139
-1,5481.087,139
-1,5488.541,139
-1,5495.709,139
-1,5502.820,139
-1,5511.791,139
-1,5518.489,139
-1,5525.655,139
-1,5532.182,139
-1,5540.030,139
-1,5546.594,139
-1,5553.933,139
-1,5560.929,139
-1,5568.177,139
-1,5575.385,139
-1,5582.094,139
-1,5589.678,139
-1,5596.328,139
-1,5603.672,142
-1,5612.050,142
-1,5619.961,142
-1,5627.044,142
-1,5635.531,142
-1,5642.520,142
-1,5651.804,142
-1,5658.767,142
-1,5665.402,142
-1,5672.613,142
-1,5679.391,142
-1,5686.496,142
-1,5693.272,142
-1,5699.890,142
-1,5706.854,142
-1,5713.604,142
-1,5720.705,142
-1,5727.201,142
-1,5733.712,142
-1,5740.721,142
-1,5747.343,142
-1,5754.309,142
-1,5761.170,142
-1,5768.026,144
-1,5775.133,144
-1,5781.919,144
-1,5792.392,144
-1,5799.962,144
-1,5806.788,144
-1,5813.526,144
-1,5820.429,144
-1,5827.168,144
-1,5833.884,144
-1,5840.871,144
-1,5847.350,144
-1,5854.375,144
-1,5860.862,144
-1,5867.474,144
-1,5874.362,144
-1,5880.763,144
-1,5887.946,144
-1,5894.453,144
-1,5901.154,144
-1,5908.376,144
-1,5914.976,144
-1,5922.270,144
-1,5931.608,144
-1,5938.257,146
-1,5945.467,146
-1,5951.934,146
-1,5959.158,146
-1,5965.962,146
-1,5972.926,146
-1,5979.466,146
-1,5986.334,146
-1,5993.092,146
-1,5999.621,146
-1,6006.559,146
-1,6013.358,146
-1,6020.363,146
-1,6026.941,146
-1,6033.739,146
-1,6040.787,146
-1,6047.516,146
-1,6054.336,146
-1,6060.914,146
-1,6067.815,146
-1,6074.916,146
-1,6081.579,146
-1,6088.760,146
-1,6095.255,146
-1,6103.033,148
-1,6112.079,148
-1,6118.208,148
-1,6125.105,148
-1,6131.927,148
-1,6139.141,148
-1,6145.971,148
-1,6152.932,148
-1,6159.526,148
-1,6166.344,148
-1,6173.458,148
-1,6181.750,148
-1,6189.558,148
-1,6196.258,148
-1,6202.940,148
-1,6211.998,148
-1,6218.649,148
-1,6225.283,148
-1,6231.631,148
-1,6239.017,148
-1,6245.637,148
-1,6252.765,148
-1,6259.632,148
-1,6266.336,150
-1,6273.152,150
-1,6279.497,150
-1,6286.373,150
-1,6292.865,150
-1,6299.294,150
-1,6306.160,150
-1,6312.532,150
-1,6319.230,150
-1,6325.914,150
-1,6332.362,150
-1,6339.590,150
-1,6346.078,150
-1,6352.735,150
-1,6359.217,150
-1,6365.642,150
-1,6372.388,150
-1,6379.034,150
-1,6385.815,150
-1,6392.478,150
-1,6399.128,150
-1,6406.620,150
-1,6413.200,150
-1,6420.168,150
-1,6426.828,150
-1,6434.330,152
-1,6441.439,152
-1,6447.881,152
-1,6455.308,152
-1,6460.704,152
-1,6467.325,152
-1,6474.250,152
-1,6480.726,152
-1,6487.882,152
-1,6494.399,152
-1,6501.220,152
-1,6508.225,152
-1,6514.802,152
-1,6522.147,152
-1,6531.636,152
-1,6538.774,152
-1,6545.313,152
-1,6552.335,152
-1,6559.185,152
-1,6565.729,152
-1,6573.155,152
-1,6579.859,152
-1,6586.640,152
-1,6593.151,152
-1,6599.836,154
-1,6607.204,154
-1,6613.804,154
-1,6621.028,154
-1,6627.303,154
-1,6633.865,154
-1,6641.050,154
-1,6647.440,154
-1,6654.605,154
-1,6661.100,154
-1,6667.720,154
-1,6674.719,154
-1,6681.358,154
-1,6688.898,154
-1,6695.466,154
-1,6702.428,154
-1,6711.974,154
-1,6718.830,154
-1,6725.702,154
-1,6732.463,154
-1,6739.443,154
-1,6745.981,154
-1,6752.651,154
-1,6759.363,154
-1,6766.182,156
-1,6773.375,156
-1,6780.093,156
-1,6787.071,156
-1,6793.780,156
-1,6800.503,156
-1,6807.227,156
-1,6813.472,156
-1,6820.573,156
-1,6826.907,156
-1,6833.591,156
-1,6840.629,156
-1,6846.849,156
-1,6853.840,156
-1,6860.193,156
-1,6866.647,156
-1,6873.585,156
-1,6880.134,156
-1,6886.781,156
-1,6893.576,156
-1,6900.116,156
-1,6907.180,156
-1,6913.607,156
-1,6920.915,156
-1,6927.307,156
-1,6933.873,158
-1,6940.860,158
-1,6947.200,158
-1,6954.297,158
-1,6959.612,158
-1,6966.192,158
-1,6972.984,158
-1,6979.725,158
-1,6987.132,158
-1,6993.814,158
-1,7000.515,158
-1,7007.492,158
-1,7014.785,158
-1,7022.185,158
-1,7031.586,158
-1,7038.350,158
-1,7044.987,158
-1,7052.241,158
-1,7059.061,158
-1,7065.788,158
-1,7072.972,158
-1,7079.550,158
-1,7086.419,158
-1,7092.913,158
-1,7099.356,160
-1,7106.268,160
-1,7112.807,160
-1,7119.728,160
-1,7126.295,160
-1,7132.734,160
-1,7140.212,160
-1,7146.850,160
-1,7153.579,160
-1,7160.188,160
-1,7166.956,160
-1,7173.970,160
-1,7180.920,160
-1,7188.192,160
-1,7193.711,160
-1,7200.452,160
-1,7207.485,160
-1,7214.159,160
-1,7220.988,160
-1,7227.201,160
-1,7233.629,160
-1,7240.358,160
-1,7247.336,160
-1,7253.992,160
-1,7259.259,160
-1,7265.784,162
-1,7273.633,162
-1,7280.132,162
-1,7287.411,162
-1,7293.829,162
-1,7300.304,162
-1,7307.143,162
-1,7313.696,162
-1,7321.687,162
-1,7328.198,162
-1,7335.189,162
-1,7342.263,162
-1,7349.086,162
-1,7356.288,162
-1,7362.902,162
-1,7371.831,162
-1,7378.994,162
-1,7385.801,162
-1,7392.877,162
-1,7399.519,162
-1,7406.900,162
-1,7413.586,162
-1,7421.718,162
-1,7428.527,162
-1,7436.077,164
-1,7443.093,164
-1,7449.651,164
-1,7456.601,164
-1,7463.268,164
-1,7471.826,164
-1,7478.434,164
-1,7486.364,164
-1,7493.121,164
-1,7498.938,164
-1,7506.131,164
-1,7512.832,164
-1,7519.387,164
-1,7526.568,164
-1,7532.536,164
-1,7539.567,164
-1,7546.376,164
-1,7552.887,164
-1,7560.186,164
-1,7566.916,164
-1,7574.057,164
-1,7580.497,164
-1,7587.803,164
-1,7594.356,164
-1,7601.097,166
-1,7607.994,166
-1,7614.480,166
-1,7622.482,166
-1,7630.896,166
-1,7638.738,166
-1,7645.904,166
-1,7652.528,166
-1,7659.932,166
-1,7666.439,166
-1,7673.280,166
-1,7680.056,166
-1,7687.023,166
-1,7693.595,166
-1,7699.953,166
-1,7706.767,166
-1,7713.328,166
-1,7720.630,166
-1,7727.071,166
-1,7733.495,166
-1,7740.401,166
-1,7746.889,166
-1,7753.518,166
-1,7760.631,166
-1,7767.248,169
-1,7773.931,169
-1,7780.066,169
-1,7787.044,169
-1,7793.748,169
-1,7800.394,169
-1,7807.357,169
-1,7813.620,169
-1,7821.071,169
-1,7827.645,169
-1,7834.298,169
-1,7841.388,169
-1,7848.114,169
-1,7855.501,169
-1,7862.257,169
-1,7872.145,169
-1,7879.230,169
-1,7885.891,169
-1,7892.697,169
-1,7898.922,169
-1,7906.006,169
-1,7912.554,169
-1,7918.999,169
-1,7927.220,169
-1,7933.825,171
-1,7940.828,171
-1,7947.385,171
-1,7954.550,171
-1,7960.835,171
-1,7967.393,171
-1,7974.549,171
-1,7981.118,171
-1,7988.478,171
-1,7994.779,171
-1,8001.299,171
-1,8008.251,171
-1,8014.737,171
-1,8021.988,171
-1,8031.887,171
-1,8038.813,171
-1,8045.444,171
-1,8050.758,171
-1,8057.468,171
-1,8063.886,171
-1,8071.789,171
-1,8078.376,171
-1,8085.168,171
-1,8092.214,171
-1,8098.893,173
-1,8106.129,173
-1,8112.679,173
-1,8118.989,173
-1,8126.111,173
-1,8132.572,173
-1,8139.637,173
-1,8146.311,173
-1,8152.826,173
-1,8160.044,173
-1,8166.757,173
-1,8174.397,173
-1,8180.863,173
-1,8188.137,173
-1,8194.369,173
-1,8201.138,173
-1,8208.088,173
-1,8214.531,173
-1,8221.917,173
-1,8229.215,173
-1,8235.815,173
-1,8242.861,173
-1,8249.407,173
-1,8256.647,173
-1,8263.369,173
-1,8270.171,175
-1,8276.769,175
-1,8283.163,175
-1,8289.905,175
-1,8296.508,175
-1,8302.974,175
-1,8311.657,175
-1,8318.397,175
-1,8325.716,175
-1,8332.465,175
-1,8339.204,175
-1,8345.825,175
-1,8352.529,175
-1,8359.551,175
-1,8366.107,175
-1,8372.924,175
-1,8379.482,175
-1,8385.707,175
-1,8392.402,175
-1,8398.827,175
-1,8405.588,175
-1,8412.138,175
-1,8418.864,175
-1,8425.868,175
-1,8432.350,177
-1,8439.365,177
-1,8446.119,177
-1,8452.681,177
-1,8459.954,177
-1,8466.338,177
-1,8473.321,177
-1,8479.716,177
-1,8486.382,177
-1,8492.827,177
-1,8499.151,177
-1,8505.984,177
-1,8512.231,177
-1,8519.051,177
-1,8525.959,177
-1,8533.319,177
-1,8540.649,177
-1,8547.096,177
-1,8553.991,177
-1,8560.532,177
-1,8567.003,177
-1,8573.754,177
-1,8580.020,177
-1,8586.721,177
-1,8593.154,177
-1,8599.734,179
-1,8607.218,179
-1,8613.890,179
-1,8621.220,179
-1,8627.824,179
-1,8634.501,179
-1,8641.645,179
-1,8648.260,179
-1,8655.736,179
-1,8662.508,179
-1,8672.491,179
-1,8679.138,179
-1,8686.375,179
-1,8691.658,179
-1,8698.215,179
-1,8705.596,179
-1,8712.561,179
-1,8720.086,179
-1,8726.843,179
-1,8733.532,179
-1,8740.642,179
-1,8747.120,179
-1,8754.352,179
-1,8760.931,179
0,8767.938,0
0,8775.205,0
0,8781.703,0
0,8788.574,0
0,8794.914,0
0,8800.620,0
0,8807.273,0
0,8813.767,0
0,8821.155,0
0,8828.054,0
0,8835.725,0
0,8842.025,0
0,8850.675,0
0,8858.206,0
0,8864.851,0
0,8872.020,0
0,8878.388,0
0,8885.349,0
0,8891.349,0
0,8901.230,0
0,8908.326,0
0,8914.783,0
0,8922.200,0
0,8929.094,0
0,8936.383,0
0,8943.155,0
0,8951.959,0
0,8959.239,0
0,8965.967,0
0,8973.098,0
0,8980.024,0
0,8986.995,0
0,8992.491,0
0,8999.316,0
0,9006.862,0
0,9013.744,0
0,9021.167,0
0,9027.848,0
0,9033.556,0
0,9040.420,0
0,9046.774,0
0,9053.949,0
0,9060.226,0
0,9066.777,0
0,9073.721,0
0,9080.356,0
0,9087.352,0
0,9093.823,0
0,9100.480,0
0,9107.845,0
0,9114.452,0
0,9122.422,0
0,9129.390,0
0,9137.380,0
0,9144.050,0
0,9150.870,0
0,9157.856,0
0,9164.474,0
0,9172.734,0
0,9179.923,0
0,9186.866,0
0,9193.462,0
0,9200.209,0
0,9207.133,0
0,9213.500,0
0,9220.780,0
0,9227.347,0
0,9233.863,0
0,9240.839,0
0,9247.296,0
0,9254.590,0
0,9261.140,0
0,9268.022,0
0,9274.865,0
0,9281.505,0
0,9289.133,0
0,9295.763,0
0,9302.736,0
0,9309.460,0
0,9316.165,0
0,9323.035,0
0,9331.597,0
0,9338.435,0
0,9344.846,0
0,9351.926,0
0,9358.733,0
0,9365.440,0
0,9372.353,0
0,9378.255,0
0,9385.254,0
0,9391.611,0
0,9397.877,0
0,9405.026,0
0,9410.549,0
0,9416.758,0
0,9423.643,0
0,9431.837,2
0,9440.217,2
0,9446.799,2
0,9453.520,2
0,9460.202,2
0,9466.836,2
0,9473.761,2
0,9480.200,2
0,9487.323,2
0,9493.607,2
0,9499.918,2
0,9506.740,2
0,9513.135,2
0,9519.946,2
0,9526.359,2
0,9532.969,2
0,9540.076,2
0,9546.906,2
0,9554.610,2
0,9561.228,2
0,9568.081,2
0,9574.430,2
0,9580.870,2
0,9588.085,2
0,9594.739,2
0,9601.346,4
0,9608.240,4
0,9614.808,4
0,9622.707,4
0,9629.315,4
0,9636.270,4
0,9641.798,4
0,9648.356,4
0,9655.816,4
0,9662.308,4
0,9671.825,4
0,9678.524,4
0,9686.064,4
0,9693.004,4
0,9699.792,4
0,9706.910,4
0,9713.776,4
0,9721.213,4
0,9726.809,4
0,9733.297,4
0,9740.929,4
0,9747.276,4
0,9754.741,4
0,9760.320,4
0,9766.827,6
0,9773.875,6
0,9780.584,6
0,9788.504,6
0,9795.434,6
0,9803.138,6
0,9810.580,6
0,9817.498,6
0,9824.680,6
0,9831.412,6
0,9838.792,6
0,9845.557,6
0,9852.981,6
0,9859.926,6
0,9866.617,6
0,9873.487,6
0,9880.201,6
0,9887.445,6
0,9893.038,6
0,9899.591,6
0,9906.740,6
0,9913.408,6
0,9920.384,6
0,9927.006,6
0,9933.974,9
0,9941.225,9
0,9948.122,9
0,9955.731,9
0,9962.495,9
0,9969.341,9
0,9976.072,9
0,9982.630,9
0,9989.662,9
0,9996.090,9
0,10002.989,9
0,10011.932,9
0,10019.227,9
0,10025.956,9
0,10032.487,9
0,10039.447,9
0,10046.817,9
0,10053.787,9
0,10060.381,9
0,10067.214,9
0,10074.258,9
0,10080.640,9
0,10087.895,9
0,10094.324,9
0,10101.043,11
0,10108.770,11
0,10115.459,11
0,10122.879,11
0,10131.733,11
0,10138.745,11
0,10145.511,11
0,10152.341,11
0,10158.870,11
0,10165.864,11
0,10173.588,11
0,10180.328,11
0,10187.138,11
0,10193.499,11
0,10200.128,11
0,10207.413,11
0,10214.223,11
0,10221.938,11
0,10228.618,11
0,10235.279,11
0,10242.518,11
0,10251.791,11
0,10257.932,11
0,10263.123,13
0,10272.051,13
0,10278.500,13
0,10285.240,13
0,10291.876,13
0,10298.451,13
0,10305.778,13
0,10312.298,13
0,10319.183,13
0,10326.049,13
0,10332.628,13
0,10339.858,13
0,10346.397,13
0,10353.934,13
0,10360.617,13
0,10367.255,13
0,10374.383,13
0,10380.824,13
0,10388.768,13
0,10395.595,13
0,10402.226,13
0,10412.387,13
0,10419.291,13
0,10426.547,13
0,10432.828,15
0,10439.877,15
0,10446.532,15
0,10453.389,15
0,10460.208,15
0,10466.771,15
0,10473.645,15
0,10480.037,15
0,10487.578,15
0,10494.155,15
0,10500.753,15
0,10507.589,15
0,10514.067,15
0,10520.935,15
0,10527.574,15
0,10534.147,15
0,10541.244,15
0,10547.696,15
0,10554.814,15
0,10561.432,15
0,10567.055,15
0,10574.263,15
0,10580.644,15
0,10587.715,15
0,10594.307,15
0,10600.949,17
0,10607.954,17
0,10614.436,17
0,10621.885,17
0,10628.714,17
0,10635.551,17
0,10641.407,17
0,10647.808,17
0,10655.338,17
0,10661.895,17
0,10671.746,17
0,10678.793,17
0,10685.607,17
0,10692.631,17
0,10699.111,17
0,10706.271,17
0,10712.558,17
0,10718.951,17
0,10726.027,17
0,10732.498,17
0,10739.690,17
0,10746.540,17
0,10752.957,17
0,10760.080,17
0,10766.912,19
0,10774.195,19
0,10780.625,19
0,10787.709,19
0,10794.458,19
0,10801.447,19
0,10808.562,19
0,10814.899,19
0,10822.539,19
0,10831.498,19
0,10836.878,19
0,10843.703,19
0,10850.552,19
0,10857.385,19
0,10865.058,19
0,10872.541,19
0,10879.112,19
0,10885.679,19
0,10892.654,19
0,10899.186,19
0,10906.213,19
0,10913.134,19
0,10919.572,19
0,10926.865,19
0,10933.533,21
0,10940.679,21
0,10947.071,21
0,10954.052,21
0,10961.165,21
0,10967.729,21
0,10974.761,21
0,10981.513,21
0,10989.407,21
0,10996.177,21
0,11003.021,21
0,11011.786,21
0,11017.155,21
0,11023.849,21
0,11031.383,21
0,11038.127,21
0,11044.027,21
0,11051.720,21
0,11058.727,21
0,11065.500,21
0,11072.629,21
0,11079.190,21
0,11086.128,21
0,11091.788,21
0,11098.462,23
0,11105.727,23
0,11112.298,23
0,11119.412,23
0,11126.058,23
0,11132.570,23
0,11140.210,23
0,11146.995,23
0,11154.127,23
0,11160.759,23
0,11167.644,23
0,11175.906,23
0,11183.979,23
0,11191.089,23
0,11197.532,23
0,11204.567,23
0,11211.529,23
0,11218.442,23
0,11225.566,23
0,11232.390,23
0,11239.271,23
0,11245.837,23
0,11252.917,23
0,11259.486,23
0,11266.799,25
0,11273.794,25
0,11280.124,25
0,11287.257,25
0,11293.531,25
0,11300.050,25
0,11306.831,25
0,11313.611,25
0,11320.571,25
0,11327.077,25
0,11333.703,25
0,11341.048,25
0,11347.540,25
0,11354.682,25
0,11361.411,25
0,11368.327,25
0,11375.046,25
0,11381.829,25
0,11388.906,25
0,11395.622,25
0,11402.861,25
0,11412.105,25
0,11419.004,25
0,11425.949,25
0,11434.577,27
0,11440.978,27
0,11447.127,27
0,11454.161,27
0,11460.728,27
0,11467.275,27
0,11474.326,27
0,11480.691,27
0,11487.979,27
0,11494.363,27
0,11501.147,27
0,11508.380,27
0,11514.863,27
0,11522.129,27
0,11531.616,27
0,11538.728,27
0,11545.575,27
0,11552.486,27
0,11559.302,27
0,11565.993,27
0,11573.645,27
0,11580.171,27
0,11587.207,27
0,11593.707,27
0,11600.267,29
0,11607.289,29
0,11613.689,29
0,11621.086,29
0,11627.819,29
0,11634.654,29
0,11641.615,29
0,11648.265,29
0,11655.610,29
0,11662.270,29
0,11672.240,29
0,11679.209,29
0,11686.136,29
0,11692.657,29
0,11699.146,29
0,11706.579,29
0,11712.695,29
0,11720.012,29
0,11727.044,29
0,11733.700,29
0,11740.731,29
0,11747.365,29
0,11753.798,29
0,11760.545,29
0,11767.390,31
0,11774.401,31
0,11781.178,31
0,11788.465,31
0,11795.053,31
0,11802.295,31
0,11808.926,31
0,11815.478,31
0,11822.931,31
0,11831.579,31
0,11838.568,31
0,11845.249,31
0,11851.882,31
0,11859.138,31
0,11865.880,31
0,11872.887,31
0,11880.422,31
0,11887.535,31
0,11894.070,31
0,11900.531,31
0,11907.730,31
0,11914.398,31
0,11921.601,31
0,11928.679,31
0,11935.441,33
0,11941.986,33
0,11948.530,33
0,11955.861,33
0,11962.640,33
0,11972.240,33
0,11979.072,33
0,11986.284,33
0,11993.082,33
0,11999.553,33
0,12006.379,33
0,12012.925,33
0,12019.562,33
0,12026.300,33
0,12032.977,33
0,12039.972,33
0,12046.746,33
0,12053.949,33
0,12060.408,33
0,12067.097,33
0,12074.012,33
0,12080.424,33
0,12087.505,33
0,12093.993,33
0,12100.779,36
0,12108.403,36
0,12114.964,36
0,12122.578,36
0,12131.718,36
0,12138.917,36
0,12145.566,36
0,12152.467,36
0,12159.277,36
0,12165.997,36
0,12173.538,36
0,12180.358,36
0,12188.132,36
0,12193.663,36
0,12200.290,36
0,12207.101,36
0,12213.552,36
0,12220.807,36
0,12227.324,36
0,12233.790,36
0,12240.814,36
0,12246.921,36
0,12254.007,36
0,12260.633,36
0,12267.403,38
0,12274.511,38
0,12281.224,38
0,12288.781,38
0,12295.509,38
0,12302.408,38
0,12311.956,38
0,12319.020,38
0,12325.959,38
0,12332.384,38
0,12339.919,38
0,12346.761,38
0,12353.572,38
0,12360.215,38
0,12367.178,38
0,12374.061,38
0,12380.508,38
0,12387.609,38
0,12394.195,38
0,12401.020,38
0,12408.240,38
0,12414.911,38
0,12422.596,38
0,12431.543,38
0,12438.380,40
0,12445.220,40
0,12451.878,40
0,12458.605,40
0,12465.137,40
0,12472.359,40
0,12478.851,40
0,12485.570,40
0,12492.810,40
0,12499.326,40
0,12506.756,40
0,12513.455,40
0,12520.444,40
0,12526.899,40
0,12533.582,40
0,12540.510,40
0,12547.104,40
0,12554.296,40
0,12560.998,40
0,12567.713,40
0,12574.945,40
0,12581.571,40
0,12589.009,40
0,12595.674,40
0,12602.752,42
0,12611.931,42
0,12618.907,42
0,12625.803,42
0,12630.939,42
0,12637.984,42
0,12643.627,42
0,12650.262,42
0,12657.209,42
0,12663.869,42
0,12670.903,42
0,12677.728,42
0,12684.232,42
0,12691.819,42
0,12698.276,42
0,12705.521,42
0,12711.959,42
0,12719.029,42
0,12725.903,42
0,12732.523,42
0,12739.940,42
0,12746.669,42
0,12753.437,42
0,12760.109,42
0,12766.731,44
0,12773.775,44
0,12780.183,44
0,12787.183,44
0,12794.259,44
0,12800.794,44
0,12807.710,44
0,12814.158,44
0,12821.429,44
0,12827.420,44
0,12834.037,44
0,12841.231,44
0,12848.060,44
0,12855.137,44
0,12861.753,44
0,12868.607,44
0,12875.203,44
0,12881.727,44
0,12888.955,44
0,12894.174,44
0,12900.432,44
0,12907.294,44
0,12913.664,44
0,12920.918,44
0,12927.418,44
0,12933.983,46
0,12941.209,46
0,12947.653,46
0,12954.926,46
0,12961.537,46
0,12968.951,46
0,12975.981,46
0,12982.624,46
0,12989.501,46
0,12997.235,46
0,13004.122,46
0,13010.482,46
0,13016.813,46
0,13023.631,46
0,13031.483,46
0,13038.840,46
0,13045.501,46
0,13052.129,46
0,13059.585,46
0,13066.366,46
0,13073.400,46
0,13079.974,46
0,13086.741,46
0,13093.507,46
0,13100.677,48
0,13107.604,48
0,13114.146,48
0,13121.109,48
0,13127.770,48
0,13134.615,48
0,13141.537,48
0,13148.033,48
0,13155.220,48
0,13160.566,48
0,13166.871,48
0,13173.971,48
0,13182.618,48
0,13189.554,48
0,13196.138,48
0,13202.827,48
0,13211.879,48
0,13218.531,48
0,13225.256,48
0,13231.610,48
0,13239.139,48
0,13245.763,48
0,13252.864,48
0,13259.410,48
0,13265.866,50
0,13272.895,50
0,13279.530,50
0,13286.560,50
0,13293.255,50
0,13299.997,50
0,13306.987,50
0,13313.567,50
0,13320.976,50
0,13327.418,50
0,13333.885,50
0,13340.832,50
0,13347.260,50
0,13354.338,50
0,13360.817,50
0,13367.647,50
0,13374.676,50
0,13381.305,50
0,13388.885,50
0,13395.512,50
0,13403.384,50
0,13411.980,50
0,13419.129,50
0,13425.918,50
0,13432.465,52
0,13439.904,52
0,13446.608,52
0,13453.449,52
0,13460.121,52
0,13466.702,52
0,13473.732,52
0,13480.477,52
0,13487.440,52
0,13493.958,52
0,13500.704,52
0,13507.508,52
0,13514.009,52
0,13521.512,52
0,13528.049,52
0,13535.352,52
0,13541.338,52
0,13547.870,52
0,13555.210,52
0,13562.019,52
0,13571.960,52
0,13578.946,52
0,13586.005,52
0,13592.700,52
0,13599.380,54
0,13606.434,54
0,13613.067,54
0,13619.851,54
0,13626.691,54
0,13633.333,54
0,13640.292,54
0,13646.763,54
0,13653.817,54
0,13660.299,54
0,13666.943,54
0,13674.084,54
0,13680.596,54
0,13687.989,54
0,13694.604,54
0,13701.172,54
0,13708.971,54
0,13715.737,54
0,13722.890,54
0,13730.223,54
0,13736.790,54
0,13743.749,54
0,13750.469,54
0,13757.382,54
0,13763.850,56
0,13771.121,56
0,13777.719,56
0,13784.272,56
0,13791.235,56
0,13797.641,56
0,13805.030,56
0,13811.829,56
0,13818.572,56
0,13825.204,56
0,13831.681,56
0,13838.968,56
0,13845.617,56
0,13852.470,56
0,13859.114,56
0,13865.697,56
0,13872.677,56
0,13879.267,56
0,13886.439,56
0,13892.947,56
0,13899.644,56
0,13906.653,56
0,13913.449,56
0,13920.503,56
0,13927.278,56
0,13933.954,58
0,13940.798,58
0,13947.691,58
0,13954.830,58
0,13961.452,58
0,13968.274,58
0,13975.380,58
0,13982.195,58
0,13989.617,58
0,13996.144,58
0,14002.694,58
0,14011.638,58
0,14018.659,58
0,14025.794,58
0,14032.491,58
0,14039.416,58
0,14046.040,58
0,14052.851,58
0,14059.611,58
0,14066.460,58
0,14073.523,58
0,14080.329,58
0,14087.572,58
0,14094.155,58
0,14100.880,60
0,14108.014,60
0,14114.505,60
0,14122.056,60
0,14131.490,60
0,14138.890,60
0,14145.432,60
0,14152.214,60
0,14158.898,60
0,14165.757,60
0,14172.759,60
0,14179.224,60
0,14186.017,60
0,14192.680,60
0,14199.272,60
0,14206.388,60
0,14212.959,60
0,14219.671,60
0,14226.333,60
0,14232.891,60
0,14239.866,60
0,14246.328,60
0,14253.023,60
0,14259.581,60
0,14266.152,63
0,14273.077,63
0,14279.666,63
0,14286.488,63
0,14292.961,63
0,14299.565,63
0,14306.795,63
0,14313.939,63
0,14321.065,63
0,14327.365,63
0,14333.974,63
0,14341.046,63
0,14347.881,63
0,14354.933,63
0,14361.405,63
0,14368.170,63
0,14375.191,63
0,14381.770,63
0,14388.857,63
0,14395.417,63
0,14402.665,63
0,14412.023,63
0,14419.106,63
0,14425.922,63
0,14432.441,65
0,14440.226,65
0,14447.001,65
0,14453.982,65
0,14460.718,65
0,14467.629,65
0,14474.694,65
0,14481.460,65
0,14488.928,65
0,14495.968,65
0,14502.876,65
0,14509.396,65
0,14515.941,65
0,14523.142,65
0,14531.664,65
0,14538.751,65
0,14545.502,65
0,14552.638,65
0,14559.415,65
0,14565.936,65
0,14573.008,65
0,14579.736,65
0,14586.532,65
0,14593.320,65
0,14600.247,67
0,14607.314,67
0,14613.657,67
0,14622.015,67
0,14631.673,67
0,14639.742,67
0,14647.681,67
0,14654.857,67
0,14661.396,67
0,14668.418,67
0,14675.614,67
0,14682.436,67
0,14689.842,67
0,14696.399,67
0,14703.371,67
0,14711.940,67
0,14718.673,67
0,14725.733,67
0,14732.458,67
0,14740.123,67
0,14745.884,67
0,14753.059,67
0,14760.044,67
0,14767.020,69
0,14774.393,69
0,14781.231,69
0,14788.848,69
0,14795.716,69
0,14802.760,69
0,14810.819,69
0,14817.550,69
0,14824.113,69
0,14829.473,69
0,14836.379,69
0,14842.939,69
0,14852.303,69
0,14859.413,69
0,14865.983,69
0,14872.959,69
0,14879.501,69
0,14886.141,69
0,14893.099,69
0,14899.721,69
0,14907.157,69
0,14913.833,69
0,14921.201,69
0,14928.479,69
0,14935.310,71
0,14942.657,71
0,14951.771,71
0,14959.241,71
0,14966.381,71
0,14973.704,71
0,14980.621,71
0,14987.766,71
0,14994.306,71
0,15001.245,71
0,15008.642,71
0,15015.428,71
0,15022.743,71
0,15031.544,71
0,15038.334,71
0,15045.087,71
0,15052.412,71
0,15059.227,71
0,15065.828,71
0,15072.982,71
0,15079.580,71
0,15086.548,71
0,15093.288,71
0,15099.966,73
0,15107.107,73
0,15114.091,73
0,15121.512,73
0,15126.965,73
0,15133.535,73
0,15140.657,73
0,15147.127,73
0,15154.167,73
0,15160.710,73
0,15167.547,73
0,15174.629,73
0,15180.258,73
0,15187.386,73
0,15195.231,73
0,15202.281,73
0,15212.050,73
0,15218.690,73
0,15225.862,73
0,15232.667,73
0,15239.644,73
0,15246.200,73
0,15251.691,73
0,15258.174,73
0,15264.881,75
0,15272.361,75
0,15279.025,75
0,15286.062,75
0,15292.779,75
0,15299.149,75
0,15306.337,75
0,15312.862,75
0,15319.936,75
0,15326.512,75
0,15333.023,75
0,15339.983,75
0,15346.595,75
0,15353.805,75
0,15360.367,75
0,15367.074,75
0,15374.049,75
0,15380.398,75
0,15387.812,75
0,15394.636,75
0,15401.649,75
0,15408.731,75
0,15415.261,75
0,15422.827,75
0,15431.609,75
0,15439.227,77
0,15445.932,77
0,15452.885,77
0,15459.480,77
0,15466.143,77
0,15473.114,77
0,15479.862,77
0,15486.726,77
0,15493.427,77
0,15500.034,77
0,15506.966,77
0,15513.642,77
0,15520.566,77
0,15527.038,77
0,15534.024,77
0,15541.384,77
0,15547.844,77
0,15555.297,77
0,15562.189,77
0,15571.978,77
0,15579.087,77
0,15586.062,77
0,15592.632,77
0,15599.163,79
0,15606.578,79
0,15613.404,79
0,15620.443,79
0,15627.196,79
0,15633.972,79
0,15640.983,79
0,15647.301,79
0,15654.637,79
0,15660.027,79
0,15666.571,79
0,15673.544,79
0,15679.666,79
0,15686.876,79
0,15693.587,79
0,15700.201,79
0,15707.284,79
0,15713.669,79
0,15720.948,79
0,15727.369,79
0,15733.933,79
0,15741.156,79
0,15747.668,79
0,15755.077,79
0,15761.902,79
0,15768.600,81
0,15775.675,81
0,15782.484,81
0,15789.640,81
0,15796.479,81
0,15803.535,81
0,15811.749,81
0,15818.591,81
0,15825.311,81
0,15831.678,81
0,15839.413,81
0,15845.906,81
0,15852.863,81
0,15859.609,81
0,15866.318,81
0,15873.472,81
0,15880.211,81
0,15887.176,81
0,15893.636,81
0,15899.962,81
0,15907.099,81
0,15913.725,81
0,15920.896,81
0,15927.713,81
0,15934.233,83
0,15941.477,83
0,15947.785,83
0,15955.055,83
0,15961.778,83
0,15972.530,83
0,15979.505,83
0,15986.349,83
0,15993.048,83
0,15999.868,83
0,16006.748,83
0,16013.507,83
0,16020.568,83
0,16027.262,83
0,16033.931,83
0,16041.037,83
0,16047.566,83
0,16054.820,83
0,16061.390,83
0,16068.220,83
0,16074.947,83
0,16081.254,83
0,16088.529,83
0,16094.953,83
0,16101.809,85
0,16108.412,85
0,16114.987,85
0,16122.176,85
0,16131.435,85
0,16138.384,85
0,16145.697,85
0,16152.337,85
0,16157.825,85
0,16164.119,85
0,16172.051,85
0,16178.486,85
0,16186.324,85
0,16192.999,85
0,16199.513,85
0,16206.525,85
0,16213.293,85
0,16220.444,85
0,16227.084,85
0,16233.846,85
0,16240.971,85
0,16247.396,85
0,16254.708,85
0,16261.259,85
0,16267.990,87
0,16275.044,87
0,16281.580,87
0,16289.185,87
0,16295.745,87
0,16302.881,87
0,16311.851,87
0,16319.317,87
0,16326.184,87
0,16332.862,87
0,16339.627,87
0,16345.883,87
0,16352.705,87
0,16359.211,87
0,16365.790,87
0,16372.773,87
0,16379.537,87
0,16386.388,87
0,16391.775,87
0,16398.177,87
0,16405.813,87
0,16412.492,87
0,16419.432,87
0,16426.174,87
0,16432.681,90
0,16439.578,90
0,16446.821,90
0,16453.586,90
0,16459.930,90
0,16466.195,90
0,16473.407,90
0,16480.021,90
0,16487.006,90
0,16493.701,90
0,16500.527,90
0,16507.659,90
0,16514.172,90
0,16521.582,90
0,16528.036,90
0,16535.489,90
0,16542.460,90
0,16549.074,90
0,16556.296,90
0,16562.988,90
0,16571.378,90
0,16577.691,90
0,16584.388,90
0,16592.247,90
0,16599.063,92
0,16606.295,92
0,16613.394,92
0,16620.649,92
0,16627.735,92
0,16634.666,92
0,16642.017,92
0,16648.613,92
0,16655.361,92
0,16661.890,92
0,16668.662,92
0,16674.990,92
0,16681.345,92
0,16688.632,92
0,16695.309,92
0,16702.363,92
0,16708.191,92
0,16714.670,92
0,16722.247,92
0,16728.754,92
0,16736.072,92
0,16743.026,92
0,16750.466,92
0,16757.280,92
0,16763.582,94
0,16770.490,94
0,16776.636,94
0,16783.165,94
0,16789.895,94
0,16796.701,94
0,16803.419,94
0,16809.672,94
0,16816.016,94
0,16822.999,94
0,16831.338,94
0,16838.231,94
0,16844.798,94
0,16851.886,94
0,16858.375,94
0,16865.005,94
0,16872.020,94
0,16878.562,94
0,16886.202,94
0,16892.921,94
0,16899.432,94
0,16906.416,94
0,16911.822,94
0,16918.102,94
0,16925.495,94
0,16932.043,96
0,16939.343,96
0,16946.064,96
0,16952.812,96
0,16959.399,96
0,16965.849,96
0,16973.396,96
0,16980.259,96
0,16987.201,96
0,16993.746,96
0,17000.547,96
0,17007.877,96
0,17013.302,96
0,17020.763,96
0,17027.359,96
0,17034.111,96
0,17041.493,96
0,17048.114,96
0,17056.082,96
0,17062.585,96
0,17071.895,96
0,17079.069,96
0,17086.133,96
0,17092.991,96
0,17099.480,98
0,17106.582,98
0,17113.447,98
0,17120.329,98
0,17127.032,98
0,17133.875,98
0,17140.950,98
0,17147.453,98
0,17154.715,98
0,17161.314,98
0,17168.332,98
0,17175.582,98
0,17182.438,98
0,17189.904,98
0,17196.605,98
0,17203.382,98
0,17210.221,98
0,17216.828,98
0,17223.757,98
0,17231.738,98
0,17238.943,98
0,17245.716,98
0,17252.659,98
0,17259.334,98
0,17265.751,100
0,17273.336,100
0,17279.977,100
0,17286.917,100
0,17293.383,100
0,17299.963,100
0,17306.767,100
0,17313.499,100
0,17320.533,100
0,17326.822,100
0,17333.429,100
0,17340.351,100
0,17346.875,100
0,17354.197,100
0,17361.696,100
0,17368.694,100
0,17375.356,100
0,17381.863,100
0,17389.254,100
0,17396.059,100
0,17402.823,100
0,17409.916,100
0,17416.575,100
0,17423.826,100
0,17430.339,102
0,17437.513,102
0,17444.147,102
0,17450.691,102
0,17457.765,102
0,17464.334,102
0,17472.307,102
0,17478.874,102
0,17485.691,102
0,17492.446,102
0,17498.935,102
0,17506.711,102
0,17513.501,102
0,17520.626,102
0,17527.161,102
0,17533.874,102
0,17540.986,102
0,17547.240,102
0,17554.410,102
0,17561.041,102
0,17567.787,102
0,17574.808,102
0,17580.134,102
0,17587.518,102
0,17594.066,102
0,17599.960,104
0,17607.118,104
0,17613.472,104
0,17620.655,104
0,17627.121,104
0,17633.880,104
0,17640.916,104
0,17647.399,104
0,17654.727,104
0,17661.296,104
0,17668.935,104
0,17675.825,104
0,17682.359,104
0,17689.780,104
0,17696.311,104
0,17703.358,104
0,17709.892,104
0,17716.336,104
0,17723.345,104
0,17731.452,104
0,17738.556,104
0,17745.122,104
0,17752.333,104
0,17759.141,104
0,17765.991,106
0,17773.474,106
0,17780.088,106
0,17787.177,106
0,17793.659,106
0,17800.192,106
0,17807.162,106
0,17813.746,106
0,17820.723,106
0,17826.132,106
0,17832.782,106
0,17839.615,106
0,17846.429,106
0,17853.264,106
0,17860.115,106
0,17866.992,106
0,17874.024,106
0,17880.588,106
0,17887.626,106
0,17894.092,106
0,17900.619,106
0,17907.465,106
0,17914.131,106
0,17921.252,106
0,17926.581,106
0,17933.166,108
0,17940.200,108
0,17946.798,108
0,17953.950,108
0,17960.356,108
0,17966.704,108
0,17974.361,108
0,17980.747,108
0,17988.083,108
0,17997.485,108
0,18004.520,108
0,18011.853,108
0,18018.974,108
0,18025.842,108
0,18032.445,108
0,18039.153,108
0,18046.450,108
0,18053.367,108
0,18060.004,108
0,18066.575,108
0,18073.539,108
0,18080.225,108
0,18087.551,108
0,18094.146,108
0,18100.885,110
0,18108.186,110
0,18114.966,110
0,18122.034,110
0,18131.543,110
0,18138.587,110
0,18145.343,110
0,18152.196,110
0,18159.545,110
0,18166.395,110
0,18173.398,110
0,18180.071,110
0,18186.937,110
0,18193.525,110
0,18200.092,110
0,18207.093,110
0,18213.524,110
0,18220.995,110
0,18227.383,110
0,18234.224,110
0,18241.413,110
0,18247.993,110
0,18255.273,110
0,18261.947,110
0,18272.316,112
0,18279.654,112
0,18286.447,112
0,18293.473,112
0,18300.311,112
0,18307.214,112
0,18313.610,112
0,18320.826,112
0,18326.377,112
0,18332.936,112
0,18340.094,112
0,18346.684,112
0,18353.917,112
0,18360.322,112
0,18366.971,112
0,18373.931,112
0,18380.389,112
0,18387.405,112
0,18393.872,112
0,18400.520,112
0,18407.660,112
0,18414.146,112
0,18421.312,112
0,18429.091,112
0,18436.453,115
0,18443.240,115
0,18449.996,115
0,18456.931,115
0,18463.681,115
0,18471.823,115
0,18478.402,115
0,18485.248,115
0,18491.880,115
0,18498.381,115
0,18505.506,115
0,18511.973,115
0,18518.596,115
0,18525.385,115
0,18531.832,115
0,18539.000,115
0,18545.880,115
0,18552.870,115
0,18559.519,115
0,18565.862,115
0,18572.745,115
0,18579.319,115
0,18586.759,115
0,18593.176,115
0,18599.594,117
0,18606.653,117
0,18613.345,117
0,18620.345,117
0,18626.924,117
0,18633.605,117
0,18640.474,117
0,18647.091,117
0,18653.768,117
0,18660.266,117
0,18667.084,117
0,18673.886,117
0,18680.559,117
0,18687.311,117
0,18693.804,117
0,18700.364,117
0,18707.038,117
0,18713.553,117
0,18720.313,117
0,18726.595,117
0,18733.227,117
0,18740.412,117
0,18746.764,117
0,18753.997,117
0,18760.536,117
0,18767.116,119
0,18774.270,119
0,18780.467,119
0,18787.380,119
0,18793.596,119
0,18799.901,119
0,18806.611,119
0,18813.383,119
0,18820.411,119
0,18826.949,119
0,18833.615,119
0,18840.773,119
0,18846.900,119
0,18854.139,119
0,18860.813,119
0,18867.174,119
0,18874.040,119
0,18880.434,119
0,18888.021,119
0,18894.696,119
0,18901.608,119
0,18908.853,119
0,18915.464,119
0,18922.921,119
0,18931.428,119
0,18938.430,121
0,18944.865,121
0,18951.470,121
0,18957.898,121
0,18964.195,121
0,18972.100,121
0,18978.655,121
0,18985.460,121
0,18992.176,121
0,18998.945,121
0,19006.321,121
0,19012.882,121
0,19019.371,121
0,19026.379,121
0,19032.937,121
0,19039.923,121
0,19046.415,121
0,19052.845,121
0,19059.693,121
0,19066.269,121
0,19073.744,121
0,19080.259,121
0,19087.624,121
0,19094.173,121
0,19101.110,123
0,19108.362,123
0,19114.856,123
0,19122.157,123
0,19128.678,123
0,19135.483,123
0,19142.711,123
0,19149.189,123
0,19156.186,123
0,19163.034,123
0,19169.538,123
0,19176.393,123
0,19182.931,123
0,19190.524,123
0,19196.922,123
0,19204.013,123
0,19211.515,123
0,19216.942,123
0,19223.680,123
0,19231.478,123
0,19238.997,123
0,19245.615,123
0,19252.764,123
0,19259.390,123
0,19265.953,125
0,19272.938,125
0,19279.474,125
0,19286.181,125
0,19292.954,125
0,19299.338,125
0,19306.565,125
0,19312.048,125
0,19318.624,125
0,19325.606,125
0,19332.153,125
0,19339.026,125
0,19345.888,125
0,19352.578,125
0,19358.073,125
0,19364.249,125
0,19372.070,125
0,19378.711,125
0,19385.710,125
0,19392.436,125
0,19399.023,125
0,19406.179,125
0,19413.068,125
0,19419.939,125
0,19426.979,125
0,19433.787,127
0,19440.788,127
0,19447.534,127
0,19454.880,127
0,19461.254,127
0,19467.792,127
0,19475.054,127
0,19481.768,127
0,19489.058,127
0,19496.530,127
0,19503.428,127
0,19511.746,127
0,19518.475,127
0,19525.467,127
0,19531.918,127
0,19539.070,127
0,19545.682,127
0,19552.595,127
0,19559.264,127
0,19565.717,127
0,19572.950,127
0,19579.490,127
0,19586.677,127
0,19593.387,127
0,19599.692,129
0,19606.584,129
0,19613.237,129
0,19620.359,129
0,19627.012,129
0,19633.700,129
0,19640.741,129
0,19647.620,129
0,19654.499,129
0,19661.070,129
0,19667.966,129
0,19674.955,129
0,19681.485,129
0,19688.954,129
0,19695.666,129
0,19702.620,129
0,19710.521,129
0,19717.020,129
0,19724.036,129
0,19731.575,129
0,19739.174,129
0,19745.865,129
0,19752.687,129
0,19759.348,129
0,19766.161,131
0,19773.137,131
0,19779.697,131
0,19786.278,131
0,19792.983,131
0,19800.431,131
0,19807.292,131
0,19813.799,131
0,19820.751,131
0,19827.565,131
0,19834.338,131
0,19840.878,131
0,19847.124,131
0,19854.159,131
0,19860.626,131
0,19867.243,131
0,19874.122,131
0,19880.601,131
0,19887.837,131
0,19894.673,131
0,19901.393,131
0,19908.609,131
0,19914.540,131
0,19921.857,131
0,19931.425,131
0,19938.268,133
0,19944.848,133
0,19952.234,133
0,19958.858,133
0,19965.343,133
0,19972.503,133
0,19979.035,133
0,19986.196,133
0,19992.752,133
0,19999.060,133
0,20006.082,133
0,20012.690,133
0,20019.522,133
0,20026.141,133
0,20032.755,133
0,20039.655,133
0,20046.230,133
0,20052.926,133
0,20059.435,133
0,20066.011,133
0,20073.252,133
0,20079.888,133
0,20086.639,133
0,20093.415,133
0,20100.210,135
0,20107.722,135
0,20113.916,135
0,20121.049,135
0,20127.549,135
0,20134.198,135
0,20141.294,135
0,20147.758,135
0,20155.082,135
0,20161.650,135
0,20168.835,135
0,20175.677,135
0,20182.933,135
0,20189.882,135
0,20196.592,135
0,20203.304,135
0,20211.505,135
0,20218.873,135
0,20225.728,135
0,20232.311,135
0,20239.248,135
0,20245.940,135
0,20252.877,135
0,20259.453,135
0,20264.879,137
0,20272.537,137
0,20278.939,137
0,20286.138,137
0,20292.986,137
0,20299.541,137
0,20306.570,137
0,20313.325,137
0,20320.022,137
0,20327.045,137
0,20332.582,137
0,20339.519,137
0,20346.153,137
0,20353.170,137
0,20360.187,137
0,20366.906,137
0,20373.852,137
0,20380.536,137
0,20387.969,137
0,20394.885,137
0,20401.809,137
0,20409.636,137
0,20416.342,137
0,20423.237,137
0,20429.840,137
0,20436.478,139
0,20443.483,139
0,20450.147,139
0,20457.219,139
0,20463.726,139
0,20472.140,139
0,20477.310,139
0,20483.619,139
0,20490.443,139
0,20496.605,139
0,20503.520,139
0,20511.182,139
0,20517.812,139
0,20525.113,139
0,20531.517,139
0,20538.933,139
0,20545.845,139
0,20551.467,139
0,20557.786,139
0,20563.981,139
0,20571.571,139
0,20578.663,139
0,20585.475,139
0,20592.558,139
0,20598.952,142
0,20606.159,142
0,20613.012,142
0,20619.713,142
0,20627.661,142
0,20634.482,142
0,20641.635,142
0,20648.129,142
0,20655.949,142
0,20662.858,142
0,20671.724,142
0,20678.853,142
0,20685.555,142
0,20691.576,142
0,20698.170,142
0,20705.661,142
0,20712.966,142
0,20719.711,142
0,20726.408,142
0,20733.047,142
0,20740.093,142
0,20746.756,142
0,20753.560,142
0,20760.294,142
0,20767.206,144
0,20774.254,144
0,20780.755,144
0,20788.161,144
0,20794.738,144
0,20802.373,144
0,20811.869,144
0,20818.942,144
0,20825.758,144
0,20832.445,144
0,20839.639,144
0,20846.443,144
0,20853.118,144
0,20860.249,144
0,20866.997,144
0,20874.107,144
0,20880.470,144
0,20887.575,144
0,20894.094,144
0,20899.753,144
0,20906.878,144
0,20913.678,144
0,20920.894,144
0,20927.477,144
0,20934.245,146
0,20941.094,146
0,20947.709,146
0,20955.368,146
0,20961.449,146
0,20968.143,146
0,20975.135,146
0,20981.892,146
0,20989.131,146
0,20995.955,146
0,21002.870,146
0,21011.898,146
0,21019.687,146
0,21026.785,146
0,21033.551,146
0,21040.677,146
0,21047.164,146
0,21054.408,146
0,21060.792,146
0,21067.522,146
0,21074.532,146
0,21081.193,146
0,21088.870,146
0,21095.643,146
0,21102.505,148
0,21111.742,148
0,21119.434,148
0,21126.146,148
0,21132.842,148
0,21139.873,148
0,21146.751,148
0,21153.888,148
0,21160.483,148
0,21167.340,148
0,21174.338,148
0,21180.986,148
0,21188.615,148
0,21195.434,148
0,21202.491,148
0,21209.486,148
0,21216.192,148
0,21223.140,148
0,21230.053,148
0,21237.042,148
0,21243.933,148
0,21250.697,148
0,21257.682,148
0,21264.158,150
0,21272.041,150
0,21278.572,150
0,21285.742,150
0,21292.541,150
0,21299.110,150
0,21306.711,150
0,21313.425,150
0,21321.718,150
0,21328.397,150
0,21335.219,150
0,21341.264,150
0,21347.796,150
0,21355.524,150
0,21362.314,150
0,21369.373,150
0,21376.351,150
0,21383.068,150
0,21390.048,150
0,21396.652,150
0,21403.588,150
0,21411.911,150
0,21419.327,150
0,21426.188,150
0,21432.918,152
0,21440.029,152
0,21446.872,152
0,21453.948,152
0,21459.212,152
0,21465.909,152
0,21472.832,152
0,21479.404,152
0,21486.291,152
0,21492.964,152
0,21499.291,152
0,21506.749,152
0,21513.478,152
0,21520.115,152
0,21526.980,152
0,21533.755,152
0,21540.796,152
0,21547.266,152
0,21554.437,152
0,21560.939,152
0,21567.603,152
0,21574.737,152
0,21581.438,152
0,21589.060,152
0,21594.765,152
0,21601.556,154
0,21608.620,154
0,21615.329,154
0,21623.264,154
0,21632.015,154
0,21639.343,154
0,21645.852,154
0,21653.055,154
0,21660.251,154
0,21667.119,154
0,21674.177,154
0,21680.660,154
0,21688.245,154
0,21695.076,154
0,21701.975,154
0,21710.776,154
0,21717.349,154
0,21724.632,154
0,21731.376,154
0,21738.842,154
0,21745.649,154
0,21752.727,154
0,21759.683,154
0,21765.448,156
0,21772.604,156
0,21779.568,156
0,21786.687,156
0,21793.860,156
0,21801.058,156
0,21808.466,156
0,21815.358,156
0,21822.604,156
0,21829.499,156
0,21836.366,156
0,21843.281,156
0,21850.006,156
0,21857.211,156
0,21863.952,156
0,21872.007,156
0,21878.822,156
0,21885.607,156
0,21892.601,156
0,21899.156,156
0,21906.691,156
0,21913.135,156
0,21920.072,156
0,21927.553,156
0,21933.391,158
0,21940.859,158
0,21947.838,158
0,21954.710,158
0,21961.328,158
0,21968.126,158
0,21975.296,158
0,21981.892,158
0,21989.099,158
0,21995.750,158
0,22002.781,158
0,22012.064,158
0,22018.934,158
0,22025.741,158
0,22032.337,158
0,22038.709,158
0,22045.361,158
0,22051.710,158
0,22058.655,158
0,22065.380,158
0,22072.905,158
0,22079.682,158
0,22085.477,158
0,22092.170,158
0,22099.120,160
0,22106.393,160
0,22111.821,160
0,22118.245,160
0,22125.368,160
0,22131.868,160
0,22139.299,160
0,22146.229,160
0,22153.072,160
0,22160.082,160
0,22166.852,160
0,22173.717,160
0,22180.136,160
0,22187.331,160
0,22193.999,160
0,22200.695,160
0,22207.690,160
0,22214.190,160
0,22221.866,160
0,22229.307,160
0,22236.580,160
0,22243.527,160
0,22250.288,160
0,22257.104,160
0,22263.554,162
0,22272.482,162
0,22279.279,162
0,22286.293,162
0,22292.969,162
0,22299.675,162
0,22306.732,162
0,22313.427,162
0,22320.071,162
0,22325.728,162
0,22332.153,162
0,22339.277,162
0,22345.986,162
0,22352.926,162
0,22359.437,162
0,22365.799,162
0,22372.981,162
0,22379.760,162
0,22386.636,162
0,22393.379,162
0,22398.516,162
0,22405.362,162
0,22412.076,162
0,22419.826,162
0,22426.120,162
0,22432.678,164
0,22440.008,164
0,22446.882,164
0,22453.824,164
0,22460.223,164
0,22466.971,164
0,22473.903,164
0,22480.657,164
0,22488.215,164
0,22495.168,164
0,22502.443,164
0,22509.632,164
0,22515.113,164
0,22522.380,164
0,22528.959,164
0,22536.673,164
0,22543.347,164
0,22550.293,164
0,22557.288,164
0,22563.622,164
0,22572.281,164
0,22579.020,164
0,22585.879,164
0,22591.418,164
0,22597.667,166
0,22605.086,166
0,22611.758,166
0,22619.264,166
0,22626.323,166
0,22631.923,166
0,22639.205,166
0,22645.991,166
0,22652.939,166
0,22659.547,166
0,22665.962,166
0,22672.835,166
0,22679.394,166
0,22686.299,166
0,22692.823,166
0,22699.151,166
0,22706.354,166
0,22713.466,166
0,22720.427,166
0,22726.992,166
0,22733.682,166
0,22740.904,166
0,22747.801,166
0,22754.789,166
0,22761.430,166
0,22767.935,169
0,22774.977,169
0,22781.713,169
0,22789.123,169
0,22795.567,169
0,22802.997,169
0,22810.337,169
0,22817.017,169
0,22823.908,169
0,22831.445,169
0,22839.593,169
0,22846.604,169
0,22853.569,169
0,22860.158,169
0,22866.823,169
0,22873.910,169
0,22880.485,169
0,22888.000,169
0,22894.935,169
0,22901.501,169
0,22908.808,169
0,22915.743,169
0,22922.803,169
0,22931.348,169
0,22938.419,171
0,22943.935,171
0,22950.619,171
0,22957.442,171
0,22963.967,171
0,22971.357,171
0,22978.049,171
0,22985.016,171
0,22991.170,171
0,22997.683,171
0,23005.166,171
0,23011.827,171
0,23018.522,171
0,23025.841,171
0,23032.563,171
0,23039.414,171
0,23046.159,171
0,23053.058,171
0,23058.533,171
0,23065.169,171
0,23073.019,171
0,23079.924,171
0,23086.767,171
0,23093.692,171
0,23100.403,173
0,23107.303,173
0,23113.756,173
0,23121.021,173
0,23127.557,173
0,23134.278,173
0,23142.129,173
0,23148.681,173
0,23156.049,173
0,23161.733,173
0,23168.417,173
0,23175.336,173
0,23182.091,173
0,23189.650,173
0,23196.409,173
0,23203.091,173
0,23211.839,173
0,23218.809,173
0,23224.734,173
0,23231.508,173
0,23238.992,173
0,23245.799,173
0,23252.793,173
0,23259.584,173
0,23266.155,175
0,23272.988,175
0,23279.410,175
0,23286.189,175
0,23292.793,175
0,23299.453,175
0,23306.683,175
0,23313.429,175
0,23320.247,175
0,23326.895,175
0,23333.616,175
0,23340.649,175
0,23347.086,175
0,23354.116,175
0,23360.721,175
0,23367.476,175
0,23374.236,175
0,23380.684,175
0,23387.946,175
0,23393.329,175
0,23399.898,175
0,23406.840,175
0,23413.560,175
0,23420.517,175
0,23427.540,175
0,23434.357,177
0,23440.991,177
0,23448.174,177
0,23455.458,177
0,23462.127,177
0,23472.037,177
0,23479.063,177
0,23485.823,177
0,23493.007,177
0,23499.866,177
0,23506.887,177
0,23513.698,177
0,23521.003,177
0,23527.736,177
0,23534.626,177
0,23541.735,177
0,23548.214,177
0,23555.748,177
0,23561.380,177
0,23567.905,177
0,23575.102,177
0,23581.699,177
0,23589.168,177
0,23595.988,177
0,23602.920,179
0,23611.809,179
0,23618.785,179
0,23625.990,179
0,23632.736,179
0,23639.650,179
0,23646.382,179
0,23653.121,179
0,23660.187,179
0,23666.886,179
0,23673.870,179
0,23680.217,179
0,23687.575,179
0,23694.182,179
0,23700.988,179
0,23708.093,179
0,23714.742,179
0,23722.159,179
0,23728.678,179
0,23736.321,179
0,23741.872,179
0,23749.234,179
0,23756.969,179
1,23763.804,0
1,23771.404,0
1,23776.771,0
1,23783.384,0
1,23790.000,0
1,23796.896,0
1,23803.918,0
1,23811.432,0
1,23818.566,0
1,23825.464,0
1,23832.259,0
1,23839.537,0
1,23846.239,0
1,23853.181,0
1,23860.001,0
1,23866.613,0
1,23873.492,0
1,23880.404,0
1,23887.721,0
1,23894.355,0
1,23901.094,0
1,23908.272,0
1,23914.993,0
1,23921.868,0
1,23927.256,0
1,23934.362,0
1,23941.552,0
1,23948.069,0
1,23955.645,0
1,23962.549,0
1,23971.979,0
1,23978.971,0
1,23986.118,0
1,23993.458,0
1,24000.178,0
1,24007.503,0
1,24013.927,0
1,24021.865,0
1,24031.460,0
1,24038.589,0
1,24045.814,0
1,24054.130,0
1,24061.023,0
1,24066.820,0
1,24073.865,0
1,24080.639,0
1,24088.584,0
1,24095.380,0
1,24102.240,0
1,24112.426,0
1,24119.619,0
1,24127.003,0
1,24133.919,0
1,24141.346,0
1,24147.884,0
1,24155.683,0
1,24162.663,0
1,24171.830,0
1,24179.120,0
1,24185.673,0
1,24192.898,0
1,24199.720,0
1,24206.953,0
1,24213.817,0
1,24221.070,0
1,24227.750,0
1,24234.627,0
1,24241.833,0
1,24248.391,0
1,24255.708,0
1,24262.367,0
1,24272.426,0
1,24279.739,0
1,24286.536,0
1,24294.136,0
1,24301.225,0
1,24308.372,0
1,24314.899,0
1,24322.288,0
1,24328.886,0
1,24335.944,0
1,24342.470,0
1,24350.869,0
1,24359.470,0
1,24366.130,0
1,24373.094,0
1,24380.264,0
1,24387.845,0
1,24394.450,0
1,24401.595,0
1,24408.818,0
1,24415.728,0
1,24423.877,0
1,24432.622,2
1,24439.571,2
1,24446.308,2
1,24453.161,2
1,24459.936,2
1,24466.561,2
1,24473.351,2
1,24480.237,2
1,24487.310,2
1,24494.100,2
1,24500.948,2
1,24508.255,2
1,24514.968,2
1,24522.352,2
1,24527.804,2
1,24534.574,2
1,24541.977,2
1,24548.580,2
1,24555.657,2
1,24562.360,2
1,24572.370,2
1,24579.209,2
1,24586.175,2
1,24591.739,2
1,24598.230,4
1,24604.380,4
1,24611.253,4
1,24618.068,4
1,24626.016,4
1,24632.534,4
1,24639.443,4
1,24646.276,4
1,24652.901,4
1,24660.357,4
1,24667.011,4
1,24674.356,4
1,24680.912,4
1,24688.132,4
1,24694.640,4
1,24700.147,4
1,24707.120,4
1,24713.626,4
1,24720.784,4
1,24727.253,4
1,24734.075,4
1,24741.220,4
1,24747.582,4
1,24754.929,4
1,24761.788,4
1,24769.132,6
1,24775.888,6
1,24780.989,6
1,24788.175,6
1,24794.802,6
1,24800.437,6
1,24807.538,6
1,24813.170,6
1,24820.473,6
1,24825.783,6
1,24832.059,6
1,24838.074,6
1,24844.639,6
1,24851.486,6
1,24858.620,6
1,24865.320,6
1,24872.578,6
1,24879.445,6
1,24886.336,6
1,24893.185,6
1,24899.628,6
1,24906.656,6
1,24913.594,6
1,24920.819,6
1,24927.506,6
1,24934.281,9
1,24941.683,9
1,24948.349,9
1,24955.676,9
1,24961.809,9
1,24968.478,9
1,24975.669,9
1,24982.421,9
1,24989.661,9
1,24996.186,9
1,25003.021,9
1,25009.945,9
1,25016.541,9
1,25023.480,9
1,25031.398,9
1,25038.921,9
1,25045.846,9
1,25052.520,9
1,25059.214,9
1,25065.937,9
1,25072.765,9
1,25079.503,9
1,25086.474,9
1,25093.558,9
1,25100.686,11
1,25108.199,11
1,25114.645,11
1,25122.047,11
1,25128.552,11
1,25135.993,11
1,25143.000,11
1,25149.665,11
1,25156.593,11
1,25162.289,11
1,25168.691,11
1,25175.880,11
1,25182.673,11
1,25189.727,11
1,25196.497,11
1,25203.415,11
1,25210.068,11
1,25216.690,11
1,25223.699,11
1,25231.756,11
1,25239.001,11
1,25245.595,11
1,25252.588,11
1,25259.179,11
1,25266.683,13
1,25273.736,13
1,25280.560,13
1,25287.901,13
1,25294.470,13
1,25301.342,13
1,25308.457,13
1,25315.134,13
1,25322.473,13
1,25330.277,13
1,25336.857,13
1,25343.882,13
1,25350.673,13
1,25357.815,13
1,25364.099,13
1,25371.168,13
1,25377.664,13
1,25384.601,13
1,25391.612,13
1,25398.117,13
1,25405.616,13
1,25412.317,13
1,25419.059,13
1,25425.976,13
1,25432.743,15
1,25440.243,15
1,25447.175,15
1,25454.444,15
1,25460.720,15
1,25467.693,15
1,25474.968,15
1,25481.702,15
1,25488.577,15
1,25495.300,15
1,25502.125,15
1,25512.276,15
1,25519.178,15
1,25526.180,15
1,25532.788,15
1,25539.863,15
1,25546.557,15
1,25553.519,15
1,25560.196,15
1,25567.901,15
1,25575.807,15
1,25582.523,15
1,25589.428,15
1,25596.027,15
1,25602.916,17
1,25611.806,17
1,25618.755,17
1,25625.786,17
1,25632.373,17
1,25639.475,17
1,25646.232,17
1,25652.771,17
1,25659.949,17
1,25666.547,17
1,25673.493,17
1,25680.278,17
1,25687.736,17
1,25694.285,17
1,25699.966,17
1,25707.057,17
1,25713.616,17
1,25720.786,17
1,25727.036,17
1,25733.640,17
1,25740.586,17
1,25746.989,17
1,25754.109,17
1,25760.784,17
1,25767.451,19
1,25774.581,19
1,25781.132,19
1,25788.876,19
1,25795.531,19
1,25802.767,19
1,25811.828,19
1,25819.397,19
1,25826.300,19
1,25833.135,19
1,25840.202,19
1,25846.868,19
1,25854.091,19
1,25859.212,19
1,25865.609,19
1,25873.587,19
1,25880.079,19
1,25887.325,19
1,25894.043,19
1,25900.513,19
1,25907.411,19
1,25913.907,19
1,25921.088,19
1,25927.862,19
1,25934.761,21
1,25941.934,21
1,25948.685,21
1,25956.311,21
1,25963.096,21
1,25969.915,21
1,25976.677,21
1,25983.376,21
1,25990.477,21
1,25997.047,21
1,26004.331,21
1,26011.908,21
1,26018.767,21
1,26025.891,21
1,26032.427,21
1,26039.517,21
1,26046.098,21
1,26052.796,21
1,26059.323,21
1,26065.747,21
1,26072.681,21
1,26079.288,21
1,26086.078,21
1,26092.884,21
1,26099.455,23
1,26106.499,23
1,26113.416,23
1,26119.316,23
1,26126.232,23
1,26133.015,23
1,26140.208,23
1,26146.995,23
1,26154.189,23
1,26160.815,23
1,26167.693,23
1,26175.642,23
1,26181.800,23
1,26189.570,23
1,26195.179,23
1,26201.934,23
1,26209.188,23
1,26215.793,23
1,26223.220,23
1,26230.081,23
1,26236.975,23
1,26243.681,23
1,26250.401,23
1,26257.413,23
1,26263.934,25
1,26272.506,25
1,26279.400,25
1,26286.221,25
1,26293.280,25
1,26300.229,25
1,26307.263,25
1,26313.783,25
1,26320.845,25
1,26327.597,25
1,26334.574,25
1,26341.015,25
1,26347.627,25
1,26355.658,25
1,26361.663,25
1,26368.368,25
1,26375.492,25
1,26382.598,25
1,26389.670,25
1,26396.688,25
1,26403.421,25
1,26412.688,25
1,26420.018,25
1,26427.321,25
1,26434.440,27
1,26441.917,27
1,26448.381,27
1,26456.004,27
1,26462.934,27
1,26470.233,27
1,26477.653,27
1,26484.642,27
1,26491.958,27
1,26498.702,27
1,26506.366,27
1,26511.940,27
1,26518.487,27
1,26525.744,27
1,26532.495,27
1,26540.081,27
1,26546.843,27
1,26553.665,27
1,26560.307,27
1,26567.471,27
1,26574.958,27
1,26580.306,27
1,26587.456,27
1,26594.231,27
1,26599.854,29
1,26607.683,29
1,26614.156,29
1,26621.813,29
1,26628.995,29
1,26635.919,29
1,26642.805,29
1,26649.559,29
1,26656.595,29
1,26663.690,29
1,26670.547,29
1,26677.051,29
1,26683.862,29
1,26690.944,29
1,26697.443,29
1,26704.835,29
1,26711.504,29
1,26718.319,29
1,26725.574,29
1,26732.296,29
1,26739.511,29
1,26746.145,29
1,26752.917,29
1,26759.548,29
1,26766.254,31
1,26773.677,31
1,26780.112,31
1,26787.341,31
1,26793.894,31
1,26800.531,31
1,26807.537,31
1,26813.957,31
1,26821.390,31
1,26827.965,31
1,26834.671,31
1,26842.042,31
1,26848.607,31
1,26855.667,31
1,26862.602,31
1,26872.253,31
1,26879.011,31
1,26885.923,31
1,26892.837,31
1,26899.472,31
1,26906.413,31
1,26913.200,31
1,26920.163,31
1,26927.095,31
1,26933.877,33
1,26941.099,33
1,26947.708,33
1,26955.123,33
1,26961.955,33
1,26972.113,33
1,26979.371,33
1,26986.443,33
1,26993.147,33
1,26999.760,33
1,27006.644,33
1,27013.628,33
1,27020.658,33
1,27027.198,33
1,27032.591,33
1,27039.726,33
1,27046.578,33
1,27053.460,33
1,27060.386,33
1,27067.222,33
1,27074.311,33
1,27080.844,33
1,27089.059,33
1,27095.737,33
1,27102.658,36
1,27109.997,36
1,27115.586,36
1,27123.096,36
1,27129.551,36
1,27136.175,36
1,27143.008,36
1,27149.556,36
1,27156.414,36
1,27162.169,36
1,27168.609,36
1,27175.849,36
1,27182.503,36
1,27189.903,36
1,27196.686,36
1,27203.832,36
1,27211.814,36
1,27219.106,36
1,27225.888,36
1,27232.621,36
1,27239.575,36
1,27246.365,36
1,27253.262,36
1,27259.966,36
1,27266.777,38
1,27273.963,38
1,27280.441,38
1,27287.839,38
1,27294.529,38
1,27301.298,38
1,27307.684,38
1,27314.195,38
1,27321.712,38
1,27330.373,38
1,27336.844,38
1,27343.962,38
1,27350.796,38
1,27357.998,38
1,27364.518,38
1,27372.092,38
1,27378.875,38
1,27385.851,38
1,27393.273,38
1,27399.927,38
1,27406.868,38
1,27413.859,38
1,27420.962,38
1,27428.501,38
1,27436.370,40
1,27443.808,40
1,27450.607,40
1,27457.555,40
1,27463.980,40
1,27472.475,40
1,27478.990,40
1,27486.106,40
1,27492.772,40
1,27499.308,40
1,27506.540,40
1,27513.461,40
1,27520.508,40
1,27526.951,40
1,27533.654,40
1,27540.448,40
1,27546.927,40
1,27553.992,40
1,27559.386,40
1,27564.953,40
1,27572.335,40
1,27578.947,40
1,27586.138,40
1,27593.121,40
1,27599.770,42
1,27606.954,42
1,27613.806,42
1,27621.145,42
1,27629.607,42
1,27636.767,42
1,27643.301,42
1,27649.683,42
1,27657.286,42
1,27662.767,42
1,27670.109,42
1,27676.729,42
1,27683.542,42
1,27690.653,42
1,27698.088,42
1,27705.320,42
1,27710.662,42
1,27717.212,42
1,27724.289,42
1,27730.086,42
1,27737.279,42
1,27743.865,42
1,27750.327,42
1,27757.181,42
1,27763.722,44
1,27771.188,44
1,27777.943,44
1,27784.786,44
1,27791.937,44
1,27798.617,44
1,27806.026,44
1,27812.844,44
1,27819.545,44
1,27826.368,44
1,27831.779,44
1,27839.158,44
1,27845.779,44
1,27852.974,44
1,27859.967,44
1,27866.293,44
1,27873.531,44
1,27880.249,44
1,27887.246,44
1,27893.755,44
1,27900.507,44
1,27907.603,44
1,27913.359,44
1,27920.731,44
1,27927.574,44
1,27934.261,46
1,27941.281,46
1,27947.820,46
1,27955.092,46
1,27961.702,46
1,27971.943,46
1,27979.042,46
1,27986.101,46
1,27992.976,46
1,28000.612,46
1,28007.597,46
1,28014.023,46
1,28021.787,46
1,28028.759,46
1,28035.841,46
1,28042.674,46
1,28049.272,46
1,28056.158,46
1,28062.857,46
1,28069.674,46
1,28076.384,46
1,28083.142,46
1,28090.172,46
1,28096.907,48
1,28104.184,48
1,28111.769,48
1,28118.625,48
1,28125.791,48
1,28132.254,48
1,28139.410,48
1,28146.096,48
1,28153.063,48
1,28159.895,48
1,28166.611,48
1,28173.730,48
1,28180.649,48
1,28188.195,48
1,28194.819,48
1,28201.631,48
1,28208.557,48
1,28215.294,48
1,28222.810,48
1,28229.457,48
1,28236.555,48
1,28243.435,48
1,28250.097,48
1,28256.906,48
1,28263.903,50
1,28272.468,50
1,28279.151,50
1,28286.111,50
1,28292.785,50
1,28299.321,50
1,28307.003,50
1,28313.648,50
1,28320.489,50
1,28327.011,50
1,28333.610,50
1,28340.406,50
1,28347.048,50
1,28354.174,50
1,28360.668,50
1,28367.370,50
1,28374.450,50
1,28379.627,50
1,28387.052,50
1,28393.836,50
1,28400.750,50
1,28407.696,50
1,28414.141,50
1,28421.579,50
1,28429.098,50
1,28436.159,52
1,28443.096,52
1,28449.672,52
1,28457.030,52
1,28463.709,52
1,28471.836,52
1,28478.306,52
1,28485.090,52
1,28492.067,52
1,28498.596,52
1,28505.972,52
1,28512.545,52
1,28519.120,52
1,28524.760,52
1,28531.091,52
1,28538.474,52
1,28545.118,52
1,28552.227,52
1,28558.293,52
1,28563.566,52
1,28572.447,52
1,28579.136,52
1,28586.343,52
1,28593.171,52
1,28599.929,54
1,28607.118,54
1,28614.755,54
1,28622.251,54
1,28628.912,54
1,28635.957,54
1,28642.721,54
1,28649.252,54
1,28656.624,54
1,28663.285,54
1,28671.064,54
1,28677.672,54
1,28684.493,54
1,28691.532,54
1,28698.114,54
1,28705.163,54
1,28711.662,54
1,28718.622,54
1,28725.237,54
1,28731.715,54
1,28738.898,54
1,28745.618,54
1,28752.716,54
1,28759.350,54
1,28765.851,56
1,28773.358,56
1,28780.275,56
1,28787.199,56
1,28793.733,56
1,28800.637,56
1,28807.764,56
1,28814.457,56
1,28821.852,56
1,28828.429,56
1,28835.107,56
1,28841.967,56
1,28848.501,56
1,28855.783,56
1,28862.383,56
1,28872.161,56
1,28878.821,56
1,28885.970,56
1,28892.891,56
1,28899.577,56
1,28906.252,56
1,28913.490,56
1,28921.199,56
1,28927.732,56
1,28934.802,58
1,28942.206,58
1,28949.156,58
1,28956.802,58
1,28963.630,58
1,28970.744,58
1,28977.222,58
1,28984.124,58
1,28991.350,58
1,28996.580,58
1,29004.142,58
1,29011.798,58
1,29018.881,58
1,29025.863,58
1,29032.604,58
1,29039.322,58
1,29045.868,58
1,29052.614,58
1,29059.144,58
1,29065.522,58
1,29072.703,58
1,29079.072,58
1,29086.645,58
1,29093.426,58
1,29100.186,60
1,29107.213,60
1,29113.688,60
1,29120.958,60
1,29127.432,60
1,29134.022,60
1,29141.358,60
1,29147.953,60
1,29155.526,60
1,29161.715,60
1,29169.368,60
1,29176.950,60
1,29183.651,60
1,29190.572,60
1,29196.897,60
1,29204.082,60
1,29210.576,60
1,29217.336,60
1,29225.412,60
1,29232.122,60
1,29239.266,60
1,29246.118,60
1,29253.128,60
1,29259.700,60
1,29266.193,63
1,29272.987,63
1,29279.497,63
1,29286.208,63
1,29292.918,63
1,29299.440,63
1,29306.351,63
1,29313.029,63
1,29319.746,63
1,29326.555,63
1,29333.221,63
1,29340.212,63
1,29346.927,63
1,29354.106,63
1,29360.665,63
1,29367.265,63
1,29374.442,63
1,29380.855,63
1,29388.170,63
1,29394.943,63
1,29401.754,63
1,29412.130,63
1,29418.937,63
1,29425.980,63
1,29432.466,65
1,29439.317,65
1,29446.024,65
1,29453.041,65
1,29459.758,65
1,29466.473,65
1,29473.543,65
1,29480.189,65
1,29487.698,65
1,29494.358,65
1,29500.999,65
1,29507.999,65
1,29514.565,65
1,29521.774,65
1,29528.975,65
1,29535.967,65
1,29541.724,65
1,29548.233,65
1,29555.353,65
1,29561.901,65
1,29571.902,65
1,29578.935,65
1,29586.109,65
1,29592.616,65
1,29599.299,67
1,29606.214,67
1,29612.849,67
1,29619.750,67
1,29626.874,67
1,29633.298,67
1,29640.331,67
1,29646.806,67
1,29654.113,67
1,29660.638,67
1,29667.213,67
1,29674.111,67
1,29680.439,67
1,29687.668,67
1,29694.026,67
1,29700.700,67
1,29707.645,67
1,29714.056,67
1,29721.442,67
1,29728.214,67
1,29735.058,67
1,29742.121,67
1,29748.807,67
1,29756.109,67
1,29762.795,67
1,29769.707,69
1,29776.429,69
1,29783.278,69
1,29790.378,69
1,29797.076,69
1,29804.061,69
1,29812.078,69
1,29818.838,69
1,29825.575,69
1,29832.898,69
1,29839.867,69
1,29846.326,69
1,29852.927,69
1,29859.374,69
1,29865.999,69
1,29872.975,69
1,29879.629,69
1,29886.527,69
1,29893.518,69
1,29900.481,69
1,29907.737,69
1,29914.214,69
1,29921.370,69
1,29927.833,69
1,29935.078,71
1,29941.916,71
1,29951.745,71
1,29958.950,71
1,29965.619,71
1,29972.635,71
1,29979.152,71
1,29986.051,71
1,29992.742,71
1,29999.280,71
1,30006.532,71
1,30013.264,71
1,30020.228,71
1,30026.732,71
1,30033.224,71
1,30040.125,71
1,30046.794,71
1,30053.988,71
1,30060.353,71
1,30066.986,71
1,30074.010,71
1,30080.481,71
1,30087.646,71
1,30093.251,71
1,30099.912,73
1,30106.916,73
1,30113.656,73
1,30120.466,73
1,30126.998,73
1,30134.382,73
1,30141.392,73
1,30147.746,73
1,30155.180,73
1,30161.691,73
1,30168.848,73
1,30175.785,73
1,30182.398,73
1,30189.445,73
1,30196.040,73
1,30202.785,73
1,30211.599,73
1,30218.479,73
1,30225.051,73
1,30231.474,73
1,30238.822,73
1,30245.400,73
1,30251.788,73
1,30258.770,73
1,30265.653,75
1,30273.155,75
1,30279.706,75
1,30286.483,75
1,30293.419,75
1,30300.211,75
1,30307.191,75
1,30313.545,75
1,30320.444,75
1,30326.973,75
1,30333.656,75
1,30340.883,75
1,30347.310,75
1,30354.318,75
1,30360.939,75
1,30367.819,75
1,30374.726,75
1,30381.207,75
1,30388.813,75
1,30395.456,75
1,30402.459,75
1,30412.177,75
1,30419.079,75
1,30425.968,75
1,30432.601,77
1,30440.270,77
1,30447.416,77
1,30454.788,77
1,30461.224,77
1,30468.254,77
1,30475.276,77
1,30481.797,77
1,30489.399,77
1,30495.886,77
1,30502.370,77
1,30512.062,77
1,30519.019,77
1,30526.241,77
1,30532.787,77
1,30539.687,77
1,30546.430,77
1,30552.964,77
1,30560.046,77
1,30566.666,77
1,30573.171,77
1,30579.771,77
1,30586.339,77
1,30593.712,77
1,30600.434,79
1,30607.253,79
1,30613.641,79
1,30620.836,79
1,30627.271,79
1,30633.857,79
1,30641.052,79
1,30647.606,79
1,30654.800,79
1,30661.518,79
1,30668.129,79
1,30675.195,79
1,30681.288,79
1,30688.382,79
1,30694.901,79
1,30701.561,79
1,30708.677,79
1,30715.383,79
1,30722.809,79
1,30729.966,79
1,30736.480,79
1,30744.156,79
1,30750.759,79
1,30757.795,79
1,30764.375,81
1,30772.097,81
1,30777.551,81
1,30784.063,81
1,30792.087,81
1,30798.895,81
1,30805.960,81
1,30812.336,81
1,30818.782,81
1,30825.980,81
1,30832.496,81
1,30839.600,81
1,30846.335,81
1,30852.864,81
1,30859.985,81
1,30866.594,81
1,30873.592,81
1,30880.312,81
1,30887.652,81
1,30894.587,81
1,30901.310,81
1,30908.254,81
1,30914.738,81
1,30921.255,81
1,30928.503,81
1,30935.443,83
1,30942.257,83
1,30948.956,83
1,30956.099,83
1,30962.791,83
1,30969.509,83
1,30976.494,83
1,30983.189,83
1,30990.232,83
1,30996.839,83
1,31004.011,83
1,31011.366,83
1,31018.112,83
1,31025.317,83
1,31031.927,83
1,31039.750,83
1,31046.851,83
1,31054.039,83
1,31059.432,83
1,31065.991,83
1,31073.585,83
1,31079.437,83
1,31086.645,83
1,31093.407,83
1,31100.136,85
1,31107.205,85
1,31113.768,85
1,31121.183,85
1,31126.521,85
1,31133.229,85
1,31140.300,85
1,31147.270,85
1,31154.434,85
1,31160.972,85
1,31168.048,85
1,31175.252,85
1,31181.965,85
1,31189.511,85
1,31196.316,85
1,31203.270,85
1,31211.787,85
1,31219.083,85
1,31224.874,85
1,31231.699,85
1,31239.158,85
1,31245.867,85
1,31252.606,85
1,31259.164,85
1,31265.803,87
1,31272.650,87
1,31279.345,87
1,31286.286,87
1,31293.269,87
1,31299.864,87
1,31306.804,87
1,31313.624,87
1,31320.338,87
1,31326.928,87
1,31332.986,87
1,31339.347,87
1,31346.093,87
1,31353.767,87
1,31360.293,87
1,31366.951,87
1,31373.956,87
1,31380.434,87
1,31387.723,87
1,31394.364,87
1,31401.260,87
1,31408.278,87
1,31414.783,87
1,31422.218,87
1,31430.103,87
1,31436.602,90
1,31443.517,90
1,31450.232,90
1,31456.970,90
1,31463.582,90
1,31470.629,90
1,31477.202,90
1,31483.635,90
1,31490.543,90
1,31496.940,90
1,31503.969,90
1,31510.184,90
1,31516.510,90
1,31523.479,90
1,31531.283,90
1,31538.252,90
1,31544.924,90
1,31551.818,90
1,31558.348,90
1,31564.898,90
1,31572.647,90
1,31579.112,90
1,31586.075,90
1,31592.828,90
1,31599.389,92
1,31606.796,92
1,31613.483,92
1,31620.784,92
1,31629.407,92
1,31637.486,92
1,31644.063,92
1,31650.679,92
1,31658.528,92
1,31665.133,92
1,31672.308,92
1,31678.743,92
1,31686.289,92
1,31692.910,92
1,31699.527,92
1,31706.992,92
1,31713.585,92
1,31720.263,92
1,31727.227,92
1,31733.763,92
1,31740.822,92
1,31747.266,92
1,31754.425,92
1,31760.765,92
1,31766.327,94
1,31773.362,94
1,31780.169,94
1,31787.088,94
1,31793.557,94
1,31800.438,94
1,31807.260,94
1,31813.692,94
1,31820.986,94
1,31827.307,94
1,31833.873,94
1,31840.701,94
1,31847.086,94
1,31854.155,94
1,31860.605,94
1,31866.844,94
1,31873.734,94
1,31880.329,94
1,31887.473,94
1,31893.943,94
1,31900.519,94
1,31907.370,94
1,31913.801,94
1,31921.271,94
1,31927.863,94
1,31935.210,96
1,31941.920,96
1,31948.413,96
1,31955.871,96
1,31963.056,96
1,31969.874,96
1,31976.578,96
1,31983.365,96
1,31990.279,96
1,31996.561,96
1,32003.588,96
1,32011.710,96
1,32018.325,96
1,32025.486,96
1,32032.069,96
1,32038.931,96
1,32045.489,96
1,32052.249,96
1,32059.040,96
1,32065.549,96
1,32071.148,96
1,32078.032,96
1,32085.617,96
1,32092.319,96
1,32098.853,98
1,32106.474,98
1,32113.319,98
1,32120.399,98
1,32127.069,98
1,32133.612,98
1,32140.476,98
1,32146.878,98
1,32153.994,98
1,32160.469,98
1,32167.114,98
1,32174.216,98
1,32180.663,98
1,32188.027,98
1,32194.501,98
1,32201.216,98
1,32207.806,98
1,32214.325,98
1,32221.889,98
1,32228.422,98
1,32234.987,98
1,32241.946,98
1,32248.626,98
1,32255.522,98
1,32262.246,98
1,32269.959,100
1,32276.437,100
1,32282.973,100
1,32290.267,100
1,32297.089,100
1,32304.304,100
1,32311.500,100
1,32318.564,100
1,32325.271,100
1,32331.542,100
1,32338.673,100
1,32345.273,100
1,32352.618,100
1,32359.363,100
1,32365.962,100
1,32372.859,100
1,32379.390,100
1,32386.209,100
1,32393.124,100
1,32399.705,100
1,32406.673,100
1,32412.742,100
1,32419.927,100
1,32426.825,100
1,32433.449,102
1,32440.396,102
1,32446.884,102
1,32454.058,102
1,32460.535,102
1,32466.992,102
1,32474.271,102
1,32480.744,102
1,32487.894,102
1,32494.347,102
1,32501.264,102
1,32508.659,102
1,32515.461,102
1,32522.486,102
1,32529.290,102
1,32536.049,102
1,32542.800,102
1,32549.277,102
1,32556.460,102
1,32562.080,102
1,32568.354,102
1,32576.130,102
1,32582.626,102
1,32592.050,102
1,32598.750,104
1,32605.864,104
1,32612.504,104
1,32619.306,104
1,32626.078,104
1,32632.650,104
1,32639.680,104
1,32646.446,104
1,32653.561,104
1,32659.964,104
1,32666.745,104
1,32673.678,104
1,32680.237,104
1,32687.458,104
1,32693.997,104
1,32700.543,104
1,32707.350,104
1,32714.096,104
1,32721.271,104
1,32727.753,104
1,32734.546,104
1,32741.669,104
1,32748.185,104
1,32755.659,104
1,32762.429,104
1,32772.335,106
1,32778.858,106
1,32785.696,106
1,32792.548,106
1,32798.987,106
1,32806.371,106
1,32812.841,106
1,32819.500,106
1,32826.116,106
1,32832.640,106
1,32840.055,106
1,32846.842,106
1,32853.693,106
1,32860.221,106
1,32867.066,106
1,32873.930,106
1,32881.281,106
1,32888.728,106
1,32895.297,106
1,32902.118,106
1,32912.216,106
1,32919.422,106
1,32926.164,106
1,32932.802,108
1,32939.777,108
1,32946.690,108
1,32953.680,108
1,32960.259,108
1,32967.005,108
1,32973.873,108
1,32980.327,108
1,32987.647,108
1,32992.908,108
1,32999.088,108
1,33006.454,108
1,33013.399,108
1,33020.222,108
1,33025.877,108
1,33032.457,108
1,33039.537,108
1,33045.931,108
1,33052.545,108
1,33059.260,108
1,33065.848,108
1,33073.121,108
1,33079.831,108
1,33086.591,108
1,33093.196,108
1,33099.750,110
1,33107.117,110
1,33113.467,110
1,33120.725,110
1,33127.069,110
1,33133.612,110
1,33140.671,110
1,33147.086,110
1,33154.195,110
1,33160.700,110
1,33167.526,110
1,33175.078,110
1,33182.286,110
1,33189.622,110
1,33196.260,110
1,33203.158,110
1,33210.589,110
1,33217.390,110
1,33224.537,110
1,33231.027,110
1,33237.405,110
1,33243.960,110
1,33250.538,110
1,33257.325,110
1,33263.855,112
1,33272.000,112
1,33277.287,112
1,33283.603,112
1,33290.624,112
1,33297.015,112
1,33304.170,112
1,33311.646,112
1,33318.372,112
1,33325.160,112
1,33331.540,112
1,33339.002,112
1,33345.831,112
1,33352.698,112
1,33359.412,112
1,33365.804,112
1,33373.260,112
1,33379.956,112
1,33386.949,112
1,33393.574,112
1,33400.307,112
1,33407.460,112
1,33413.968,112
1,33421.524,112
1,33428.177,112
1,33435.016,115
1,33442.007,115
1,33448.502,115
1,33456.019,115
1,33462.784,115
1,33469.723,115
1,33476.513,115
1,33483.891,115
1,33491.168,115
1,33497.770,115
1,33505.189,115
1,33510.585,115
1,33516.095,115
1,33523.192,115
1,33531.444,115
1,33538.358,115
1,33545.223,115
1,33551.973,115
1,33557.993,115
1,33564.433,115
1,33571.925,115
1,33578.820,115
1,33585.954,115
1,33593.080,115
1,33599.879,117
1,33606.925,117
1,33613.657,117
1,33620.992,117
1,33627.693,117
1,33634.747,117
1,33642.085,117
1,33649.136,117
1,33656.136,117
1,33662.972,117
1,33670.071,117
1,33676.640,117
1,33683.424,117
1,33690.383,117
1,33696.878,117
1,33704.429,117
1,33711.677,117
1,33718.348,117
1,33725.504,117
1,33732.207,117
1,33739.439,117
1,33746.117,117
1,33752.271,117
1,33759.082,117
1,33765.789,119
1,33772.833,119
1,33779.871,119
1,33787.820,119
1,33794.564,119
1,33801.484,119
1,33808.623,119
1,33815.327,119
1,33822.365,119
1,33831.478,119
1,33838.344,119
1,33845.046,119
1,33851.648,119
1,33858.721,119
1,33865.565,119
1,33872.399,119
1,33879.088,119
1,33885.143,119
1,33891.930,119
1,33898.378,119
1,33905.719,119
1,33912.188,119
1,33918.900,119
1,33925.974,119
1,33932.312,121
1,33939.101,121
1,33945.792,121
1,33952.207,121
1,33959.162,121
1,33965.545,121
1,33972.529,121
1,33979.289,121
1,33986.115,121
1,33993.022,121
1,33999.585,121
1,34006.381,121
1,34013.099,121
1,34020.095,121
1,34026.827,121
1,34033.377,121
1,34040.466,121
1,34047.083,121
1,34054.082,121
1,34060.634,121
1,34067.301,121
1,34074.363,121
1,34080.765,121
1,34088.723,121
1,34095.528,121
1,34102.811,123
1,34111.179,123
1,34117.880,123
1,34124.950,123
1,34131.369,123
1,34138.927,123
1,34144.417,123
1,34151.454,123
1,34158.524,123
1,34165.472,123
1,34173.080,123
1,34182.813,123
1,34189.714,123
1,34196.163,123
1,34202.945,123
1,34209.548,123
1,34216.241,123
1,34223.445,123
1,34231.369,123
1,34238.003,123
1,34245.039,123
1,34251.734,123
1,34258.411,123
1,34264.931,125
1,34272.743,125
1,34279.322,125
1,34286.171,125
1,34292.921,125
1,34299.716,125
1,34306.719,125
1,34313.558,125
1,34320.603,125
1,34327.102,125
1,34333.807,125
1,34340.729,125
1,34347.250,125
1,34353.194,125
1,34359.913,125
1,34366.259,125
1,34373.286,125
1,34380.078,125
1,34387.018,125
1,34394.042,125
1,34400.571,125
1,34407.502,125
1,34413.919,125
1,34421.288,125
1,34427.813,125
1,34434.696,127
1,34442.292,127
1,34448.974,127
1,34456.034,127
1,34462.782,127
1,34469.695,127
1,34476.380,127
1,34483.288,127
1,34490.288,127
1,34496.797,127
1,34503.834,127
1,34511.684,127
1,34518.440,127
1,34525.196,127
1,34531.632,127
1,34539.018,127
1,34545.810,127
1,34552.800,127
1,34559.462,127
1,34566.080,127
1,34573.160,127
1,34579.864,127
1,34586.675,127
1,34593.353,127
1,34599.856,129
1,34606.875,129
1,34613.616,129
1,34620.829,129
1,34627.122,129
1,34633.711,129
1,34641.063,129
1,34647.487,129
1,34654.573,129
1,34661.075,129
1,34667.839,129
1,34674.835,129
1,34680.752,129
1,34686.783,129
1,34693.394,129
1,34700.863,129
1,34707.866,129
1,34714.253,129
1,34721.598,129
1,34728.104,129
1,34734.732,129
1,34741.904,129
1,34748.426,129
1,34755.694,129
1,34761.144,129
1,34767.474,131
1,34774.600,131
1,34781.051,131
1,34788.585,131
1,34795.071,131
1,34802.054,131
1,34811.628,131
1,34819.252,131
1,34826.053,131
1,34832.723,131
1,34839.585,131
1,34846.288,131
1,34853.044,131
1,34859.940,131
1,34866.517,131
1,34873.391,131
1,34879.928,131
1,34887.049,131
1,34893.772,131
1,34900.402,131
1,34907.472,131
1,34913.932,131
1,34921.404,131
1,34927.953,131
1,34935.384,133
1,34942.175,133
1,34948.867,133
1,34956.238,133
1,34962.921,133
1,34969.422,133
1,34976.210,133
1,34982.684,133
1,34989.565,133
1,34996.113,133
1,35003.663,133
1,35010.434,133
1,35017.091,133
1,35024.287,133
1,35030.797,133
1,35038.292,133
1,35045.018,133
1,35052.122,133
1,35058.800,133
1,35065.324,133
1,35072.561,133
1,35079.396,133
1,35086.358,133
1,35093.324,133
1,35099.919,135
1,35106.930,135
1,35114.097,135
1,35121.464,135
1,35127.931,135
1,35135.086,135
1,35142.188,135
1,35148.800,135
1,35156.378,135
1,35163.015,135
1,35169.638,135
1,35176.859,135
1,35183.513,135
1,35190.387,135
1,35196.771,135
1,35203.750,135
1,35211.492,135
1,35218.151,135
1,35225.558,135
1,35232.196,135
1,35239.082,135
1,35245.862,135
1,35252.813,135
1,35259.535,135
1,35266.177,137
1,35273.156,137
1,35280.051,137
1,35286.993,137
1,35293.500,137
1,35300.285,137
1,35308.114,137
1,35314.637,137
1,35322.068,137
1,35331.327,137
1,35338.892,137
1,35345.496,137
1,35352.670,137
1,35359.556,137
1,35366.245,137
1,35373.628,137
1,35380.243,137
1,35387.235,137
1,35392.634,137
1,35399.151,137
1,35406.527,137
1,35413.532,137
1,35420.600,137
1,35427.730,137
1,35435.186,139
1,35442.605,139
1,35449.289,139
1,35456.209,139
1,35462.930,139
1,35469.665,139
1,35476.479,139
1,35483.054,139
1,35490.058,139
1,35496.852,139
1,35503.535,139
1,35511.601,139
1,35518.956,139
1,35525.836,139
1,35532.306,139
1,35539.621,139
1,35546.353,139
1,35553.245,139
1,35560.029,139
1,35566.645,139
1,35573.781,139
1,35580.722,139
1,35587.990,139
1,35594.049,139
1,35601.040,142
1,35609.173,142
1,35615.678,142
1,35622.635,142
1,35629.070,142
1,35636.181,142
1,35643.207,142
1,35649.872,142
1,35656.686,142
1,35663.384,142
1,35670.088,142
1,35676.483,142
1,35683.042,142
1,35689.833,142
1,35696.350,142
1,35703.134,142
1,35711.660,142
1,35718.561,142
1,35725.716,142
1,35732.263,142
1,35739.185,142
1,35745.839,142
1,35752.617,142
1,35759.315,142
1,35765.974,144
1,35773.037,144
1,35779.723,144
1,35786.760,144
1,35793.450,144
1,35800.287,144
1,35807.136,144
1,35814.056,144
1,35821.643,144
1,35828.443,144
1,35835.665,144
1,35842.285,144
1,35848.815,144
1,35856.223,144
1,35863.069,144
1,35869.894,144
1,35876.530,144
1,35883.115,144
1,35890.112,144
1,35896.851,144
1,35903.936,144
1,35911.583,144
1,35918.392,144
1,35925.834,144
1,35932.470,146
1,35939.507,146
1,35946.322,146
1,35953.077,146
1,35959.451,146
1,35966.274,146
1,35973.321,146
1,35980.061,146
1,35987.046,146
1,35993.606,146
1,36000.397,146
1,36007.477,146
1,36013.814,146
1,36021.264,146
1,36028.063,146
1,36033.612,146
1,36040.580,146
1,36047.095,146
1,36054.273,146
1,36061.132,146
1,36067.948,146
1,36075.098,146
1,36081.657,146
1,36089.206,146
1,36096.313,146
1,36103.323,148
1,36109.929,148
1,36116.274,148
1,36123.492,148
1,36130.393,148
1,36137.886,148
1,36144.600,148
1,36151.204,148
1,36158.020,148
1,36164.970,148
1,36172.825,148
1,36179.946,148
1,36186.704,148
1,36193.497,148
1,36200.137,148
1,36206.844,148
1,36213.972,148
1,36221.258,148
1,36227.931,148
1,36234.788,148
1,36241.853,148
1,36251.739,148
1,36258.981,148
1,36265.547,150
1,36272.998,150
1,36279.562,150
1,36286.336,150
1,36293.010,150
1,36299.581,150
1,36306.720,150
1,36313.459,150
1,36320.407,150
1,36327.090,150
1,36333.762,150
1,36340.758,150
1,36347.125,150
1,36354.366,150
1,36360.862,150
1,36367.669,150
1,36374.734,150
1,36381.380,150
1,36388.812,150
1,36395.580,150
1,36403.080,150
1,36411.950,150
1,36418.943,150
1,36424.614,150
1,36431.087,152
1,36439.226,152
1,36446.008,152
1,36452.997,152
1,36460.007,152
1,36466.712,152
1,36473.570,152
1,36480.214,152
1,36487.498,152
1,36494.578,152
1,36501.264,152
1,36508.202,152
1,36515.648,152
1,36522.551,152
1,36531.079,152
1,36538.542,152
1,36545.362,152
1,36552.120,152
1,36558.817,152
1,36565.715,152
1,36572.712,152
1,36579.321,152
1,36586.075,152
1,36592.746,152
1,36599.201,154
1,36606.767,154
1,36613.520,154
1,36620.593,154
1,36627.873,154
1,36636.008,154
1,36643.131,154
1,36649.623,154
1,36656.466,154
1,36663.096,154
1,36669.720,154
1,36676.473,154
1,36683.165,154
1,36689.937,154
1,36696.595,154
1,36703.359,154
1,36711.565,154
1,36719.005,154
1,36725.684,154
1,36732.297,154
1,36739.632,154
1,36746.330,154
1,36753.197,154
1,36759.883,154
1,36766.559,156
1,36773.518,156
1,36779.401,156
1,36786.663,156
1,36793.568,156
1,36800.317,156
1,36807.410,156
1,36813.810,156
1,36821.975,156
1,36831.434,156
1,36838.637,156
1,36845.374,156
1,36852.009,156
1,36858.748,156
1,36865.490,156
1,36872.382,156
1,36878.975,156
1,36885.910,156
1,36892.457,156
1,36899.061,156
1,36905.986,156
1,36912.815,156
1,36919.602,156
1,36926.416,156
1,36933.094,158
1,36940.061,158
1,36946.892,158
1,36954.001,158
1,36960.716,158
1,36967.742,158
1,36974.838,158
1,36981.304,158
1,36988.674,158
1,36995.364,158
1,37002.163,158
1,37008.887,158
1,37015.490,158
1,37022.573,158
1,37029.040,158
1,37035.723,158
1,37041.611,158
1,37048.001,158
1,37055.471,158
1,37061.998,158
1,37068.825,158
1,37076.115,158
1,37082.465,158
1,37089.502,158
1,37096.231,158
1,37102.975,160
1,37109.564,160
1,37115.897,160
1,37123.435,160
1,37131.605,160
1,37139.047,160
1,37145.789,160
1,37152.756,160
1,37159.494,160
1,37166.145,160
1,37173.398,160
1,37180.109,160
1,37187.457,160
1,37194.002,160
1,37200.728,160
1,37207.746,160
1,37214.146,160
1,37221.640,160
1,37228.131,160
1,37234.737,160
1,37241.903,160
1,37248.449,160
1,37255.718,160
1,37262.463,160
1,37272.062,162
1,37278.670,162
1,37285.718,162
1,37292.462,162
1,37298.912,162
1,37306.217,162
1,37312.886,162
1,37319.683,162
1,37326.534,162
1,37333.206,162
1,37340.008,162
1,37346.778,162
1,37353.668,162
1,37360.190,162
1,37367.046,162
1,37373.948,162
1,37380.441,162
1,37387.770,162
1,37393.196,162
1,37399.865,162
1,37406.839,162
1,37413.528,162
1,37420.910,162
1,37426.899,162
1,37433.532,164
1,37440.490,164
1,37447.164,164
1,37454.374,164
1,37460.821,164
1,37467.623,164
1,37474.704,164
1,37481.124,164
1,37488.618,164
1,37495.079,164
1,37501.639,164
1,37508.544,164
1,37515.072,164
1,37522.759,164
1,37531.131,164
1,37537.564,164
1,37544.288,164
1,37550.844,164
1,37557.823,164
1,37564.466,164
1,37571.893,164
1,37578.622,164
1,37586.070,164
1,37592.630,164
1,37599.149,166
1,37606.406,166
1,37613.166,166
1,37620.111,166
1,37626.831,166
1,37634.373,166
1,37641.525,166
1,37648.056,166
1,37655.383,166
1,37661.983,166
1,37668.770,166
1,37675.509,166
1,37682.209,166
1,37689.496,166
1,37696.170,166
1,37702.982,166
1,37711.563,166
1,37719.031,166
1,37725.853,166
1,37733.140,166
1,37740.069,166
1,37746.747,166
1,37753.248,166
1,37760.255,166
1,37767.088,169
1,37774.172,169
1,37780.680,169
1,37788.032,169
1,37794.598,169
1,37801.225,169
1,37808.328,169
1,37815.052,169
1,37822.308,169
1,37831.265,169
1,37838.169,169
1,37845.114,169
1,37851.865,169
1,37858.538,169
1,37865.056,169
1,37872.632,169
1,37879.205,169
1,37886.233,169
1,37892.915,169
1,37899.494,169
1,37906.693,169
1,37913.504,169
1,37920.506,169
1,37926.882,169
1,37933.581,171
1,37940.503,171
1,37946.897,171
1,37953.913,171
1,37960.423,171
1,37967.165,171
1,37974.270,171
1,37980.538,171
1,37987.964,171
1,37994.686,171
1,38001.371,171
1,38008.429,171
1,38014.916,171
1,38022.121,171
1,38028.512,171
1,38036.018,171
1,38043.143,171
1,38049.600,171
1,38056.630,171
1,38063.453,171
1,38070.307,171
1,38076.823,171
1,38083.596,171
1,38090.579,171
1,38096.247,173
1,38103.527,173
1,38111.547,173
1,38119.099,173
1,38125.790,173
1,38132.376,173
1,38139.516,173
1,38146.042,173
1,38152.995,173
1,38159.402,173
1,38165.897,173
1,38172.823,173
1,38179.476,173
1,38187.167,173
1,38193.945,173
1,38200.833,173
1,38207.942,173
1,38214.456,173
1,38221.995,173
1,38228.630,173
1,38235.908,173
1,38242.027,173
1,38248.945,173
1,38256.326,173
1,38261.912,173
1,38268.440,175
1,38277.073,175
1,38284.425,175
1,38292.188,175
1,38299.666,175
1,38307.295,175
1,38313.888,175
1,38321.547,175
1,38328.143,175
1,38335.111,175
1,38342.454,175
1,38348.998,175
1,38356.239,175
1,38363.120,175
1,38370.042,175
1,38376.633,175
1,38383.377,175
1,38390.234,175
1,38397.054,175
1,38404.618,175
1,38411.636,175
1,38418.840,175
1,38425.917,175
1,38432.357,177
1,38439.635,177
1,38446.549,177
1,38453.380,177
1,38459.929,177
1,38466.696,177
1,38473.658,177
1,38480.456,177
1,38487.806,177
1,38494.459,177
1,38501.224,177
1,38508.702,177
1,38515.708,177
1,38522.841,177
1,38531.276,177
1,38537.881,177
1,38544.386,177
1,38551.098,177
1,38558.412,177
1,38565.368,177
1,38572.931,177
1,38579.726,177
1,38586.701,177
1,38593.341,177
1,38599.989,179
1,38607.092,179
1,38613.367,179
1,38620.575,179
1,38627.067,179
1,38633.787,179
1,38640.790,179
1,38648.177,179
1,38655.388,179
1,38662.155,179
1,38672.264,179
1,38678.938,179
1,38685.845,179
1,38692.573,179
1,38699.050,179
1,38706.892,179
1,38712.882,179
1,38720.053,179
1,38726.607,179
1,38733.369,179
1,38740.618,179
1,38747.086,179
1,38754.222,179
1,38760.766,179
2,38767.747,0
2,38775.097,0
2,38781.565,0
2,38791.506,0
2,38797.953,0
2,38805.240,0
2,38810.504,0
2,38816.797,0
2,38823.639,0
2,38831.314,0
2,38838.681,0
2,38845.370,0
2,38852.469,0
2,38859.094,0
2,38865.637,0
2,38872.835,0
2,38879.633,0
2,38886.677,0
2,38893.432,0
2,38900.138,0
2,38907.449,0
2,38913.732,0
2,38921.309,0
2,38926.785,0
2,38933.537,0
2,38940.621,0
2,38947.291,0
2,38955.367,0
2,38962.143,0
2,38972.246,0
2,38979.275,0
2,38986.073,0
2,38992.948,0
2,38999.900,0
2,39007.043,0
2,39013.774,0
2,39021.497,0
2,39028.123,0
2,39034.672,0
2,39042.127,0
2,39047.499,0
2,39054.750,0
2,39061.300,0
2,39068.090,0
2,39075.493,0
2,39082.178,0
2,39089.359,0
2,39096.150,0
2,39102.992,0
2,39112.067,0
2,39119.141,0
2,39126.056,0
2,39132.693,0
2,39140.071,0
2,39146.721,0
2,39153.619,0
2,39160.165,0
2,39167.102,0
2,39174.520,0
2,39182.800,0
2,39192.000,0
2,39198.856,0
2,39205.785,0
2,39212.188,0
2,39219.024,0
2,39224.561,0
2,39231.116,0
2,39238.506,0
2,39245.316,0
2,39252.088,0
2,39259.864,0
2,39266.553,0
2,39273.531,0
2,39280.310,0
2,39287.818,0
2,39293.455,0
2,39299.902,0
2,39306.650,0
2,39313.282,0
2,39320.036,0
2,39326.428,0
2,39333.149,0
2,39340.089,0
2,39346.762,0
2,39353.655,0
2,39360.265,0
2,39366.972,0
2,39374.022,0
2,39380.388,0
2,39387.541,0
2,39394.051,0
2,39400.970,0
2,39408.052,0
2,39414.750,0
2,39422.216,0
2,39429.006,0
2,39436.057,2
2,39441.877,2
2,39448.149,2
2,39455.641,2
2,39462.468,2
2,39469.296,2
2,39476.002,2
2,39482.755,2
2,39489.537,2
2,39496.030,2
2,39503.200,2
2,39511.539,2
2,39518.181,2
2,39525.278,2
2,39531.695,2
2,39539.093,2
2,39545.899,2
2,39552.608,2
2,39559.367,2
2,39567.063,2
2,39574.313,2
2,39580.934,2
2,39588.557,2
2,39595.152,2
2,39602.454,4
2,39610.156,4
2,39616.796,4
2,39623.820,4
2,39631.337,4
2,39639.098,4
2,39645.790,4
2,39652.609,4
2,39659.398,4
2,39665.900,4
2,39672.880,4
2,39679.492,4
2,39686.278,4
2,39692.797,4
2,39699.273,4
2,39706.613,4
2,39713.352,4
2,39720.230,4
2,39726.777,4
2,39733.387,4
2,39740.276,4
2,39747.005,4
2,39754.203,4
2,39760.856,4
2,39767.313,6
2,39774.197,6
2,39780.579,6
2,39788.561,6
2,39795.088,6
2,39801.653,6
2,39811.841,6
2,39818.615,6
2,39825.663,6
2,39832.115,6
2,39839.421,6
2,39845.946,6
2,39852.589,6
2,39859.734,6
2,39866.351,6
2,39873.934,6
2,39880.290,6
2,39887.771,6
2,39894.469,6
2,39901.464,6
2,39908.605,6
2,39915.098,6
2,39922.532,6
2,39931.203,6
2,39937.961,9
2,39944.974,9
2,39952.173,9
2,39958.926,9
2,39965.593,9
2,39973.204,9
2,39979.990,9
2,39986.978,9
2,39994.362,9
2,40001.119,9
2,40008.192,9
2,40014.839,9
2,40022.232,9
2,40031.434,9
2,40038.308,9
2,40045.115,9
2,40051.893,9
2,40059.199,9
2,40066.046,9
2,40073.543,9
2,40080.303,9
2,40087.071,9
2,40093.659,9
2,40100.329,11
2,40106.898,11
2,40113.111,11
2,40120.113,11
2,40126.560,11
2,40133.491,11
2,40140.853,11
2,40147.241,11
2,40154.429,11
2,40159.934,11
2,40166.373,11
2,40173.446,11
2,40180.987,11
2,40188.206,11
2,40194.778,11
2,40201.602,11
2,40211.987,11
2,40218.830,11
2,40225.865,11
2,40232.607,11
2,40239.429,11
2,40245.849,11
2,40252.789,11
2,40259.376,11
2,40266.059,13
2,40272.927,13
2,40279.378,13
2,40286.119,13
2,40292.916,13
2,40299.647,13
2,40306.752,13
2,40313.402,13
2,40320.319,13
2,40326.825,13
2,40333.598,13
2,40340.751,13
2,40347.089,13
2,40354.311,13
2,40360.885,13
2,40367.723,13
2,40374.805,13
2,40381.200,13
2,40388.618,13
2,40395.128,13
2,40401.676,13
2,40412.169,13
2,40419.185,13
2,40425.931,13
2,40432.699,15
2,40439.526,15
2,40446.489,15
2,40453.031,15
2,40460.323,15
2,40467.009,15
2,40473.978,15
2,40480.374,15
2,40488.474,15
2,40495.105,15
2,40502.005,15
2,40509.245,15
2,40515.734,15
2,40522.866,15
2,40529.991,15
2,40536.637,15
2,40543.544,15
2,40550.335,15
2,40557.081,15
2,40563.646,15
2,40572.030,15
2,40580.734,15
2,40588.048,15
2,40594.732,15
2,40600.216,17
2,40607.042,17
2,40613.839,17
2,40621.110,17
2,40626.578,17
2,40633.363,17
2,40640.421,17
2,40647.261,17
2,40654.441,17
2,40660.962,17
2,40667.986,17
2,40675.257,17
2,40682.172,17
2,40689.593,17
2,40696.313,17
2,40703.501,17
2,40711.700,17
2,40719.313,17
2,40726.068,17
2,40732.626,17
2,40739.597,17
2,40746.042,17
2,40752.917,17
2,40760.079,17
2,40766.802,19
2,40773.756,19
2,40780.445,19
2,40788.074,19
2,40795.696,19
2,40802.749,19
2,40811.801,19
2,40819.595,19
2,40826.519,19
2,40833.116,19
2,40840.241,19
2,40846.853,19
2,40853.878,19
2,40860.525,19
2,40867.211,19
2,40874.387,19
2,40880.525,19
2,40888.008,19
2,40894.747,19
2,40901.473,19
2,40908.761,19
2,40915.333,19
2,40922.378,19
2,40931.118,19
2,40938.096,21
2,40944.669,21
2,40950.419,21
2,40957.327,21
2,40963.739,21
2,40971.798,21
2,40978.478,21
2,40985.354,21
2,40991.174,21
2,40997.605,21
2,41004.554,21
2,41011.281,21
2,41018.858,21
2,41025.547,21
2,41031.967,21
2,41039.108,21
2,41045.832,21
2,41052.454,21
2,41059.232,21
2,41065.691,21
2,41072.867,21
2,41079.535,21
2,41086.245,21
2,41092.617,21
2,41099.869,23
2,41106.911,23
2,41113.581,23
2,41121.086,23
2,41127.630,23
2,41134.426,23
2,41141.652,23
2,41148.434,23
2,41156.073,23
2,41162.677,23
2,41172.273,23
2,41178.080,23
2,41185.558,23
2,41192.166,23
2,41198.765,23
2,41206.060,23
2,41212.535,23
2,41219.288,23
2,41225.902,23
2,41232.452,23
2,41239.431,23
2,41246.128,23
2,41253.055,23
2,41260.019,23
2,41266.798,25
2,41273.848,25
2,41280.200,25
2,41287.351,25
2,41293.784,25
2,41300.439,25
2,41307.240,25
2,41313.777,25
2,41320.929,25
2,41327.371,25
2,41334.062,25
2,41341.308,25
2,41347.789,25
2,41355.238,25
2,41361.963,25
2,41368.795,25
2,41375.717,25
2,41382.398,25
2,41389.582,25
2,41396.228,25
2,41403.830,25
2,41411.729,25
2,41418.632,25
2,41425.739,25
2,41432.244,27
2,41439.046,27
2,41445.928,27
2,41452.830,27
2,41459.484,27
2,41465.919,27
2,41472.835,27
2,41479.600,27
2,41486.435,27
2,41493.118,27
2,41499.854,27
2,41506.629,27
2,41513.103,27
2,41519.982,27
2,41526.654,27
2,41533.300,27
2,41540.296,27
2,41546.848,27
2,41553.916,27
2,41560.363,27
2,41566.930,27
2,41573.884,27
2,41580.374,27
2,41587.270,27
2,41593.948,27
2,41600.667,29
2,41607.666,29
2,41614.160,29
2,41621.908,29
2,41628.813,29
2,41635.992,29
2,41642.702,29
2,41649.355,29
2,41656.559,29
2,41663.330,29
2,41670.387,29
2,41676.113,29
2,41681.550,29
2,41689.031,29
2,41695.722,29
2,41702.642,29
2,41709.823,29
2,41716.481,29
2,41723.425,29
2,41731.182,29
2,41738.633,29
2,41745.389,29
2,41752.415,29
2,41759.258,29
2,41765.941,31
2,41773.264,31
2,41780.084,31
2,41786.829,31
2,41793.470,31
2,41800.268,31
2,41807.251,31
2,41812.722,31
2,41819.686,31
2,41826.162,31
2,41832.857,31
2,41839.587,31
2,41846.277,31
2,41853.077,31
2,41859.925,31
2,41866.512,31
2,41873.413,31
2,41880.052,31
2,41887.118,31
2,41893.588,31
2,41900.273,31
2,41907.253,31
2,41913.671,31
2,41921.202,31
2,41927.780,31
2,41934.637,33
2,41941.616,33
2,41948.103,33
2,41955.424,33
2,41962.109,33
2,41972.082,33
2,41978.826,33
2,41985.706,33
2,41992.627,33
2,41999.151,33
2,42006.625,33
2,42013.861,33
2,42021.118,33
2,42026.584,33
2,42033.094,33
2,42040.138,33
2,42046.738,33
2,42053.791,33
2,42060.306,33
2,42067.083,33
2,42073.840,33
2,42080.267,33
2,42087.254,33
2,42093.808,33
2,42100.496,36
2,42107.315,36
2,42113.228,36
2,42120.537,36
2,42126.998,36
2,42133.766,36
2,42140.721,36
2,42147.104,36
2,42154.248,36
2,42160.966,36
2,42167.807,36
2,42175.085,36
2,42182.190,36
2,42190.063,36
2,42196.788,36
2,42203.887,36
2,42210.367,36
2,42216.983,36
2,42223.900,36
2,42231.213,36
2,42238.305,36
2,42244.799,36
2,42251.690,36
2,42258.867,36
2,42265.650,38
2,42272.696,38
2,42279.122,38
2,42285.834,38
2,42292.245,38
2,42298.855,38
2,42306.219,38
2,42312.891,38
2,42320.611,38
2,42327.306,38
2,42334.176,38
2,42341.087,38
2,42348.019,38
2,42354.980,38
2,42361.693,38
2,42368.445,38
2,42374.967,38
2,42381.391,38
2,42388.676,38
2,42395.433,38
2,42402.992,38
2,42411.661,38
2,42417.314,38
2,42424.556,38
2,42431.224,40
2,42439.181,40
2,42446.015,40
2,42453.250,40
2,42459.995,40
2,42466.534,40
2,42473.487,40
2,42480.161,40
2,42486.991,40
2,42493.691,40
2,42500.321,40
2,42507.218,40
2,42513.567,40
2,42520.666,40
2,42527.346,40
2,42533.803,40
2,42540.927,40
2,42547.278,40
2,42554.532,40
2,42561.144,40
2,42567.931,40
2,42574.939,40
2,42581.450,40
2,42588.795,40
2,42595.570,40
2,42602.272,42
2,42611.967,42
2,42618.756,42
2,42626.258,42
2,42632.773,42
2,42640.089,42
2,42646.643,42
2,42653.205,42
2,42660.215,42
2,42666.843,42
2,42673.921,42
2,42680.332,42
2,42687.410,42
2,42693.940,42
2,42700.426,42
2,42707.373,42
2,42713.727,42
2,42721.159,42
2,42727.466,42
2,42734.178,42
2,42741.274,42
2,42747.983,42
2,42753.740,42
2,42760.023,42
2,42766.739,44
2,42773.809,44
2,42780.276,44
2,42787.330,44
2,42793.820,44
2,42800.387,44
2,42807.192,44
2,42813.593,44
2,42821.212,44
2,42827.841,44
2,42834.648,44
2,42841.698,44
2,42848.040,44
2,42855.445,44
2,42862.107,44
2,42871.542,44
2,42878.335,44
2,42885.111,44
2,42892.494,44
2,42899.095,44
2,42906.049,44
2,42911.656,44
2,42918.104,44
2,42925.329,44
2,42932.752,46
2,42939.933,46
2,42946.576,46
2,42953.134,46
2,42960.301,46
2,42966.970,46
2,42973.984,46
2,42980.483,46
2,42988.102,46
2,42995.029,46
2,43001.625,46
2,43012.023,46
2,43019.024,46
2,43026.081,46
2,43032.621,46
2,43039.950,46
2,43046.995,46
2,43055.049,46
2,43062.483,46
2,43071.611,46
2,43077.494,46
2,43084.376,46
2,43091.098,46
2,43097.585,48
2,43105.042,48
2,43112.916,48
2,43119.612,48
2,43127.046,48
2,43132.489,48
2,43139.940,48
2,43147.168,48
2,43154.280,48
2,43161.851,48
2,43169.413,48
2,43176.740,48
2,43183.513,48
2,43190.751,48
2,43197.223,48
2,43203.625,48
2,43211.737,48
2,43219.353,48
2,43226.473,48
2,43234.160,48
2,43241.584,48
2,43248.071,48
2,43255.583,48
2,43262.257,48
2,43272.211,50
2,43279.222,50
2,43286.442,50
2,43293.686,50
2,43300.981,50
2,43308.538,50
2,43315.841,50
2,43323.236,50
2,43330.204,50
2,43337.724,50
2,43344.735,50
2,43351.401,50
2,43358.917,50
2,43365.994,50
2,43373.148,50
2,43379.446,50
2,43386.632,50
2,43393.454,50
2,43400.031,50
2,43407.059,50
2,43413.652,50
2,43421.340,50
2,43429.851,50
2,43436.633,52
2,43443.329,52
2,43449.956,52
2,43456.946,52
2,43463.825,52
2,43471.811,52
2,43478.531,52
2,43485.814,52
2,43491.882,52
2,43498.721,52
2,43506.326,52
2,43513.554,52
2,43520.897,52
2,43528.841,52
2,43537.261,52
2,43544.133,52
2,43551.137,52
2,43557.910,52
2,43564.358,52
2,43571.933,52
2,43579.246,52
2,43586.225,52
2,43595.986,52
2,43603.640,54
2,43609.667,54
2,43617.163,54
2,43624.507,54
2,43631.438,54
2,43638.442,54
2,43645.255,54
2,43652.754,54
2,43659.378,54
2,43665.852,54
2,43672.778,54
2,43679.381,54
2,43686.250,54
2,43691.978,54
2,43698.908,54
2,43706.199,54
2,43712.870,54
2,43719.860,54
2,43726.513,54
2,43733.317,54
2,43740.376,54
2,43747.242,54
2,43754.141,54
2,43760.678,54
2,43767.816,56
2,43775.066,56
2,43781.694,56
2,43789.060,56
2,43795.562,56
2,43802.746,56
2,43809.666,56
2,43816.135,56
2,43823.050,56
2,43829.669,56
2,43836.320,56
2,43843.581,56
2,43850.231,56
2,43857.137,56
2,43863.731,56
2,43871.885,56
2,43878.471,56
2,43885.273,56
2,43892.107,56
2,43898.966,56
2,43906.894,56
2,43913.603,56
2,43920.809,56
2,43927.276,56
2,43933.824,58
2,43940.824,58
2,43947.074,58
2,43954.063,58
2,43960.570,58
2,43967.147,58
2,43973.966,58
2,43980.317,58
2,43987.605,58
2,43994.337,58
2,44001.102,58
2,44008.208,58
2,44014.737,58
2,44022.317,58
2,44031.363,58
2,44038.113,58
2,44044.742,58
2,44051.415,58
2,44058.389,58
2,44065.126,58
2,44072.645,58
2,44079.302,58
2,44086.178,58
2,44092.874,58
2,44098.318,60
2,44105.254,60
2,44112.179,60
2,44119.142,60
2,44126.008,60
2,44132.495,60
2,44139.224,60
2,44146.358,60
2,44153.190,60
2,44159.729,60
2,44166.093,60
2,44173.835,60
2,44180.251,60
2,44187.551,60
2,44194.038,60
2,44200.538,60
2,44207.466,60
2,44213.872,60
2,44220.855,60
2,44227.325,60
2,44233.860,60
2,44240.591,60
2,44247.306,60
2,44253.969,60
2,44260.905,60
2,44267.819,63
2,44274.891,63
2,44281.406,63
2,44288.347,63
2,44295.040,63
2,44300.476,63
2,44307.542,63
2,44314.038,63
2,44320.895,63
2,44327.774,63
2,44334.298,63
2,44341.396,63
2,44347.815,63
2,44354.964,63
2,44361.533,63
2,44368.239,63
2,44380.286,63
2,44386.891,63
2,44394.063,63
2,44400.879,63
2,44407.993,63
2,44414.590,63
2,44422.482,63
2,44429.077,63
2,44435.603,65
2,44442.793,65
2,44450.182,65
2,44457.065,65
2,44463.465,65
2,44471.948,65
2,44478.595,65
2,44485.636,65
2,44492.628,65
2,44499.080,65
2,44506.052,65
2,44512.476,65
2,44518.986,65
2,44526.148,65
2,44532.933,65
2,44539.983,65
2,44546.433,65
2,44553.242,65
2,44559.926,65
2,44566.769,65
2,44573.870,65
2,44580.241,65
2,44587.621,65
2,44594.451,65
2,44600.014,67
2,44607.178,67
2,44613.545,67
2,44620.678,67
2,44627.407,67
2,44634.397,67
2,44641.807,67
2,44648.384,67
2,44655.651,67
2,44662.292,67
2,44669.167,67
2,44675.868,67
2,44682.303,67
2,44689.254,67
2,44695.741,67
2,44702.770,67
2,44710.266,67
2,44716.855,67
2,44724.192,67
2,44730.696,67
2,44738.242,67
2,44744.884,67
2,44752.689,67
2,44759.282,67
2,44765.959,69
2,44772.984,69
2,44779.596,69
2,44786.476,69
2,44793.315,69
2,44799.623,69
2,44806.520,69
2,44813.271,69
2,44820.068,69
2,44826.556,69
2,44833.313,69
2,44840.471,69
2,44847.054,69
2,44854.282,69
2,44860.970,69
2,44868.007,69
2,44875.085,69
2,44881.673,69
2,44889.022,69
2,44895.564,69
2,44902.204,69
2,44911.936,69
2,44918.738,69
2,44924.771,69
2,44931.411,71
2,44938.876,71
2,44945.591,71
2,44952.471,71
2,44959.290,71
2,44966.840,71
2,44973.858,71
2,44980.419,71
2,44988.055,71
2,44995.228,71
2,45002.145,71
2,45012.101,71
2,45019.551,71
2,45026.575,71
2,45033.301,71
2,45040.273,71
2,45046.824,71
2,45054.910,71
2,45061.454,71
2,45068.075,71
2,45075.008,71
2,45081.319,71
2,45088.772,71
2,45095.216,71
2,45102.399,73
2,45110.450,73
2,45117.048,73
2,45124.277,73
2,45131.046,73
2,45138.594,73
2,45145.371,73
2,45152.828,73
2,45159.495,73
2,45165.989,73
2,45173.196,73
2,45180.047,73
2,45186.956,73
2,45193.692,73
2,45200.427,73
2,45207.524,73
2,45214.015,73
2,45221.565,73
2,45228.273,73
2,45235.014,73
2,45242.020,73
2,45248.606,73
2,45255.707,73
2,45262.431,73
2,45271.742,75
2,45278.289,75
2,45284.942,75
2,45291.050,75
2,45297.872,75
2,45305.171,75
2,45310.577,75
2,45317.329,75
2,45324.257,75
2,45331.185,75
2,45338.647,75
2,45345.606,75
2,45352.326,75
2,45360.279,75
2,45367.206,75
2,45374.445,75
2,45381.357,75
2,45387.591,75
2,45394.417,75
2,45401.141,75
2,45408.140,75
2,45414.716,75
2,45422.527,75
2,45431.548,75
2,45438.665,77
2,45445.467,77
2,45452.615,77
2,45459.692,77
2,45466.596,77
2,45473.639,77
2,45480.370,77
2,45487.859,77
2,45493.316,77
2,45499.935,77
2,45507.002,77
2,45513.710,77
2,45521.142,77
2,45527.861,77
2,45533.733,77
2,45540.828,77
2,45547.203,77
2,45554.437,77
2,45561.075,77
2,45568.032,77
2,45575.120,77
2,45581.742,77
2,45588.577,77
2,45595.344,77
2,45602.356,79
2,45612.053,79
2,45619.121,79
2,45626.168,79
2,45632.824,79
2,45639.702,79
2,45646.432,79
2,45653.465,79
2,45660.833,79
2,45667.673,79
2,45674.892,79
2,45681.267,79
2,45688.443,79
2,45695.148,79
2,45701.806,79
2,45709.025,79
2,45715.580,79
2,45722.551,79
2,45729.270,79
2,45735.734,79
2,45742.918,79
2,45749.220,79
2,45756.154,79
2,45762.838,79
2,45769.524,81
2,45776.304,81
2,45783.043,81
2,45790.062,81
2,45797.270,81
2,45804.637,81
2,45811.379,81
2,45818.112,81
2,45825.079,81
2,45831.589,81
2,45838.990,81
2,45845.485,81
2,45852.347,81
2,45859.193,81
2,45866.050,81
2,45873.167,81
2,45879.777,81
2,45886.636,81
2,45893.266,81
2,45899.949,81
2,45906.927,81
2,45913.461,81
2,45920.576,81
2,45926.993,81
2,45933.518,83
2,45940.517,83
2,45946.902,83
2,45953.988,83
2,45960.588,83
2,45966.861,83
2,45973.949,83
2,45980.496,83
2,45987.830,83
2,45993.046,83
2,45999.609,83
2,46006.842,83
2,46013.390,83
2,46020.596,83
2,46027.020,83
2,46033.600,83
2,46040.552,83
2,46046.990,83
2,46054.416,83
2,46061.071,83
2,46067.726,83
2,46074.606,83
2,46081.109,83
2,46088.962,83
2,46094.307,83
2,46101.209,85
2,46108.373,85
2,46114.939,85
2,46122.270,85
2,46131.269,85
2,46138.084,85
2,46144.867,85
2,46151.902,85
2,46158.607,85
2,46165.567,85
2,46172.804,85
2,46179.656,85
2,46186.474,85
2,46193.270,85
2,46199.967,85
2,46206.851,85
2,46213.425,85
2,46220.585,85
2,46227.117,85
2,46233.770,85
2,46240.755,85
2,46247.200,85
2,46254.483,85
2,46261.022,85
2,46267.960,87
2,46275.774,87
2,46282.362,87
2,46289.460,87
2,46296.012,87
2,46302.949,87
2,46311.569,87
2,46318.197,87
2,46325.678,87
2,46332.277,87
2,46339.337,87
2,46346.116,87
2,46352.952,87
2,46359.933,87
2,46366.561,87
2,46373.416,87
2,46379.982,87
2,46387.024,87
2,46393.577,87
2,46400.380,87
2,46407.306,87
2,46412.958,87
2,46420.197,87
2,46426.789,87
2,46433.498,90
2,46440.258,90
2,46447.043,90
2,46454.503,90
2,46461.218,90
2,46468.052,90
2,46475.408,90
2,46482.360,90
2,46489.480,90
2,46496.138,90
2,46502.872,90
2,46508.179,90
2,46514.849,90
2,46522.572,90
2,46529.101,90
2,46536.017,90
2,46543.082,90
2,46549.604,90
2,46556.623,90
2,46563.562,90
2,46570.481,90
2,46576.422,90
2,46582.946,90
2,46591.749,90
2,46598.840,92
2,46606.122,92
2,46612.865,92
2,46619.747,92
2,46626.460,92
2,46633.493,92
2,46641.198,92
2,46647.867,92
2,46655.005,92
2,46661.778,92
2,46672.067,92
2,46678.861,92
2,46686.035,92
2,46692.714,92
2,46699.346,92
2,46706.325,92
2,46713.423,92
2,46720.512,92
2,46726.949,92
2,46733.563,92
2,46740.596,92
2,46746.986,92
2,46754.283,92
2,46760.902,92
2,46767.488,94
2,46774.570,94
2,46781.110,94
2,46788.233,94
2,46794.971,94
2,46801.634,94
2,46808.903,94
2,46815.499,94
2,46822.218,94
2,46829.227,94
2,46836.028,94
2,46843.083,94
2,46849.605,94
2,46856.564,94
2,46863.271,94
2,46870.390,94
2,46876.824,94
2,46884.084,94
2,46891.961,94
2,46898.843,94
2,46906.037,94
2,46912.771,94
2,46919.231,94
2,46926.399,94
2,46933.293,96
2,46940.227,96
2,46946.895,96
2,46954.563,96
2,46961.236,96
2,46968.027,96
2,46975.140,96
2,46981.879,96
2,46989.233,96
2,46995.925,96
2,47002.499,96
2,47011.919,96
2,47018.785,96
2,47025.817,96
2,47032.309,96
2,47039.081,96
2,47045.794,96
2,47052.097,96
2,47058.886,96
2,47065.747,96
2,47072.906,96
2,47079.619,96
2,47086.448,96
2,47093.104,96
2,47099.637,98
2,47106.954,98
2,47113.485,98
2,47120.556,98
2,47127.088,98
2,47133.732,98
2,47140.812,98
2,47147.514,98
2,47154.266,98
2,47161.068,98
2,47169.505,98
2,47176.860,98
2,47183.462,98
2,47191.457,98
2,47199.050,98
2,47205.932,98
2,47212.616,98
2,47219.128,98
2,47226.388,98
2,47231.932,98
2,47239.546,98
2,47246.035,98
2,47252.630,98
2,47259.449,98
2,47266.100,100
2,47273.197,100
2,47279.988,100
2,47286.890,100
2,47293.725,100
2,47300.554,100
2,47307.604,100
2,47314.379,100
2,47321.915,100
2,47331.171,100
2,47338.236,100
2,47344.878,100
2,47351.520,100
2,47358.413,100
2,47364.964,100
2,47372.477,100
2,47378.390,100
2,47384.951,100
2,47392.011,100
2,47398.725,100
2,47406.180,100
2,47412.891,100
2,47419.846,100
2,47426.624,100
2,47433.398,102
2,47440.234,102
2,47446.821,102
2,47454.232,102
2,47459.754,102
2,47466.484,102
2,47473.487,102
2,47480.133,102
2,47487.325,102
2,47494.679,102
2,47501.212,102
2,47508.273,102
2,47514.677,102
2,47521.781,102
2,47531.205,102
2,47538.463,102
2,47545.228,102
2,47552.022,102
2,47559.148,102
2,47565.770,102
2,47572.749,102
2,47579.309,102
2,47585.763,102
2,47592.738,102
2,47599.178,104
2,47606.030,104
2,47612.397,104
2,47619.012,104
2,47626.225,104
2,47634.185,104
2,47642.069,104
2,47648.753,104
2,47655.931,104
2,47662.745,104
2,47669.636,104
2,47676.228,104
2,47682.884,104
2,47689.896,104
2,47696.766,104
2,47703.674,104
2,47711.398,104
2,47718.145,104
2,47725.370,104
2,47732.119,104
2,47739.542,104
2,47746.238,104
2,47753.098,104
2,47759.980,104
2,47766.851,106
2,47773.584,106
2,47780.201,106
2,47787.420,106
2,47792.837,106
2,47800.176,106
2,47807.257,106
2,47813.662,106
2,47821.217,106
2,47827.823,106
2,47834.749,106
2,47841.724,106
2,47848.200,106
2,47855.417,106
2,47862.064,106
2,47872.095,106
2,47878.997,106
2,47886.050,106
2,47892.686,106
2,47899.219,106
2,47906.163,106
2,47911.913,106
2,47918.276,106
2,47924.613,106
2,47931.016,108
2,47938.326,108
2,47945.147,108
2,47951.876,108
2,47958.611,108
2,47964.262,108
2,47971.879,108
2,47978.945,108
2,47986.513,108
2,47994.072,108
2,48001.153,108
2,48008.366,108
2,48015.065,108
2,48022.049,108
2,48029.177,108
2,48036.043,108
2,48042.833,108
2,48048.489,108
2,48055.751,108
2,48062.507,108
2,48071.436,108
2,48079.352,108
2,48086.183,108
2,48093.263,108
2,48099.921,110
2,48107.619,110
2,48114.187,110
2,48121.749,110
2,48131.133,110
2,48138.268,110
2,48143.727,110
2,48149.989,110
2,48156.991,110
2,48163.532,110
2,48172.352,110
2,48179.858,110
2,48186.772,110
2,48193.326,110
2,48199.889,110
2,48206.995,110
2,48213.705,110
2,48220.513,110
2,48226.982,110
2,48233.664,110
2,48240.641,110
2,48246.987,110
2,48253.839,110
2,48260.529,110
2,48267.309,112
2,48274.559,112
2,48281.127,112
2,48288.638,112
2,48295.255,112
2,48302.644,112
2,48311.473,112
2,48318.205,112
2,48325.327,112
2,48332.025,112
2,48337.768,112
2,48344.192,112
2,48350.928,112
2,48358.040,112
2,48364.735,112
2,48372.354,112
2,48378.926,112
2,48385.767,112
2,48392.499,112
2,48398.869,112
2,48405.434,112
2,48412.684,112
2,48420.571,112
2,48428.419,112
2,48435.595,115
2,48442.340,115
2,48448.878,115
2,48456.133,115
2,48462.625,115
2,48469.385,115
2,48475.811,115
2,48482.304,115
2,48489.387,115
2,48496.036,115
2,48502.858,115
2,48511.421,115
2,48518.876,115
2,48525.630,115
2,48532.245,115
2,48539.641,115
2,48546.342,115
2,48553.293,115
2,48560.056,115
2,48566.148,115
2,48572.739,115
2,48579.653,115
2,48587.403,115
2,48594.034,115
2,48601.151,117
2,48608.246,117
2,48614.910,117
2,48622.140,117
2,48628.727,117
2,48635.981,117
2,48642.899,117
2,48649.251,117
2,48654.934,117
2,48661.985,117
2,48671.927,117
2,48678.685,117
2,48685.970,117
2,48692.703,117
2,48699.165,117
2,48706.432,117
2,48713.612,117
2,48721.155,117
2,48727.788,117
2,48734.579,117
2,48741.811,117
2,48748.396,117
2,48755.685,117
2,48762.529,117
2,48769.963,119
2,48776.635,119
2,48783.278,119
2,48790.401,119
2,48797.054,119
2,48804.230,119
2,48810.168,119
2,48816.698,119
2,48823.676,119
2,48831.205,119
2,48838.579,119
2,48845.034,119
2,48852.296,119
2,48859.010,119
2,48865.605,119
2,48872.551,119
2,48879.157,119
2,48885.978,119
2,48892.942,119
2,48899.639,119
2,48906.941,119
2,48913.677,119
2,48920.849,119
2,48927.351,119
2,48934.028,121
2,48941.073,121
2,48947.488,121
2,48954.653,121
2,48960.088,121
2,48966.804,121
2,48973.723,121
2,48980.160,121
2,48987.356,121
2,48993.836,121
2,49000.440,121
2,49007.160,121
2,49013.572,121
2,49022.178,121
2,49031.122,121
2,49038.170,121
2,49044.696,121
2,49051.139,121
2,49058.103,121
2,49064.632,121
2,49072.012,121
2,49078.624,121
2,49085.479,121
2,49092.462,121
2,49098.929,123
2,49105.778,123
2,49112.938,123
2,49119.854,123
2,49126.411,123
2,49133.038,123
2,49140.039,123
2,49146.550,123
2,49153.395,123
2,49160.002,123
2,49166.964,123
2,49173.979,123
2,49180.452,123
2,49187.163,123
2,49193.676,123
2,49200.365,123
2,49207.303,123
2,49213.731,123
2,49221.053,123
2,49227.796,123
2,49234.635,123
2,49241.589,123
2,49248.051,123
2,49255.442,123
2,49262.225,123
2,49269.372,125
2,49275.905,125
2,49282.502,125
2,49289.390,125
2,49296.001,125
2,49302.771,125
2,49311.490,125
2,49318.251,125
2,49325.936,125
2,49331.383,125
2,49338.499,125
2,49344.932,125
2,49352.275,125
2,49359.062,125
2,49365.624,125
2,49372.742,125
2,49379.385,125
2,49386.203,125
2,49392.913,125
2,49399.199,125
2,49406.230,125
2,49413.012,125
2,49419.890,125
2,49426.742,125
2,49433.536,127
2,49440.380,127
2,49446.792,127
2,49453.729,127
2,49460.317,127
2,49466.910,127
2,49474.070,127
2,49480.370,127
2,49487.520,127
2,49494.202,127
2,49500.931,127
2,49508.072,127
2,49514.649,127
2,49522.171,127
2,49528.951,127
2,49535.766,127
2,49542.667,127
2,49549.227,127
2,49556.240,127
2,49562.928,127
2,49570.573,127
2,49577.356,127
2,49584.365,127
2,49591.121,127
2,49597.749,129
2,49605.316,129
2,49611.944,129
2,49619.343,129
2,49627.609,129
2,49636.924,129
2,49642.766,129
2,49649.122,129
2,49656.492,129
2,49663.426,129
2,49670.316,129
2,49676.893,129
2,49683.486,129
2,49690.509,129
2,49696.886,129
2,49703.943,129
2,49711.416,129
2,49718.027,129
2,49725.392,129
2,49731.997,129
2,49739.030,129
2,49745.634,129
2,49752.802,129
2,49759.850,129
2,49766.408,131
2,49773.369,131
2,49779.992,131
2,49786.812,131
2,49793.416,131
2,49800.005,131
2,49806.907,131
2,49813.543,131
2,49820.733,131
2,49827.132,131
2,49833.777,131
2,49840.722,131
2,49847.127,131
2,49854.321,131
2,49859.648,131
2,49866.317,131
2,49873.289,131
2,49879.966,131
2,49886.819,131
2,49893.344,131
2,49900.102,131
2,49907.183,131
2,49913.910,131
2,49920.873,131
2,49928.086,131
2,49935.400,133
2,49942.152,133
2,49948.704,133
2,49955.986,133
2,49962.660,133
2,49969.416,133
2,49976.148,133
2,49982.848,133
2,49992.028,133
2,49998.635,133
2,50005.646,133
2,50012.494,133
2,50019.327,133
2,50026.216,133
2,50032.854,133
2,50039.891,133
2,50046.281,133
2,50053.594,133
2,50060.292,133
2,50066.998,133
2,50073.488,133
2,50080.324,133
2,50086.237,133
2,50093.381,133
2,50100.046,135
2,50106.977,135
2,50113.826,135
2,50120.335,135
2,50125.671,135
2,50132.200,135
2,50139.534,135
2,50146.267,135
2,50153.206,135
2,50160.065,135
2,50166.983,135
2,50174.107,135
2,50181.644,135
2,50188.639,135
2,50197.689,135
2,50204.996,135
2,50211.835,135
2,50218.525,135
2,50225.604,135
2,50233.218,135
2,50240.427,135
2,50247.298,135
2,50254.227,135
2,50260.636,135
2,50267.230,137
2,50274.337,137
2,50281.149,137
2,50288.326,137
2,50295.085,137
2,50301.963,137
2,50311.973,137
2,50319.391,137
2,50326.199,137
2,50333.305,137
2,50340.440,137
2,50347.318,137
2,50354.759,137
2,50361.470,137
2,50371.743,137
2,50378.807,137
2,50385.671,137
2,50392.839,137
2,50399.298,137
2,50406.234,137
2,50412.928,137
2,50419.451,137
2,50426.725,137
2,50433.404,139
2,50440.470,139
2,50446.934,139
2,50454.247,139
2,50460.847,139
2,50467.590,139
2,50474.628,139
2,50480.945,139
2,50488.314,139
2,50494.995,139
2,50501.738,139
2,50511.983,139
2,50518.779,139
2,50525.936,139
2,50532.491,139
2,50540.248,139
2,50546.738,139
2,50554.269,139
2,50561.089,139
2,50566.950,139
2,50573.854,139
2,50580.217,139
2,50588.311,139
2,50594.952,139
2,50601.613,142
2,50608.888,142
2,50615.421,142
2,50623.161,142
2,50629.708,142
2,50636.742,142
2,50644.129,142
2,50651.292,142
2,50658.243,142
2,50664.795,142
2,50672.264,142
2,50678.741,142
2,50685.236,142
2,50692.373,142
2,50698.969,142
2,50706.669,142
2,50713.192,142
2,50720.071,142
2,50727.263,142
2,50733.997,142
2,50741.126,142
2,50747.850,142
2,50754.546,142
2,50761.451,142
2,50768.317,144
2,50775.526,144
2,50782.164,144
2,50789.280,144
2,50796.000,144
2,50801.448,144
2,50808.477,144
2,50814.903,144
2,50822.166,144
2,50831.241,144
2,50838.302,144
2,50845.473,144
2,50852.930,144
2,50859.673,144
2,50866.521,144
2,50873.468,144
2,50880.386,144
2,50887.624,144
2,50894.099,144
2,50900.973,144
2,50908.043,144
2,50914.653,144
2,50922.255,144
2,50928.948,144
2,50936.508,146
2,50943.093,146
2,50949.589,146
2,50956.945,146
2,50963.631,146
2,50972.358,146
2,50979.209,146
2,50987.046,146
2,50993.712,146
2,50999.225,146
2,51006.271,146
2,51013.087,146
2,51020.169,146
2,51026.840,146
2,51033.093,146
2,51040.268,146
2,51047.038,146
2,51054.169,146
2,51060.895,146
2,51067.961,146
2,51074.559,146
2,51081.111,146
2,51088.730,146
2,51095.466,146
2,51102.724,148
2,51112.491,148
2,51119.413,148
2,51126.314,148
2,51132.018,148
2,51139.326,148
2,51146.808,148
2,51153.915,148
2,51160.534,148
2,51167.314,148
2,51174.494,148
2,51181.308,148
2,51188.863,148
2,51195.630,148
2,51202.805,148
2,51211.481,148
2,51218.358,148
2,51225.927,148
2,51232.580,148
2,51239.629,148
2,51246.198,148
2,51253.597,148
2,51260.177,148
2,51266.991,150
2,51274.030,150
2,51280.390,150
2,51287.761,150
2,51294.161,150
2,51301.026,150
2,51308.278,150
2,51315.010,150
2,51322.077,150
2,51331.471,150
2,51338.082,150
2,51345.183,150
2,51352.362,150
2,51359.068,150
2,51365.629,150
2,51373.038,150
2,51379.056,150
2,51386.352,150
2,51393.441,150
2,51400.199,150
2,51407.256,150
2,51413.631,150
2,51420.800,150
2,51427.599,150
2,51436.369,152
2,51443.503,152
2,51450.111,152
2,51457.028,152
2,51463.777,152
2,51471.769,152
2,51478.321,152
2,51484.998,152
2,51492.185,152
2,51498.743,152
2,51506.199,152
2,51512.955,152
2,51520.088,152
2,51526.657,152
2,51533.505,152
2,51540.631,152
2,51547.095,152
2,51554.543,152
2,51561.363,152
2,51568.121,152
2,51575.227,152
2,51582.083,152
2,51589.179,152
2,51595.995,152
2,51602.928,154
2,51611.579,154
2,51618.054,154
2,51625.133,154
2,51632.323,154
2,51639.706,154
2,51646.476,154
2,51653.589,154
2,51660.258,154
2,51666.073,154
2,51673.299,154
2,51679.947,154
2,51686.707,154
2,51693.411,154
2,51700.181,154
2,51707.006,154
2,51713.585,154
2,51720.941,154
2,51727.300,154
2,51733.255,154
2,51740.283,154
2,51746.894,154
2,51754.976,154
2,51761.590,154
2,51771.441,156
2,51778.435,156
2,51785.424,156
2,51792.230,156
2,51799.113,156
2,51805.960,156
2,51812.540,156
2,51819.369,156
2,51826.020,156
2,51832.541,156
2,51839.841,156
2,51846.467,156
2,51853.264,156
2,51859.742,156
2,51866.503,156
2,51873.458,156
2,51880.175,156
2,51887.582,156
2,51894.148,156
2,51901.123,156
2,51908.337,156
2,51914.920,156
2,51922.353,156
2,51931.013,156
2,51938.044,158
2,51944.682,158
2,51951.318,158
2,51958.791,158
2,51965.486,158
2,51972.418,158
2,51979.110,158
2,51986.416,158
2,51993.376,158
2,52000.004,158
2,52006.911,158
2,52013.700,158
2,52021.036,158
2,52026.422,158
2,52032.658,158
2,52039.750,158
2,52046.396,158
2,52053.143,158
2,52060.319,158
2,52067.043,158
2,52074.007,158
2,52080.364,158
2,52087.611,158
2,52094.135,158
2,52099.950,160
2,52106.912,160
2,52113.357,160
2,52120.840,160
2,52127.229,160
2,52133.804,160
2,52140.567,160
2,52146.957,160
2,52153.876,160
2,52160.386,160
2,52167.747,160
2,52174.747,160
2,52181.302,160
2,52188.516,160
2,52195.128,160
2,52202.490,160
2,52211.493,160
2,52218.134,160
2,52225.583,160
2,52232.209,160
2,52239.136,160
2,52245.812,160
2,52252.708,160
2,52259.294,160
2,52265.886,162
2,52272.947,162
2,52279.415,162
2,52286.082,162
2,52292.797,162
2,52299.332,162
2,52306.271,162
2,52312.776,162
2,52319.437,162
2,52326.236,162
2,52333.020,162
2,52339.967,162
2,52346.864,162
2,52353.692,162
2,52360.387,162
2,52367.831,162
2,52374.931,162
2,52381.423,162
2,52388.668,162
2,52395.314,162
2,52402.387,162
2,52411.068,162
2,52418.019,162
2,52425.302,162
2,52431.868,164
2,52438.769,164
2,52445.614,164
2,52452.286,164
2,52459.208,164
2,52465.675,164
2,52472.587,164
2,52479.121,164
2,52485.637,164
2,52492.778,164
2,52499.422,164
2,52506.788,164
2,52513.425,164
2,52520.086,164
2,52526.946,164
2,52533.454,164
2,52540.759,164
2,52547.254,164
2,52554.694,164
2,52561.520,164
2,52570.344,164
2,52576.152,164
2,52582.762,164
2,52589.827,164
2,52596.744,164
2,52604.452,166
2,52611.814,166
2,52619.039,166
2,52626.913,166
2,52633.899,166
2,52641.287,166
2,52647.795,166
2,52655.330,166
2,52662.575,166
2,52671.696,166
2,52678.796,166
2,52685.566,166
2,52692.463,166
2,52698.827,166
2,52706.111,166
2,52711.717,166
2,52717.160,166
2,52723.876,166
2,52730.437,166
2,52737.221,166
2,52744.247,166
2,52751.103,166
2,52758.401,166
2,52765.004,169
2,52772.317,169
2,52779.047,169
2,52785.581,169
2,52792.656,169
2,52799.137,169
2,52806.050,169
2,52812.963,169
2,52819.544,169
2,52826.580,169
2,52833.100,169
2,52840.026,169
2,52846.942,169
2,52854.429,169
2,52861.230,169
2,52871.658,169
2,52878.226,169
2,52885.037,169
2,52892.047,169
2,52898.639,169
2,52905.932,169
2,52912.622,169
2,52919.375,169
2,52926.002,169
2,52932.630,171
2,52939.628,171
2,52946.343,171
2,52953.423,171
2,52960.041,171
2,52966.655,171
2,52974.501,171
2,52981.082,171
2,52988.436,171
2,52994.979,171
2,53001.648,171
2,53011.892,171
2,53019.411,171
2,53026.033,171
2,53032.664,171
2,53039.613,171
2,53046.287,171
2,53053.322,171
2,53060.107,171
2,53066.753,171
2,53073.591,171
2,53080.009,171
2,53087.132,171
2,53092.454,171
2,53099.024,173
2,53106.142,173
2,53112.824,173
2,53119.998,173
2,53126.677,173
2,53133.404,173
2,53140.396,173
2,53146.946,173
2,53154.292,173
2,53160.808,173
2,53167.738,173
2,53175.653,173
2,53183.986,173
2,53190.810,173
2,53197.133,173
2,53204.285,173
2,53211.000,173
2,53217.690,173
2,53224.699,173
2,53231.590,173
2,53238.819,173
2,53245.758,173
2,53252.541,173
2,53259.347,173
2,53265.886,175
2,53272.854,175
2,53280.193,175
2,53287.109,175
2,53293.621,175
2,53300.196,175
2,53307.016,175
2,53313.599,175
2,53320.907,175
2,53327.561,175
2,53334.312,175
2,53341.507,175
2,53348.170,175
2,53355.287,175
2,53361.918,175
2,53372.000,175
2,53378.889,175
2,53385.959,175
2,53392.734,175
2,53399.262,175
2,53406.410,175
2,53413.190,175
2,53419.950,175
2,53426.788,175
2,53433.501,177
2,53440.513,177
2,53447.031,177
2,53453.870,177
2,53459.054,177
2,53465.597,177
2,53472.675,177
2,53479.117,177
2,53485.964,177
2,53492.684,177
2,53499.092,177
2,53506.577,177
2,53513.403,177
2,53520.301,177
2,53526.796,177
2,53532.132,177
2,53540.052,177
2,53546.842,177
2,53553.689,177
2,53560.287,177
2,53567.027,177
2,53574.375,177
2,53581.961,177
2,53589.032,177
2,53595.760,177
2,53602.496,179
2,53611.607,179
2,53618.556,179
2,53625.541,179
2,53632.160,179
2,53639.641,179
2,53646.462,179
2,53653.560,179
2,53660.198,179
2,53666.936,179
2,53673.828,179
2,53680.236,179
2,53687.593,179
2,53694.260,179
2,53701.059,179
2,53708.057,179
2,53714.627,179
2,53722.244,179
2,53728.845,179
2,53736.336,179
2,53743.122,179
2,53749.739,179
2,53756.696,179
2,53763.203,179
2,53770.579,180
2,53777.127,180
2,53783.745,180
2,53791.595,180
2,53798.037,180
2,53805.494,180
2,53810.776,180
2,53817.079,180
2,53824.067,180
2,53830.381,180
2,53837.652,180
2,53844.360,180
2,53851.076,180
2,53858.078,180
2,53864.500,180
2,53871.785,180
2,53878.072,180
2,53885.639,180
2,53892.463,180
2,53899.050,180
2,53905.764,180
2,53912.942,180
2,53919.677,180
2,53926.434,180
3,53933.034,0
3,53940.512,0
3,53946.901,0
3,53954.173,0
3,53960.571,0
3,53967.099,0
3,53974.317,0
3,53981.168,0
3,53988.606,0
3,53995.128,0
3,54001.729,0
3,54009.216,0
3,54015.766,0
3,54023.161,0
3,54031.025,0
3,54038.201,0
3,54044.868,0
3,54051.537,0
3,54058.643,0
3,54065.293,0
3,54072.691,0
3,54079.266,0
3,54086.117,0
3,54093.294,0
3,54100.211,0
3,54107.960,0
3,54114.555,0
3,54122.093,0
3,54130.993,0
3,54138.501,0
3,54145.310,0
3,54152.074,0
3,54159.100,0
3,54165.912,0
3,54173.448,0
3,54181.416,0
3,54189.476,0
3,54195.842,0
3,54202.418,0
3,54211.816,0
3,54218.515,0
3,54225.706,0
3,54232.267,0
3,54239.562,0
3,54246.299,0
3,54252.926,0
3,54260.214,0
3,54266.954,0
3,54274.414,0
3,54280.946,0
3,54288.652,0
3,54295.282,0
3,54302.215,0
3,54311.784,0
3,54318.593,0
3,54325.722,0
3,54331.406,0
3,54338.658,0
3,54345.294,0
3,54352.151,0
3,54359.226,0
3,54365.788,0
3,54373.040,0
3,54379.681,0
3,54386.881,0
3,54393.581,0
3,54399.256,0
3,54406.436,0
3,54413.062,0
3,54420.621,0
3,54427.163,0
3,54433.972,2
3,54441.062,2
3,54447.566,2
3,54454.874,2
3,54461.542,2
3,54471.503,2
3,54478.576,2
3,54485.715,2
3,54493.429,2
3,54500.149,2
3,54507.286,2
3,54514.024,2
3,54521.071,2
3,54526.597,2
3,54533.268,2
3,54540.353,2
3,54546.878,2
3,54553.733,2
3,54560.252,2
3,54566.912,2
3,54573.923,2
3,54580.328,2
3,54587.398,2
3,54593.857,2
3,54600.604,4
3,54607.565,4
3,54614.161,4
3,54621.380,4
3,54628.699,4
3,54635.615,4
3,54641.899,4
3,54648.269,4
3,54654.688,4
3,54661.357,4
3,54668.194,4
3,54675.369,4
3,54681.982,4
3,54689.100,4
3,54695.774,4
3,54702.364,4
3,54711.268,4
3,54718.132,4
3,54725.455,4
3,54732.081,4
3,54739.544,4
3,54745.101,4
3,54751.762,4
3,54758.616,4
3,54765.214,6
3,54773.095,6
3,54780.086,6
3,54787.251,6
3,54793.582,6
3,54800.268,6
3,54807.162,6
3,54813.721,6
3,54821.020,6
3,54827.770,6
3,54833.567,6
3,54840.585,6
3,54847.702,6
3,54853.481,6
3,54859.999,6
3,54866.766,6
3,54873.585,6
3,54880.306,6
3,54887.905,6
3,54894.757,6
3,54901.771,6
3,54908.994,6
3,54914.889,6
3,54922.461,6
3,54928.964,6
3,54935.580,9
3,54942.882,9
3,54949.357,9
3,54956.817,9
3,54963.867,9
3,54971.475,9
3,54978.263,9
3,54985.029,9
3,54992.023,9
3,54998.558,9
3,55006.039,9
3,55012.779,9
3,55019.497,9
3,55026.738,9
3,55033.379,9
3,55040.574,9
3,55046.979,9
3,55054.233,9
3,55059.674,9
3,55066.314,9
3,55073.294,9
3,55080.138,9
3,55086.819,9
3,55093.592,9
3,55101.005,11
3,55108.104,11
3,55114.463,11
3,55122.278,11
3,55128.821,11
3,55135.580,11
3,55142.627,11
3,55148.978,11
3,55156.617,11
3,55163.530,11
3,55170.243,11
3,55176.720,11
3,55183.453,11
3,55190.597,11
3,55196.850,11
3,55203.982,11
3,55211.336,11
3,55217.859,11
3,55224.847,11
3,55231.258,11
3,55238.158,11
3,55245.449,11
3,55252.075,11
3,55259.226,11
3,55265.801,13
3,55272.975,13
3,55279.449,13
3,55286.103,13
3,55293.037,13
3,55299.591,13
3,55306.516,13
3,55313.275,13
3,55320.011,13
3,55326.840,13
3,55332.339,13
3,55339.588,13
3,55346.389,13
3,55352.951,13
3,55360.271,13
3,55366.980,13
3,55373.870,13
3,55380.377,13
3,55387.232,13
3,55392.675,13
3,55399.022,13
3,55406.724,13
3,55413.344,13
3,55420.746,13
3,55426.666,13
3,55433.312,15
3,55440.295,15
3,55446.829,15
3,55454.121,15
3,55460.527,15
3,55467.097,15
3,55474.203,15
3,55480.536,15
3,55487.669,15
3,55494.031,15
3,55500.903,15
3,55507.874,15
3,55514.322,15
3,55521.429,15
3,55527.979,15
3,55534.680,15
3,55541.739,15
3,55548.214,15
3,55555.547,15
3,55562.460,15
3,55571.433,15
3,55578.542,15
3,55585.361,15
3,55592.562,15
3,55598.989,17
3,55606.081,17
3,55612.790,17
3,55620.043,17
3,55626.505,17
3,55633.010,17
3,55640.033,17
3,55646.784,17
3,55653.707,17
3,55660.174,17
3,55666.810,17
3,55673.849,17
3,55680.202,17
3,55687.242,17
3,55693.778,17
3,55700.300,17
3,55707.911,17
3,55714.210,17
3,55721.731,17
3,55728.243,17
3,55735.123,17
3,55742.275,17
3,55748.961,17
3,55756.054,17
3,55761.987,17
3,55768.719,19
3,55776.016,19
3,55782.584,19
3,55789.696,19
3,55796.392,19
3,55803.307,19
3,55811.419,19
3,55818.020,19
3,55825.343,19
3,55831.879,19
3,55839.031,19
3,55845.884,19
3,55852.432,19
3,55858.140,19
3,55863.607,19
3,55871.843,19
3,55878.707,19
3,55885.907,19
3,55892.595,19
3,55898.907,19
3,55906.798,19
3,55913.530,19
3,55920.997,19
3,55926.300,19
3,55932.825,21
3,55939.745,21
3,55946.484,21
3,55953.445,21
3,55960.009,21
3,55966.665,21
3,55973.567,21
3,55980.156,21
3,55987.085,21
3,55993.762,21
3,56000.468,21
3,56007.474,21
3,56015.116,21
3,56022.244,21
3,56028.794,21
3,56035.353,21
3,56042.762,21
3,56049.291,21
3,56056.470,21
3,56062.019,21
3,56068.574,21
3,56075.897,21
3,56082.498,21
3,56089.407,21
3,56094.815,21
3,56101.560,23
3,56108.872,23
3,56115.534,23
3,56122.788,23
3,56129.310,23
3,56136.691,23
3,56143.607,23
3,56150.246,23
3,56157.274,23
3,56163.697,23
3,56171.729,23
3,56177.114,23
3,56183.523,23
3,56190.505,23
3,56196.958,23
3,56204.182,23
3,56211.306,23
3,56217.976,23
3,56225.184,23
3,56231.900,23
3,56238.973,23
3,56245.727,23
3,56252.950,23
3,56259.995,23
3,56266.606,25
3,56273.458,25
3,56279.896,25
3,56287.031,25
3,56293.531,25
3,56300.245,25
3,56307.252,25
3,56313.594,25
3,56321.210,25
3,56326.569,25
3,56332.968,25
3,56340.211,25
3,56346.901,25
3,56354.581,25
3,56361.303,25
3,56371.605,25
3,56378.724,25
3,56385.512,25
3,56392.664,25
3,56399.107,25
3,56406.497,25
3,56413.260,25
3,56419.730,25
3,56426.860,25
3,56433.531,27
3,56440.730,27
3,56447.353,27
3,56454.588,27
3,56461.267,27
3,56468.147,27
3,56475.247,27
3,56481.761,27
3,56488.830,27
3,56495.687,27
3,56502.211,27
3,56511.819,27
3,56518.754,27
3,56526.064,27
3,56532.636,27
3,56539.651,27
3,56546.456,27
3,56553.025,27
3,56560.173,27
3,56566.891,27
3,56573.622,27
3,56580.399,27
3,56588.690,27
3,56595.531,27
3,56602.165,29
3,56611.871,29
3,56618.822,29
3,56626.895,29
3,56633.572,29
3,56640.578,29
3,56646.988,29
3,56653.682,29
3,56660.590,29
3,56667.372,29
3,56674.447,29
3,56680.771,29
3,56688.517,29
3,56695.237,29
3,56702.058,29
3,56711.637,29
3,56718.255,29
3,56725.484,29
3,56731.971,29
3,56739.859,29
3,56746.636,29
3,56753.497,29
3,56760.228,29
3,56767.009,31
3,56773.939,31
3,56780.206,31
3,56787.644,31
3,56794.416,31
3,56801.349,31
3,56808.346,31
3,56814.918,31
3,56822.300,31
3,56828.821,31
3,56836.157,31
3,56843.023,31
3,56849.662,31
3,56856.570,31
3,56862.993,31
3,56869.490,31
3,56876.407,31
3,56883.056,31
3,56890.096,31
3,56896.585,31
3,56903.633,31
3,56910.292,31
3,56916.863,31
3,56923.972,31
3,56931.726,33
3,56938.784,33
3,56945.484,33
3,56952.173,33
3,56959.240,33
3,56965.765,33
3,56973.178,33
3,56979.960,33
3,56986.664,33
3,56993.753,33
3,57000.393,33
3,57007.481,33
3,57014.027,33
3,57021.839,33
3,57028.536,33
3,57035.299,33
3,57042.651,33
3,57049.134,33
3,57056.616,33
3,57063.475,33
3,57069.890,33
3,57076.679,33
3,57083.368,33
3,57090.275,33
3,57096.871,36
3,57104.068,36
3,57112.856,36
3,57120.205,36
3,57126.883,36
3,57133.561,36
3,57140.604,36
3,57147.149,36
3,57154.271,36
3,57159.898,36
3,57166.574,36
3,57173.607,36
3,57180.017,36
3,57187.497,36
3,57194.071,36
3,57201.202,36
3,57208.211,36
3,57214.613,36
3,57222.101,36
3,57228.545,36
3,57235.980,36
3,57243.181,36
3,57249.687,36
3,57256.791,36
3,57263.660,36
3,57270.851,38
3,57276.444,38
3,57283.028,38
3,57291.736,38
3,57298.475,38
3,57305.759,38
3,57312.478,38
3,57319.010,38
3,57326.178,38
3,57332.837,38
3,57339.997,38
3,57346.679,38
3,57353.665,38
3,57359.094,38
3,57365.492,38
3,57372.805,38
3,57379.632,38
3,57387.040,38
3,57393.635,38
3,57400.238,38
3,57407.216,38
3,57413.619,38
3,57421.467,38
3,57431.154,38
3,57438.115,40
3,57444.758,40
3,57451.357,40
3,57458.714,40
3,57465.419,40
3,57472.542,40
3,57479.215,40
3,57486.603,40
3,57493.449,40
3,57500.179,40
3,57507.171,40
3,57513.581,40
3,57520.794,40
3,57527.509,40
3,57534.303,40
3,57542.053,40
3,57548.690,40
3,57555.999,40
3,57562.534,40
3,57569.033,40
3,57576.077,40
3,57582.556,40
3,57589.574,40
3,57595.172,40
3,57601.853,42
3,57609.038,42
3,57615.622,42
3,57622.767,42
3,57629.597,42
3,57636.559,42
3,57642.455,42
3,57648.946,42
3,57656.284,42
3,57663.037,42
3,57669.985,42
3,57676.689,42
3,57682.281,42
3,57689.665,42
3,57696.429,42
3,57703.306,42
3,57711.434,42
3,57717.149,42
3,57723.472,42
3,57731.079,42
3,57738.684,42
3,57745.660,42
3,57752.654,42
3,57763.831,42
3,57771.226,44
3,57779.221,44
3,57785.927,44
3,57793.122,44
3,57798.812,44
3,57806.079,44
3,57813.177,44
3,57820.295,44
3,57827.548,44
3,57835.399,44
3,57843.418,44
3,57850.605,44
3,57857.783,44
3,57864.492,44
3,57871.561,44
3,57879.200,44
3,57886.833,44
3,57894.590,44
3,57900.505,44
3,57907.637,44
3,57914.526,44
3,57922.265,44
3,57929.202,44
3,57935.724,46
3,57942.999,46
3,57948.717,46
3,57955.791,46
3,57962.273,46
3,57968.817,46
3,57975.629,46
3,57982.558,46
3,57988.855,46
3,57998.852,46
3,58006.111,46
3,58013.063,46
3,58020.228,46
3,58026.901,46
3,58032.283,46
3,58038.054,46
3,58043.705,46
3,58050.427,46
3,58057.602,46
3,58064.353,46
3,58072.119,46
3,58078.903,46
3,58085.651,46
3,58092.861,46
3,58099.624,48
3,58105.739,48
3,58112.503,48
3,58119.028,48
3,58126.394,48
3,58136.129,48
3,58145.433,48
3,58153.657,48
3,58161.520,48
3,58168.808,48
3,58176.367,48
3,58185.856,48
3,58193.586,48
3,58201.999,48
3,58208.503,48
3,58215.287,48
3,58223.243,48
3,58230.550,48
3,58237.846,48
3,58245.736,48
3,58253.446,48
3,58261.378,48
3,58268.685,50
3,58276.342,50
3,58283.494,50
3,58290.171,50
3,58296.222,50
3,58302.003,50
3,58308.450,50
3,58315.846,50
3,58322.649,50
3,58328.466,50
3,58335.493,50
3,58345.389,50
3,58352.465,50
3,58359.903,50
3,58366.760,50
3,58374.009,50
3,58380.590,50
3,58387.932,50
3,58394.673,50
3,58401.514,50
3,58408.908,50
3,58414.695,50
3,58422.408,50
3,58430.694,50
3,58437.961,52
3,58444.677,52
3,58451.544,52
3,58462.485,52
3,58469.705,52
3,58476.457,52
3,58482.873,52
3,58489.633,52
3,58496.718,52
3,58503.893,52
3,58510.596,52
3,58517.215,52
3,58524.408,52
3,58529.817,52
3,58537.038,52
3,58543.684,52
3,58550.410,52
3,58557.452,52
3,58563.975,52
3,58571.330,52
3,58577.851,52
3,58584.550,52
3,58591.770,52
3,58597.259,54
3,58605.289,54
3,58612.024,54
3,58617.590,54
3,58624.823,54
3,58631.376,54
3,58639.016,54
3,58645.629,54
3,58653.290,54
3,58660.331,54
3,58667.546,54
3,58674.822,54
3,58681.245,54
3,58688.667,54
3,58695.139,54
3,58701.936,54
3,58709.174,54
3,58715.849,54
3,58722.895,54
3,58729.712,54
3,58736.324,54
3,58743.331,54
3,58750.080,54
3,58757.204,54
3,58764.935,56
3,58772.102,56
3,58778.640,56
3,58784.895,56
3,58791.960,56
3,58798.954,56
3,58805.907,56
3,58812.531,56
3,58819.185,56
3,58825.970,56
3,58832.626,56
3,58839.970,56
3,58845.901,56
3,58852.505,56
3,58859.391,56
3,58865.907,56
3,58872.923,56
3,58879.945,56
3,58886.832,56
3,58893.490,56
3,58900.131,56
3,58907.152,56
3,58913.678,56
3,58921.089,56
3,58927.894,56
3,58933.618,58
3,58940.879,58
3,58946.184,58
3,58953.396,58
3,58959.952,58
3,58966.683,58
3,58973.627,58
3,58980.491,58
3,58987.984,58
3,58994.799,58
3,59001.599,58
3,59008.683,58
3,59015.889,58
3,59023.000,58
3,59031.032,58
3,59038.099,58
3,59044.776,58
3,59051.528,58
3,59058.594,58
3,59065.889,58
3,59073.088,58
3,59078.652,58
3,59085.501,58
3,59092.669,58
3,59099.261,60
3,59106.556,60
3,59113.284,60
3,59120.011,60
3,59127.016,60
3,59133.640,60
3,59140.899,60
3,59147.356,60
3,59154.837,60
3,59161.586,60
3,59168.954,60
3,59176.091,60
3,59182.765,60
3,59189.708,60
3,59196.278,60
3,59203.546,60
3,59210.195,60
3,59216.879,60
3,59223.888,60
3,59230.371,60
3,59237.678,60
3,59244.340,60
3,59250.940,60
3,59258.000,60
3,59264.488,63
3,59271.901,63
3,59278.744,63
3,59286.539,63
3,59293.483,63
3,59300.170,63
3,59307.079,63
3,59313.353,63
3,59320.437,63
3,59327.092,63
3,59333.584,63
3,59340.434,63
3,59346.809,63
3,59353.943,63
3,59360.478,63
3,59368.573,63
3,59375.653,63
3,59382.177,63
3,59389.009,63
3,59395.540,63
3,59402.131,63
3,59409.280,63
3,59415.967,63
3,59422.991,63
3,59428.432,63
3,59434.944,65
3,59442.548,65
3,59448.195,65
3,59455.508,65
3,59462.132,65
3,59468.771,65
3,59475.889,65
3,59482.206,65
3,59489.157,65
3,59495.848,65
3,59502.483,65
3,59509.566,65
3,59515.980,65
3,59522.894,65
3,59529.811,65
3,59536.802,65
3,59543.401,65
3,59548.994,65
3,59556.289,65
3,59562.139,65
3,59569.024,65
3,59576.278,65
3,59582.908,65
3,59590.051,65
3,59597.107,65
3,59603.941,67
3,59610.384,67
3,59617.115,67
3,59623.673,67
3,59630.388,67
3,59637.898,67
3,59644.871,67
3,59651.740,67
3,59658.829,67
3,59665.508,67
3,59673.254,67
3,59679.895,67
3,59687.192,67
3,59693.640,67
3,59700.214,67
3,59707.370,67
3,59713.885,67
3,59721.103,67
3,59727.704,67
3,59734.719,67
3,59741.970,67
3,59748.699,67
3,59756.088,67
3,59762.669,67
3,59769.674,69
3,59776.795,69
3,59783.512,69
3,59791.803,69
3,59798.428,69
3,59805.492,69
3,59812.244,69
3,59818.753,69
3,59824.588,69
3,59830.886,69
3,59838.835,69
3,59845.758,69
3,59852.272,69
3,59859.301,69
3,59865.804,69
3,59872.787,69
3,59879.476,69
3,59886.739,69
3,59893.527,69
3,59900.102,69
3,59907.127,69
3,59913.527,69
3,59920.709,69
3,59927.049,69
3,59933.587,71
3,59940.529,71
3,59947.014,71
3,59954.177,71
3,59960.655,71
3,59970.723,71
3,59978.527,71
3,59985.746,71
3,59993.064,71
3,59999.787,71
3,60006.688,71
3,60013.406,71
3,60020.193,71
3,60026.763,71
3,60033.376,71
3,60040.266,71
3,60046.267,71
3,60054.131,71
3,60060.701,71
3,60071.408,71
3,60078.439,71
3,60085.189,71
3,60092.054,71
3,60097.719,73
3,60105.230,73
3,60112.060,73
3,60119.169,73
3,60125.735,73
3,60132.373,73
3,60139.304,73
3,60146.075,73
3,60153.387,73
3,60159.916,73
3,60166.449,73
3,60173.426,73
3,60180.191,73
3,60187.963,73
3,60195.434,73
3,60201.382,73
3,60208.578,73
3,60215.563,73
3,60222.699,73
3,60230.387,73
3,60237.242,73
3,60244.411,73
3,60251.446,73
3,60258.600,73
3,60265.213,75
3,60272.308,75
3,60279.832,75
3,60286.753,75
3,60293.473,75
3,60300.367,75
3,60307.635,75
3,60314.087,75
3,60321.276,75
3,60327.984,75
3,60334.798,75
3,60341.986,75
3,60348.681,75
3,60356.158,75
3,60361.998,75
3,60371.526,75
3,60378.906,75
3,60385.587,75
3,60392.619,75
3,60399.053,75
3,60406.563,75
3,60413.530,75
3,60421.345,75
3,60427.122,75
3,60433.678,77
3,60440.903,77
3,60447.820,77
3,60455.325,77
3,60462.418,77
3,60469.047,77
3,60476.472,77
3,60483.176,77
3,60490.967,77
3,60497.461,77
3,60504.756,77
3,60510.529,77
3,60516.930,77
3,60524.298,77
3,60530.922,77
3,60538.378,77
3,60545.040,77
3,60551.721,77
3,60558.942,77
3,60565.610,77
3,60573.227,77
3,60580.353,77
3,60587.362,77
3,60593.975,77
3,60600.680,79
3,60607.593,79
3,60614.181,79
3,60621.911,79
3,60628.846,79
3,60635.509,79
3,60642.555,79
3,60649.112,79
3,60656.007,79
3,60662.668,79
3,60669.693,79
3,60676.266,79
3,60682.927,79
3,60689.869,79
3,60696.570,79
3,60703.257,79
3,60709.756,79
3,60716.417,79
3,60723.583,79
3,60730.356,79
3,60737.355,79
3,60743.773,79
3,60750.297,79
3,60757.334,79
3,60762.900,81
3,60770.305,81
3,60776.887,81
3,60783.571,81
3,60790.469,81
3,60796.894,81
3,60803.787,81
3,60810.347,81
3,60816.309,81
3,60823.261,81
3,60829.045,81
3,60835.614,81
3,60842.653,81
3,60849.127,81
3,60856.220,81
3,60863.180,81
3,60869.916,81
3,60876.363,81
3,60883.826,81
3,60890.996,81
3,60897.578,81
3,60904.754,81
3,60911.279,81
3,60917.863,81
3,60924.837,81
3,60931.313,83
3,60938.347,83
3,60944.964,83
3,60951.484,83
3,60958.564,83
3,60965.298,83
3,60972.178,83
3,60979.041,83
3,60986.215,83
3,60993.641,83
3,61000.136,83
3,61007.421,83
3,61013.805,83
3,61021.314,83
3,61027.925,83
3,61033.569,83
3,61040.317,83
3,61046.951,83
3,61054.462,83
3,61061.080,83
3,61067.985,83
3,61075.116,83
3,61081.437,83
3,61088.583,83
3,61094.854,83
3,61101.404,85
3,61108.464,85
3,61113.679,85
3,61120.900,85
3,61127.467,85
3,61134.413,85
3,61142.096,85
3,61149.374,85
3,61156.992,85
3,61164.041,85
3,61171.690,85
3,61178.614,85
3,61186.211,85
3,61193.424,85
3,61199.847,85
3,61207.226,85
3,61214.008,85
3,61221.901,85
3,61228.703,85
3,61235.574,85
3,61242.651,85
3,61249.108,85
3,61256.001,85
3,61262.449,85
3,61269.624,87
3,61276.363,87
3,61283.012,87
3,61290.048,87
3,61296.722,87
3,61303.456,87
3,61309.888,87
3,61316.684,87
3,61323.401,87
3,61329.982,87
3,61336.620,87
3,61342.894,87
3,61349.427,87
3,61356.363,87
3,61361.864,87
3,61368.767,87
3,61375.982,87
3,61382.390,87
3,61389.366,87
3,61395.942,87
3,61402.452,87
3,61409.790,87
3,61415.109,87
3,61422.449,87
3,61429.125,87
3,61435.874,90
3,61442.898,90
3,61449.376,90
3,61456.315,90
3,61462.917,90
3,61469.499,90
3,61476.202,90
3,61482.979,90
3,61490.826,90
3,61497.400,90
3,61504.576,90
3,61511.093,90
3,61517.793,90
3,61524.598,90
3,61530.966,90
3,61538.177,90
3,61544.740,90
3,61551.483,90
3,61558.493,90
3,61565.301,90
3,61572.225,90
3,61578.849,90
3,61585.784,90
3,61592.641,90
3,61599.507,92
3,61606.728,92
3,61613.443,92
3,61620.611,92
3,61627.132,92
3,61633.808,92
3,61640.908,92
3,61647.295,92
3,61654.100,92
3,61660.952,92
3,61667.691,92
3,61674.606,92
3,61681.177,92
3,61688.483,92
3,61695.370,92
3,61702.250,92
3,61709.265,92
3,61714.765,92
3,61721.520,92
3,61727.938,92
3,61734.446,92
3,61741.519,92
3,61747.959,92
3,61759.498,92
3,61765.983,94
3,61772.787,94
3,61779.336,94
3,61784.590,94
3,61792.134,94
3,61798.655,94
3,61806.272,94
3,61813.587,94
3,61820.115,94
3,61826.687,94
3,61833.376,94
3,61840.116,94
3,61847.273,94
3,61854.600,94
3,61861.133,94
3,61867.867,94
3,61874.935,94
3,61881.427,94
3,61888.573,94
3,61894.167,94
3,61899.433,94
3,61906.612,94
3,61913.314,94
3,61920.288,94
3,61925.820,94
3,61932.325,96
3,61939.183,96
3,61945.823,96
3,61952.339,96
3,61959.171,96
3,61965.806,96
3,61972.505,96
3,61979.186,96
3,61985.848,96
3,61992.879,96
3,61999.302,96
3,62006.745,96
3,62012.924,96
3,62019.445,96
3,62026.566,96
3,62033.169,96
3,62040.112,96
3,62046.675,96
3,62054.072,96
3,62060.785,96
3,62067.727,96
3,62074.912,96
3,62081.397,96
3,62088.550,96
3,62096.071,96
3,62103.487,98
3,62110.187,98
3,62116.850,98
3,62123.918,98
3,62130.489,98
3,62137.889,98
3,62144.670,98
3,62151.640,98
3,62159.064,98
3,62164.971,98
3,62172.357,98
3,62179.742,98
3,62187.165,98
3,62194.291,98
3,62201.772,98
3,62208.824,98
3,62216.118,98
3,62223.263,98
3,62230.456,98
3,62237.569,98
3,62244.773,98
3,62250.441,98
3,62257.146,98
3,62262.931,98
3,62269.416,100
3,62277.040,100
3,62283.577,100
3,62290.376,100
3,62296.748,100
3,62303.490,100
3,62310.491,100
3,62317.101,100
3,62324.209,100
3,62330.801,100
3,62338.354,100
3,62345.057,100
3,62351.886,100
3,62358.819,100
3,62365.234,100
3,62372.679,100
3,62379.378,100
3,62385.845,100
3,62392.645,100
3,62400.098,100
3,62407.025,100
3,62413.763,100
3,62420.661,100
3,62427.527,100
3,62434.020,102
3,62441.261,102
3,62447.688,102
3,62459.908,102
3,62466.729,102
3,62473.545,102
3,62480.807,102
3,62488.177,102
3,62493.518,102
3,62500.087,102
3,62507.019,102
3,62513.541,102
3,62520.039,102
3,62526.877,102
3,62533.490,102
3,62540.338,102
3,62546.977,102
3,62554.067,102
3,62560.481,102
3,62566.814,102
3,62573.825,102
3,62580.339,102
3,62587.674,102
3,62594.125,102
3,62600.783,104
3,62607.821,104
3,62613.458,104
3,62620.765,104
3,62629.086,104
3,62636.499,104
3,62645.534,104
3,62652.261,104
3,62659.192,104
3,62666.870,104
3,62673.798,104
3,62680.173,104
3,62687.440,104
3,62694.031,104
3,62701.150,104
3,62707.567,104
3,62714.020,104
3,62721.309,104
3,62727.720,104
3,62734.305,104
3,62741.337,104
3,62748.131,104
3,62755.080,104
3,62761.760,104
3,62768.403,106
3,62775.730,106
3,62782.123,106
3,62789.280,106
3,62795.810,106
3,62803.207,106
3,62809.584,106
3,62816.091,106
3,62822.922,106
3,62829.597,106
3,62836.445,106
3,62843.193,106
3,62850.072,106
3,62857.132,106
3,62863.643,106
3,62870.938,106
3,62877.423,106
3,62884.269,106
3,62891.480,106
3,62896.881,106
3,62904.055,106
3,62910.710,106
3,62916.459,106
3,62923.516,106
3,62930.106,108
3,62937.229,108
3,62943.688,108
3,62950.208,108
3,62957.037,108
3,62963.825,108
3,62970.626,108
3,62977.191,108
3,62984.026,108
3,62991.088,108
3,62997.642,108
3,63005.425,108
3,63012.165,108
3,63018.884,108
3,63026.094,108
3,63032.826,108
3,63039.873,108
3,63046.663,108
3,63053.523,108
3,63059.934,108
3,63066.419,108
3,63073.337,108
3,63079.922,108
3,63086.524,108
3,63093.403,108
3,63100.006,110
3,63106.862,110
3,63113.398,110
3,63120.620,110
3,63126.916,110
3,63133.396,110
3,63140.381,110
3,63146.879,110
3,63154.157,110
3,63160.555,110
3,63167.259,110
3,63174.649,110
3,63181.220,110
3,63188.385,110
3,63194.842,110
3,63200.211,110
3,63207.319,110
3,63213.784,110
3,63221.211,110
3,63227.666,110
3,63234.159,110
3,63241.141,110
3,63248.175,110
3,63255.068,110
3,63261.407,110
3,63268.155,112
3,63275.245,112
3,63281.955,112
3,63288.811,112
3,63295.219,112
3,63302.023,112
3,63309.828,112
3,63316.476,112
3,63323.424,112
3,63330.165,112
3,63337.024,112
3,63343.163,112
3,63349.635,112
3,63356.953,112
3,63363.279,112
3,63370.366,112
3,63376.901,112
3,63383.422,112
3,63390.476,112
3,63396.909,112
3,63404.089,112
3,63410.420,112
3,63416.948,112
3,63424.404,112
3,63432.809,115
3,63439.846,115
3,63446.767,115
3,63453.652,115
3,63460.132,115
3,63466.815,115
3,63473.838,115
3,63480.275,115
3,63487.132,115
3,63493.593,115
3,63500.053,115
3,63506.968,115
3,63513.406,115
3,63520.915,115
3,63527.427,115
3,63533.892,115
3,63540.840,115
3,63547.267,115
3,63554.329,115
3,63560.774,115
3,63567.428,115
3,63574.436,115
3,63579.865,115
3,63586.786,115
3,63593.436,115
3,63600.049,117
3,63607.009,117
3,63613.585,117
3,63620.677,117
3,63627.201,117
3,63633.862,117
3,63640.827,117
3,63647.339,117
3,63654.454,117
3,63661.028,117
3,63667.606,117
3,63674.578,117
3,63681.262,117
3,63688.313,117
3,63694.910,117
3,63701.675,117
3,63708.577,117
3,63715.095,117
3,63722.043,117
3,63728.498,117
3,63735.079,117
3,63742.167,117
3,63748.647,117
3,63755.605,117
3,63761.264,117
3,63767.863,119
3,63774.855,119
3,63781.393,119
3,63788.986,119
3,63795.832,119
3,63803.090,119
3,63809.803,119
3,63816.444,119
3,63823.334,119
3,63830.070,119
3,63836.948,119
3,63843.448,119
3,63850.300,119
3,63857.313,119
3,63863.759,119
3,63870.961,119
3,63877.521,119
3,63884.204,119
3,63891.512,119
3,63898.069,119
3,63905.436,119
3,63912.050,119
3,63919.625,119
3,63925.583,119
3,63932.182,121
3,63939.368,121
3,63946.026,121
3,63952.413,121
3,63958.210,121
3,63964.555,121
3,63971.007,121
3,63976.712,121
3,63982.089,121
3,63989.200,121
3,63999.322,121
3,64006.590,121
3,64012.547,121
3,64019.146,121
3,64026.230,121
3,64032.866,121
3,64039.755,121
3,64046.386,121
3,64053.170,121
3,64060.409,121
3,64067.093,121
3,64074.193,121
3,64080.597,121
3,64087.892,121
3,64094.533,121
3,64101.263,123
3,64108.438,123
3,64114.261,123
3,64121.400,123
3,64127.936,123
3,64134.574,123
3,64141.751,123
3,64148.266,123
3,64155.686,123
3,64162.462,123
3,64170.406,123
3,64178.903,123
3,64188.246,123
3,64194.356,123
3,64200.397,123
3,64207.948,123
3,64213.625,123
3,64221.601,123
3,64229.227,123
3,64235.218,123
3,64242.667,123
3,64250.041,123
3,64257.794,123
3,64263.646,125
3,64271.114,125
3,64278.619,125
3,64285.882,125
3,64292.761,125
3,64299.866,125
3,64307.190,125
3,64313.721,125
3,64320.993,125
3,64327.587,125
3,64334.411,125
3,64341.536,125
3,64347.833,125
3,64359.850,125
3,64366.615,125
3,64373.769,125
3,64380.468,125
3,64387.698,125
3,64394.352,125
3,64401.202,125
3,64408.326,125
3,64415.102,125
3,64422.954,125
3,64429.724,125
3,64437.216,127
3,64443.967,127
3,64450.982,127
3,64458.095,127
3,64463.490,127
3,64469.241,127
3,64475.886,127
3,64482.579,127
3,64489.649,127
3,64496.442,127
3,64503.096,127
3,64508.938,127
3,64515.161,127
3,64522.961,127
3,64529.380,127
3,64536.928,127
3,64543.541,127
3,64549.022,127
3,64555.908,127
3,64562.470,127
3,64569.140,127
3,64576.346,127
3,64582.697,127
3,64589.834,127
3,64596.221,127
3,64602.842,129
3,64610.005,129
3,64616.868,129
3,64623.928,129
3,64630.509,129
3,64638.006,129
3,64644.596,129
3,64651.314,129
3,64658.381,129
3,64664.934,129
3,64672.493,129
3,64678.921,129
3,64685.469,129
3,64692.609,129
3,64699.269,129
3,64706.596,129
3,64713.527,129
3,64720.423,129
3,64726.964,129
3,64733.673,129
3,64740.437,129
3,64747.010,129
3,64753.522,129
3,64759.918,129
3,64766.567,131
3,64773.392,131
3,64780.127,131
3,64786.659,131
3,64792.941,131
3,64799.462,131
3,64805.990,131
3,64812.853,131
3,64819.688,131
3,64827.043,131
3,64832.628,131
3,64839.653,131
3,64846.158,131
3,64852.509,131
3,64859.484,131
3,64866.110,131
3,64873.200,131
3,64879.843,131
3,64886.683,131
3,64893.243,131
3,64899.817,131
3,64906.767,131
3,64913.533,131
3,64920.464,131
3,64926.904,131
3,64933.382,133
3,64940.292,133
3,64946.843,133
3,64953.673,133
3,64960.112,133
3,64966.640,133
3,64973.384,133
3,64980.045,133
3,64986.738,133
3,64993.438,133
3,64999.997,133
3,65006.862,133
3,65013.674,133
3,65020.816,133
3,65027.334,133
3,65034.162,133
3,65041.186,133
3,65046.609,133
3,65053.720,133
3,65060.286,133
3,65066.887,133
3,65073.651,133
3,65080.021,133
3,65087.252,133
3,65093.704,133
3,65100.426,135
3,65107.550,135
3,65112.983,135
3,65120.154,135
3,65126.886,135
3,65134.268,135
3,65141.359,135
3,65147.983,135
3,65159.658,135
3,65166.507,135
3,65173.544,135
3,65180.442,135
3,65187.674,135
3,65194.209,135
3,65200.750,135
3,65207.724,135
3,65214.216,135
3,65221.325,135
3,65227.880,135
3,65234.422,135
3,65241.467,135
3,65248.204,135
3,65255.807,135
3,65262.442,135
3,65269.410,137
3,65276.306,137
3,65282.880,137
3,65289.992,137
3,65296.890,137
3,65303.738,137
3,65310.151,137
3,65316.898,137
3,65323.872,137
3,65330.206,137
3,65337.487,137
3,65343.908,137
3,65350.634,137
3,65357.717,137
3,65364.130,137
3,65371.457,137
3,65378.085,137
3,65384.661,137
3,65392.025,137
3,65397.622,137
3,65405.068,137
3,65411.730,137
3,65418.419,137
3,65426.161,137
3,65435.217,139
3,65442.947,139
3,65449.508,139
3,65456.701,139
3,65463.462,139
3,65470.255,139
3,65476.921,139
3,65483.702,139
3,65490.750,139
3,65497.198,139
3,65504.674,139
3,65511.398,139
3,65517.973,139
3,65525.023,139
3,65531.501,139
3,65538.768,139
3,65545.496,139
3,65551.965,139
3,65559.044,139
3,65565.641,139
3,65572.914,139
3,65578.502,139
3,65585.263,139
3,65592.402,139
3,65598.951,142
3,65604.732,142
3,65611.295,142
3,65617.927,142
3,65625.985,142
3,65633.280,142
3,65640.211,142
3,65647.337,142
3,65652.966,142
3,65660.076,142
3,65666.681,142
3,65673.499,142
3,65680.020,142
3,65686.497,142
3,65693.395,142
3,65700.116,142
3,65707.175,142
3,65713.530,142
3,65720.314,142
3,65726.812,142
3,65733.268,142
3,65740.345,142
3,65747.891,142
3,65754.785,142
3,65760.324,142
3,65766.845,144
3,65773.835,144
3,65780.257,144
3,65787.771,144
3,65794.176,144
3,65800.769,144
3,65807.751,144
3,65814.093,144
3,65821.429,144
3,65827.776,144
3,65833.273,144
3,65840.014,144
3,65845.750,144
3,65852.194,144
3,65859.261,144
3,65865.754,144
3,65872.712,144
3,65879.362,144
3,65885.988,144
3,65893.160,144
3,65899.626,144
3,65906.388,144
3,65913.101,144
3,65919.713,144
3,65926.902,144
3,65933.442,146
3,65940.436,146
3,65946.742,146
3,65953.471,146
3,65960.290,146
3,65966.873,146
3,65973.922,146
3,65980.397,146
3,65987.269,146
3,65993.287,146
3,65999.620,146
3,66006.495,146
3,66013.244,146
3,66019.730,146
3,66026.834,146
3,66033.483,146
3,66040.676,146
3,66047.467,146
3,66054.633,146
3,66061.294,146
3,66067.836,146
3,66074.468,146
3,66080.938,146
3,66088.715,146
3,66095.149,146
3,66101.952,148
3,66109.177,148
3,66116.095,148
3,66123.288,148
3,66130.284,148
3,66137.357,148
3,66143.953,148
3,66150.812,148
3,66157.647,148
3,66163.294,148
3,66170.436,148
3,66177.367,148
3,66186.416,148
3,66193.401,148
3,66199.958,148
3,66206.889,148
3,66213.577,148
3,66220.420,148
3,66226.916,148
3,66233.396,148
3,66240.481,148
3,66246.911,148
3,66254.058,148
3,66260.461,148
3,66267.052,150
3,66274.057,150
3,66280.399,150
3,66287.465,150
3,66293.956,150
3,66300.614,150
3,66307.733,150
3,66313.317,150
3,66320.268,150
3,66326.745,150
3,66333.344,150
3,66340.250,150
3,66346.851,150
3,66354.128,150
3,66361.483,150
3,66368.126,150
3,66375.014,150
3,66381.406,150
3,66388.460,150
3,66395.246,150
3,66402.143,150
3,66409.005,150
3,66415.360,150
3,66422.018,150
3,66428.492,150
3,66435.702,152
3,66443.941,152
3,66450.537,152
3,66457.681,152
3,66464.221,152
3,66471.797,152
3,66478.288,152
3,66484.818,152
3,66491.935,152
3,66498.641,152
3,66506.364,152
3,66513.147,152
3,66519.734,152
3,66526.809,152
3,66533.582,152
3,66540.809,152
3,66547.462,152
3,66559.809,152
3,66566.254,152
3,66573.039,152
3,66579.613,152
3,66586.101,152
3,66593.758,152
3,66600.328,154
3,66607.529,154
3,66614.001,154
3,66621.787,154
3,66628.836,154
3,66635.520,154
3,66642.642,154
3,66649.290,154
3,66656.102,154
3,66662.092,154
3,66668.904,154
3,66675.945,154
3,66682.299,154
3,66689.249,154
3,66695.874,154
3,66702.341,154
3,66708.276,154
3,66714.917,154
3,66722.085,154
3,66728.773,154
3,66735.408,154
3,66742.685,154
3,66749.413,154
3,66759.826,154
3,66766.471,156
3,66773.224,156
3,66780.243,156
3,66787.131,156
3,66793.669,156
3,66799.574,156
3,66806.941,156
3,66813.609,156
3,66819.365,156
3,66826.506,156
3,66833.153,156
3,66840.123,156
3,66846.866,156
3,66853.750,156
3,66860.185,156
3,66866.729,156
3,66873.658,156
3,66880.212,156
3,66886.773,156
3,66894.065,156
3,66900.893,156
3,66908.046,156
3,66914.345,156
3,66922.095,156
3,66928.903,156
3,66935.471,158
3,66942.517,158
3,66949.070,158
3,66959.882,158
3,66967.358,158
3,66974.266,158
3,66980.738,158
3,66988.644,158
3,66995.288,158
3,67002.107,158
3,67008.896,158
3,67015.476,158
3,67022.265,158
3,67027.665,158
3,67034.010,158
3,67040.824,158
3,67047.360,158
3,67054.657,158
3,67061.300,158
3,67067.915,158
3,67075.074,158
3,67081.976,158
3,67089.069,158
3,67095.601,158
3,67101.957,160
3,67108.680,160
3,67115.246,160
3,67122.136,160
3,67128.765,160
3,67135.293,160
3,67142.158,160
3,67148.579,160
3,67156.397,160
3,67163.229,160
3,67169.784,160
3,67176.363,160
3,67182.196,160
3,67189.101,160
3,67195.717,160
3,67202.269,160
3,67209.427,160
3,67215.874,160
3,67222.647,160
3,67229.339,160
3,67235.748,160
3,67242.785,160
3,67249.311,160
3,67256.131,160
3,67261.532,160
3,67268.006,162
3,67274.825,162
3,67281.315,162
3,67288.721,162
3,67295.147,162
3,67301.776,162
3,67308.611,162
3,67315.002,162
3,67322.078,162
3,67328.432,162
3,67335.502,162
3,67342.384,162
3,67348.904,162
3,67356.247,162
3,67362.990,162
3,67369.692,162
3,67376.256,162
3,67382.553,162
3,67389.268,162
3,67395.805,162
3,67402.312,162
3,67409.359,162
3,67415.757,162
3,67422.685,162
3,67429.388,162
3,67436.419,164
3,67442.986,164
3,67449.642,164
3,67456.267,164
3,67462.945,164
3,67469.677,164
3,67476.217,164
3,67482.690,164
3,67489.542,164
3,67496.083,164
3,67502.895,164
3,67509.684,164
3,67516.218,164
3,67523.132,164
3,67529.787,164
3,67536.634,164
3,67543.173,164
3,67549.534,164
3,67556.304,164
3,67562.859,164
3,67570.409,164
3,67576.934,164
3,67583.074,164
3,67589.799,164
3,67596.346,164
3,67603.558,166
3,67610.172,166
3,67616.988,166
3,67624.157,166
3,67630.571,166
3,67637.800,166
3,67644.359,166
3,67651.025,166
3,67657.851,166
3,67664.372,166
3,67671.472,166
3,67677.877,166
3,67684.526,166
3,67691.056,166
3,67697.400,166
3,67704.440,166
3,67710.812,166
3,67717.407,166
3,67724.358,166
3,67729.484,166
3,67736.236,166
3,67743.342,166
3,67749.853,166
3,67756.901,166
3,67763.628,169
3,67771.009,169
3,67777.356,169
3,67784.161,169
3,67791.272,169
3,67797.576,169
3,67804.908,169
3,67811.437,169
3,67817.967,169
3,67824.245,169
3,67830.594,169
3,67837.730,169
3,67843.953,169
3,67850.720,169
3,67857.718,169
3,67863.852,169
3,67871.603,169
3,67878.108,169
3,67884.830,169
3,67891.944,169
3,67898.172,169
3,67905.491,169
3,67912.142,169
3,67919.237,169
3,67925.904,169
3,67932.418,171
3,67939.521,171
3,67946.166,171
3,67951.372,171
3,67958.088,171
3,67964.548,171
3,67971.861,171
3,67978.432,171
3,67985.149,171
3,67992.500,171
3,67998.974,171
3,68005.776,171
3,68012.602,171
3,68019.388,171
3,68026.270,171
3,68031.876,171
3,68038.737,171
3,68045.548,171
3,68052.571,171
3,68059.236,171
3,68065.685,171
3,68072.388,171
3,68078.938,171
3,68085.911,171
3,68092.512,171
3,68099.003,173
3,68105.774,173
3,68111.271,173
3,68117.886,173
3,68125.010,173
3,68131.405,173
3,68138.732,173
3,68145.264,173
3,68152.021,173
3,68158.970,173
3,68165.353,173
3,68173.222,173
3,68179.738,173
3,68186.788,173
3,68193.289,173
3,68199.613,173
3,68206.353,173
3,68213.021,173
3,68219.508,173
3,68226.164,173
3,68232.742,173
3,68239.926,173
3,68246.674,173
3,68253.517,173
3,68260.162,173
3,68267.049,175
3,68274.057,175
3,68281.160,175
3,68288.876,175
3,68294.408,175
3,68300.779,175
3,68307.737,175
3,68314.101,175
3,68321.373,175
3,68327.869,175
3,68334.356,175
3,68341.398,175
3,68347.773,175
3,68359.711,175
3,68366.337,175
3,68373.227,175
3,68378.733,175
3,68385.426,175
3,68392.611,175
3,68399.221,175
3,68406.498,175
3,68412.124,175
3,68418.827,175
3,68427.595,175
3,68435.142,177
3,68442.462,177
3,68449.000,177
3,68456.299,177
3,68462.972,177
3,68469.769,177
3,68477.024,177
3,68483.468,177
3,68490.311,177
3,68496.945,177
3,68503.797,177
3,68510.250,177
3,68517.098,177
3,68524.024,177
3,68530.440,177
3,68537.701,177
3,68544.272,177
3,68550.894,177
3,68557.931,177
3,68564.196,177
3,68571.470,177
3,68578.054,177
3,68584.712,177
3,68591.694,177
3,68598.348,179
3,68605.730,179
3,68612.539,179
3,68619.580,179
3,68626.450,179
3,68633.070,179
3,68640.001,179
3,68646.483,179
3,68653.593,179
3,68660.268,179
3,68666.923,179
3,68673.856,179
3,68680.326,179
3,68687.229,179
3,68694.039,179
3,68700.727,179
3,68707.661,179
3,68714.061,179
3,68721.513,179
3,68728.153,179
3,68734.825,179
3,68742.020,179
3,68748.816,179
3,68756.183,179
3,68762.717,179
3,68769.752,180
3,68776.437,180
3,68783.640,180
3,68790.643,180
3,68796.894,180
3,68803.961,180
3,68810.590,180
3,68817.452,180
3,68824.366,180
3,68830.745,180
3,68837.693,180
3,68843.898,180
3,68850.471,180
3,68857.444,180
3,68862.690,180
3,68869.338,180
3,68876.256,180
3,68882.666,180
3,68889.590,180
3,68895.987,180
3,68902.457,180
3,68909.549,180
3,68915.018,180
3,68922.203,180
3,68928.941,180
4,68935.511,0
4,68942.982,0
4,68949.501,0
4,68956.470,0
4,68963.159,0
4,68970.000,0
4,68976.914,0
4,68983.508,0
4,68990.343,0
4,68996.931,0
4,69004.275,0
4,69010.949,0
4,69017.759,0
4,69024.951,0
4,69031.460,0
4,69038.887,0
4,69045.652,0
4,69052.979,0
4,69059.654,0
4,69066.281,0
4,69073.184,0
4,69079.816,0
4,69087.856,0
4,69094.654,0
4,69101.514,0
4,69108.667,0
4,69115.306,0
4,69122.047,0
4,69128.924,0
4,69135.494,0
4,69142.630,0
4,69148.029,0
4,69155.053,0
4,69161.593,0
4,69168.487,0
4,69175.654,0
4,69182.244,0
4,69189.616,0
4,69197.278,0
4,69204.208,0
4,69209.542,0
4,69216.317,0
4,69223.376,0
4,69230.057,0
4,69237.286,0
4,69243.962,0
4,69250.767,0
4,69257.853,0
4,69263.209,0
4,69270.677,0
4,69277.368,0
4,69284.102,0
4,69291.088,0
4,69297.411,0
4,69304.659,0
4,69311.326,0
4,69317.977,0
4,69325.261,0
4,69332.238,0
4,69339.222,0
4,69345.953,0
4,69352.406,0
4,69359.500,0
4,69364.933,0
4,69372.339,0
4,69378.885,0
4,69386.022,0
4,69393.304,0
4,69400.021,0
4,69406.917,0
4,69413.542,0
4,69420.132,0
4,69426.963,0
4,69433.481,2
4,69440.379,2
4,69446.881,2
4,69452.590,2
4,69459.642,2
4,69466.098,2
4,69472.928,2
4,69479.543,2
4,69485.924,2
4,69492.993,2
4,69499.431,2
4,69506.471,2
4,69512.860,2
4,69519.296,2
4,69526.163,2
4,69532.617,2
4,69539.429,2
4,69546.073,2
4,69552.610,2
4,69559.583,2
4,69566.147,2
4,69573.033,2
4,69579.542,2
4,69586.097,2
4,69593.384,2
4,69600.121,4
4,69606.810,4
4,69613.422,4
4,69619.086,4
4,69626.324,4
4,69632.884,4
4,69639.803,4
4,69646.324,4
4,69652.778,4
4,69660.115,4
4,69666.858,4
4,69673.843,4
4,69680.111,4
4,69686.689,4
4,69693.506,4
4,69700.336,4
4,69707.335,4
4,69713.772,4
4,69720.824,4
4,69727.787,4
4,69734.422,4
4,69741.720,4
4,69748.363,4
4,69755.884,4
4,69762.482,4
4,69769.734,6
4,69776.298,6
4,69782.965,6
4,69789.952,6
4,69796.692,6
4,69803.505,6
4,69810.004,6
4,69816.558,6
4,69823.499,6
4,69830.415,6
4,69837.074,6
4,69843.872,6
4,69850.674,6
4,69857.698,6
4,69863.114,6
4,69869.709,6
4,69876.575,6
4,69883.144,6
4,69889.884,6
4,69896.458,6
4,69902.965,6
4,69909.845,6
4,69916.366,6
4,69923.254,6
4,69930.000,6
4,69937.125,9
4,69944.160,9
4,69950.779,9
4,69957.620,9
4,69964.036,9
4,69971.802,9
4,69978.499,9
4,69984.963,9
4,69992.022,9
4,69998.381,9
4,70006.174,9
4,70012.622,9
4,70019.013,9
4,70026.089,9
4,70032.563,9
4,70039.399,9
4,70046.032,9
4,70052.595,9
4,70059.648,9
4,70066.064,9
4,70073.248,9
4,70080.043,9
4,70086.547,9
4,70094.372,9
4,70101.249,11
4,70108.196,11
4,70114.769,11
4,70122.057,11
4,70128.471,11
4,70135.209,11
4,70142.227,11
4,70147.493,11
4,70159.695,11
4,70166.324,11
4,70173.262,11
4,70179.971,11
4,70186.533,11
4,70193.819,11
4,70200.415,11
4,70207.447,11
4,70214.004,11
4,70221.988,11
4,70228.057,11
4,70234.461,11
4,70241.222,11
4,70247.732,11
4,70259.622,11
4,70266.169,13
4,70273.058,13
4,70279.459,13
4,70286.356,13
4,70293.324,13
4,70299.875,13
4,70307.677,13
4,70313.084,13
4,70320.240,13
4,70325.766,13
4,70332.021,13
4,70338.940,13
4,70345.846,13
4,70352.458,13
4,70359.489,13
4,70366.025,13
4,70372.915,13
4,70379.365,13
4,70386.271,13
4,70393.014,13
4,70399.514,13
4,70406.844,13
4,70413.791,13
4,70421.230,13
4,70429.626,13
4,70436.565,15
4,70443.265,15
4,70450.026,15
4,70456.908,15
4,70463.642,15
4,70470.961,15
4,70477.394,15
4,70484.137,15
4,70491.234,15
4,70497.725,15
4,70504.990,15
4,70511.494,15
4,70517.842,15
4,70524.816,15
4,70531.251,15
4,70538.449,15
4,70544.926,15
4,70551.575,15
4,70558.513,15
4,70565.200,15
4,70572.202,15
4,70578.958,15
4,70586.000,15
4,70592.913,15
4,70599.425,17
4,70606.238,17
4,70613.905,17
4,70621.190,17
4,70627.881,17
4,70633.586,17
4,70640.532,17
4,70646.780,17
4,70654.003,17
4,70660.196,17
4,70666.766,17
4,70673.513,17
4,70680.117,17
4,70686.904,17
4,70693.890,17
4,70700.644,17
4,70707.486,17
4,70713.841,17
4,70720.796,17
4,70727.279,17
4,70733.807,17
4,70740.743,17
4,70746.874,17
4,70754.063,17
4,70760.398,17
4,70767.144,19
4,70774.079,19
4,70780.525,19
4,70787.634,19
4,70794.160,19
4,70800.904,19
4,70807.856,19
4,70814.117,19
4,70821.256,19
4,70827.687,19
4,70834.268,19
4,70841.439,19
4,70847.878,19
4,70854.977,19
4,70861.545,19
4,70868.200,19
4,70875.334,19
4,70881.810,19
4,70889.173,19
4,70895.666,19
4,70902.325,19
4,70909.420,19
4,70915.863,19
4,70922.786,19
4,70929.454,19
4,70936.399,21
4,70943.073,21
4,70949.801,21
4,70956.924,21
4,70963.829,21
4,70971.187,21
4,70976.438,21
4,70982.852,21
4,70989.715,21
4,70996.265,21
4,71002.924,21
4,71009.540,21
4,71016.119,21
4,71023.157,21
4,71030.066,21
4,71036.694,21
4,71043.163,21
4,71049.713,21
4,71056.897,21
4,71063.627,21
4,71071.057,21
4,71077.588,21
4,71084.327,21
4,71091.349,21
4,71097.830,23
4,71105.441,23
4,71112.425,23
4,71119.075,23
4,71126.209,23
4,71132.863,23
4,71139.822,23
4,71146.506,23
4,71152.981,23
4,71159.992,23
4,71166.634,23
4,71173.683,23
4,71180.252,23
4,71187.511,23
4,71194.007,23
4,71200.846,23
4,71207.881,23
4,71214.447,23
4,71222.251,23
4,71228.850,23
4,71235.321,23
4,71242.494,23
4,71248.965,23
4,71256.382,23
4,71262.080,23
4,71268.667,25
4,71275.778,25
4,71282.319,25
4,71289.414,25
4,71296.021,25
4,71302.893,25
4,71309.648,25
4,71316.113,25
4,71323.084,25
4,71329.759,25
4,71336.697,25
4,71342.969,25
4,71349.723,25
4,71356.561,25
4,71363.354,25
4,71370.039,25
4,71376.439,25
4,71382.895,25
4,71389.721,25
4,71396.295,25
4,71403.115,25
4,71409.748,25
4,71416.572,25
4,71423.667,25
4,71430.834,27
4,71437.910,27
4,71444.418,27
4,71451.216,27
4,71458.470,27
4,71465.291,27
4,71472.353,27
4,71479.425,27
4,71486.382,27
4,71493.194,27
4,71499.803,27
4,71506.853,27
4,71513.710,27
4,71520.995,27
4,71528.238,27
4,71535.002,27
4,71542.318,27
4,71549.122,27
4,71556.394,27
4,71563.316,27
4,71570.493,27
4,71577.112,27
4,71582.934,27
4,71590.025,27
4,71596.894,27
4,71603.561,29
4,71610.056,29
4,71616.654,29
4,71623.394,29
4,71630.280,29
4,71637.216,29
4,71642.672,29
4,71649.351,29
4,71656.594,29
4,71663.381,29
4,71670.049,29
4,71676.475,29
4,71683.074,29
4,71690.230,29
4,71697.432,29
4,71704.604,29
4,71711.072,29
4,71718.033,29
4,71725.012,29
4,71731.522,29
4,71738.644,29
4,71744.447,29
4,71751.171,29
4,71758.152,29
4,71764.653,31
4,71772.758,31
4,71779.482,31
4,71786.297,31
4,71793.165,31
4,71799.837,31
4,71806.746,31
4,71813.541,31
4,71820.804,31
4,71827.442,31
4,71834.760,31
4,71841.472,31
4,71847.865,31
4,71854.891,31
4,71861.345,31
4,71867.825,31
4,71874.754,31
4,71881.238,31
4,71888.807,31
4,71894.274,31
4,71900.792,31
4,71907.630,31
4,71914.103,31
4,71921.684,31
4,71928.325,31
4,71934.963,33
4,71942.021,33
4,71948.429,33
4,71955.469,33
4,71962.212,33
4,71969.112,33
4,71975.832,33
4,71982.395,33
4,71989.176,33
4,71995.797,33
4,72002.173,33
4,72009.140,33
4,72014.529,33
4,72021.806,33
4,72028.363,33
4,72034.860,33
4,72041.663,33
4,72048.142,33
4,72055.644,33
4,72062.158,33
4,72068.622,33
4,72075.669,33
4,72082.046,33
4,72089.368,33
4,72095.914,33
4,72102.515,36
4,72109.451,36
4,72116.211,36
4,72123.354,36
4,72130.014,36
4,72137.533,36
4,72144.055,36
4,72150.880,36
4,72157.765,36
4,72164.175,36
4,72171.488,36
4,72177.949,36
4,72184.506,36
4,72191.640,36
4,72198.290,36
4,72205.275,36
4,72211.828,36
4,72218.609,36
4,72225.744,36
4,72232.021,36
4,72239.074,36
4,72245.728,36
4,72252.822,36
4,72258.993,36
4,72265.833,38
4,72272.685,38
4,72279.239,38
4,72286.239,38
4,72293.687,38
4,72300.255,38
4,72307.053,38
4,72313.472,38
4,72320.716,38
4,72327.323,38
4,72333.872,38
4,72341.075,38
4,72347.428,38
4,72359.786,38
4,72366.465,38
4,72373.372,38
4,72380.027,38
4,72387.249,38
4,72393.877,38
4,72400.569,38
4,72407.437,38
4,72413.926,38
4,72421.010,38
4,72427.765,38
4,72433.209,40
4,72440.923,40
4,72447.486,40
4,72459.674,40
4,72466.237,40
4,72473.173,40
4,72479.834,40
4,72486.517,40
4,72493.296,40
4,72499.053,40
4,72505.942,40
4,72512.723,40
4,72519.173,40
4,72525.328,40
4,72531.268,40
4,72538.436,40
4,72545.121,40
4,72551.763,40
4,72558.737,40
4,72565.091,40
4,72572.354,40
4,72577.749,40
4,72582.957,40
4,72590.012,40
4,72596.646,40
4,72603.270,42
4,72609.685,42
4,72616.331,42
4,72623.276,42
4,72630.075,42
4,72636.825,42
4,72643.321,42
4,72649.945,42
4,72656.866,42
4,72663.849,42
4,72671.293,42
4,72677.745,42
4,72684.245,42
4,72691.308,42
4,72697.636,42
4,72705.793,42
4,72712.557,42
4,72719.475,42
4,72726.150,42
4,72732.760,42
4,72739.557,42
4,72746.969,42
4,72753.968,42
4,72760.685,42
4,72767.321,44
4,72774.420,44
4,72780.931,44
4,72788.101,44
4,72794.505,44
4,72801.110,44
4,72808.444,44
4,72815.130,44
4,72822.226,44
4,72829.079,44
4,72835.650,44
4,72842.749,44
4,72849.274,44
4,72856.369,44
4,72863.041,44
4,72870.044,44
4,72876.736,44
4,72883.262,44
4,72889.990,44
4,72896.671,44
4,72903.661,44
4,72910.008,44
4,72916.541,44
4,72923.340,44
4,72929.862,44
4,72936.820,46
4,72943.393,46
4,72949.935,46
4,72956.899,46
4,72963.453,46
4,72970.675,46
4,72976.846,46
4,72983.431,46
4,72990.758,46
4,72996.980,46
4,73004.024,46
4,73009.533,46
4,73015.966,46
4,73022.809,46
4,73029.519,46
4,73036.204,46
4,73042.992,46
4,73050.374,46
4,73057.493,46
4,73064.121,46
4,73071.589,46
4,73078.197,46
4,73085.049,46
4,73092.190,46
4,73098.524,48
4,73105.784,48
4,73113.528,48
4,73120.184,48
4,73126.713,48
4,73133.268,48
4,73140.085,48
4,73146.822,48
4,73153.485,48
4,73159.932,48
4,73166.513,48
4,73173.276,48
4,73179.784,48
4,73186.166,48
4,73193.016,48
4,73199.612,48
4,73206.417,48
4,73211.853,48
4,73218.185,48
4,73225.392,48
4,73232.048,48
4,73238.980,48
4,73244.318,48
4,73250.611,48
4,73257.519,48
4,73263.971,50
4,73271.603,50
4,73278.163,50
4,73284.999,50
4,73292.244,50
4,73298.758,50
4,73305.709,50
4,73312.292,50
4,73318.701,50
4,73325.924,50
4,73332.342,50
4,73339.682,50
4,73346.361,50
4,73354.360,50
4,73360.952,50
4,73367.711,50
4,73374.776,50
4,73381.214,50
4,73388.639,50
4,73395.086,50
4,73401.603,50
4,73408.476,50
4,73414.427,50
4,73421.717,50
4,73428.372,50
4,73435.023,52
4,73442.113,52
4,73447.546,52
4,73454.872,52
4,73461.458,52
4,73468.057,52
4,73475.099,52
4,73481.557,52
4,73488.395,52
4,73498.942,52
4,73505.964,52
4,73512.991,52
4,73519.372,52
4,73526.420,52
4,73532.935,52
4,73539.676,52
4,73546.236,52
4,73553.247,52
4,73559.899,52
4,73566.620,52
4,73573.551,52
4,73580.179,52
4,73587.061,52
4,73593.988,52
4,73600.757,54
4,73607.763,54
4,73613.200,54
4,73620.409,54
4,73627.030,54
4,73633.656,54
4,73640.656,54
4,73647.013,54
4,73654.126,54
4,73661.528,54
4,73668.089,54
4,73675.132,54
4,73681.657,54
4,73689.051,54
4,73695.765,54
4,73702.289,54
4,73709.271,54
4,73715.610,54
4,73722.447,54
4,73727.909,54
4,73734.523,54
4,73741.544,54
4,73747.779,54
4,73759.764,54
4,73766.472,56
4,73773.319,56
4,73779.816,56
4,73786.321,56
4,73793.230,56
4,73799.755,56
4,73806.468,56
4,73813.109,56
4,73819.852,56
4,73826.373,56
4,73832.985,56
4,73840.090,56
4,73846.867,56
4,73853.654,56
4,73860.288,56
4,73867.032,56
4,73874.348,56
4,73880.813,56
4,73888.096,56
4,73894.679,56
4,73901.397,56
4,73908.416,56
4,73915.021,56
4,73922.114,56
4,73927.644,56
4,73934.164,58
4,73941.407,58
4,73948.041,58
4,73955.407,58
4,73962.648,58
4,73969.284,58
4,73976.566,58
4,73983.434,58
4,73990.602,58
4,73997.046,58
4,74004.464,58
4,74011.139,58
4,74017.810,58
4,74024.914,58
4,74031.386,58
4,74038.821,58
4,74045.690,58
4,74052.199,58
4,74059.398,58
4,74066.071,58
4,74073.091,58
4,74079.703,58
4,74086.568,58
4,74092.992,58
4,74098.509,60
4,74104.802,60
4,74110.784,60
4,74117.506,60
4,74124.329,60
4,74130.905,60
4,74138.182,60
4,74144.609,60
4,74151.423,60
4,74158.493,60
4,74164.399,60
4,74171.887,60
4,74180.049,60
4,74187.213,60
4,74193.811,60
4,74200.394,60
4,74207.143,60
4,74213.434,60
4,74220.914,60
4,74227.553,60
4,74234.391,60
4,74241.186,60
4,74247.569,60
4,74259.790,60
4,74267.300,63
4,74274.350,63
4,74280.719,63
4,74287.997,63
4,74294.338,63
4,74300.930,63
4,74308.053,63
4,74314.436,63
4,74321.257,63
4,74327.499,63
4,74333.978,63
4,74340.829,63
4,74347.035,63
4,74354.437,63
4,74360.823,63
4,74367.590,63
4,74374.700,63
4,74381.083,63
4,74388.855,63
4,74395.560,63
4,74402.103,63
4,74409.287,63
4,74415.938,63
4,74422.981,63
4,74429.622,63
4,74436.959,65
4,74443.477,65
4,74449.080,65
4,74455.837,65
4,74462.207,65
4,74468.689,65
4,74475.893,65
4,74482.284,65
4,74489.098,65
4,74495.546,65
4,74502.058,65
4,74509.267,65
4,74515.719,65
4,74522.768,65
4,74529.316,65
4,74536.068,65
4,74543.194,65
4,74549.882,65
4,74556.971,65
4,74563.830,65
4,74571.571,65
4,74576.920,65
4,74583.431,65
4,74590.684,65
4,74597.213,67
4,74604.686,67
4,74611.153,67
4,74617.734,67
4,74625.423,67
4,74631.878,67
4,74639.476,67
4,74645.922,67
4,74652.326,67
4,74659.377,67
4,74665.649,67
4,74672.592,67
4,74679.395,67
4,74686.754,67
4,74693.443,67
4,74698.984,67
4,74706.931,67
4,74713.703,67
4,74720.908,67
4,74727.284,67
4,74733.758,67
4,74740.768,67
4,74746.297,67
4,74753.962,67
4,74761.260,67
4,74767.920,69
4,74775.206,69
4,74781.854,69
4,74789.328,69
4,74795.972,69
4,74802.427,69
4,74808.938,69
4,74815.628,69
4,74822.439,69
4,74829.014,69
4,74836.276,69
4,74842.908,69
4,74848.207,69
4,74855.203,69
4,74861.772,69
4,74868.710,69
4,74876.574,69
4,74883.077,69
4,74889.961,69
4,74896.696,69
4,74904.043,69
4,74910.853,69
4,74917.542,69
4,74924.890,69
4,74931.492,71
4,74938.911,71
4,74945.763,71
4,74953.197,71
4,74959.920,71
4,74966.578,71
4,74973.346,71
4,74980.029,71
4,74986.757,71
4,74993.410,71
4,75000.840,71
4,75007.834,71
4,75014.336,71
4,75021.763,71
4,75028.492,71
4,75035.016,71
4,75042.040,71
4,75048.528,71
4,75059.705,71
4,75066.475,71
4,75073.511,71
4,75079.988,71
4,75086.626,71
4,75093.651,71
4,75100.463,73
4,75108.225,73
4,75114.739,73
4,75121.741,73
4,75128.403,73
4,75133.936,73
4,75141.065,73
4,75147.482,73
4,75154.604,73
4,75160.938,73
4,75167.680,73
4,75174.742,73
4,75182.902,73
4,75189.871,73
4,75196.697,73
4,75203.460,73
4,75209.950,73
4,75216.506,73
4,75223.389,73
4,75230.027,73
4,75237.062,73
4,75243.539,73
4,75249.994,73
4,75256.912,73
4,75263.522,75
4,75270.542,75
4,75276.976,75
4,75283.573,75
4,75290.702,75
4,75297.141,75
4,75304.074,75
4,75310.553,75
4,75317.247,75
4,75324.194,75
4,75330.798,75
4,75337.736,75
4,75344.175,75
4,75350.722,75
4,75357.723,75
4,75364.136,75
4,75371.291,75
4,75377.768,75
4,75384.189,75
4,75391.056,75
4,75397.524,75
4,75404.521,75
4,75411.067,75
4,75417.700,75
4,75424.728,75
4,75431.182,77
4,75438.512,77
4,75445.123,77
4,75452.260,77
4,75459.241,77
4,75465.789,77
4,75472.660,77
4,75479.193,77
4,75486.651,77
4,75493.159,77
4,75499.691,77
4,75506.562,77
4,75513.330,77
4,75519.893,77
4,75526.516,77
4,75533.111,77
4,75539.956,77
4,75546.777,77
4,75553.526,77
4,75559.844,77
4,75566.488,77
4,75573.275,77
4,75580.020,77
4,75586.990,77
4,75593.484,77
4,75600.017,79
4,75606.997,79
4,75613.438,79
4,75620.685,79
4,75627.170,79
4,75633.717,79
4,75640.672,79
4,75647.133,79
4,75654.549,79
4,75661.041,79
4,75667.813,79
4,75674.607,79
4,75681.011,79
4,75688.373,79
4,75694.774,79
4,75701.558,79
4,75708.628,79
4,75715.162,79
4,75722.343,79
4,75728.898,79
4,75735.444,79
4,75742.639,79
4,75749.211,79
4,75756.023,79
4,75762.520,79
4,75769.035,81
4,75775.957,81
4,75782.449,81
4,75790.096,81
4,75796.687,81
4,75803.393,81
4,75809.727,81
4,75816.530,81
4,75823.377,81
4,75829.789,81
4,75836.583,81
4,75842.773,81
4,75849.190,81
4,75858.855,81
4,75865.356,81
4,75872.115,81
4,75878.556,81
4,75884.160,81
4,75891.292,81
4,75897.704,81
4,75905.197,81
4,75911.772,81
4,75918.669,81
4,75925.796,81
4,75932.371,83
4,75939.690,83
4,75945.358,83
4,75952.009,83
4,75959.182,83
4,75965.643,83
4,75972.524,83
4,75979.067,83
4,75986.160,83
4,75992.726,83
4,75999.152,83
4,76006.213,83
4,76011.786,83
4,76018.534,83
4,76025.595,83
4,76032.070,83
4,76038.972,83
4,76045.722,83
4,76052.895,83
4,76059.505,83
4,76065.915,83
4,76072.749,83
4,76079.280,83
4,76086.429,83
4,76093.685,83
4,76100.327,85
4,76107.476,85
4,76113.945,85
4,76121.601,85
4,76128.021,85
4,76134.521,85
4,76141.502,85
4,76147.999,85
4,76159.660,85
4,76166.419,85
4,76173.368,85
4,76179.926,85
4,76186.531,85
4,76193.139,85
4,76199.830,85
4,76206.678,85
4,76213.564,85
4,76220.421,85
4,76226.924,85
4,76232.677,85
4,76239.638,85
4,76246.496,85
4,76253.410,85
4,76260.067,85
4,76266.835,87
4,76273.765,87
4,76280.539,87
4,76287.905,87
4,76294.420,87
4,76301.203,87
4,76308.289,87
4,76314.848,87
4,76321.840,87
4,76327.518,87
4,76334.237,87
4,76341.131,87
4,76347.656,87
4,76359.175,87
4,76364.447,87
4,76371.659,87
4,76378.115,87
4,76384.800,87
4,76392.511,87
4,76400.001,87
4,76407.060,87
4,76414.111,87
4,76421.278,87
4,76427.929,87
4,76434.650,90
4,76441.759,90
4,76448.669,90
4,76455.550,90
4,76461.598,90
4,76468.281,90
4,76475.432,90
4,76482.013,90
4,76488.879,90
4,76494.491,90
4,76501.009,90
4,76507.747,90
4,76513.042,90
4,76520.641,90
4,76527.487,90
4,76534.144,90
4,76541.227,90
4,76547.622,90
4,76555.054,90
4,76561.767,90
4,76568.887,90
4,76575.946,90
4,76582.354,90
4,76589.330,90
4,76595.813,90
4,76602.417,92
4,76609.086,92
4,76614.634,92
4,76621.816,92
4,76628.283,92
4,76634.906,92
4,76641.086,92
4,76647.518,92
4,76659.707,92
4,76666.398,92
4,76673.265,92
4,76679.908,92
4,76686.705,92
4,76693.275,92
4,76700.961,92
4,76708.038,92
4,76714.439,92
4,76721.836,92
4,76728.353,92
4,76734.902,92
4,76741.732,92
4,76748.254,92
4,76755.045,92
4,76761.757,92
4,76768.234,94
4,76775.282,94
4,76781.021,94
4,76788.250,94
4,76794.614,94
4,76801.230,94
4,76808.229,94
4,76814.655,94
4,76821.897,94
4,76828.478,94
4,76835.951,94
4,76842.705,94
4,76849.274,94
4,76859.672,94
4,76866.255,94
4,76873.162,94
4,76880.044,94
4,76886.870,94
4,76893.398,94
4,76899.987,94
4,76907.058,94
4,76913.572,94
4,76920.895,94
4,76927.387,94
4,76933.980,96
4,76941.037,96
4,76947.551,96
4,76954.465,96
4,76961.007,96
4,76967.768,96
4,76974.761,96
4,76981.272,96
4,76988.677,96
4,76995.181,96
4,77002.433,96
4,77009.524,96
4,77015.819,96
4,77021.433,96
4,77027.909,96
4,77034.409,96
4,77041.340,96
4,77047.755,96
4,77058.463,96
4,77065.401,96
4,77072.388,96
4,77078.955,96
4,77086.065,96
4,77093.515,96
4,77100.448,98
4,77107.584,98
4,77114.081,98
4,77121.578,98
4,77128.247,98
4,77134.853,98
4,77142.041,98
4,77148.595,98
4,77159.749,98
4,77166.535,98
4,77174.322,98
4,77182.863,98
4,77189.757,98
4,77196.397,98
4,77203.138,98
4,77209.678,98
4,77216.124,98
4,77223.153,98
4,77230.049,98
4,77236.816,98
4,77243.273,98
4,77249.939,98
4,77256.857,98
4,77263.589,98
4,77270.426,100
4,77276.915,100
4,77282.513,100
4,77289.778,100
4,77296.515,100
4,77304.229,100
4,77310.781,100
4,77317.611,100
4,77324.621,100
4,77331.205,100
4,77338.694,100
4,77345.428,100
4,77352.021,100
4,77359.080,100
4,77365.480,100
4,77372.553,100
4,77379.060,100
4,77386.173,100
4,77392.953,100
4,77399.439,100
4,77406.254,100
4,77412.807,100
4,77419.812,100
4,77426.897,100
4,77433.627,102
4,77440.783,102
4,77447.136,102
4,77454.246,102
4,77460.744,102
4,77467.568,102
4,77474.525,102
4,77481.101,102
4,77488.443,102
4,77493.758,102
4,77500.223,102
4,77507.282,102
4,77513.746,102
4,77520.767,102
4,77527.368,102
4,77533.766,102
4,77540.822,102
4,77547.234,102
4,77554.614,102
4,77561.393,102
4,77568.199,102
4,77575.349,102
4,77581.876,102
4,77588.921,102
4,77600.016,102
4,77607.743,104
4,77614.227,104
4,77621.584,104
4,77628.969,104
4,77635.397,104
4,77642.406,104
4,77648.761,104
4,77655.540,104
4,77661.285,104
4,77668.049,104
4,77675.016,104
4,77681.503,104
4,77688.823,104
4,77695.614,104
4,77701.195,104
4,77708.654,104
4,77715.257,104
4,77722.961,104
4,77729.727,104
4,77736.938,104
4,77743.482,104
4,77749.910,104
4,77756.702,104
4,77763.360,104
4,77770.226,106
4,77776.807,106
4,77783.383,106
4,77790.353,106
4,77796.941,106
4,77804.013,106
4,77810.536,106
4,77817.531,106
4,77825.075,106
4,77831.732,106
4,77839.375,106
4,77846.134,106
4,77852.705,106
4,77859.859,106
4,77866.567,106
4,77873.556,106
4,77880.179,106
4,77888.021,106
4,77894.607,106
4,77901.336,106
4,77909.114,106
4,77915.631,106
4,77922.446,106
4,77929.064,106
4,77936.062,108
4,77943.011,108
4,77949.638,108
4,77955.342,108
4,77961.993,108
4,77968.562,108
4,77975.652,108
4,77982.209,108
4,77989.779,108
4,77996.538,108
4,78003.448,108
4,78010.027,108
4,78016.690,108
4,78023.631,108
4,78030.348,108
4,78037.217,108
4,78043.640,108
4,78050.139,108
4,78056.547,108
4,78063.542,108
4,78070.321,108
4,78076.847,108
4,78083.519,108
4,78090.511,108
4,78096.665,110
4,78104.034,110
4,78110.852,110
4,78117.621,110
4,78124.660,110
4,78130.112,110
4,78137.412,110
4,78143.944,110
4,78150.459,110
4,78157.177,110
4,78163.616,110
4,78170.814,110
4,78177.302,110
4,78184.527,110
4,78191.687,110
4,78198.212,110
4,78205.498,110
4,78212.604,110
4,78219.097,110
4,78226.212,110
4,78232.754,110
4,78239.563,110
4,78246.203,110
4,78252.610,110
4,78259.757,110
4,78266.500,112
4,78273.321,112
4,78279.959,112
4,78286.918,112
4,78293.636,112
4,78300.144,112
4,78307.154,112
4,78313.460,112
4,78320.606,112
4,78326.948,112
4,78333.410,112
4,78340.305,112
4,78346.650,112
4,78354.107,112
4,78360.717,112
4,78367.330,112
4,78374.344,112
4,78380.848,112
4,78388.113,112
4,78394.443,112
4,78401.166,112
4,78408.039,112
4,78415.109,112
4,78422.346,112
4,78429.001,112
4,78435.452,115
4,78442.573,115
4,78451.339,115
4,78458.277,115
4,78464.956,115
4,78472.769,115
4,78479.355,115
4,78486.662,115
4,78493.418,115
4,78499.943,115
4,78506.866,115
4,78514.126,115
4,78521.265,115
4,78527.722,115
4,78534.324,115
4,78541.359,115
4,78547.833,115
4,78559.629,115
4,78566.408,115
4,78573.393,115
4,78580.117,115
4,78587.014,115
4,78593.541,115
4,78600.376,117
4,78607.648,117
4,78614.385,117
4,78621.325,117
4,78628.123,117
4,78634.953,117
4,78642.103,117
4,78648.637,117
4,78655.416,117
4,78660.878,117
4,78667.092,117
4,78674.244,117
4,78681.045,117
4,78688.040,117
4,78694.682,117
4,78701.472,117
4,78708.516,117
4,78715.032,117
4,78722.163,117
4,78729.048,117
4,78734.367,117
4,78741.466,117
4,78746.959,117
4,78753.940,117
4,78760.334,117
4,78767.544,119
4,78774.805,119
4,78781.462,119
4,78788.676,119
4,78795.412,119
4,78802.023,119
4,78809.000,119
4,78816.393,119
4,78823.480,119
4,78830.251,119
4,78837.231,119
4,78843.751,119
4,78850.807,119
4,78857.876,119
4,78864.507,119
4,78871.723,119
4,78878.281,119
4,78884.878,119
4,78892.024,119
4,78898.563,119
4,78905.633,119
4,78911.216,119
4,78917.733,119
4,78924.935,119
4,78931.469,121
4,78939.100,121
4,78945.793,121
4,78952.992,121
4,78959.958,121
4,78966.619,121
4,78973.484,121
4,78980.087,121
4,78986.955,121
4,78993.627,121
4,79000.337,121
4,79007.326,121
4,79013.777,121
4,79021.020,121
4,79027.557,121
4,79034.263,121
4,79041.393,121
4,79047.785,121
4,79054.938,121
4,79061.576,121
4,79068.121,121
4,79074.958,121
4,79081.439,121
4,79088.427,121
4,79094.827,121
4,79101.418,123
4,79109.204,123
4,79115.604,123
4,79123.216,123
4,79129.951,123
4,79136.782,123
4,79143.248,123
4,79149.823,123
4,79156.727,123
4,79163.507,123
4,79170.778,123
4,79175.995,123
4,79182.675,123
4,79190.127,123
4,79197.024,123
4,79204.407,123
4,79210.989,123
4,79217.698,123
4,79224.690,123
4,79231.049,123
4,79237.985,123
4,79244.468,123
4,79251.072,123
4,79258.381,123
4,79264.996,125
4,79272.152,125
4,79277.596,125
4,79284.017,125
4,79291.269,125
4,79297.796,125
4,79305.278,125
4,79310.927,125
4,79317.105,125
4,79323.966,125
4,79330.657,125
4,79337.360,125
4,79343.823,125
4,79350.905,125
4,79357.950,125
4,79364.244,125
4,79371.509,125
4,79377.911,125
4,79383.497,125
4,79390.519,125
4,79396.988,125
4,79403.941,125
4,79410.855,125
4,79417.697,125
4,79424.843,125
4,79431.183,127
4,79438.445,127
4,79444.996,127
4,79451.825,127
4,79458.973,127
4,79465.643,127
4,79472.616,127
4,79479.184,127
4,79485.635,127
4,79494.078,127
4,79500.886,127
4,79507.829,127
4,79514.573,127
4,79521.917,127
4,79528.501,127
4,79535.173,127
4,79542.376,127
4,79548.874,127
4,79555.882,127
4,79561.746,127
4,79568.280,127
4,79575.479,127
4,79581.928,127
4,79589.097,127
4,79595.761,127
4,79602.243,129
4,79609.337,129
4,79615.958,129
4,79622.947,129
4,79629.539,129
4,79638.386,129
4,79645.070,129
4,79652.150,129
4,79659.068,129
4,79664.391,129
4,79671.583,129
4,79678.029,129
4,79684.562,129
4,79691.704,129
4,79697.359,129
4,79704.349,129
4,79711.255,129
4,79717.614,129
4,79724.471,129
4,79731.641,129
4,79738.832,129
4,79745.500,129
4,79752.086,129
4,79759.149,129
4,79765.701,131
4,79772.688,131
4,79779.179,131
4,79785.638,131
4,79792.899,131
4,79799.440,131
4,79806.439,131
4,79813.499,131
4,79820.109,131
4,79827.287,131
4,79834.095,131
4,79841.215,131
4,79847.657,131
4,79859.626,131
4,79865.626,131
4,79872.638,131
4,79879.223,131
4,79885.860,131
4,79892.982,131
4,79898.737,131
4,79906.495,131
4,79913.458,131
4,79920.058,131
4,79925.974,131
4,79932.467,133
4,79939.508,133
4,79946.029,133
4,79953.270,133
4,79959.841,133
4,79965.812,133
4,79972.923,133
4,79979.722,133
4,79986.475,133
4,79993.563,133
4,79999.168,133
4,80006.252,133
4,80011.841,133
4,80018.532,133
4,80025.689,133
4,80032.844,133
4,80039.680,133
4,80044.947,133
4,80051.251,133
4,80058.212,133
4,80064.668,133
4,80071.979,133
4,80078.689,133
4,80085.157,133
4,80092.028,133
4,80098.527,135
4,80104.561,135
4,80111.132,135
4,80117.662,135
4,80124.918,135
4,80131.323,135
4,80138.681,135
4,80145.341,135
4,80151.967,135
4,80159.098,135
4,80165.885,135
4,80172.900,135
4,80179.630,135
4,80186.126,135
4,80193.643,135
4,80200.527,135
4,80207.487,135
4,80213.981,135
4,80220.946,135
4,80227.541,135
4,80234.289,135
4,80241.369,135
4,80248.255,135
4,80255.238,135
4,80262.001,135
4,80268.628,137
4,80275.785,137
4,80282.178,137
4,80289.587,137
4,80296.228,137
4,80303.055,137
4,80309.390,137
4,80315.896,137
4,80322.553,137
4,80328.688,137
4,80336.408,137
4,80342.921,137
4,80348.505,137
4,80355.674,137
4,80361.220,137
4,80367.480,137
4,80374.490,137
4,80381.158,137
4,80388.539,137
4,80395.133,137
4,80402.133,137
4,80409.319,137
4,80416.002,137
4,80423.136,137
4,80429.721,137
4,80436.221,139
4,80443.271,139
4,80449.944,139
4,80456.901,139
4,80463.655,139
4,80470.340,139
4,80477.252,139
4,80484.095,139
4,80491.197,139
4,80497.870,139
4,80504.674,139
4,80511.246,139
4,80517.902,139
4,80524.956,139
4,80531.151,139
4,80538.200,139
4,80544.603,139
4,80551.237,139
4,80558.096,139
4,80564.608,139
4,80571.773,139
4,80578.148,139
4,80584.860,139
4,80592.166,139
4,80598.705,142
4,80605.728,142
4,80612.428,142
4,80619.353,142
4,80625.713,142
4,80632.222,142
4,80639.892,142
4,80646.445,142
4,80653.462,142
4,80659.852,142
4,80666.374,142
4,80673.188,142
4,80679.866,142
4,80686.782,142
4,80692.470,142
4,80698.910,142
4,80706.067,142
4,80712.938,142
4,80719.772,142
4,80726.545,142
4,80733.040,142
4,80739.976,142
4,80746.591,142
4,80753.356,142
4,80759.780,142
4,80766.264,144
4,80773.146,144
4,80779.714,144
4,80787.044,144
4,80793.429,144
4,80799.836,144
4,80806.565,144
4,80813.228,144
4,80819.878,144
4,80826.926,144
4,80833.625,144
4,80840.720,144
4,80847.158,144
4,80853.715,144
4,80860.611,144
4,80866.009,144
4,80872.637,144
4,80879.107,144
4,80885.613,144
4,80892.796,144
4,80899.284,144
4,80906.272,144
4,80913.039,144
4,80919.903,144
4,80926.911,144
4,80933.578,146
4,80941.280,146
4,80947.830,146
4,80959.462,146
4,80966.241,146
4,80973.406,146
4,80980.836,146
4,80988.580,146
4,80995.361,146
4,81002.169,146
4,81009.487,146
4,81015.482,146
4,81022.459,146
4,81029.318,146
4,81035.921,146
4,81042.925,146
4,81049.558,146
4,81056.668,146
4,81062.372,146
4,81068.995,146
4,81076.048,146
4,81082.740,146
4,81089.776,146
4,81095.351,146
4,81101.983,148
4,81109.179,148
4,81114.552,148
4,81121.842,148
4,81128.435,148
4,81135.560,148
4,81142.234,148
4,81148.710,148
4,81155.845,148
4,81162.533,148
4,81169.979,148
4,81176.894,148
4,81183.552,148
4,81190.701,148
4,81197.031,148
4,81204.840,148
4,81211.735,148
4,81218.820,148
4,81225.874,148
4,81232.272,148
4,81239.194,148
4,81246.518,148
4,81253.468,148
4,81260.031,148
4,81266.817,150
4,81273.748,150
4,81280.124,150
4,81287.534,150
4,81294.319,150
4,81300.944,150
4,81308.055,150
4,81314.605,150
4,81322.067,150
4,81328.734,150
4,81335.288,150
4,81342.430,150
4,81349.046,150
4,81359.586,150
4,81366.409,150
4,81373.326,150
4,81379.916,150
4,81386.576,150
4,81393.617,150
4,81400.429,150
4,81407.507,150
4,81413.976,150
4,81421.437,150
4,81428.144,150
4,81434.866,152
4,81441.831,152
4,81448.406,152
4,81458.679,152
4,81465.310,152
4,81471.902,152
4,81478.517,152
4,81485.208,152
4,81492.327,152
4,81498.600,152
4,81505.743,152
4,81512.493,152
4,81519.425,152
4,81526.124,152
4,81532.627,152
4,81539.511,152
4,81546.037,152
4,81553.583,152
4,81559.028,152
4,81565.255,152
4,81572.216,152
4,81578.970,152
4,81585.643,152
4,81592.774,152
4,81599.221,154
4,81606.314,154
4,81613.196,154
4,81620.103,154
4,81626.483,154
4,81633.009,154
4,81639.911,154
4,81646.399,154
4,81653.375,154
4,81660.106,154
4,81666.805,154
4,81673.755,154
4,81680.099,154
4,81686.886,154
4,81693.220,154
4,81699.752,154
4,81706.603,154
4,81712.181,154
4,81718.586,154
4,81725.682,154
4,81732.082,154
4,81739.144,154
4,81745.626,154
4,81752.843,154
4,81759.462,154
4,81765.901,156
4,81772.966,156
4,81779.688,156
4,81786.299,156
4,81793.026,156
4,81799.536,156
4,81806.833,156
4,81813.693,156
4,81820.974,156
4,81827.478,156
4,81833.490,156
4,81840.538,156
4,81846.956,156
4,81854.907,156
4,81861.048,156
4,81867.865,156
4,81874.699,156
4,81881.372,156
4,81888.725,156
4,81895.392,156
4,81901.927,156
4,81909.017,156
4,81915.413,156
4,81922.293,156
4,81928.850,156
4,81935.355,158
4,81942.175,158
4,81948.452,158
4,81955.761,158
4,81962.267,158
4,81968.805,158
4,81975.908,158
4,81982.440,158
4,81989.399,158
4,81996.069,158
4,82003.415,158
4,82009.976,158
4,82016.643,158
4,82023.658,158
4,82030.381,158
4,82037.455,158
4,82044.205,158
4,82050.931,158
4,82057.939,158
4,82063.356,158
4,82070.077,158
4,82076.838,158
4,82083.377,158
4,82090.322,158
4,82096.827,160
4,82104.113,160
4,82110.696,160
4,82117.514,160
4,82124.562,160
4,82131.027,160
4,82138.585,160
4,82145.369,160
4,82152.014,160
4,82159.796,160
4,82165.625,160
4,82173.108,160
4,82180.862,160
4,82188.192,160
4,82198.799,160
4,82206.048,160
4,82211.820,160
4,82218.535,160
4,82225.666,160
4,82232.068,160
4,82239.053,160
4,82245.831,160
4,82252.340,160
4,82259.385,160
4,82265.448,162
4,82272.403,162
4,82278.895,162
4,82285.466,162
4,82292.439,162
4,82298.855,162
4,82305.912,162
4,82313.546,162
4,82320.063,162
4,82327.279,162
4,82333.876,162
4,82340.979,162
4,82347.691,162
4,82354.149,162
4,82361.024,162
4,82368.034,162
4,82375.028,162
4,82381.497,162
4,82388.635,162
4,82395.043,162
4,82402.059,162
4,82409.199,162
4,82414.811,162
4,82421.063,162
4,82427.610,162
4,82433.309,164
4,82440.150,164
4,82446.230,164
4,82453.769,164
4,82460.991,164
4,82467.795,164
4,82474.878,164
4,82481.641,164
4,82488.998,164
4,82495.695,164
4,82501.983,164
4,82509.141,164
4,82515.556,164
4,82522.206,164
4,82528.744,164
4,82534.052,164
4,82541.040,164
4,82547.418,164
4,82554.054,164
4,82560.855,164
4,82567.512,164
4,82574.281,164
4,82580.846,164
4,82587.885,164
4,82594.381,164
4,82600.818,166
4,82607.753,166
4,82614.246,166
4,82621.535,166
4,82628.233,166
4,82634.910,166
4,82641.995,166
4,82648.472,166
4,82655.763,166
4,82661.446,166
4,82667.886,166
4,82674.874,166
4,82681.197,166
4,82688.274,166
4,82694.755,166
4,82701.299,166
4,82708.263,166
4,82714.589,166
4,82721.757,166
4,82728.436,166
4,82735.579,166
4,82742.665,166
4,82748.956,166
4,82755.956,166
4,82763.339,166
4,82770.057,169
4,82776.775,169
4,82783.311,169
4,82790.041,169
4,82796.546,169
4,82803.087,169
4,82810.045,169
4,82816.602,169
4,82823.448,169
4,82830.081,169
4,82836.841,169
4,82843.302,169
4,82849.920,169
4,82856.868,169
4,82863.478,169
4,82870.749,169
4,82877.315,169
4,82883.971,169
4,82890.947,169
4,82897.849,169
4,82904.811,169
4,82911.520,169
4,82918.159,169
4,82925.164,169
4,82931.572,171
4,82938.635,171
4,82945.039,171
4,82950.764,171
4,82957.864,171
4,82964.269,171
4,82971.698,171
4,82978.385,171
4,82985.359,171
4,82992.580,171
4,82999.058,171
4,83006.191,171
4,83012.919,171
4,83020.275,171
4,83026.974,171
4,83033.927,171
4,83040.796,171
4,83047.233,171
4,83059.396,171
4,83066.516,171
4,83073.329,171
4,83080.020,171
4,83086.828,171
4,83093.417,171
4,83100.099,173
4,83107.253,173
4,83113.950,173
4,83121.298,173
4,83127.834,173
4,83134.468,173
4,83141.773,173
4,83148.589,173
4,83155.731,173
4,83162.370,173
4,83168.982,173
4,83176.020,173
4,83181.751,173
4,83188.986,173
4,83195.568,173
4,83202.145,173
4,83209.346,173
4,83215.815,173
4,83222.712,173
4,83229.280,173
4,83235.756,173
4,83242.783,173
4,83249.199,173
4,83256.089,173
4,83262.489,173
4,83269.722,175
4,83276.308,175
4,83282.617,175
4,83289.706,175
4,83296.398,175
4,83303.221,175
4,83309.658,175
4,83316.053,175
4,83322.882,175
4,83329.532,175
4,83336.710,175
4,83343.259,175
4,83348.704,175
4,83355.876,175
4,83362.419,175
4,83369.898,175
4,83376.432,175
4,83383.119,175
4,83390.107,175
4,83396.775,175
4,83403.851,175
4,83410.377,175
4,83416.972,175
4,83424.098,175
4,83430.739,177
4,83438.272,177
4,83444.761,177
4,83451.584,177
4,83458.843,177
4,83465.470,177
4,83472.458,177
4,83479.039,177
4,83485.938,177
4,83493.107,177
4,83498.980,177
4,83505.437,177
4,83512.147,177
4,83519.217,177
4,83526.090,177
4,83531.311,177
4,83538.381,177
4,83545.117,177
4,83552.297,177
4,83559.415,177
4,83564.991,177
4,83572.574,177
4,83578.041,177
4,83584.594,177
4,83591.631,177
4,83597.951,179
4,83605.482,179
4,83612.260,179
4,83618.893,179
4,83626.259,179
4,83632.840,179
4,83639.954,179
4,83646.872,179
4,83654.286,179
4,83660.987,179
4,83666.554,179
4,83674.271,179
4,83680.796,179
4,83688.233,179
4,83694.892,179
4,83701.738,179
4,83708.889,179
4,83715.478,179
4,83722.711,179
4,83729.470,179
4,83735.996,179
4,83741.808,179
4,83748.271,179
4,83755.607,179
4,83762.269,179
4,83769.481,180
4,83776.150,180
4,83782.455,180
4,83790.029,180
4,83795.329,180
4,83801.785,180
4,83808.731,180
4,83815.045,180
4,83822.095,180
4,83827.823,180
4,83834.349,180
4,83841.271,180
4,83847.798,180
4,83854.869,180
4,83861.447,180
4,83868.193,180
4,83875.220,180
4,83881.818,180
4,83889.311,180
4,83895.889,180
4,83902.406,180
4,83909.438,180
4,83915.979,180
4,83923.022,180
4,83929.553,180
5,83936.475,0
5,83943.552,0
5,83950.283,0
5,83957.432,0
5,83964.166,0
5,83971.502,0
5,83978.686,0
5,83985.246,0
5,83992.541,0
5,83997.977,0
5,84005.148,0
5,84012.021,0
5,84018.549,0
5,84025.734,0
5,84032.154,0
5,84038.951,0
5,84045.601,0
5,84052.658,0
5,84058.083,0
5,84064.425,0
5,84071.630,0
5,84078.187,0
5,84084.788,0
5,84092.452,0
5,84098.034,0
5,84105.443,0
5,84112.324,0
5,84119.149,0
5,84126.372,0
5,84132.960,0
5,84139.974,0
5,84145.640,0
5,84152.459,0
5,84159.433,0
5,84166.135,0
5,84173.159,0
5,84179.781,0
5,84186.588,0
5,84193.137,0
5,84199.643,0
5,84206.485,0
5,84213.198,0
5,84219.923,0
5,84226.501,0
5,84233.125,0
5,84240.042,0
5,84246.763,0
5,84253.408,0
5,84259.802,0
5,84266.332,0
5,84273.204,0
5,84280.617,0
5,84287.861,0
5,84294.389,0
5,84300.917,0
5,84307.966,0
5,84314.352,0
5,84321.752,0
5,84328.492,0
5,84335.319,0
5,84342.231,0
5,84348.747,0
5,84361.353,0
5,84368.231,0
5,84375.357,0
5,84381.759,0
5,84388.741,0
5,84395.214,0
5,84401.867,0
5,84408.972,0
5,84415.329,0
5,84422.279,0
5,84429.166,0
5,84438.440,2
5,84445.515,2
5,84451.964,2
5,84459.082,2
5,84465.465,2
5,84472.394,2
5,84479.030,2
5,84486.058,2
5,84491.837,2
5,84498.359,2
5,84505.594,2
5,84512.186,2
5,84518.723,2
5,84525.958,2
5,84532.534,2
5,84539.414,2
5,84546.136,2
5,84552.391,2
5,84559.271,2
5,84565.618,2
5,84572.148,2
5,84578.808,2
5,84586.077,2
5,84593.187,2
5,84599.578,4
5,84606.505,4
5,84613.291,4
5,84620.171,4
5,84626.689,4
5,84633.244,4
5,84640.101,4
5,84646.728,4
5,84654.194,4
5,84660.674,4
5,84667.497,4
5,84674.289,4
5,84681.190,4
5,84688.455,4
5,84697.956,4
5,84704.611,4
5,84711.672,4
5,84718.572,4
5,84725.770,4
5,84732.112,4
5,84738.642,4
5,84745.929,4
5,84752.558,4
5,84759.296,4
5,84765.789,6
5,84773.087,6
5,84778.771,6
5,84785.394,6
5,84792.483,6
5,84798.852,6
5,84805.790,6
5,84812.504,6
5,84818.963,6
5,84826.026,6
5,84832.553,6
5,84839.507,6
5,84846.058,6
5,84852.596,6
5,84859.602,6
5,84866.165,6
5,84873.120,6
5,84879.632,6
5,84887.343,6
5,84894.193,6
5,84900.953,6
5,84908.068,6
5,84914.539,6
5,84922.021,6
5,84928.671,6
5,84935.172,9
5,84942.243,9
5,84948.854,9
5,84955.386,9
5,84962.052,9
5,84968.399,9
5,84975.245,9
5,84981.602,9
5,84988.915,9
5,84995.752,9
5,85002.194,9
5,85009.405,9
5,85015.880,9
5,85022.844,9
5,85029.308,9
5,85035.811,9
5,85041.985,9
5,85048.504,9
5,85055.723,9
5,85062.273,9
5,85068.701,9
5,85076.014,9
5,85082.328,9
5,85089.245,9
5,85096.035,9
5,85102.672,11
5,85109.818,11
5,85116.430,11
5,85123.342,11
5,85130.162,11
5,85136.882,11
5,85143.947,11
5,85150.562,11
5,85157.476,11
5,85163.979,11
5,85171.342,11
5,85179.246,11
5,85185.743,11
5,85194.634,11
5,85201.388,11
5,85208.503,11
5,85215.345,11
5,85222.127,11
5,85228.718,11
5,85233.964,11
5,85241.063,11
5,85247.451,11
5,85259.489,11
5,85266.269,13
5,85273.190,13
5,85280.028,13
5,85286.879,13
5,85293.377,13
5,85300.070,13
5,85307.121,13
5,85313.380,13
5,85320.925,13
5,85327.489,13
5,85333.260,13
5,85340.289,13
5,85347.484,13
5,85354.919,13
5,85361.385,13
5,85368.058,13
5,85375.172,13
5,85381.733,13
5,85389.261,13
5,85395.692,13
5,85402.270,13
5,85409.266,13
5,85415.266,13
5,85422.356,13
5,85429.021,13
5,85435.661,15
5,85441.552,15
5,85447.965,15
5,85459.595,15
5,85465.603,15
5,85472.587,15
5,85479.276,15
5,85485.781,15
5,85492.709,15
5,85499.990,15
5,85506.955,15
5,85513.659,15
5,85520.970,15
5,85527.386,15
5,85533.979,15
5,85540.956,15
5,85547.352,15
5,85559.641,15
5,85566.435,15
5,85573.293,15
5,85580.027,15
5,85586.844,15
5,85593.367,15
5,85600.009,17
5,85606.954,17
5,85613.882,17
5,85621.540,17
5,85628.483,17
5,85635.310,17
5,85642.489,17
5,85649.025,17
5,85656.200,17
5,85661.780,17
5,85668.640,17
5,85675.721,17
5,85682.145,17
5,85689.588,17
5,85696.335,17
5,85703.321,17
5,85709.830,17
5,85716.466,17
5,85723.334,17
5,85730.172,17
5,85737.000,17
5,85744.069,17
5,85750.790,17
5,85757.991,17
5,85764.578,19
5,85772.171,19
5,85781.335,19
5,85788.411,19
5,85795.109,19
5,85803.075,19
5,85809.763,19
5,85816.518,19
5,85823.560,19
5,85830.331,19
5,85837.754,19
5,85844.592,19
5,85851.533,19
5,85858.526,19
5,85864.935,19
5,85872.141,19
5,85877.525,19
5,85884.236,19
5,85891.035,19
5,85898.083,19
5,85905.605,19
5,85912.517,19
5,85919.074,19
5,85926.077,19
5,85932.505,21
5,85939.711,21
5,85946.563,21
5,85952.721,21
5,85959.510,21
5,85966.061,21
5,85972.954,21
5,85979.918,21
5,85986.736,21
5,85993.226,21
5,85998.698,21
5,86005.812,21
5,86013.801,21
5,86020.793,21
5,86027.437,21
5,86034.234,21
5,86041.350,21
5,86047.750,21
5,86059.149,21
5,86065.602,21
5,86072.690,21
5,86079.515,21
5,86086.058,21
5,86093.897,21
5,86100.579,23
5,86108.146,23
5,86114.673,23
5,86122.429,23
5,86129.014,23
5,86136.425,23
5,86143.158,23
5,86149.825,23
5,86156.806,23
5,86163.566,23
5,86170.806,23
5,86177.348,23
5,86182.847,23
5,86189.831,23
5,86196.657,23
5,86203.318,23
5,86208.753,23
5,86215.211,23
5,86222.286,23
5,86228.914,23
5,86235.388,23
5,86242.187,23
5,86249.025,23
5,86259.353,23
5,86265.931,25
5,86272.790,25
5,86279.530,25
5,86286.281,25
5,86292.893,25
5,86299.416,25
5,86306.391,25
5,86313.153,25
5,86319.790,25
5,86326.683,25
5,86333.231,25
5,86340.118,25
5,86346.972,25
5,86354.513,25
5,86361.380,25
5,86366.957,25
5,86374.034,25
5,86380.954,25
5,86388.001,25
5,86393.283,25
5,86399.877,25
5,86406.886,25
5,86414.118,25
5,86421.339,25
5,86427.783,25
5,86434.466,27
5,86441.703,27
5,86448.368,27
5,86458.745,27
5,86465.289,27
5,86472.219,27
5,86478.620,27
5,86484.155,27
5,86490.902,27
5,86497.669,27
5,86504.945,27
5,86511.551,27
5,86518.172,27
5,86525.317,27
5,86531.787,27
5,86539.240,27
5,86546.228,27
5,86552.907,27
5,86559.836,27
5,86566.399,27
5,86573.215,27
5,86579.837,27
5,86586.407,27
5,86593.521,27
5,86599.955,29
5,86606.808,29
5,86613.656,29
5,86621.704,29
5,86628.365,29
5,86635.031,29
5,86642.094,29
5,86648.498,29
5,86656.164,29
5,86661.927,29
5,86668.624,29
5,86675.501,29
5,86681.938,29
5,86689.049,29
5,86695.489,29
5,86701.948,29
5,86709.170,29
5,86716.412,29
5,86723.223,29
5,86729.955,29
5,86736.460,29
5,86743.153,29
5,86749.698,29
5,86756.586,29
5,86763.367,29
5,86770.248,31
5,86777.149,31
5,86783.859,31
5,86790.890,31
5,86797.260,31
5,86804.558,31
5,86811.316,31
5,86817.950,31
5,86824.855,31
5,86831.178,31
5,86838.452,31
5,86845.088,31
5,86851.703,31
5,86858.851,31
5,86865.331,31
5,86872.418,31
5,86879.164,31
5,86884.285,31
5,86891.037,31
5,86897.656,31
5,86903.158,31
5,86910.210,31
5,86916.887,31
5,86924.014,31
5,86930.393,33
5,86937.400,33
5,86944.457,33
5,86951.501,33
5,86958.660,33
5,86965.263,33
5,86972.469,33
5,86979.344,33
5,86986.027,33
5,86993.983,33
5,87002.589,33
5,87009.737,33
5,87015.149,33
5,87022.979,33
5,87029.682,33
5,87036.529,33
5,87043.496,33
5,87050.023,33
5,87055.256,33
5,87062.237,33
5,87068.628,33
5,87075.649,33
5,87081.315,33
5,87088.704,33
5,87095.263,33
5,87102.022,36
5,87109.258,36
5,87115.702,36
5,87123.028,36
5,87129.705,36
5,87136.298,36
5,87143.404,36
5,87150.120,36
5,87157.355,36
5,87163.834,36
5,87171.651,36
5,87178.774,36
5,87187.901,36
5,87199.098,36
5,87205.562,36
5,87211.880,36
5,87218.462,36
5,87225.707,36
5,87232.173,36
5,87238.549,36
5,87245.620,36
5,87252.167,36
5,87259.185,36
5,87265.727,38
5,87272.941,38
5,87279.808,38
5,87286.412,38
5,87293.444,38
5,87300.189,38
5,87307.319,38
5,87312.970,38
5,87319.696,38
5,87327.297,38
5,87333.951,38
5,87340.906,38
5,87347.789,38
5,87355.610,38
5,87362.183,38
5,87368.648,38
5,87375.886,38
5,87382.428,38
5,87389.406,38
5,87394.973,38
5,87401.479,38
5,87408.514,38
5,87414.944,38
5,87422.489,38
5,87429.132,38
5,87435.838,40
5,87442.776,40
5,87449.215,40
5,87458.725,40
5,87465.155,40
5,87472.688,40
5,87479.528,40
5,87486.225,40
5,87493.683,40
5,87499.177,40
5,87506.288,40
5,87513.430,40
5,87519.985,40
5,87526.978,40
5,87533.653,40
5,87540.651,40
5,87547.289,40
5,87554.259,40
5,87561.234,40
5,87567.960,40
5,87575.096,40
5,87581.777,40
5,87588.863,40
5,87595.404,40
5,87601.891,42
5,87608.953,42
5,87615.561,42
5,87622.488,42
5,87629.947,42
5,87637.212,42
5,87643.913,42
5,87650.782,42
5,87657.704,42
5,87664.172,42
5,87671.541,42
5,87678.066,42
5,87684.729,42
5,87691.678,42
5,87697.973,42
5,87704.975,42
5,87711.339,42
5,87717.966,42
5,87724.952,42
5,87731.389,42
5,87738.539,42
5,87745.115,42
5,87752.179,42
5,87759.359,42
5,87764.939,44
5,87771.918,44
5,87777.625,44
5,87783.235,44
5,87790.479,44
5,87798.166,44
5,87805.408,44
5,87812.233,44
5,87818.729,44
5,87825.964,44
5,87832.365,44
5,87839.425,44
5,87846.020,44
5,87852.611,44
5,87859.697,44
5,87866.325,44
5,87873.229,44
5,87879.920,44
5,87886.544,44
5,87893.338,44
5,87899.853,44
5,87906.817,44
5,87913.420,44
5,87921.020,44
5,87927.796,44
5,87935.184,46
5,87942.357,46
5,87948.900,46
5,87959.672,46
5,87966.481,46
5,87973.533,46
5,87980.189,46
5,87987.412,46
5,87993.961,46
5,88000.908,46
5,88007.962,46
5,88014.417,46
5,88021.713,46
5,88028.463,46
5,88035.378,46
5,88042.518,46
5,88048.798,46
5,88055.414,46
5,88062.002,46
5,88068.487,46
5,88075.917,46
5,88082.521,46
5,88089.693,46
5,88096.399,46
5,88103.006,48
5,88109.787,48
5,88116.409,48
5,88122.041,48
5,88128.869,48
5,88135.514,48
5,88142.661,48
5,88149.354,48
5,88157.943,48
5,88164.642,48
5,88171.810,48
5,88178.538,48
5,88185.939,48
5,88192.676,48
5,88199.267,48
5,88206.333,48
5,88212.095,48
5,88218.472,48
5,88225.691,48
5,88232.267,48
5,88239.963,48
5,88246.610,48
5,88253.565,48
5,88260.263,48
5,88266.832,50
5,88273.822,50
5,88280.280,50
5,88287.825,50
5,88294.449,50
5,88300.062,50
5,88307.293,50
5,88313.802,50
5,88320.908,50
5,88327.491,50
5,88333.130,50
5,88340.003,50
5,88346.749,50
5,88352.847,50
5,88359.767,50
5,88365.238,50
5,88372.749,50
5,88379.360,50
5,88386.812,50
5,88392.410,50
5,88398.638,50
5,88406.420,50
5,88413.215,50
5,88420.433,50
5,88427.926,50
5,88434.735,52
5,88441.831,52
5,88448.385,52
5,88455.772,52
5,88462.476,52
5,88469.014,52
5,88476.153,52
5,88481.351,52
5,88488.447,52
5,88494.942,52
5,88501.631,52
5,88508.823,52
5,88515.352,52
5,88522.238,52
5,88528.896,52
5,88535.493,52
5,88543.177,52
5,88549.587,52
5,88556.519,52
5,88563.430,52
5,88569.871,52
5,88576.859,52
5,88583.435,52
5,88590.564,52
5,88596.938,54
5,88604.173,54
5,88610.673,54
5,88617.454,54
5,88624.244,54
5,88630.878,54
5,88637.567,54
5,88644.122,54
5,88650.833,54
5,88657.869,54
5,88664.252,54
5,88671.230,54
5,88677.885,54
5,88684.749,54
5,88692.067,54
5,88697.421,54
5,88705.238,54
5,88711.889,54
5,88718.560,54
5,88725.826,54
5,88731.464,54
5,88738.770,54
5,88745.632,54
5,88752.418,54
5,88759.677,54
5,88765.141,56
5,88772.002,56
5,88778.592,56
5,88785.455,56
5,88792.573,56
5,88797.895,56
5,88805.401,56
5,88811.973,56
5,88818.540,56
5,88824.546,56
5,88831.346,56
5,88838.468,56
5,88844.833,56
5,88851.480,56
5,88858.373,56
5,88864.091,56
5,88871.381,56
5,88878.086,56
5,88884.969,56
5,88891.938,56
5,88897.250,56
5,88904.913,56
5,88911.836,56
5,88918.977,56
5,88926.097,56
5,88931.568,58
5,88938.954,58
5,88945.689,58
5,88952.383,58
5,88959.369,58
5,88964.862,58
5,88971.950,58
5,88978.437,58
5,88984.420,58
5,88991.508,58
5,88998.189,58
5,89004.835,58
5,89011.968,58
5,89018.585,58
5,89025.775,58
5,89032.250,58
5,89039.109,58
5,89045.827,58
5,89052.159,58
5,89059.254,58
5,89065.720,58
5,89072.531,58
5,89079.694,58
5,89086.719,58
5,89093.237,58
5,89099.974,60
5,89107.069,60
5,89113.814,60
5,89120.900,60
5,89127.488,60
5,89134.231,60
5,89141.594,60
5,89149.101,60
5,89156.027,60
5,89162.882,60
5,89170.303,60
5,89176.942,60
5,89183.592,60
5,89190.616,60
5,89197.210,60
5,89202.683,60
5,89209.848,60
5,89216.601,60
5,89223.581,60
5,89229.486,60
5,89236.879,60
5,89243.341,60
5,89249.792,60
5,89256.634,60
5,89263.236,60
5,89269.774,63
5,89276.772,63
5,89283.581,63
5,89290.588,63
5,89296.873,63
5,89302.704,63
5,89309.193,63
5,89314.344,63
5,89321.761,63
5,89328.390,63
5,89335.314,63
5,89342.154,63
5,89348.611,63
5,89355.952,63
5,89362.675,63
5,89369.592,63
5,89376.229,63
5,89383.062,63
5,89390.058,63
5,89396.851,63
5,89403.993,63
5,89410.844,63
5,89417.811,63
5,89425.146,63
5,89431.124,65
5,89438.216,65
5,89444.928,65
5,89451.229,65
5,89458.291,65
5,89465.249,65
5,89471.962,65
5,89478.913,65
5,89485.485,65
5,89492.780,65
5,89499.402,65
5,89506.322,65
5,89513.200,65
5,89520.633,65
5,89527.265,65
5,89534.076,65
5,89541.239,65
5,89547.039,65
5,89554.228,65
5,89560.911,65
5,89566.606,65
5,89573.452,65
5,89580.267,65
5,89587.325,65
5,89593.774,65
5,89600.806,67
5,89607.672,67
5,89614.117,67
5,89621.830,67
5,89628.640,67
5,89635.360,67
5,89642.582,67
5,89649.083,67
5,89656.144,67
5,89662.733,67
5,89670.288,67
5,89676.966,67
5,89683.812,67
5,89690.770,67
5,89697.295,67
5,89704.495,67
5,89711.205,67
5,89718.064,67
5,89725.148,67
5,89731.522,67
5,89738.444,67
5,89744.697,67
5,89751.550,67
5,89758.317,67
5,89765.108,69
5,89773.000,69
5,89779.541,69
5,89786.862,69
5,89793.651,69
5,89800.163,69
5,89807.303,69
5,89813.850,69
5,89820.987,69
5,89827.417,69
5,89832.865,69
5,89839.899,69
5,89846.700,69
5,89853.301,69
5,89859.912,69
5,89866.806,69
5,89873.802,69
5,89880.484,69
5,89888.135,69
5,89894.805,69
5,89901.482,69
5,89908.606,69
5,89915.088,69
5,89922.278,69
5,89928.841,69
5,89935.486,71
5,89942.542,71
5,89948.233,71
5,89955.029,71
5,89961.712,71
5,89968.811,71
5,89976.076,71
5,89982.754,71
5,89989.568,71
5,89995.177,71
5,90001.908,71
5,90009.177,71
5,90015.749,71
5,90022.610,71
5,90029.463,71
5,90036.400,71
5,90041.833,71
5,90048.569,71
5,90059.469,71
5,90066.806,71
5,90074.026,71
5,90080.735,71
5,90088.127,71
5,90094.903,71
5,90100.871,73
5,90108.843,73
5,90115.506,73
5,90122.873,73
5,90129.696,73
5,90136.602,73
5,90143.218,73
5,90149.823,73
5,90157.439,73
5,90163.128,73
5,90170.901,73
5,90177.605,73
5,90184.476,73
5,90191.860,73
5,90197.527,73
5,90205.508,73
5,90212.142,73
5,90217.778,73
5,90225.173,73
5,90231.998,73
5,90239.109,73
5,90245.969,73
5,90252.828,73
5,90260.458,73
5,90267.312,75
5,90274.429,75
5,90281.194,75
5,90288.489,75
5,90295.235,75
5,90301.732,75
5,90308.846,75
5,90315.438,75
5,90322.257,75
5,90328.764,75
5,90335.369,75
5,90342.602,75
5,90349.130,75
5,90359.404,75
5,90366.087,75
5,90373.784,75
5,90380.561,75
5,90387.676,75
5,90394.464,75
5,90401.344,75
5,90408.417,75
5,90414.120,75
5,90421.696,75
5,90427.238,75
5,90434.637,77
5,90441.815,77
5,90449.040,77
5,90455.957,77
5,90461.764,77
5,90468.654,77
5,90475.900,77
5,90482.306,77
5,90489.443,77
5,90496.435,77
5,90503.175,77
5,90510.251,77
5,90517.282,77
5,90524.460,77
5,90531.037,77
5,90538.076,77
5,90545.268,77
5,90552.092,77
5,90559.206,77
5,90564.646,77
5,90572.476,77
5,90579.788,77
5,90586.522,77
5,90593.946,77
5,90600.514,79
5,90607.762,79
5,90614.433,79
5,90622.503,79
5,90629.518,79
5,90635.042,79
5,90642.310,79
5,90649.024,79
5,90654.770,79
5,90661.430,79
5,90668.446,79
5,90676.456,79
5,90683.033,79
5,90689.940,79
5,90696.849,79
5,90704.062,79
5,90710.919,79
5,90717.894,79
5,90725.136,79
5,90731.967,79
5,90739.085,79
5,90750.521,79
5,90757.665,79
5,90765.334,79
5,90772.366,81
5,90779.278,81
5,90785.985,81
5,90793.466,81
5,90800.114,81
5,90807.251,81
5,90813.464,81
5,90820.892,81
5,90829.696,81
5,90836.295,81
5,90843.397,81
5,90850.042,81
5,90856.947,81
5,90863.644,81
5,90871.124,81
5,90877.801,81
5,90884.746,81
5,90891.950,81
5,90898.440,81
5,90906.884,81
5,90913.657,81
5,90920.480,81
5,90927.495,81
5,90934.446,83
5,90941.561,83
5,90948.142,83
5,90955.682,83
5,90962.477,83
5,90967.804,83
5,90974.676,83
5,90982.125,83
5,90989.184,83
5,90994.893,83
5,91001.565,83
5,91008.833,83
5,91015.397,83
5,91022.919,83
5,91028.572,83
5,91035.085,83
5,91042.177,83
5,91048.845,83
5,91055.814,83
5,91062.486,83
5,91069.098,83
5,91076.561,83
5,91083.068,83
5,91090.857,83
5,91097.341,85
5,91104.289,85
5,91109.742,85
5,91116.352,85
5,91123.378,85
5,91130.603,85
5,91137.678,85
5,91144.366,85
5,91151.104,85
5,91158.255,85
5,91163.861,85
5,91171.864,85
5,91178.579,85
5,91185.507,85
5,91192.644,85
5,91199.106,85
5,91205.793,85
5,91212.493,85
5,91218.821,85
5,91226.039,85
5,91232.705,85
5,91240.224,85
5,91249.715,85
5,91256.374,85
5,91263.489,85
5,91270.027,87
5,91276.969,87
5,91284.424,87
5,91291.629,87
5,91298.356,87
5,91305.114,87
5,91310.713,87
5,91316.730,87
5,91323.058,87
5,91329.887,87
5,91336.645,87
5,91343.764,87
5,91350.643,87
5,91357.722,87
5,91363.101,87
5,91369.737,87
5,91376.547,87
5,91383.409,87
5,91390.308,87
5,91396.893,87
5,91403.496,87
5,91410.506,87
5,91417.310,87
5,91424.321,87
5,91430.838,90
5,91437.963,90
5,91444.985,90
5,91451.932,90
5,91458.949,90
5,91464.537,90
5,91471.911,90
5,91478.704,90
5,91485.114,90
5,91492.171,90
5,91498.644,90
5,91505.973,90
5,91512.667,90
5,91519.177,90
5,91526.437,90
5,91533.015,90
5,91540.025,90
5,91549.580,90
5,91555.950,90
5,91562.267,90
5,91569.345,90
5,91576.352,90
5,91583.103,90
5,91590.850,90
5,91597.343,92
5,91604.273,92
5,91611.101,92
5,91617.746,92
5,91625.541,92
5,91632.752,92
5,91639.771,92
5,91646.557,92
5,91653.175,92
5,91660.133,92
5,91666.564,92
5,91673.383,92
5,91679.901,92
5,91686.504,92
5,91693.308,92
5,91698.882,92
5,91706.183,92
5,91712.956,92
5,91719.672,92
5,91726.474,92
5,91732.267,92
5,91739.093,92
5,91745.754,92
5,91752.939,92
5,91759.498,92
5,91766.640,94
5,91773.563,94
5,91780.606,94
5,91791.492,94
5,91797.989,94
5,91805.215,94
5,91811.702,94
5,91818.619,94
5,91825.708,94
5,91831.465,94
5,91838.469,94
5,91845.199,94
5,91851.720,94
5,91858.992,94
5,91864.582,94
5,91871.918,94
5,91878.474,94
5,91885.384,94
5,91893.045,94
5,91899.717,94
5,91906.773,94
5,91913.537,94
5,91920.172,94
5,91926.691,94
5,91933.331,96
5,91940.219,96
5,91950.600,96
5,91957.529,96
5,91964.068,96
5,91970.976,96
5,91977.514,96
5,91984.417,96
5,91991.665,96
5,91999.296,96
5,92011.504,96
5,92017.124,96
5,92024.185,96
5,92030.844,96
5,92037.746,96
5,92044.285,96
5,92051.145,96
5,92058.192,96
5,92064.542,96
5,92071.729,96
5,92078.520,96
5,92085.033,96
5,92092.116,96
5,92098.556,98
5,92105.359,98
5,92110.965,98
5,92117.445,98
5,92124.574,98
5,92131.046,98
5,92138.624,98
5,92144.118,98
5,92150.698,98
5,92157.665,98
5,92164.831,98
5,92171.138,98
5,92177.828,98
5,92184.830,98
5,92191.998,98
5,92198.313,98
5,92206.296,98
5,92213.133,98
5,92220.120,98
5,92226.606,98
5,92233.175,98
5,92240.049,98
5,92249.359,98
5,92256.206,98
5,92263.007,98
5,92271.461,100
5,92278.166,100
5,92285.051,100
5,92292.076,100
5,92297.670,100
5,92305.062,100
5,92311.905,100
5,92318.495,100
5,92325.925,100
5,92332.339,100
5,92339.244,100
5,92346.009,100
5,92353.311,100
5,92359.777,100
5,92366.420,100
5,92373.372,100
5,92378.926,100
5,92385.150,100
5,92391.950,100
5,92398.352,100
5,92405.281,100
5,92411.821,100
5,92418.532,100
5,92425.828,100
5,92432.254,102
5,92439.366,102
5,92446.001,102
5,92453.148,102
5,92459.725,102
5,92466.338,102
5,92473.198,102
5,92479.775,102
5,92486.969,102
5,92493.763,102
5,92501.158,102
5,92508.200,102
5,92515.201,102
5,92522.110,102
5,92530.713,102
5,92538.070,102
5,92544.888,102
5,92551.557,102
5,92558.480,102
5,92565.005,102
5,92571.785,102
5,92578.826,102
5,92585.409,102
5,92592.616,102
5,92599.038,104
5,92605.803,104
5,92612.779,104
5,92619.351,104
5,92630.065,104
5,92636.991,104
5,92644.001,104
5,92650.699,104
5,92657.560,104
5,92662.943,104
5,92670.772,104
5,92677.475,104
5,92684.351,104
5,92691.599,104
5,92698.023,104
5,92705.274,104
5,92711.932,104
5,92718.524,104
5,92725.747,104
5,92731.259,104
5,92737.454,104
5,92744.147,104
5,92749.778,104
5,92758.146,104
5,92764.825,106
5,92771.824,106
5,92778.752,106
5,92786.572,106
5,92793.166,106
5,92799.853,106
5,92807.668,106
5,92814.150,106
5,92821.745,106
5,92829.756,106
5,92836.295,106
5,92843.351,106
5,92850.128,106
5,92857.221,106
5,92863.788,106
5,92871.498,106
5,92878.200,106
5,92885.276,106
5,92892.499,106
5,92899.033,106
5,92905.885,106
5,92912.882,106
5,92920.737,106
5,92930.266,106
5,92937.367,108
5,92944.353,108
5,92951.409,108
5,92957.968,108
5,92964.475,108
5,92971.867,108
5,92977.791,108
5,92984.509,108
5,92991.976,108
5,92998.637,108
5,93005.696,108
5,93012.726,108
5,93019.388,108
5,93027.022,108
5,93032.823,108
5,93040.079,108
5,93047.024,108
5,93054.545,108
5,93061.700,108
5,93068.489,108
5,93075.837,108
5,93082.482,108
5,93091.466,108
5,93097.963,110
5,93105.355,110
5,93112.820,110
5,93119.461,110
5,93126.697,110
5,93133.183,110
5,93140.349,110
5,93151.006,110
5,93158.117,110
5,93164.846,110
5,93172.122,110
5,93179.100,110
5,93185.809,110
5,93192.882,110
5,93198.160,110
5,93205.037,110
5,93211.823,110
5,93218.577,110
5,93225.414,110
5,93231.922,110
5,93239.367,110
5,93246.276,110
5,93252.878,110
5,93260.003,110
5,93266.705,112
5,93273.515,112
5,93280.162,112
5,93287.368,112
5,93293.818,112
5,93299.658,112
5,93306.831,112
5,93313.769,112
5,93321.026,112
5,93327.544,112
5,93334.303,112
5,93341.291,112
5,93350.814,112
5,93357.922,112
5,93364.570,112
5,93370.903,112
5,93377.746,112
5,93384.004,112
5,93391.340,112
5,93398.006,112
5,93405.387,112
5,93412.077,112
5,93420.085,112
5,93426.716,112
5,93433.310,115
5,93440.265,115
5,93447.219,115
5,93454.519,115
5,93461.125,115
5,93467.760,115
5,93474.803,115
5,93481.234,115
5,93491.367,115
5,93498.286,115
5,93505.686,115
5,93512.472,115
5,93519.680,115
5,93530.872,115
5,93538.156,115
5,93544.996,115
5,93551.817,115
5,93559.042,115
5,93564.553,115
5,93571.995,115
5,93578.484,115
5,93585.060,115
5,93592.173,115
5,93598.854,117
5,93605.723,117
5,93611.553,117
5,93617.072,117
5,93623.889,117
5,93631.864,117
5,93639.219,117
5,93650.401,117
5,93657.427,117
5,93663.004,117
5,93670.323,117
5,93676.980,117
5,93682.591,117
5,93689.662,117
5,93696.466,117
5,93703.424,117
5,93709.899,117
5,93716.453,117
5,93724.235,117
5,93731.072,117
5,93738.072,117
5,93745.006,117
5,93751.943,117
5,93759.073,117
5,93765.078,119
5,93772.208,119
5,93778.892,119
5,93785.596,119
5,93792.703,119
5,93799.435,119
5,93806.526,119
5,93813.302,119
5,93820.049,119
5,93830.250,119
5,93837.301,119
5,93842.813,119
5,93849.320,119
5,93856.287,119
5,93863.086,119
5,93869.940,119
5,93876.556,119
5,93883.995,119
5,93891.029,119
5,93897.475,119
5,93905.011,119
5,93911.698,119
5,93918.523,119
5,93925.726,119
5,93932.043,121
5,93938.917,121
5,93945.686,121
5,93952.135,121
5,93959.188,121
5,93965.857,121
5,93972.937,121
5,93979.642,121
5,93986.214,121
5,93993.147,121
5,93999.546,121
5,94006.485,121
5,94013.055,121
5,94019.047,121
5,94030.430,121
5,94037.391,121
5,94044.000,121
5,94050.724,121
5,94057.614,121
5,94063.094,121
5,94069.639,121
5,94076.648,121
5,94083.438,121
5,94090.277,121
5,94096.845,123
5,94104.192,123
5,94111.004,123
5,94117.667,123
5,94124.610,123
5,94131.364,123
5,94138.714,123
5,94145.538,123
5,94152.046,123
5,94159.182,123
5,94164.868,123
5,94172.542,123
5,94178.162,123
5,94185.889,123
5,94193.052,123
5,94199.846,123
5,94207.659,123
5,94213.408,123
5,94220.378,123
5,94225.907,123
5,94232.484,123
5,94239.447,123
5,94246.251,123
5,94253.912,123
5,94260.577,123
5,94267.506,125
5,94274.584,125
5,94280.933,125
5,94288.421,125
5,94295.041,125
5,94300.878,125
5,94308.124,125
5,94314.857,125
5,94322.085,125
5,94329.401,125
5,94336.444,125
5,94342.933,125
5,94348.401,125
5,94355.382,125
5,94361.831,125
5,94368.713,125
5,94376.013,125
5,94381.614,125
5,94388.864,125
5,94395.580,125
5,94402.255,125
5,94409.295,125
5,94414.770,125
5,94422.633,125
5,94429.138,125
5,94435.626,127
5,94443.089,127
5,94449.655,127
5,94456.585,127
5,94463.216,127
5,94470.277,127
5,94476.818,127
5,94483.431,127
5,94490.486,127
5,94497.183,127
5,94504.080,127
5,94510.608,127
5,94517.012,127
5,94524.325,127
5,94531.205,127
5,94538.250,127
5,94544.948,127
5,94551.667,127
5,94558.516,127
5,94564.898,127
5,94572.288,127
5,94579.077,127
5,94584.713,127
5,94591.994,127
5,94598.668,129
5,94605.779,129
5,94612.500,129
5,94620.048,129
5,94627.440,129
5,94634.798,129
5,94641.803,129
5,94648.544,129
5,94655.485,129
5,94662.171,129
5,94668.614,129
5,94675.826,129
5,94682.550,129
5,94689.519,129
5,94696.211,129
5,94704.025,129
5,94709.505,129
5,94716.211,129
5,94723.283,129
5,94730.679,129
5,94737.559,129
5,94744.182,129
5,94750.780,129
5,94758.027,129
5,94764.620,131
5,94772.065,131
5,94778.633,131
5,94785.178,131
5,94792.277,131
5,94798.718,131
5,94805.947,131
5,94812.778,131
5,94819.766,131
5,94826.435,131
5,94832.149,131
5,94839.130,131
5,94845.952,131
5,94853.487,131
5,94860.096,131
5,94870.630,131
5,94877.626,131
5,94884.410,131
5,94891.451,131
5,94897.915,131
5,94905.228,131
5,94911.858,131
5,94917.186,131
5,94924.037,131
5,94930.534,133
5,94938.440,133
5,94944.885,133
5,94951.809,133
5,94959.059,133
5,94965.647,133
5,94972.468,133
5,94979.243,133
5,94985.870,133
5,94993.018,133
5,94998.594,133
5,95005.707,133
5,95012.254,133
5,95018.732,133
5,95026.045,133
5,95032.570,133
5,95039.410,133
5,95046.232,133
5,95053.442,133
5,95060.306,133
5,95071.365,133
5,95078.356,133
5,95085.294,133
5,95092.540,133
5,95098.906,135
5,95105.783,135
5,95112.565,135
5,95119.598,135
5,95126.220,135
5,95131.957,135
5,95138.889,135
5,95145.690,135
5,95152.288,135
5,95159.317,135
5,95165.977,135
5,95174.018,135
5,95180.432,135
5,95187.417,135
5,95193.981,135
5,95200.687,135
5,95207.751,135
5,95214.321,135
5,95221.743,135
5,95228.250,135
5,95233.963,135
5,95241.804,135
5,95248.719,135
5,95255.961,135
5,95262.777,135
5,95269.435,137
5,95276.535,137
5,95283.277,137
5,95290.531,137
5,95297.145,137
5,95304.511,137
5,95311.274,137
5,95318.216,137
5,95325.225,137
5,95331.904,137
5,95338.917,137
5,95345.927,137
5,95351.430,137
5,95358.624,137
5,95365.218,137
5,95373.043,137
5,95379.897,137
5,95387.325,137
5,95394.128,137
5,95401.156,137
5,95408.373,137
5,95415.164,137
5,95422.082,137
5,95428.693,137
5,95435.304,139
5,95442.903,139
5,95449.701,139
5,95456.718,139
5,95462.866,139
5,95469.488,139
5,95476.599,139
5,95482.249,139
5,95491.208,139
5,95497.588,139
5,95504.920,139
5,95511.622,139
5,95518.471,139
5,95525.743,139
5,95531.233,139
5,95538.061,139
5,95545.317,139
5,95552.053,139
5,95559.384,139
5,95566.023,139
5,95573.293,139
5,95579.749,139
5,95585.570,139
5,95592.793,139
5,95599.386,142
5,95606.439,142
5,95613.281,142
5,95620.125,142
5,95626.652,142
5,95633.186,142
5,95639.969,142
5,95647.041,142
5,95654.787,142
5,95661.618,142
5,95668.140,142
5,95675.052,142
5,95681.515,142
5,95688.690,142
5,95695.385,142
5,95701.750,142
5,95708.865,142
5,95715.481,142
5,95722.443,142
5,95729.082,142
5,95735.456,142
5,95742.088,142
5,95750.726,142
5,95757.629,142
5,95763.225,144
5,95770.595,144
5,95777.259,144
5,95784.096,144
5,95791.076,144
5,95797.749,144
5,95804.639,144
5,95810.970,144
5,95817.574,144
5,95824.972,144
5,95831.556,144
5,95838.859,144
5,95846.069,144
5,95852.688,144
5,95859.759,144
5,95866.474,144
5,95873.307,144
5,95879.968,144
5,95886.751,144
5,95893.246,144
5,95899.795,144
5,95906.825,144
5,95913.342,144
5,95920.689,144
5,95927.175,144
5,95933.982,146
5,95940.563,146
5,95945.934,146
5,95952.728,146
5,95959.751,146
5,95965.422,146
5,95972.493,146
5,95979.107,146
5,95986.474,146
5,95993.220,146
5,95999.848,146
5,96010.935,146
5,96017.612,146
5,96024.766,146
5,96031.245,146
5,96038.532,146
5,96045.169,146
5,96051.764,146
5,96058.975,146
5,96065.561,146
5,96072.431,146
5,96079.053,146
5,96085.606,146
5,96092.668,146
5,96099.209,148
5,96106.445,148
5,96113.270,148
5,96120.070,148
5,96126.648,148
5,96133.390,148
5,96141.087,148
5,96149.346,148
5,96156.469,148
5,96162.389,148
5,96171.052,148
5,96178.416,148
5,96185.345,148
5,96192.664,148
5,96199.256,148
5,96206.328,148
5,96213.289,148
5,96220.881,148
5,96227.600,148
5,96234.629,148
5,96242.122,148
5,96251.252,148
5,96258.793,148
5,96265.451,150
5,96272.540,150
5,96279.391,150
5,96286.158,150
5,96292.763,150
5,96299.221,150
5,96306.524,150
5,96313.219,150
5,96320.154,150
5,96327.204,150
5,96334.216,150
5,96341.527,150
5,96348.428,150
5,96355.773,150
5,96362.950,150
5,96370.476,150
5,96377.737,150
5,96383.973,150
5,96391.363,150
5,96398.169,150
5,96406.698,150
5,96414.596,150
5,96422.293,150
5,96429.354,150
5,96436.363,152
5,96442.153,152
5,96449.439,152
5,96457.034,152
5,96464.217,152
5,96471.335,152
5,96478.066,152
5,96485.066,152
5,96492.260,152
5,96498.896,152
5,96506.257,152
5,96513.228,152
5,96520.514,152
5,96526.151,152
5,96532.907,152
5,96539.907,152
5,96546.882,152
5,96554.236,152
5,96561.143,152
5,96567.841,152
5,96574.928,152
5,96581.991,152
5,96589.871,152
5,96597.094,152
5,96604.971,154
5,96611.972,154
5,96619.105,154
5,96628.429,154
5,96634.886,154
5,96642.724,154
5,96648.676,154
5,96656.326,154
5,96663.421,154
5,96671.495,154
5,96678.914,154
5,96685.627,154
5,96692.875,154
5,96699.830,154
5,96707.237,154
5,96713.226,154
5,96721.645,154
5,96728.765,154
5,96734.598,154
5,96741.911,154
5,96748.944,154
5,96756.830,154
5,96763.625,156
5,96770.996,156
5,96777.622,156
5,96784.420,156
5,96791.595,156
5,96798.199,156
5,96804.583,156
5,96811.350,156
5,96818.046,156
5,96825.154,156
5,96831.718,156
5,96839.132,156
5,96844.849,156
5,96851.633,156
5,96858.607,156
5,96865.164,156
5,96872.038,156
5,96877.686,156
5,96884.385,156
5,96891.557,156
5,96898.063,156
5,96904.289,156
5,96911.378,156
5,96918.053,156
5,96925.152,156
5,96931.532,158
5,96937.861,158
5,96944.450,158
5,96951.320,158
5,96958.320,158
5,96965.136,158
5,96972.566,158
5,96977.973,158
5,96984.738,158
5,96993.195,158
5,97001.803,158
5,97008.321,158
5,97014.959,158
5,97022.184,158
5,97028.913,158
5,97035.702,158
5,97043.117,158
5,97050.679,158
5,97058.385,158
5,97065.134,158
5,97073.027,158
5,97079.820,158
5,97086.462,158
5,97093.383,158
5,97100.058,160
5,97107.198,160
5,97113.952,160
5,97120.364,160
5,97127.243,160
5,97134.163,160
5,97141.240,160
5,97147.761,160
5,97154.766,160
5,97161.394,160
5,97168.175,160
5,97175.243,160
5,97181.724,160
5,97188.175,160
5,97194.944,160
5,97201.973,160
5,97209.289,160
5,97214.987,160
5,97222.317,160
5,97228.978,160
5,97235.470,160
5,97242.632,160
5,97249.120,160
5,97255.220,160
5,97261.667,160
5,97268.625,162
5,97275.719,162
5,97282.280,162
5,97289.338,162
5,97296.228,162
5,97303.034,162
5,97309.480,162
5,97316.101,162
5,97323.044,162
5,97329.545,162
5,97336.485,162
5,97342.859,162
5,97349.587,162
5,97356.422,162
5,97363.746,162
5,97371.763,162
5,97380.157,162
5,97386.839,162
5,97392.857,162
5,97399.997,162
5,97407.103,162
5,97413.832,162
5,97421.835,162
5,97428.755,162
5,97435.213,164
5,97442.073,164
5,97448.433,164
5,97455.269,164
5,97462.005,164
5,97468.612,164
5,97475.760,164
5,97482.189,164
5,97488.983,164
5,97495.602,164
5,97502.148,164
5,97509.215,164
5,97515.625,164
5,97522.566,164
5,97529.156,164
5,97535.955,164
5,97542.804,164
5,97549.285,164
5,97556.357,164
5,97562.927,164
5,97569.484,164
5,97576.786,164
5,97583.477,164
5,97590.621,164
5,97596.136,166
5,97602.729,166
5,97609.739,166
5,97616.221,166
5,97623.080,166
5,97629.676,166
5,97638.735,166
5,97648.980,166
5,97655.809,166
5,97662.762,166
5,97670.331,166
5,97676.787,166
5,97683.603,166
5,97690.804,166
5,97697.373,166
5,97708.533,166
5,97718.220,166
5,97725.477,166
5,97731.835,166
5,97738.898,166
5,97745.648,166
5,97752.330,166
5,97759.295,166
5,97765.955,169
5,97772.768,169
5,97779.461,169
5,97786.412,169
5,97793.132,169
5,97799.741,169
5,97806.987,169
5,97812.729,169
5,97820.275,169
5,97826.841,169
5,97833.426,169
5,97840.337,169
5,97846.836,169
5,97854.126,169
5,97860.769,169
5,97867.528,169
5,97874.624,169
5,97881.078,169
5,97888.681,169
5,97895.695,169
5,97902.355,169
5,97909.798,169
5,97916.529,169
5,97923.332,169
5,97930.084,169
5,97937.332,171
5,97947.150,171
5,97954.698,171
5,97961.424,171
5,97968.158,171
5,97975.878,171
5,97982.439,171
5,97989.436,171
5,97996.117,171
5,98001.771,171
5,98009.083,171
5,98015.612,171
5,98022.431,171
5,98029.006,171
5,98035.586,171
5,98042.548,171
5,98049.025,171
5,98056.009,171
5,98066.381,171
5,98072.889,171
5,98079.969,171
5,98086.491,171
5,98093.423,171
5,98100.220,173
5,98107.305,173
5,98113.711,173
5,98121.765,173
5,98128.373,173
5,98140.732,173
5,98147.080,173
5,98153.850,173
5,98160.686,173
5,98167.682,173
5,98175.059,173
5,98181.593,173
5,98189.291,173
5,98196.034,173
5,98202.664,173
5,98209.705,173
5,98216.099,173
5,98222.846,173
5,98229.480,173
5,98236.726,173
5,98243.229,173
5,98249.836,173
5,98256.718,173
5,98268.090,175
5,98275.114,175
5,98282.315,175
5,98289.412,175
5,98295.969,175
5,98302.499,175
5,98309.981,175
5,98316.544,175
5,98323.445,175
5,98330.274,175
5,98337.052,175
5,98347.265,175
5,98354.108,175
5,98360.765,175
5,98367.647,175
5,98374.736,175
5,98381.213,175
5,98387.954,175
5,98394.492,175
5,98401.137,175
5,98407.991,175
5,98414.428,175
5,98421.791,175
5,98428.398,175
5,98435.306,177
5,98442.331,177
5,98448.604,177
5,98455.465,177
5,98466.034,177
5,98472.830,177
5,98479.464,177
5,98486.427,177
5,98492.925,177
5,98499.505,177
5,98506.336,177
5,98513.027,177
5,98519.599,177
5,98526.603,177
5,98533.049,177
5,98539.893,177
5,98546.533,177
5,98553.558,177
5,98560.097,177
5,98565.800,177
5,98572.773,177
5,98579.431,177
5,98587.024,177
5,98592.632,177
5,98599.189,179
5,98606.254,179
5,98612.910,179
5,98619.461,179
5,98625.958,179
5,98632.302,179
5,98639.880,179
5,98646.641,179
5,98653.656,179
5,98660.176,179
5,98666.961,179
5,98673.785,179
5,98680.082,179
5,98687.331,179
5,98693.727,179
5,98700.555,179
5,98707.666,179
5,98714.453,179
5,98722.546,179
5,98729.028,179
5,98735.480,179
5,98746.522,179
5,98753.119,179
5,98759.656,179
5,98766.218,180
5,98772.997,180
5,98779.846,180
5,98786.752,180
5,98793.225,180
5,98799.760,180
5,98806.659,180
5,98813.260,180
5,98820.160,180
5,98826.628,180
5,98833.195,180
5,98840.351,180
5,98847.156,180
5,98854.566,180
5,98861.098,180
5,98867.619,180
5,98874.770,180
5,98881.489,180
5,98889.041,180
5,98895.549,180
5,98901.990,180
5,98909.151,180
5,98914.496,180
5,98921.954,180
5,98928.484,180
6,98935.179,0
6,98942.701,0
6,98949.058,0
6,98956.049,0
6,98962.695,0
6,98969.323,0
6,98976.661,0
6,98983.442,0
6,98990.505,0
6,98997.345,0
6,99004.390,0
6,99009.604,0
6,99016.052,0
6,99022.881,0
6,99029.647,0
6,99036.219,0
6,99042.847,0
6,99049.450,0
6,99056.509,0
6,99067.241,0
6,99073.855,0
6,99080.205,0
6,99087.423,0
6,99093.970,0
6,99100.880,0
6,99107.826,0
6,99114.398,0
6,99121.760,0
6,99128.348,0
6,99135.118,0
6,99142.386,0
6,99148.747,0
6,99155.476,0
6,99161.757,0
6,99168.058,0
6,99175.482,0
6,99184.786,0
6,99192.512,0
6,99199.015,0
6,99206.404,0
6,99212.319,0
6,99217.605,0
6,99226.678,0
6,99233.431,0
6,99240.322,0
6,99246.980,0
6,99253.641,0
6,99260.194,0
6,99267.020,0
6,99273.973,0
6,99280.697,0
6,99287.839,0
6,99294.399,0
6,99301.197,0
6,99308.235,0
6,99314.706,0
6,99322.097,0
6,99328.452,0
6,99335.021,0
6,99342.188,0
6,99348.686,0
6,99355.878,0
6,99366.046,0
6,99372.982,0
6,99379.508,0
6,99385.976,0
6,99392.857,0
6,99399.291,0
6,99406.087,0
6,99411.553,0
6,99417.964,0
6,99425.062,0
6,99431.447,2
6,99438.456,2
6,99446.670,2
6,99453.225,2
6,99459.231,2
6,99464.935,2
6,99472.864,2
6,99479.578,2
6,99486.200,2
6,99492.941,2
6,99499.493,2
6,99506.513,2
6,99513.294,2
6,99519.963,2
6,99526.995,2
6,99533.879,2
6,99540.800,2
6,99547.486,2
6,99554.234,2
6,99561.361,2
6,99568.084,2
6,99575.273,2
6,99581.704,2
6,99589.142,2
6,99594.773,2
6,99601.256,4
6,99608.272,4
6,99614.744,4
6,99621.999,4
6,99628.733,4
6,99635.273,4
6,99642.235,4
6,99648.779,4
6,99655.720,4
6,99666.395,4
6,99673.113,4
6,99680.070,4
6,99686.563,4
6,99692.739,4
6,99699.113,4
6,99706.081,4
6,99712.770,4
6,99719.552,4
6,99726.337,4
6,99732.962,4
6,99739.954,4
6,99746.815,4
6,99753.443,4
6,99759.882,4
6,99766.509,6
6,99773.382,6
6,99780.227,6
6,99787.088,6
6,99794.433,6
6,99801.361,6
6,99808.548,6
6,99815.092,6
6,99822.409,6
6,99828.928,6
6,99836.386,6
6,99846.008,6
6,99853.172,6
6,99859.759,6
6,99866.449,6
6,99873.400,6
6,99880.015,6
6,99886.653,6
6,99892.965,6
6,99899.474,6
6,99906.330,6
6,99912.970,6
6,99919.734,6
6,99926.267,6
6,99932.830,9
6,99939.696,9
6,99946.209,9
6,99952.591,9
6,99959.557,9
6,99966.058,9
6,99972.996,9
6,99979.731,9
6,99986.363,9
6,99993.260,9
6,100000.100,9
6,100007.055,9
6,100012.632,9
6,100019.150,9
6,100026.547,9
6,100033.289,9
6,100040.312,9
6,100047.173,9
6,100054.162,9
6,100061.362,9
6,100067.988,9
6,100077.522,9
6,100084.200,9
6,100090.837,9
6,100098.293,11
6,100106.200,11
6,100112.295,11
6,100118.763,11
6,100125.955,11
6,100131.621,11
6,100138.945,11
6,100146.547,11
6,100153.436,11
6,100160.042,11
6,100166.797,11
6,100173.889,11
6,100180.413,11
6,100188.286,11
6,100194.821,11
6,100201.545,11
6,100208.719,11
6,100215.252,11
6,100222.641,11
6,100229.469,11
6,100236.121,11
6,100243.308,11
6,100248.844,11
6,100255.893,11
6,100265.500,11
6,100272.949,13
6,100279.564,13
6,100286.228,13
6,100292.996,13
6,100299.718,13
6,100306.686,13
6,100313.440,13
6,100320.232,13
6,100326.739,13
6,100332.166,13
6,100339.258,13
6,100345.842,13
6,100353.042,13
6,100359.788,13
6,100366.339,13
6,100373.251,13
6,100379.932,13
6,100386.727,13
6,100393.161,13
6,100400.301,13
6,100407.296,13
6,100413.643,13
6,100420.981,13
6,100426.799,13
6,100433.331,15
6,100440.468,15
6,100447.085,15
6,100454.336,15
6,100460.841,15
6,100467.688,15
6,100474.665,15
6,100481.081,15
6,100488.003,15
6,100494.316,15
6,100501.242,15
6,100508.122,15
6,100513.260,15
6,100519.979,15
6,100527.025,15
6,100533.789,15
6,100540.798,15
6,100547.020,15
6,100554.645,15
6,100561.092,15
6,100567.675,15
6,100574.653,15
6,100581.259,15
6,100588.560,15
6,100595.191,15
6,100601.915,17
6,100608.983,17
6,100614.504,17
6,100621.993,17
6,100628.532,17
6,100635.156,17
6,100642.254,17
6,100648.606,17
6,100655.256,17
6,100666.366,17
6,100673.103,17
6,100679.863,17
6,100687.020,17
6,100693.769,17
6,100701.186,17
6,100708.459,17
6,100714.862,17
6,100722.192,17
6,100728.916,17
6,100735.526,17
6,100742.817,17
6,100749.461,17
6,100756.341,17
6,100766.103,17
6,100773.016,19
6,100779.731,19
6,100786.593,19
6,100793.139,19
6,100799.595,19
6,100806.526,19
6,100813.238,19
6,100819.888,19
6,100826.325,19
6,100832.942,19
6,100839.853,19
6,100846.586,19
6,100853.363,19
6,100859.953,19
6,100866.551,19
6,100873.384,19
6,100879.986,19
6,100886.825,19
6,100893.010,19
6,100899.551,19
6,100906.436,19
6,100911.774,19
6,100918.226,19
6,100925.161,19
6,100931.527,21
6,100938.868,21
6,100946.373,21
6,100953.101,21
6,100958.876,21
6,100965.358,21
6,100972.518,21
6,100979.211,21
6,100986.352,21
6,100992.938,21
6,100999.619,21
6,101007.411,21
6,101013.833,21
6,101020.991,21
6,101027.395,21
6,101034.099,21
6,101041.142,21
6,101047.264,21
6,101054.624,21
6,101061.093,21
6,101066.533,21
6,101073.427,21
6,101080.191,21
6,101087.345,21
6,101093.745,21
6,101100.627,23
6,101107.614,23
6,101114.414,23
6,101121.407,23
6,101128.073,23
6,101134.752,23
6,101141.920,23
6,101148.185,23
6,101155.224,23
6,101166.048,23
6,101173.916,23
6,101180.437,23
6,101187.501,23
6,101193.999,23
6,101200.834,23
6,101207.851,23
6,101214.102,23
6,101221.597,23
6,101228.182,23
6,101234.965,23
6,101241.929,23
6,101248.390,23
6,101255.430,23
6,101265.919,23
6,101272.791,25
6,101279.518,25
6,101286.443,25
6,101293.285,25
6,101300.063,25
6,101307.244,25
6,101314.433,25
6,101322.020,25
6,101328.648,25
6,101336.001,25
6,101342.429,25
6,101348.868,25
6,101355.703,25
6,101362.152,25
6,101369.342,25
6,101376.068,25
6,101382.606,25
6,101389.539,25
6,101396.140,25
6,101402.808,25
6,101409.343,25
6,101415.954,25
6,101422.901,25
6,101432.664,25
6,101440.079,27
6,101446.963,27
6,101454.026,27
6,101460.534,27
6,101467.213,27
6,101474.299,27
6,101481.201,27
6,101488.317,27
6,101494.952,27
6,101507.099,27
6,101514.183,27
6,101520.802,27
6,101527.241,27
6,101533.966,27
6,101540.851,27
6,101547.240,27
6,101554.199,27
6,101560.701,27
6,101567.456,27
6,101574.442,27
6,101581.212,27
6,101588.106,27
6,101593.781,27
6,101600.436,29
6,101607.478,29
6,101614.203,29
6,101622.591,29
6,101630.227,29
6,101637.094,29
6,101646.500,29
6,101653.192,29
6,101660.170,29
6,101666.981,29
6,101674.035,29
6,101680.407,29
6,101687.726,29
6,101694.793,29
6,101701.602,29
6,101708.727,29
6,101715.090,29
6,101722.996,29
6,101729.532,29
6,101736.789,29
6,101743.167,29
6,101749.689,29
6,101756.545,29
6,101766.055,29
6,101772.905,31
6,101779.592,31
6,101786.412,31
6,101792.971,31
6,101799.563,31
6,101806.457,31
6,101813.272,31
6,101819.997,31
6,101826.310,31
6,101832.802,31
6,101839.649,31
6,101846.213,31
6,101852.801,31
6,101859.163,31
6,101865.807,31
6,101872.721,31
6,101879.380,31
6,101886.195,31
6,101893.105,31
6,101899.723,31
6,101906.804,31
6,101913.597,31
6,101920.643,31
6,101927.823,31
6,101934.441,33
6,101941.682,33
6,101948.294,33
6,101955.064,33
6,101961.613,33
6,101968.427,33
6,101975.841,33
6,101982.304,33
6,101989.589,33
6,101996.208,33
6,102002.923,33
6,102009.227,33
6,102015.849,33
6,102022.767,33
6,102029.459,33
6,102036.328,33
6,102042.546,33
6,102048.864,33
6,102055.701,33
6,102066.373,33
6,102073.355,33
6,102080.079,33
6,102087.212,33
6,102093.655,33
6,102099.371,36
6,102106.381,36
6,102113.054,36
6,102119.038,36
6,102125.721,36
6,102131.955,36
6,102138.735,36
6,102145.948,36
6,102153.029,36
6,102159.681,36
6,102166.467,36
6,102173.712,36
6,102183.205,36
6,102190.063,36
6,102196.637,36
6,102203.369,36
6,102209.705,36
6,102216.089,36
6,102222.797,36
6,102230.155,36
6,102237.174,36
6,102243.638,36
6,102250.422,36
6,102257.500,36
6,102267.897,38
6,102275.039,38
6,102281.483,38
6,102288.446,38
6,102294.864,38
6,102301.925,38
6,102309.104,38
6,102315.635,38
6,102322.671,38
6,102329.217,38
6,102336.181,38
6,102342.787,38
6,102349.413,38
6,102356.486,38
6,102368.208,38
6,102375.378,38
6,102381.899,38
6,102388.778,38
6,102395.476,38
6,102402.082,38
6,102409.025,38
6,102415.390,38
6,102422.224,38
6,102428.982,38
6,102435.675,40
6,102447.840,40
6,102454.859,40
6,102461.358,40
6,102468.101,40
6,102475.292,40
6,102481.848,40
6,102489.295,40
6,102494.991,40
6,102502.002,40
6,102509.119,40
6,102515.639,40
6,102522.684,40
6,102529.396,40
6,102536.548,40
6,102543.366,40
6,102550.005,40
6,102556.949,40
6,102566.589,40
6,102573.027,40
6,102579.966,40
6,102586.632,40
6,102593.422,40
6,102600.190,42
6,102607.057,42
6,102613.473,42
6,102620.407,42
6,102627.660,42
6,102633.377,42
6,102640.648,42
6,102647.521,42
6,102653.638,42
6,102660.734,42
6,102667.636,42
6,102673.751,42
6,102680.621,42
6,102687.699,42
6,102694.706,42
6,102701.552,42
6,102708.613,42
6,102715.194,42
6,102722.164,42
6,102728.694,42
6,102735.196,42
6,102741.930,42
6,102748.524,42
6,102755.454,42
6,102765.901,42
6,102772.688,44
6,102779.451,44
6,102786.417,44
6,102792.995,44
6,102799.732,44
6,102807.019,44
6,102813.901,44
6,102821.061,44
6,102827.562,44
6,102834.297,44
6,102841.871,44
6,102848.289,44
6,102855.734,44
6,102866.001,44
6,102872.876,44
6,102879.552,44
6,102886.607,44
6,102893.168,44
6,102899.820,44
6,102907.100,44
6,102913.660,44
6,102920.699,44
6,102927.604,44
6,102934.434,46
6,102942.755,46
6,102949.543,46
6,102956.487,46
6,102966.618,46
6,102973.322,46
6,102980.678,46
6,102987.289,46
6,102996.390,46
6,103003.360,46
6,103009.536,46
6,103015.028,46
6,103026.519,46
6,103032.349,46
6,103039.529,46
6,103045.093,46
6,103050.326,46
6,103057.364,46
6,103068.524,46
6,103075.859,46
6,103082.554,46
6,103089.583,46
6,103096.144,46
6,103107.817,48
6,103115.730,48
6,103123.010,48
6,103129.911,48
6,103136.623,48
6,103148.368,48
6,103155.505,48
6,103162.325,48
6,103168.947,48
6,103176.139,48
6,103182.811,48
6,103189.789,48
6,103196.693,48
6,103203.505,48
6,103209.713,48
6,103216.470,48
6,103227.854,48
6,103234.757,48
6,103242.074,48
6,103249.034,48
6,103256.118,48
6,103262.888,48
6,103269.919,50
6,103276.479,50
6,103283.010,50
6,103290.194,50
6,103298.351,50
6,103305.564,50
6,103312.615,50
6,103319.419,50
6,103326.242,50
6,103333.062,50
6,103340.079,50
6,103346.805,50
6,103353.881,50
6,103360.810,50
6,103367.648,50
6,103374.709,50
6,103381.439,50
6,103388.620,50
6,103395.560,50
6,103405.192,50
6,103412.529,50
6,103419.322,50
6,103426.918,50
6,103433.660,52
6,103440.690,52
6,103448.474,52
6,103455.402,52
6,103462.133,52
6,103468.555,52
6,103475.909,52
6,103482.495,52
6,103489.396,52
6,103496.083,52
6,103506.525,52
6,103513.122,52
6,103520.293,52
6,103527.004,52
6,103533.619,52
6,103540.905,52
6,103547.359,52
6,103554.407,52
6,103561.115,52
6,103567.809,52
6,103574.849,52
6,103581.510,52
6,103588.813,52
6,103595.480,52
6,103607.090,54
6,103612.853,54
6,103619.850,54
6,103626.421,54
6,103633.023,54
6,103640.073,54
6,103646.845,54
6,103653.637,54
6,103660.452,54
6,103667.102,54
6,103674.245,54
6,103680.633,54
6,103687.701,54
6,103694.386,54
6,103701.303,54
6,103708.368,54
6,103714.914,54
6,103726.372,54
6,103732.982,54
6,103739.936,54
6,103745.281,54
6,103752.839,54
6,103759.819,54
6,103765.540,56
6,103772.412,56
6,103778.866,56
6,103785.616,56
6,103792.635,56
6,103799.037,56
6,103806.780,56
6,103813.623,56
6,103820.832,56
6,103827.555,56
6,103840.620,56
6,103847.794,56
6,103854.483,56
6,103861.255,56
6,103867.878,56
6,103874.984,56
6,103881.747,56
6,103888.795,56
6,103895.271,56
6,103902.172,56
6,103909.304,56
6,103916.002,56
6,103923.087,56
6,103929.487,56
6,103936.058,58
6,103942.610,58
6,103949.192,58
6,103956.181,58
6,103963.193,58
6,103970.281,58
6,103977.153,58
6,103984.084,58
6,103991.252,58
6,104001.312,58
6,104008.261,58
6,104014.520,58
6,104021.646,58
6,104028.236,58
6,104034.933,58
6,104041.985,58
6,104048.257,58
6,104055.857,58
6,104061.910,58
6,104068.726,58
6,104075.852,58
6,104082.443,58
6,104089.532,58
6,104096.151,58
6,104106.754,60
6,104113.951,60
6,104120.704,60
6,104127.249,60
6,104134.017,60
6,104141.038,60
6,104147.601,60
6,104154.656,60
6,104161.592,60
6,104168.268,60
6,104175.286,60
6,104184.673,60
6,104191.625,60
6,104198.228,60
6,104208.104,60
6,104214.697,60
6,104221.838,60
6,104228.292,60
6,104234.973,60
6,104245.568,60
6,104252.006,60
6,104259.075,60
6,104266.338,63
6,104273.232,63
6,104279.751,63
6,104286.515,63
6,104293.604,63
6,104301.070,63
6,104308.387,63
6,104315.197,63
6,104322.364,63
6,104328.879,63
6,104335.564,63
6,104342.366,63
6,104349.321,63
6,104357.035,63
6,104363.752,63
6,104370.790,63
6,104377.461,63
6,104384.122,63
6,104391.289,63
6,104398.137,63
6,104408.188,63
6,104415.046,63
6,104422.337,63
6,104429.001,63
6,104435.828,65
6,104443.224,65
6,104449.854,65
6,104457.152,65
6,104468.446,65
6,104475.546,65
6,104482.149,65
6,104488.993,65
6,104495.740,65
6,104502.464,65
6,104509.079,65
6,104515.802,65
6,104522.993,65
6,104529.629,65
6,104536.556,65
6,104543.128,65
6,104549.660,65
6,104556.506,65
6,104563.331,65
6,104569.992,65
6,104576.483,65
6,104583.004,65
6,104590.051,65
6,104597.020,67
6,104604.002,67
6,104610.555,67
6,104617.294,67
6,104627.404,67
6,104634.196,67
6,104641.272,67
6,104647.933,67
6,104655.142,67
6,104661.376,67
6,104667.874,67
6,104674.945,67
6,104681.895,67
6,104689.016,67
6,104695.679,67
6,104702.869,67
6,104709.358,67
6,104715.969,67
6,104727.644,67
6,104733.421,67
6,104740.902,67
6,104747.688,67
6,104754.598,67
6,104761.512,67
6,104768.185,69
6,104775.360,69
6,104781.950,69
6,104789.055,69
6,104795.531,69
6,104807.296,69
6,104814.797,69
6,104821.732,69
6,104828.395,69
6,104835.208,69
6,104842.407,69
6,104848.948,69
6,104855.986,69
6,104863.061,69
6,104869.784,69
6,104876.362,69
6,104882.918,69
6,104890.147,69
6,104897.215,69
6,104904.267,69
6,104909.948,69
6,104916.660,69
6,104928.622,69
6,104935.481,71
6,104942.021,71
6,104948.769,71
6,104955.926,71
6,104963.367,71
6,104970.539,71
6,104977.632,71
6,104984.389,71
6,104991.567,71
6,104998.984,71
6,105007.306,71
6,105013.881,71
6,105020.940,71
6,105027.763,71
6,105034.460,71
6,105041.741,71
6,105048.419,71
6,105055.810,71
6,105062.585,71
6,105069.428,71
6,105076.666,71
6,105083.335,71
6,105090.476,71
6,105097.339,73
6,105107.417,73
6,105113.163,73
6,105119.765,73
6,105125.796,73
6,105131.745,73
6,105138.738,73
6,105145.712,73
6,105152.265,73
6,105159.259,73
6,105166.534,73
6,105173.796,73
6,105180.575,73
6,105187.250,73
6,105194.368,73
6,105201.433,73
6,105208.577,73
6,105215.243,73
6,105222.485,73
6,105228.990,73
6,105235.686,73
6,105242.976,73
6,105249.572,73
6,105256.464,73
6,105263.425,73
6,105271.192,75
6,105277.775,75
6,105284.435,75
6,105291.778,75
6,105297.475,75
6,105307.391,75
6,105314.158,75
6,105321.267,75
6,105327.888,75
6,105334.609,75
6,105341.785,75
6,105348.241,75
6,105355.179,75
6,105361.805,75
6,105369.027,75
6,105375.826,75
6,105382.228,75
6,105389.340,75
6,105395.876,75
6,105406.238,75
6,105413.455,75
6,105420.292,75
6,105428.572,75
6,105437.061,77
6,105448.869,77
6,105455.832,77
6,105462.549,77
6,105469.218,77
6,105474.990,77
6,105481.797,77
6,105488.872,77
6,105495.281,77
6,105504.127,77
6,105511.134,77
6,105517.824,77
6,105527.698,77
6,105534.272,77
6,105540.870,77
6,105547.568,77
6,105554.384,77
6,105561.047,77
6,105567.875,77
6,105575.322,77
6,105582.148,77
6,105589.324,77
6,105596.248,77
6,105603.347,79
6,105609.948,79
6,105616.576,79
6,105626.945,79
6,105633.533,79
6,105640.585,79
6,105647.527,79
6,105654.211,79
6,105661.403,79
6,105667.948,79
6,105675.027,79
6,105681.595,79
6,105688.725,79
6,105695.283,79
6,105707.209,79
6,105713.944,79
6,105720.936,79
6,105726.525,79
6,105732.834,79
6,105739.890,79
6,105746.575,79
6,105752.960,79
6,105759.871,79
6,105766.492,81
6,105773.520,81
6,105780.144,81
6,105787.240,81
6,105793.947,81
6,105800.581,81
6,105807.843,81
6,105814.368,81
6,105821.564,81
6,105828.116,81
6,105834.771,81
6,105841.862,81
6,105847.365,81
6,105854.385,81
6,105861.044,81
6,105867.574,81
6,105874.718,81
6,105882.036,81
6,105888.764,81
6,105895.206,81
6,105901.929,81
6,105909.139,81
6,105915.827,81
6,105923.225,81
6,105930.144,81
6,105936.536,83
6,105947.441,83
6,105954.160,83
6,105961.334,83
6,105968.187,83
6,105975.342,83
6,105981.888,83
6,105989.178,83
6,105995.779,83
6,106006.900,83
6,106013.843,83
6,106020.777,83
6,106027.556,83
6,106034.188,83
6,106041.045,83
6,106047.916,83
6,106054.593,83
6,106062.062,83
6,106068.916,83
6,106075.970,83
6,106082.538,83
6,106089.470,83
6,106095.942,83
6,106107.124,85
6,106113.124,85
6,106119.769,85
6,106126.734,85
6,106133.315,85
6,106140.382,85
6,106146.810,85
6,106154.064,85
6,106160.906,85
6,106167.492,85
6,106174.756,85
6,106181.463,85
6,106189.533,85
6,106196.122,85
6,106206.568,85
6,106213.777,85
6,106220.550,85
6,106226.771,85
6,106233.519,85
6,106240.797,85
6,106248.030,85
6,106259.630,85
6,106266.594,87
6,106273.658,87
6,106279.943,87
6,106286.335,87
6,106293.291,87
6,106299.826,87
6,106306.717,87
6,106313.391,87
6,106320.084,87
6,106327.215,87
6,106333.951,87
6,106341.021,87
6,106348.164,87
6,106354.882,87
6,106361.728,87
6,106368.205,87
6,106375.048,87
6,106381.705,87
6,106388.816,87
6,106395.495,87
6,106406.108,87
6,106413.178,87
6,106419.828,87
6,106426.720,87
6,106433.401,90
6,106440.533,90
6,106447.490,90
6,106454.299,90
6,106461.012,90
6,106467.761,90
6,106474.666,90
6,106481.325,90
6,106488.367,90
6,106495.504,90
6,106506.145,90
6,106513.214,90
6,106519.956,90
6,106526.731,90
6,106533.224,90
6,106540.181,90
6,106546.677,90
6,106553.139,90
6,106560.151,90
6,106566.739,90
6,106573.861,90
6,106580.190,90
6,106586.940,90
6,106593.514,90
6,106600.099,92
6,106607.035,92
6,106613.551,92
6,106620.918,92
6,106627.600,92
6,106634.240,92
6,106641.509,92
6,106648.466,92
6,106655.806,92
6,106662.595,92
6,106669.287,92
6,106676.417,92
6,106682.974,92
6,106690.179,92
6,106697.132,92
6,106703.948,92
6,106710.410,92
6,106717.355,92
6,106727.092,92
6,106732.983,92
6,106740.125,92
6,106746.768,92
6,106753.727,92
6,106760.324,92
6,106767.249,94
6,106774.332,94
6,106780.987,94
6,106787.693,94
6,106794.198,94
6,106801.469,94
6,106808.559,94
6,106815.109,94
6,106822.279,94
6,106828.926,94
6,106835.879,94
6,106842.784,94
6,106849.356,94
6,106856.383,94
6,106862.700,94
6,106869.553,94
6,106876.048,94
6,106881.362,94
6,106888.547,94
6,106895.039,94
6,106901.983,94
6,106909.302,94
6,106916.053,94
6,106927.368,94
6,106933.743,96
6,106940.741,96
6,106947.430,96
6,106954.045,96
6,106960.664,96
6,106967.493,96
6,106974.802,96
6,106980.424,96
6,106987.510,96
6,106997.253,96
6,107007.113,96
6,107013.690,96
6,107020.643,96
6,107027.355,96
6,107034.128,96
6,107041.168,96
6,107047.740,96
6,107054.729,96
6,107061.441,96
6,107068.291,96
6,107075.400,96
6,107081.914,96
6,107088.909,96
6,107094.511,96
6,107101.022,98
6,107108.749,98
6,107115.768,98
6,107127.353,98
6,107133.128,98
6,107140.534,98
6,107147.539,98
6,107154.357,98
6,107161.151,98
6,107168.053,98
6,107175.592,98
6,107184.183,98
6,107191.761,98
6,107198.296,98
6,107207.050,98
6,107213.708,98
6,107220.624,98
6,107227.417,98
6,107234.108,98
6,107241.384,98
6,107248.345,98
6,107255.531,98
6,107262.369,98
6,107269.094,100
6,107275.483,100
6,107282.092,100
6,107289.051,100
6,107295.674,100
6,107302.022,100
6,107309.154,100
6,107316.151,100
6,107328.182,100
6,107335.009,100
6,107342.249,100
6,107348.711,100
6,107355.802,100
6,107362.628,100
6,107369.539,100
6,107376.223,100
6,107381.682,100
6,107388.913,100
6,107395.598,100
6,107407.002,100
6,107414.301,100
6,107421.596,100
6,107428.373,100
6,107435.118,102
6,107441.982,102
6,107447.365,102
6,107454.673,102
6,107461.430,102
6,107468.323,102
6,107475.773,102
6,107482.378,102
6,107489.620,102
6,107496.159,102
6,107506.690,102
6,107513.569,102
6,107520.575,102
6,107527.237,102
6,107533.852,102
6,107540.815,102
6,107547.658,102
6,107554.483,102
6,107561.057,102
6,107566.582,102
6,107573.919,102
6,107580.196,102
6,107587.194,102
6,107593.932,102
6,107600.820,104
6,107607.824,104
6,107614.227,104
6,107621.336,104
6,107628.004,104
6,107634.675,104
6,107641.843,104
6,107648.500,104
6,107655.637,104
6,107662.200,104
6,107669.311,104
6,107676.062,104
6,107682.562,104
6,107689.533,104
6,107696.184,104
6,107706.305,104
6,107713.008,104
6,107720.606,104
6,107727.247,104
6,107733.920,104
6,107741.102,104
6,107748.201,104
6,107755.461,104
6,107762.228,104
6,107769.430,106
6,107775.368,106
6,107782.290,106
6,107789.408,106
6,107796.069,106
6,107806.702,106
6,107813.537,106
6,107820.613,106
6,107827.350,106
6,107833.981,106
6,107840.844,106
6,107847.565,106
6,107854.734,106
6,107861.552,106
6,107868.554,106
6,107874.770,106
6,107881.616,106
6,107888.757,106
6,107895.304,106
6,107902.081,106
6,107909.264,106
6,107915.904,106
6,107922.950,106
6,107929.578,106
6,107936.389,108
6,107943.169,108
6,107949.733,108
6,107956.682,108
6,107968.235,108
6,107975.403,108
6,107981.960,108
6,107989.013,108
6,107995.572,108
6,108006.567,108
6,108013.687,108
6,108021.135,108
6,108027.625,108
6,108034.229,108
6,108041.203,108
6,108047.622,108
6,108054.788,108
6,108061.461,108
6,108068.107,108
6,108075.144,108
6,108080.776,108
6,108087.304,108
6,108094.408,108
6,108100.989,110
6,108108.166,110
6,108115.189,110
6,108122.490,110
6,108129.090,110
6,108135.621,110
6,108142.704,110
6,108149.234,110
6,108156.266,110
6,108163.211,110
6,108169.764,110
6,108176.915,110
6,108183.542,110
6,108190.656,110
6,108197.824,110
6,108206.847,110
6,108213.677,110
6,108220.501,110
6,108227.209,110
6,108234.081,110
6,108241.180,110
6,108248.270,110
6,108255.414,110
6,108262.157,110
6,108269.465,112
6,108276.251,112
6,108282.921,112
6,108289.944,112
6,108297.081,112
6,108306.458,112
6,108313.289,112
6,108319.973,112
6,108327.074,112
6,108334.030,112
6,108341.298,112
6,108346.722,112
6,108353.703,112
6,108360.417,112
6,108367.087,112
6,108374.170,112
6,108381.028,112
6,108387.828,112
6,108394.313,112
6,108401.062,112
6,108407.611,112
6,108414.124,112
6,108421.012,112
6,108427.557,112
6,108434.205,115
6,108441.262,115
6,108447.581,115
6,108454.515,115
6,108461.051,115
6,108467.767,115
6,108474.852,115
6,108481.410,115
6,108488.492,115
6,108495.028,115
6,108502.248,115
6,108508.941,115
6,108516.013,115
6,108525.231,115
6,108531.926,115
6,108539.128,115
6,108545.303,115
6,108552.775,115
6,108559.488,115
6,108566.253,115
6,108573.427,115
6,108580.084,115
6,108587.212,115
6,108593.384,115
6,108600.232,117
6,108607.486,117
6,108614.150,117
6,108620.862,117
6,108628.460,117
6,108634.237,117
6,108641.610,117
6,108648.329,117
6,108655.494,117
6,108662.245,117
6,108668.952,117
6,108675.963,117
6,108682.552,117
6,108689.591,117
6,108696.156,117
6,108706.082,117
6,108713.181,117
6,108719.756,117
6,108726.811,117
6,108733.699,117
6,108740.804,117
6,108748.136,117
6,108755.088,117
6,108760.807,117
6,108767.200,119
6,108774.384,119
6,108780.388,119
6,108787.393,119
6,108794.009,119
6,108800.740,119
6,108807.948,119
6,108814.558,119
6,108821.761,119
6,108828.157,119
6,108834.697,119
6,108841.771,119
6,108848.535,119
6,108855.342,119
6,108861.931,119
6,108868.970,119
6,108875.898,119
6,108882.591,119
6,108889.576,119
6,108895.840,119
6,108906.557,119
6,108913.463,119
6,108920.320,119
6,108926.868,119
6,108934.257,121
6,108941.197,121
6,108948.293,121
6,108955.497,121
6,108962.609,121
6,108969.656,121
6,108976.361,121
6,108982.935,121
6,108989.985,121
6,108996.573,121
6,109006.283,121
6,109012.735,121
6,109019.812,121
6,109026.485,121
6,109033.132,121
6,109040.208,121
6,109046.914,121
6,109054.032,121
6,109060.690,121
6,109066.293,121
6,109073.406,121
6,109080.095,121
6,109087.020,121
6,109093.723,121
6,109100.571,123
6,109107.720,123
6,109114.293,123
6,109121.474,123
6,109128.095,123
6,109134.745,123
6,109141.917,123
6,109148.556,123
6,109155.431,123
6,109162.271,123
6,109169.297,123
6,109178.543,123
6,109185.512,123
6,109192.601,123
6,109199.177,123
6,109206.565,123
6,109213.857,123
6,109219.844,123
6,109226.805,123
6,109233.290,123
6,109240.719,123
6,109247.665,123
6,109254.415,123
6,109261.131,123
6,109267.775,125
6,109274.781,125
6,109281.446,125
6,109288.423,125
6,109294.955,125
6,109301.455,125
6,109308.483,125
6,109314.902,125
6,109321.897,125
6,109328.249,125
6,109335.398,125
6,109342.673,125
6,109349.124,125
6,109356.001,125
6,109362.584,125
6,109369.255,125
6,109375.855,125
6,109382.404,125
6,109389.436,125
6,109395.953,125
6,109406.520,125
6,109413.326,125
6,109420.011,125
6,109429.320,125
6,109436.246,127
6,109442.965,127
6,109449.559,127
6,109456.361,127
6,109461.723,127
6,109468.132,127
6,109475.252,127
6,109482.109,127
6,109489.198,127
6,109495.831,127
6,109508.948,127
6,109515.527,127
6,109527.215,127
6,109533.650,127
6,109540.888,127
6,109548.115,127
6,109555.424,127
6,109562.174,127
6,109568.852,127
6,109575.971,127
6,109581.483,127
6,109588.677,127
6,109595.496,127
6,109606.872,129
6,109614.179,129
6,109621.332,129
6,109627.940,129
6,109634.582,129
6,109641.883,129
6,109648.110,129
6,109655.207,129
6,109661.811,129
6,109667.474,129
6,109674.305,129
6,109680.692,129
6,109687.560,129
6,109694.419,129
6,109701.404,129
6,109708.609,129
6,109714.103,129
6,109721.377,129
6,109727.912,129
6,109734.637,129
6,109741.843,129
6,109748.258,129
6,109755.215,129
6,109761.996,129
6,109768.548,131
6,109775.870,131
6,109782.466,131
6,109789.639,131
6,109796.342,131
6,109803.092,131
6,109809.728,131
6,109816.316,131
6,109826.447,131
6,109833.125,131
6,109840.271,131
6,109847.406,131
6,109855.157,131
6,109861.747,131
6,109868.395,131
6,109875.514,131
6,109882.175,131
6,109889.245,131
6,109895.873,131
6,109901.432,131
6,109908.617,131
6,109915.633,131
6,109927.269,131
6,109933.913,133
6,109940.958,133
6,109947.384,133
6,109954.236,133
6,109960.847,133
6,109967.576,133
6,109974.615,133
6,109981.393,133
6,109988.556,133
6,109995.075,133
6,110001.679,133
6,110008.579,133
6,110015.149,133
6,110026.602,133
6,110033.469,133
6,110040.446,133
6,110046.915,133
6,110053.989,133
6,110060.595,133
6,110067.194,133
6,110074.238,133
6,110080.867,133
6,110086.795,133
6,110093.674,133
6,110100.524,135
6,110107.593,135
6,110113.484,135
6,110120.839,135
6,110126.378,135
6,110132.940,135
6,110139.987,135
6,110146.728,135
6,110153.827,135
6,110160.904,135
6,110167.565,135
6,110174.738,135
6,110181.566,135
6,110188.604,135
6,110195.226,135
6,110201.798,135
6,110208.604,135
6,110215.046,135
6,110222.028,135
6,110228.756,135
6,110235.352,135
6,110242.480,135
6,110249.098,135
6,110255.882,135
6,110261.715,135
6,110268.175,137
6,110275.301,137
6,110281.655,137
6,110288.644,137
6,110295.169,137
6,110301.737,137
6,110308.831,137
6,110315.305,137
6,110327.182,137
6,110333.880,137
6,110340.878,137
6,110347.173,137
6,110354.137,137
6,110360.788,137
6,110367.654,137
6,110374.678,137
6,110381.038,137
6,110388.037,137
6,110394.564,137
6,110401.424,137
6,110408.577,137
6,110415.193,137
6,110422.239,137
6,110428.840,137
6,110436.031,139
6,110442.726,139
6,110449.336,139
6,110456.330,139
6,110466.449,139
6,110473.447,139
6,110480.334,139
6,110487.431,139
6,110494.068,139
6,110500.942,139
6,110508.019,139
6,110513.985,139
6,110521.050,139
6,110527.638,139
6,110534.301,139
6,110541.515,139
6,110548.753,139
6,110556.175,139
6,110562.768,139
6,110570.366,139
6,110577.083,139
6,110583.829,139
6,110590.843,139
6,110597.611,142
6,110604.513,142
6,110611.161,142
6,110617.845,142
6,110624.830,142
6,110631.643,142
6,110638.811,142
6,110646.100,142
6,110653.136,142
6,110659.751,142
6,110666.148,142
6,110672.998,142
6,110679.578,142
6,110686.081,142
6,110693.151,142
6,110699.066,142
6,110706.255,142
6,110713.017,142
6,110719.806,142
6,110726.438,142
6,110732.877,142
6,110740.055,142
6,110747.125,142
6,110754.043,142
6,110759.494,142
6,110767.079,144
6,110774.693,144
6,110781.348,144
6,110788.399,144
6,110795.160,144
6,110802.171,144
6,110809.229,144
6,110816.125,144
6,110827.037,144
6,110833.919,144
6,110841.075,144
6,110847.709,144
6,110854.831,144
6,110861.485,144
6,110868.300,144
6,110875.385,144
6,110882.194,144
6,110889.141,144
6,110895.835,144
6,110906.509,144
6,110913.822,144
6,110920.722,144
6,110926.386,144
6,110932.927,146
6,110940.039,146
6,110946.920,146
6,110953.774,146
6,110960.428,146
6,110967.448,146
6,110974.705,146
6,110981.187,146
6,110988.230,146
6,110994.904,146
6,111001.648,146
6,111008.858,146
6,111015.889,146
6,111027.101,146
6,111034.146,146
6,111041.355,146
6,111047.843,146
6,111054.821,146
6,111061.307,146
6,111068.620,146
6,111075.391,146
6,111080.764,146
6,111087.625,146
6,111094.092,146
6,111100.829,148
6,111108.640,148
6,111115.033,148
6,111121.962,148
6,111128.474,148
6,111135.134,148
6,111142.125,148
6,111148.575,148
6,111154.363,148
6,111161.115,148
6,111167.798,148
6,111176.147,148
6,111186.943,148
6,111194.189,148
6,111201.194,148
6,111208.068,148
6,111215.051,148
6,111226.942,148
6,111233.691,148
6,111240.729,148
6,111247.082,148
6,111253.967,148
6,111260.409,148
6,111266.848,150
6,111274.011,150
6,111280.729,150
6,111287.563,150
6,111294.109,150
6,111300.443,150
6,111307.392,150
6,111313.818,150
6,111320.878,150
6,111326.425,150
6,111333.025,150
6,111340.121,150
6,111346.569,150
6,111353.359,150
6,111359.903,150
6,111366.619,150
6,111374.262,150
6,111380.791,150
6,111387.807,150
6,111394.333,150
6,111399.815,150
6,111405.341,150
6,111412.315,150
6,111419.355,150
6,111426.395,150
6,111433.081,152
6,111440.444,152
6,111447.129,152
6,111454.162,152
6,111460.939,152
6,111467.612,152
6,111474.776,152
6,111481.302,152
6,111488.362,152
6,111494.973,152
6,111501.909,152
6,111509.062,152
6,111515.904,152
6,111522.895,152
6,111529.359,152
6,111535.916,152
6,111542.712,152
6,111549.435,152
6,111556.234,152
6,111561.949,152
6,111568.179,152
6,111575.193,152
6,111585.579,152
6,111592.652,152
6,111599.227,154
6,111606.559,154
6,111613.296,154
6,111620.543,154
6,111627.378,154
6,111634.268,154
6,111641.532,154
6,111648.350,154
6,111655.340,154
6,111661.910,154
6,111668.617,154
6,111676.092,154
6,111682.778,154
6,111689.844,154
6,111696.562,154
6,111706.074,154
6,111713.072,154
6,111719.490,154
6,111726.235,154
6,111732.923,154
6,111739.946,154
6,111746.945,154
6,111754.094,154
6,111760.937,154
6,111767.381,156
6,111774.594,156
6,111781.360,156
6,111788.379,156
6,111795.080,156
6,111801.581,156
6,111808.418,156
6,111814.861,156
6,111822.042,156
6,111828.635,156
6,111835.062,156
6,111842.198,156
6,111848.624,156
6,111855.698,156
6,111862.471,156
6,111869.053,156
6,111876.072,156
6,111882.534,156
6,111889.599,156
6,111896.020,156
6,111904.130,156
6,111911.377,156
6,111918.154,156
6,111927.359,156
6,111934.341,158
6,111941.457,158
6,111948.088,158
6,111955.092,158
6,111960.651,158
6,111967.413,158
6,111974.633,158
6,111981.278,158
6,111988.943,158
6,111995.683,158
6,112006.462,158
6,112013.540,158
6,112020.381,158
6,112027.398,158
6,112034.285,158
6,112041.573,158
6,112048.680,158
6,112055.696,158
6,112062.373,158
6,112069.191,158
6,112076.406,158
6,112083.037,158
6,112090.012,158
6,112096.919,158
6,112106.288,160
6,112112.280,160
6,112118.981,160
6,112126.415,160
6,112133.139,160
6,112140.102,160
6,112147.098,160
6,112154.896,160
6,112161.824,160
6,112168.711,160
6,112175.990,160
6,112182.048,160
6,112189.158,160
6,112194.846,160
6,112206.294,160
6,112212.717,160
6,112219.408,160
6,112226.407,160
6,112231.912,160
6,112238.245,160
6,112248.428,160
6,112256.089,160
6,112262.847,160
6,112269.851,162
6,112276.433,162
6,112283.537,162
6,112290.586,162
6,112296.997,162
6,112303.735,162
6,112310.424,162
6,112316.076,162
6,112323.355,162
6,112329.936,162
6,112336.997,162
6,112348.367,162
6,112355.365,162
6,112362.342,162
6,112369.319,162
6,112375.994,162
6,112381.259,162
6,112388.433,162
6,112395.136,162
6,112401.950,162
6,112409.176,162
6,112415.956,162
6,112427.123,162
6,112435.299,164
6,112442.552,164
6,112449.053,164
6,112456.105,164
6,112463.023,164
6,112469.886,164
6,112476.442,164
6,112483.027,164
6,112489.789,164
6,112496.306,164
6,112506.297,164
6,112513.160,164
6,112519.880,164
6,112526.462,164
6,112533.069,164
6,112540.468,164
6,112546.477,164
6,112553.895,164
6,112560.410,164
6,112567.129,164
6,112574.145,164
6,112580.623,164
6,112588.274,164
6,112594.934,164
6,112600.736,166
6,112607.813,166
6,112614.584,166
6,112621.894,166
6,112628.454,166
6,112635.180,166
6,112644.515,166
6,112651.247,166
6,112658.229,166
6,112667.765,166
6,112674.726,166
6,112681.274,166
6,112688.133,166
6,112694.754,166
6,112701.556,166
6,112708.616,166
6,112715.628,166
6,112723.260,166
6,112729.806,166
6,112736.796,166
6,112747.968,166
6,112754.850,166
6,112761.522,166
6,112768.275,169
6,112775.405,169
6,112781.994,169
6,112788.390,169
6,112795.004,169
6,112801.587,169
6,112808.676,169
6,112815.206,169
6,112822.395,169
6,112828.873,169
6,112835.686,169
6,112842.384,169
6,112848.934,169
6,112856.177,169
6,112862.823,169
6,112869.446,169
6,112876.253,169
6,112882.993,169
6,112890.582,169
6,112897.154,169
6,112903.904,169
6,112910.479,169
6,112917.145,169
6,112926.761,169
6,112933.309,171
6,112940.457,171
6,112947.074,171
6,112954.024,171
6,112960.577,171
6,112967.145,171
6,112974.153,171
6,112980.983,171
6,112988.249,171
6,112994.855,171
6,113001.585,171
6,113008.527,171
6,113014.605,171
6,113021.791,171
6,113028.234,171
6,113035.688,171
6,113042.501,171
6,113049.144,171
6,113056.162,171
6,113062.835,171
6,113070.327,171
6,113077.024,171
6,113083.723,171
6,113090.711,171
6,113097.221,173
6,113104.077,173
6,113110.643,173
6,113117.175,173
6,113126.813,173
6,113133.476,173
6,113140.492,173
6,113146.474,173
6,113153.401,173
6,113160.054,173
6,113165.812,173
6,113173.718,173
6,113181.960,173
6,113189.017,173
6,113195.029,173
6,113201.884,173
6,113208.874,173
6,113215.652,173
6,113226.876,173
6,113233.607,173
6,113240.757,173
6,113247.112,173
6,113254.121,173
6,113260.845,173
6,113267.234,175
6,113274.439,175
6,113281.001,175
6,113288.014,175
6,113294.597,175
6,113301.440,175
6,113308.532,175
6,113314.872,175
6,113322.039,175
6,113328.877,175
6,113336.203,175
6,113342.993,175
6,113349.682,175
6,113356.865,175
6,113368.642,175
6,113375.779,175
6,113382.306,175
6,113389.238,175
6,113395.693,175
6,113406.183,175
6,113413.163,175
6,113420.021,175
6,113426.702,175
6,113433.292,177
6,113440.411,177
6,113447.147,177
6,113454.178,177
6,113460.942,177
6,113467.668,177
6,113474.731,177
6,113481.381,177
6,113488.549,177
6,113495.113,177
6,113507.765,177
6,113512.990,177
6,113519.760,177
6,113526.255,177
6,113532.796,177
6,113539.781,177
6,113546.232,177
6,113552.897,177
6,113559.392,177
6,113566.153,177
6,113573.166,177
6,113579.844,177
6,113586.786,177
6,113593.226,177
6,113599.836,179
6,113607.080,179
6,113612.793,179
6,113620.075,179
6,113626.804,179
6,113633.340,179
6,113640.431,179
6,113646.728,179
6,113653.727,179
6,113660.467,179
6,113667.269,179
6,113674.451,179
6,113680.756,179
6,113687.571,179
6,113694.067,179
6,113701.086,179
6,113708.039,179
6,113714.972,179
6,113722.006,179
6,113728.513,179
6,113735.152,179
6,113742.138,179
6,113748.800,179
6,113755.688,179
6,113766.087,179
6,113772.672,180
6,113779.751,180
6,113786.469,180
6,113792.927,180
6,113799.553,180
6,113807.234,180
6,113813.570,180
6,113820.543,180
6,113827.101,180
6,113833.861,180
6,113840.941,180
6,113846.580,180
6,113854.374,180
6,113861.180,180
6,113867.946,180
6,113875.069,180
6,113881.513,180
6,113888.783,180
6,113895.416,180
6,113906.954,180
6,113913.792,180
6,113920.785,180
6,113926.120,180
7,113932.633,0
7,113939.941,0
7,113946.439,0
7,113953.026,0
7,113959.844,0
7,113966.315,0
7,113973.258,0
7,113979.808,0
7,113986.391,0
7,113996.308,0
7,114003.367,0
7,114010.325,0
7,114017.058,0
7,114024.037,0
7,114030.426,0
7,114037.394,0
7,114042.740,0
7,114049.207,0
7,114056.321,0
7,114063.003,0
7,114069.591,0
7,114076.545,0
7,114083.032,0
7,114090.297,0
7,114096.892,0
7,114106.516,0
7,114113.736,0
7,114120.743,0
7,114127.394,0
7,114134.307,0
7,114141.458,0
7,114148.554,0
7,114155.437,0
7,114162.246,0
7,114168.950,0
7,114176.150,0
7,114182.770,0
7,114189.905,0
7,114196.620,0
7,114206.083,0
7,114212.916,0
7,114219.909,0
7,114226.452,0
7,114233.184,0
7,114240.410,0
7,114246.788,0
7,114254.059,0
7,114260.998,0
7,114267.894,0
7,114274.939,0
7,114281.689,0
7,114288.830,0
7,114294.609,0
7,114301.244,0
7,114308.148,0
7,114314.908,0
7,114322.464,0
7,114329.161,0
7,114337.023,0
7,114348.221,0
7,114355.124,0
7,114361.864,0
7,114368.600,0
7,114375.149,0
7,114381.896,0
7,114389.142,0
7,114395.835,0
7,114406.216,0
7,114413.312,0
7,114421.123,0
7,114428.861,0
7,114435.457,2
7,114442.704,2
7,114449.351,2
7,114456.216,2
7,114461.978,2
7,114468.327,2
7,114475.382,2
7,114482.423,2
7,114489.525,2
7,114496.182,2
7,114505.935,2
7,114513.129,2
7,114519.963,2
7,114526.477,2
7,114533.070,2
7,114539.257,2
7,114545.903,2
7,114552.666,2
7,114559.780,2
7,114566.405,2
7,114573.440,2
7,114580.423,2
7,114587.440,2
7,114594.241,2
7,114601.010,4
7,114608.061,4
7,114614.711,4
7,114621.888,4
7,114628.508,4
7,114635.264,4
7,114642.402,4
7,114648.871,4
7,114655.910,4
7,114662.585,4
7,114670.383,4
7,114677.152,4
7,114683.751,4
7,114690.820,4
7,114697.197,4
7,114707.593,4
7,114714.257,4
7,114721.908,4
7,114728.310,4
7,114734.808,4
7,114742.087,4
7,114748.557,4
7,114755.628,4
7,114762.519,4
7,114769.004,6
7,114775.954,6
7,114782.301,6
7,114789.360,6
7,114795.891,6
7,114806.741,6
7,114813.705,6
7,114820.672,6
7,114827.384,6
7,114834.260,6
7,114841.442,6
7,114847.944,6
7,114854.932,6
7,114861.481,6
7,114868.249,6
7,114875.144,6
7,114881.650,6
7,114888.935,6
7,114895.560,6
7,114907.054,6
7,114914.000,6
7,114921.047,6
7,114927.410,6
7,114934.510,9
7,114941.911,9
7,114948.857,9
7,114956.064,9
7,114962.796,9
7,114970.243,9
7,114977.035,9
7,114983.861,9
7,114990.933,9
7,114997.462,9
7,115007.840,9
7,115015.024,9
7,115026.961,9
7,115033.804,9
7,115041.082,9
7,115047.629,9
7,115054.308,9
7,115060.862,9
7,115067.528,9
7,115074.628,9
7,115080.594,9
7,115087.586,9
7,115094.301,9
7,115101.148,11
7,115108.626,11
7,115115.260,11
7,115122.442,11
7,115128.933,11
7,115135.988,11
7,115142.691,11
7,115149.210,11
7,115156.282,11
7,115166.945,11
7,115173.792,11
7,115180.623,11
7,115187.578,11
7,115194.312,11
7,115201.037,11
7,115207.381,11
7,115213.922,11
7,115221.095,11
7,115227.668,11
7,115234.245,11
7,115241.549,11
7,115248.450,11
7,115255.743,11
7,115262.349,11
7,115269.958,13
7,115276.651,13
7,115282.162,13
7,115289.293,13
7,115295.967,13
7,115306.362,13
7,115313.552,13
7,115320.644,13
7,115327.574,13
7,115333.566,13
7,115340.769,13
7,115347.376,13
7,115354.013,13
7,115361.200,13
7,115367.896,13
7,115374.773,13
7,115381.573,13
7,115388.753,13
7,115395.648,13
7,115406.622,13
7,115413.992,13
7,115421.242,13
7,115427.909,13
7,115434.838,15
7,115442.126,15
7,115448.845,15
7,115455.828,15
7,115462.676,15
7,115469.110,15
7,115476.015,15
7,115482.673,15
7,115489.656,15
7,115496.269,15
7,115505.754,15
7,115512.827,15
7,115519.445,15
7,115526.335,15
7,115532.937,15
7,115539.961,15
7,115546.545,15
7,115553.042,15
7,115560.044,15
7,115566.424,15
7,115573.317,15
7,115579.806,15
7,115586.396,15
7,115593.252,15
7,115599.804,17
7,115606.920,17
7,115613.856,17
7,115620.568,17
7,115628.036,17
7,115635.365,17
7,115642.328,17
7,115648.217,17
7,115655.308,17
7,115666.853,17
7,115673.702,17
7,115680.297,17
7,115687.376,17
7,115693.998,17
7,115700.779,17
7,115707.876,17
7,115714.577,17
7,115721.960,17
7,115728.548,17
7,115735.380,17
7,115742.533,17
7,115749.122,17
7,115756.242,17
7,115761.903,17
7,115768.178,19
7,115780.027,19
7,115787.117,19
7,115793.862,19
7,115799.593,19
7,115806.681,19
7,115813.280,19
7,115819.956,19
7,115826.590,19
7,115833.280,19
7,115840.465,19
7,115846.956,19
7,115854.072,19
7,115860.824,19
7,115867.493,19
7,115874.507,19
7,115881.047,19
7,115887.793,19
7,115894.245,19
7,115900.875,19
7,115907.983,19
7,115914.708,19
7,115921.836,19
7,115928.490,19
7,115935.166,21
7,115942.718,21
7,115949.360,21
7,115956.379,21
7,115963.103,21
7,115970.230,21
7,115976.919,21
7,115983.868,21
7,115991.041,21
7,115997.769,21
7,116007.569,21
7,116014.001,21
7,116021.303,21
7,116027.965,21
7,116034.712,21
7,116041.482,21
7,116046.929,21
7,116053.822,21
7,116060.636,21
7,116067.413,21
7,116074.708,21
7,116081.242,21
7,116088.249,21
7,116094.828,21
7,116102.569,23
7,116109.755,23
7,116116.402,23
7,116127.853,23
7,116134.646,23
7,116141.853,23
7,116148.369,23
7,116155.453,23
7,116162.296,23
7,116169.234,23
7,116176.109,23
7,116182.568,23
7,116189.427,23
7,116196.051,23
7,116205.475,23
7,116212.199,23
7,116218.651,23
7,116226.315,23
7,116232.978,23
7,116239.940,23
7,116247.535,23
7,116254.519,23
7,116261.370,23
7,116268.071,25
7,116275.132,25
7,116282.027,25
7,116289.154,25
7,116295.800,25
7,116306.933,25
7,116313.796,25
7,116320.759,25
7,116327.586,25
7,116334.225,25
7,116341.494,25
7,116348.008,25
7,116355.110,25
7,116361.828,25
7,116368.653,25
7,116374.770,25
7,116381.849,25
7,116388.884,25
7,116395.448,25
7,116406.657,25
7,116413.921,25
7,116420.896,25
7,116427.517,25
7,116434.240,27
7,116441.500,27
7,116448.156,27
7,116455.241,27
7,116461.731,27
7,116468.546,27
7,116475.813,27
7,116482.386,27
7,116489.481,27
7,116496.099,27
7,116506.537,27
7,116513.397,27
7,116520.487,27
7,116527.213,27
7,116533.978,27
7,116540.893,27
7,116548.602,27
7,116555.653,27
7,116562.428,27
7,116569.096,27
7,116576.102,27
7,116582.645,27
7,116589.781,27
7,116596.334,27
7,116606.211,29
7,116613.533,29
7,116620.564,29
7,116627.197,29
7,116633.840,29
7,116640.954,29
7,116647.746,29
7,116654.854,29
7,116661.553,29
7,116668.179,29
7,116675.398,29
7,116682.218,29
7,116689.224,29
7,116695.811,29
7,116705.384,29
7,116712.613,29
7,116719.628,29
7,116726.172,29
7,116732.829,29
7,116740.103,29
7,116746.981,29
7,116753.704,29
7,116760.712,29
7,116767.428,31
7,116774.789,31
7,116781.799,31
7,116788.807,31
7,116794.510,31
7,116801.266,31
7,116808.303,31
7,116814.179,31
7,116821.638,31
7,116828.256,31
7,116834.988,31
7,116842.142,31
7,116849.333,31
7,116856.371,31
7,116863.228,31
7,116870.028,31
7,116875.750,31
7,116885.706,31
7,116892.953,31
7,116899.580,31
7,116906.582,31
7,116913.328,31
7,116920.528,31
7,116927.520,31
7,116934.427,33
7,116941.907,33
7,116947.874,33
7,116955.074,33
7,116961.934,33
7,116968.678,33
7,116976.101,33
7,116982.853,33
7,116991.128,33
7,116997.390,33
7,117007.974,33
7,117014.594,33
7,117021.890,33
7,117028.540,33
7,117035.197,33
7,117042.602,33
7,117049.110,33
7,117056.171,33
7,117062.636,33
7,117069.160,33
7,117076.162,33
7,117082.812,33
7,117089.761,33
7,117096.202,33
7,117106.299,36
7,117111.875,36
7,117118.209,36
7,117126.630,36
7,117133.378,36
7,117140.459,36
7,117146.440,36
7,117154.073,36
7,117160.786,36
7,117167.602,36
7,117174.636,36
7,117184.024,36
7,117190.988,36
7,117197.427,36
7,117207.667,36
7,117214.074,36
7,117221.376,36
7,117227.931,36
7,117234.531,36
7,117241.752,36
7,117248.372,36
7,117255.263,36
7,117261.900,36
7,117268.593,38
7,117275.768,38
7,117282.137,38
7,117289.306,38
7,117295.900,38
7,117306.845,38
7,117313.953,38
7,117321.008,38
7,117327.532,38
7,117334.278,38
7,117341.740,38
7,117348.125,38
7,117355.050,38
7,117361.594,38
7,117367.874,38
7,117374.906,38
7,117381.516,38
7,117388.608,38
7,117395.068,38
7,117401.793,38
7,117408.866,38
7,117415.894,38
7,117427.057,38
7,117433.731,40
7,117440.784,40
7,117446.957,40
7,117453.755,40
7,117460.980,40
7,117467.751,40
7,117474.843,40
7,117481.917,40
7,117488.822,40
7,117495.508,40
7,117506.448,40
7,117513.692,40
7,117520.481,40
7,117527.164,40
7,117534.162,40
7,117540.979,40
7,117547.716,40
7,117559.823,40
7,117565.819,40
7,117572.863,40
7,117579.355,40
7,117586.327,40
7,117593.073,40
7,117599.576,42
7,117606.486,42
7,117613.218,42
7,117620.499,42
7,117627.159,42
7,117633.868,42
7,117640.962,42
7,117647.247,42
7,117654.235,42
7,117660.652,42
7,117667.075,42
7,117674.195,42
7,117680.755,42
7,117687.758,42
7,117694.293,42
7,117701.150,42
7,117708.156,42
7,117715.060,42
7,117722.070,42
7,117728.660,42
7,117735.248,42
7,117742.551,42
7,117749.017,42
7,117756.080,42
7,117763.721,44
7,117770.662,44
7,117777.318,44
7,117783.877,44
7,117790.696,44
7,117797.204,44
7,117808.224,44
7,117815.189,44
7,117827.064,44
7,117833.910,44
7,117840.962,44
7,117847.466,44
7,117854.464,44
7,117861.083,44
7,117867.782,44
7,117874.883,44
7,117881.706,44
7,117889.552,44
7,117895.982,44
7,117906.073,44
7,117913.347,44
7,117920.113,44
7,117926.884,44
7,117933.624,46
7,117940.702,46
7,117947.428,46
7,117954.570,46
7,117961.366,46
7,117967.804,46
7,117974.834,46
7,117981.782,46
7,117988.992,46
7,117995.596,46
7,118006.217,46
7,118013.196,46
7,118019.649,46
7,118026.469,46
7,118033.066,46
7,118040.086,46
7,118047.406,46
7,118054.110,46
7,118061.522,46
7,118068.851,46
7,118075.901,46
7,118082.277,46
7,118089.285,46
7,118095.750,46
7,118106.596,48
7,118113.756,48
7,118120.637,48
7,118127.827,48
7,118134.600,48
7,118141.824,48
7,118148.542,48
7,118155.871,48
7,118162.765,48
7,118169.577,48
7,118176.752,48
7,118183.633,48
7,118190.604,48
7,118197.265,48
7,118203.797,48
7,118210.734,48
7,118217.318,48
7,118224.075,48
7,118230.479,48
7,118237.570,48
7,118248.265,48
7,118255.249,48
7,118261.976,48
7,118268.636,50
7,118275.735,50
7,118282.293,50
7,118289.280,50
7,118296.020,50
7,118303.138,50
7,118309.593,50
7,118316.235,50
7,118327.504,50
7,118334.332,50
7,118341.454,50
7,118347.740,50
7,118354.768,50
7,118361.249,50
7,118367.976,50
7,118375.526,50
7,118382.113,50
7,118389.160,50
7,118395.548,50
7,118406.612,50
7,118413.766,50
7,118420.677,50
7,118427.373,50
7,118434.060,52
7,118441.224,52
7,118447.390,52
7,118454.377,52
7,118460.959,52
7,118467.769,52
7,118475.011,52
7,118481.822,52
7,118489.020,52
7,118495.601,52
7,118506.221,52
7,118513.364,52
7,118520.414,52
7,118527.111,52
7,118533.915,52
7,118540.983,52
7,118547.580,52
7,118554.466,52
7,118561.027,52
7,118567.899,52
7,118574.909,52
7,118581.688,52
7,118588.671,52
7,118594.395,52
7,118601.374,54
7,118608.336,54
7,118615.366,54
7,118627.510,54
7,118634.412,54
7,118641.641,54
7,118648.261,54
7,118655.301,54
7,118661.670,54
7,118668.386,54
7,118680.738,54
7,118688.419,54
7,118694.874,54
7,118701.904,54
7,118708.987,54
7,118715.516,54
7,118722.655,54
7,118729.307,54
7,118735.982,54
7,118742.722,54
7,118749.372,54
7,118756.527,54
7,118765.068,54
7,118772.073,56
7,118778.880,56
7,118786.358,56
7,118793.086,56
7,118799.737,56
7,118806.710,56
7,118811.983,56
7,118818.325,56
7,118826.647,56
7,118833.123,56
7,118840.236,56
7,118847.142,56
7,118854.147,56
7,118860.746,56
7,118867.418,56
7,118874.505,56
7,118880.974,56
7,118887.956,56
7,118894.506,56
7,118901.263,56
7,118908.360,56
7,118914.893,56
7,118926.586,56
7,118933.282,58
7,118940.471,58
7,118947.165,58
7,118954.065,58
7,118960.766,58
7,118967.522,58
7,118974.682,58
7,118981.312,58
7,118988.741,58
7,118995.932,58
7,119006.068,58
7,119013.374,58
7,119020.243,58
7,119027.045,58
7,119033.369,58
7,119040.493,58
7,119046.958,58
7,119053.587,58
7,119060.539,58
7,119067.542,58
7,119073.588,58
7,119080.031,58
7,119087.000,58
7,119093.791,58
7,119100.610,60
7,119107.665,60
7,119114.247,60
7,119121.349,60
7,119128.127,60
7,119134.879,60
7,119141.921,60
7,119148.329,60
7,119159.832,60
7,119168.288,60
7,119174.292,60
7,119180.923,60
7,119187.678,60
7,119194.745,60
7,119201.512,60
7,119208.652,60
7,119215.034,60
7,119222.013,60
7,119228.533,60
7,119234.978,60
7,119242.145,60
7,119248.916,60
7,119256.004,60
7,119262.766,60
7,119269.825,63
7,119276.641,63
7,119283.383,63
7,119290.555,63
7,119298.538,63
7,119304.657,63
7,119311.444,63
7,119318.121,63
7,119327.192,63
7,119333.076,63
7,119340.243,63
7,119347.243,63
7,119354.169,63
7,119359.716,63
7,119366.459,63
7,119373.729,63
7,119380.579,63
7,119387.606,63
7,119394.218,63
7,119400.914,63
7,119408.076,63
7,119414.757,63
7,119421.890,63
7,119428.555,63
7,119435.023,65
7,119442.086,65
7,119447.798,65
7,119454.890,65
7,119461.540,65
7,119467.516,65
7,119474.641,65
7,119481.062,65
7,119488.181,65
7,119494.697,65
7,119501.193,65
7,119508.220,65
7,119515.113,65
7,119522.103,65
7,119527.492,65
7,119533.883,65
7,119540.667,65
7,119547.336,65
7,119554.379,65
7,119561.107,65
7,119567.728,65
7,119574.630,65
7,119581.255,65
7,119588.250,65
7,119594.750,65
7,119601.850,67
7,119608.641,67
7,119615.066,67
7,119626.781,67
7,119633.664,67
7,119640.638,67
7,119646.899,67
7,119653.885,67
7,119660.407,67
7,119667.062,67
7,119674.209,67
7,119679.562,67
7,119686.964,67
7,119693.650,67
7,119700.403,67
7,119707.431,67
7,119713.856,67
7,119720.853,67
7,119727.536,67
7,119734.284,67
7,119741.515,67
7,119748.352,67
7,119755.646,67
7,119762.294,67
7,119769.811,69
7,119776.691,69
7,119783.145,69
7,119790.285,69
7,119797.253,69
7,119803.987,69
7,119810.456,69
7,119817.241,69
7,119826.729,69
7,119833.304,69
7,119840.278,69
7,119846.917,69
7,119854.247,69
7,119860.949,69
7,119867.580,69
7,119874.666,69
7,119881.425,69
7,119888.364,69
7,119894.781,69
7,119901.564,69
7,119909.055,69
7,119915.820,69
7,119923.040,69
7,119929.610,69
7,119936.851,71
7,119948.432,71
7,119955.340,71
7,119961.966,71
7,119968.517,71
7,119975.808,71
7,119982.432,71
7,119989.486,71
7,119996.075,71
7,120005.708,71
7,120012.663,71
7,120019.451,71
7,120026.149,71
7,120032.600,71
7,120039.490,71
7,120046.066,71
7,120052.767,71
7,120059.613,71
7,120066.253,71
7,120073.172,71
7,120079.668,71
7,120086.404,71
7,120092.901,71
7,120099.499,73
7,120106.264,73
7,120111.816,73
7,120118.354,73
7,120126.977,73
7,120133.850,73
7,120140.929,73
7,120147.488,73
7,120154.019,73
7,120161.281,73
7,120168.043,73
7,120175.164,73
7,120181.751,73
7,120188.745,73
7,120195.190,73
7,120207.056,73
7,120214.757,73
7,120222.008,73
7,120228.693,73
7,120235.459,73
7,120242.592,73
7,120249.533,73
7,120256.731,73
7,120268.766,75
7,120275.974,75
7,120282.559,75
7,120289.455,75
7,120295.934,75
7,120306.701,75
7,120313.571,75
7,120320.152,75
7,120326.783,75
7,120333.507,75
7,120340.774,75
7,120347.650,75
7,120354.582,75
7,120361.332,75
7,120367.986,75
7,120375.105,75
7,120381.730,75
7,120388.848,75
7,120394.741,75
7,120401.597,75
7,120408.686,75
7,120415.267,75
7,120429.007,75
7,120438.133,77
7,120449.235,77
7,120456.008,77
7,120462.846,77
7,120469.853,77
7,120476.442,77
7,120483.090,77
7,120490.237,77
7,120497.240,77
7,120504.179,77
7,120510.748,77
7,120517.925,77
7,120524.986,77
7,120531.497,77
7,120538.422,77
7,120546.663,77
7,120553.550,77
7,120560.100,77
7,120566.963,77
7,120574.080,77
7,120580.725,77
7,120587.858,77
7,120594.417,77
7,120601.120,79
7,120608.182,79
7,120614.775,79
7,120626.718,79
7,120633.324,79
7,120640.393,79
7,120647.285,79
7,120654.128,79
7,120660.620,79
7,120665.919,79
7,120672.755,79
7,120679.264,79
7,120686.643,79
7,120693.382,79
7,120700.148,79
7,120707.250,79
7,120713.462,79
7,120720.709,79
7,120727.253,79
7,120733.904,79
7,120741.124,79
7,120748.213,79
7,120755.237,79
7,120761.546,79
7,120768.360,81
7,120775.822,81
7,120782.569,81
7,120789.683,81
7,120796.449,81
7,120806.328,81
7,120813.117,81
7,120820.499,81
7,120827.258,81
7,120834.258,81
7,120841.413,81
7,120847.921,81
7,120854.860,81
7,120861.549,81
7,120868.462,81
7,120875.764,81
7,120882.219,81
7,120889.168,81
7,120895.790,81
7,120906.515,81
7,120913.776,81
7,120920.734,81
7,120926.202,81
7,120932.796,83
7,120939.944,83
7,120946.491,83
7,120953.055,83
7,120959.535,83
7,120966.043,83
7,120973.008,83
7,120979.521,83
7,120986.744,83
7,120996.508,83
7,121003.528,83
7,121010.264,83
7,121016.782,83
7,121028.100,83
7,121034.901,83
7,121042.112,83
7,121048.689,83
7,121055.668,83
7,121062.440,83
7,121068.927,83
7,121075.956,83
7,121082.239,83
7,121089.205,83
7,121095.781,83
7,121102.293,85
7,121109.978,85
7,121116.431,85
7,121127.625,85
7,121134.374,85
7,121141.577,85
7,121148.188,85
7,121155.297,85
7,121161.626,85
7,121168.162,85
7,121175.843,85
7,121183.056,85
7,121190.331,85
7,121197.206,85
7,121207.979,85
7,121214.750,85
7,121221.993,85
7,121228.504,85
7,121234.984,85
7,121242.075,85
7,121248.994,85
7,121255.879,85
7,121266.444,85
7,121273.123,87
7,121279.818,87
7,121286.570,87
7,121293.144,87
7,121299.732,87
7,121306.771,87
7,121313.608,87
7,121320.382,87
7,121327.514,87
7,121333.011,87
7,121340.369,87
7,121346.989,87
7,121353.512,87
7,121360.586,87
7,121367.078,87
7,121374.155,87
7,121380.657,87
7,121387.537,87
7,121392.949,87
7,121399.256,87
7,121406.364,87
7,121413.305,87
7,121419.600,87
7,121427.354,87
7,121433.110,90
7,121439.406,90
7,121446.207,90
7,121453.452,90
7,121460.746,90
7,121466.386,90
7,121472.779,90
7,121479.446,90
7,121485.043,90
7,121492.501,90
7,121498.082,90
7,121505.033,90
7,121510.780,90
7,121517.423,90
7,121527.382,90
7,121534.516,90
7,121541.922,90
7,121548.751,90
7,121555.944,90
7,121562.785,90
7,121568.861,90
7,121576.149,90
7,121582.865,90
7,121590.159,90
7,121595.996,90
7,121602.826,92
7,121609.274,92
7,121615.262,92
7,121626.220,92
7,121633.181,92
7,121640.576,92
7,121647.535,92
7,121654.810,92
7,121660.589,92
7,121666.393,92
7,121673.814,92
7,121680.708,92
7,121686.792,92
7,121693.785,92
7,121699.455,92
7,121706.630,92
7,121712.727,92
7,121719.495,92
7,121726.624,92
7,121734.299,92
7,121740.917,92
7,121747.951,92
7,121755.311,92
7,121762.652,92
7,121769.768,94
7,121776.845,94
7,121783.698,94
7,121790.758,94
7,121797.108,94
7,121806.385,94
7,121812.919,94
7,121819.856,94
7,121826.522,94
7,121833.157,94
7,121840.367,94
7,121847.493,94
7,121854.576,94
7,121861.202,94
7,121867.773,94
7,121875.005,94
7,121881.986,94
7,121888.951,94
7,121895.498,94
7,121906.482,94
7,121913.966,94
7,121920.791,94
7,121927.344,94
7,121934.089,96
7,121941.298,96
7,121947.737,96
7,121954.787,96
7,121961.383,96
7,121967.931,96
7,121974.862,96
7,121981.551,96
7,121988.880,96
7,121995.552,96
7,122006.204,96
7,122013.255,96
7,122020.032,96
7,122026.834,96
7,122033.588,96
7,122041.434,96
7,122047.384,96
7,122054.627,96
7,122061.430,96
7,122068.268,96
7,122075.320,96
7,122081.222,96
7,122088.352,96
7,122094.962,96
7,122101.815,98
7,122109.098,98
7,122115.895,98
7,122127.363,98
7,122134.277,98
7,122141.537,98
7,122148.378,98
7,122155.428,98
7,122162.129,98
7,122168.849,98
7,122178.646,98
7,122186.788,98
7,122192.527,98
7,122199.262,98
7,122206.337,98
7,122211.765,98
7,122218.084,98
7,122226.984,98
7,122233.708,98
7,122240.831,98
7,122247.539,98
7,122255.000,98
7,122261.679,98
7,122268.291,100
7,122275.582,100
7,122282.180,100
7,122289.272,100
7,122295.842,100
7,122306.319,100
7,122313.438,100
7,122319.848,100
7,122326.912,100
7,122333.680,100
7,122340.729,100
7,122348.281,100
7,122355.365,100
7,122362.190,100
7,122368.787,100
7,122374.734,100
7,122381.547,100
7,122388.839,100
7,122395.528,100
7,122406.237,100
7,122412.124,100
7,122418.622,100
7,122426.440,100
7,122435.701,102
7,122442.715,102
7,122449.407,102
7,122456.212,102
7,122462.971,102
7,122469.671,102
7,122476.773,102
7,122482.420,102
7,122489.709,102
7,122496.354,102
7,122502.910,102
7,122509.932,102
7,122516.818,102
7,122527.000,102
7,122532.610,102
7,122539.933,102
7,122546.094,102
7,122552.585,102
7,122559.640,102
7,122566.208,102
7,122573.201,102
7,122579.883,102
7,122586.268,102
7,122593.300,102
7,122599.726,104
7,122606.721,104
7,122613.339,104
7,122619.892,104
7,122626.967,104
7,122633.771,104
7,122640.892,104
7,122647.511,104
7,122655.493,104
7,122660.912,104
7,122667.495,104
7,122674.533,104
7,122681.052,104
7,122688.461,104
7,122695.196,104
7,122706.961,104
7,122713.853,104
7,122720.473,104
7,122726.400,104
7,122732.686,104
7,122739.739,104
7,122746.628,104
7,122752.936,104
7,122759.944,104
7,122766.638,106
7,122773.685,106
7,122780.393,106
7,122786.968,106
7,122793.919,106
7,122800.473,106
7,122807.572,106
7,122814.228,106
7,122821.992,106
7,122828.126,106
7,122834.888,106
7,122842.059,106
7,122848.600,106
7,122855.719,106
7,122862.332,106
7,122868.917,106
7,122876.086,106
7,122882.682,106
7,122889.814,106
7,122895.957,106
7,122902.653,106
7,122909.756,106
7,122919.252,106
7,122927.566,106
7,122934.327,108
7,122941.501,108
7,122948.231,108
7,122955.339,108
7,122962.642,108
7,122969.509,108
7,122976.712,108
7,122983.372,108
7,122991.772,108
7,123000.597,108
7,123007.721,108
7,123014.486,108
7,123021.394,108
7,123028.443,108
7,123035.132,108
7,123042.534,108
7,123049.215,108
7,123056.413,108
7,123065.931,108
7,123072.515,108
7,123078.714,108
7,123085.226,108
7,123092.168,108
7,123098.868,110
7,123105.920,110
7,123112.632,110
7,123119.463,110
7,123126.552,110
7,123133.090,110
7,123140.243,110
7,123147.193,110
7,123154.654,110
7,123161.416,110
7,123167.061,110
7,123174.335,110
7,123182.422,110
7,123189.409,110
7,123195.890,110
7,123207.294,110
7,123213.605,110
7,123220.387,110
7,123227.321,110
7,123234.037,110
7,123241.222,110
7,123246.681,110
7,123253.303,110
7,123260.427,110
7,123267.959,112
7,123275.351,112
7,123282.156,112
7,123289.082,112
7,123294.593,112
7,123301.141,112
7,123308.206,112
7,123313.938,112
7,123321.285,112
7,123328.199,112
7,123334.792,112
7,123341.955,112
7,123348.511,112
7,123355.715,112
7,123362.372,112
7,123368.840,112
7,123375.902,112
7,123382.028,112
7,123389.131,112
7,123395.730,112
7,123406.077,112
7,123413.388,112
7,123420.041,112
7,123427.144,112
7,123433.944,115
7,123441.042,115
7,123448.205,115
7,123455.193,115
7,123461.770,115
7,123468.417,115
7,123475.357,115
7,123482.062,115
7,123489.253,115
7,123495.793,115
7,123506.008,115
7,123513.198,115
7,123520.015,115
7,123526.509,115
7,123533.100,115
7,123540.192,115
7,123546.951,115
7,123554.139,115
7,123560.870,115
7,123567.435,115
7,123574.969,115
7,123581.662,115
7,123588.695,115
7,123594.136,115
7,123600.810,117
7,123607.768,117
7,123614.442,117
7,123621.735,117
7,123628.345,117
7,123637.630,117
7,123649.215,117
7,123656.065,117
7,123662.655,117
7,123670.057,117
7,123676.791,117
7,123683.618,117
7,123690.743,117
7,123697.257,117
7,123704.146,117
7,123710.685,117
7,123717.419,117
7,123726.818,117
7,123733.492,117
7,123740.367,117
7,123746.896,117
7,123753.860,117
7,123760.492,117
7,123767.235,119
7,123774.498,119
7,123781.166,119
7,123788.239,119
7,123795.005,119
7,123801.485,119
7,123808.584,119
7,123816.006,119
7,123826.405,119
7,123833.043,119
7,123840.313,119
7,123847.089,119
7,123854.084,119
7,123860.818,119
7,123867.371,119
7,123874.509,119
7,123881.953,119
7,123888.847,119
7,123895.655,119
7,123906.232,119
7,123913.502,119
7,123920.452,119
7,123927.202,119
7,123934.031,121
7,123941.072,121
7,123946.645,121
7,123953.658,121
7,123959.242,121
7,123964.859,121
7,123972.119,121
7,123978.339,121
7,123985.259,121
7,123992.018,121
7,123998.505,121
7,124006.918,121
7,124013.787,121
7,124020.977,121
7,124027.686,121
7,124034.451,121
7,124041.901,121
7,124048.643,121
7,124054.711,121
7,124061.788,121
7,124068.651,121
7,124075.787,121
7,124082.493,121
7,124089.675,121
7,124096.490,121
7,124106.485,123
7,124113.339,123
7,124120.609,123
7,124127.580,123
7,124139.939,123
7,124147.311,123
7,124153.059,123
7,124159.752,123
7,124166.741,123
7,124174.105,123
7,124180.800,123
7,124188.585,123
7,124195.142,123
7,124206.235,123
7,124213.536,123
7,124220.308,123
7,124227.058,123
7,124233.909,123
7,124241.220,123
7,124247.751,123
7,124254.747,123
7,124261.432,123
7,124268.139,125
7,124275.316,125
7,124281.929,125
7,124289.043,125
7,124295.759,125
7,124306.321,125
7,124312.076,125
7,124318.459,125
7,124326.383,125
7,124333.102,125
7,124340.310,125
7,124347.079,125
7,124354.223,125
7,124360.974,125
7,124367.617,125
7,124374.671,125
7,124380.976,125
7,124388.065,125
7,124394.681,125
7,124401.397,125
7,124408.553,125
7,124415.199,125
7,124422.199,125
7,124428.871,125
7,124435.640,127
7,124442.660,127
7,124449.400,127
7,124456.485,127
7,124468.247,127
7,124475.293,127
7,124481.939,127
7,124489.612,127
7,124496.154,127
7,124506.095,127
7,124513.390,127
7,124520.167,127
7,124526.930,127
7,124533.697,127
7,124540.869,127
7,124547.344,127
7,124554.537,127
7,124561.221,127
7,124567.851,127
7,124574.915,127
7,124581.587,127
7,124588.577,127
7,124595.171,127
7,124607.204,129
7,124613.196,129
7,124620.686,129
7,124627.389,129
7,124634.158,129
7,124641.402,129
7,124648.319,129
7,124655.221,129
7,124661.747,129
7,124668.347,129
7,124675.913,129
7,124682.433,129
7,124689.303,129
7,124695.861,129
7,124704.291,129
7,124711.100,129
7,124717.712,129
7,124726.744,129
7,124733.328,129
7,124740.483,129
7,124746.861,129
7,124754.068,129
7,124761.009,129
7,124767.861,131
7,124775.085,131
7,124782.048,131
7,124789.016,131
7,124796.191,131
7,124806.978,131
7,124813.529,131
7,124820.507,131
7,124827.174,131
7,124833.750,131
7,124840.803,131
7,124847.248,131
7,124854.213,131
7,124860.777,131
7,124867.269,131
7,124874.531,131
7,124881.251,131
7,124888.647,131
7,124894.012,131
7,124900.994,131
7,124908.525,131
7,124915.390,131
7,124926.923,131
7,124933.737,133
7,124940.743,133
7,124947.210,133
7,124954.016,133
7,124960.751,133
7,124967.355,133
7,124974.384,133
7,124979.859,133
7,124987.214,133
7,124994.041,133
7,125000.676,133
7,125008.112,133
7,125014.965,133
7,125026.431,133
7,125033.068,133
7,125040.341,133
7,125047.376,133
7,125054.324,133
7,125061.035,133
7,125067.837,133
7,125074.994,133
7,125081.811,133
7,125088.668,133
7,125095.023,133
7,125106.328,135
7,125113.329,135
7,125120.043,135
7,125126.849,135
7,125133.734,135
7,125140.792,135
7,125147.012,135
7,125154.537,135
7,125161.192,135
7,125167.796,135
7,125174.917,135
7,125181.750,135
7,125188.765,135
7,125195.383,135
7,125206.378,135
7,125213.567,135
7,125220.397,135
7,125226.531,135
7,125233.234,135
7,125240.287,135
7,125246.969,135
7,125253.510,135
7,125260.433,135
7,125267.136,137
7,125274.196,137
7,125280.632,137
7,125287.139,137
7,125294.230,137
7,125300.898,137
7,125308.000,137
7,125314.763,137
7,125321.897,137
7,125328.320,137
7,125335.784,137
7,125344.950,137
7,125351.614,137
7,125358.551,137
7,125366.863,137
7,125373.869,137
7,125379.180,137
7,125386.716,137
7,125392.232,137
7,125398.520,137
7,125407.558,137
7,125414.218,137
7,125421.345,137
7,125428.786,137
7,125435.344,139
7,125442.618,139
7,125449.315,139
7,125456.277,139
7,125462.958,139
7,125470.216,139
7,125476.992,139
7,125483.533,139
7,125490.826,139
7,125497.436,139
7,125507.854,139
7,125513.673,139
7,125520.817,139
7,125527.362,139
7,125534.077,139
7,125541.371,139
7,125548.007,139
7,125555.102,139
7,125561.751,139
7,125568.351,139
7,125575.531,139
7,125582.300,139
7,125589.359,139
7,125595.891,139
7,125604.632,142
7,125611.669,142
7,125618.670,142
7,125625.960,142
7,125632.652,142
7,125639.693,142
7,125646.305,142
7,125651.616,142
7,125658.601,142
7,125668.115,142
7,125675.310,142
7,125681.984,142
7,125689.098,142
7,125695.774,142
7,125706.018,142
7,125713.648,142
7,125720.578,142
7,125727.252,142
7,125733.860,142
7,125740.551,142
7,125748.637,142
7,125755.953,142
7,125762.677,142
7,125769.664,144
7,125776.326,144
7,125782.896,144
7,125789.556,144
7,125796.075,144
7,125805.727,144
7,125812.127,144
7,125818.870,144
7,125826.405,144
7,125833.021,144
7,125840.291,144
7,125846.802,144
7,125853.504,144
7,125860.586,144
7,125867.392,144
7,125874.294,144
7,125880.673,144
7,125888.068,144
7,125895.008,144
7,125901.839,144
7,125908.984,144
7,125914.312,144
7,125921.439,144
7,125928.008,144
7,125940.333,146
7,125947.081,146
7,125953.650,146
7,125959.884,146
7,125966.331,146
7,125973.214,146
7,125979.865,146
7,125985.251,146
7,125994.411,146
7,126001.335,146
7,126008.659,146
7,126016.063,146
7,126022.892,146
7,126029.271,146
7,126035.837,146
7,126043.152,146
7,126049.628,146
7,126056.871,146
7,126063.505,146
7,126070.864,146
7,126077.380,146
7,126083.817,146
7,126090.858,146
7,126097.415,148
7,126107.939,148
7,126115.007,148
7,126127.103,148
7,126133.905,148
7,126141.011,148
7,126147.443,148
7,126154.348,148
7,126161.703,148
7,126167.473,148
7,126174.475,148
7,126181.327,148
7,126188.585,148
7,126195.250,148
7,126207.144,148
7,126214.107,148
7,126221.143,148
7,126227.735,148
7,126234.570,148
7,126241.804,148
7,126248.186,148
7,126255.325,148
7,126262.069,148
7,126268.772,150
7,126275.818,150
7,126282.283,150
7,126289.369,150
7,126296.110,150
7,126306.202,150
7,126313.063,150
7,126320.633,150
7,126327.543,150
7,126333.325,150
7,126340.375,150
7,126347.215,150
7,126354.605,150
7,126361.377,150
7,126368.196,150
7,126375.423,150
7,126382.229,150
7,126389.424,150
7,126396.265,150
7,126405.808,150
7,126413.133,150
7,126419.723,150
7,126426.857,150
7,126433.517,152
7,126440.655,152
7,126447.030,152
7,126453.961,152
7,126460.412,152
7,126467.296,152
7,126474.327,152
7,126480.770,152
7,126487.547,152
7,126494.645,152
7,126501.427,152
7,126508.635,152
7,126514.086,152
7,126520.658,152
7,126527.944,152
7,126534.603,152
7,126541.657,152
7,126548.674,152
7,126555.827,152
7,126562.603,152
7,126569.253,152
7,126576.178,152
7,126581.868,152
7,126589.133,152
7,126594.859,152
7,126605.963,154
7,126612.349,154
7,126619.028,154
7,126626.398,154
7,126635.228,154
7,126642.363,154
7,126648.901,154
7,126655.996,154
7,126662.747,154
7,126669.809,154
7,126676.539,154
7,126683.173,154
7,126690.330,154
7,126697.139,154
7,126704.203,154
7,126710.661,154
7,126717.224,154
7,126726.670,154
7,126733.439,154
7,126740.421,154
7,126746.908,154
7,126754.120,154
7,126760.993,154
7,126767.349,156
7,126774.559,156
7,126781.159,156
7,126788.244,156
7,126794.847,156
7,126803.354,156
7,126810.426,156
7,126817.182,156
7,126826.928,156
7,126833.609,156
7,126840.647,156
7,126847.255,156
7,126854.305,156
7,126860.824,156
7,126867.459,156
7,126874.392,156
7,126879.764,156
7,126887.182,156
7,126895.262,156
7,126905.293,156
7,126912.984,156
7,126920.899,156
7,126929.786,156
7,126937.309,158
7,126949.401,158
7,126957.238,158
7,126968.716,158
7,126975.183,158
7,126982.514,158
7,126989.119,158
7,126995.637,158
7,127005.031,158
7,127011.276,158
7,127017.253,158
7,127025.944,158
7,127032.427,158
7,127039.745,158
7,127051.595,158
7,127060.005,158
7,127068.122,158
7,127075.508,158
7,127082.219,158
7,127089.561,158
7,127096.175,158
7,127102.983,160
7,127110.212,160
7,127117.193,160
7,127124.579,160
7,127131.338,160
7,127138.754,160
7,127145.422,160
7,127152.156,160
7,127159.513,160
7,127166.191,160
7,127174.291,160
7,127180.990,160
7,127188.214,160
7,127195.869,160
7,127202.774,160
7,127210.080,160
7,127216.759,160
7,127224.192,160
7,127232.042,160
7,127239.202,160
7,127248.309,160
7,127255.319,160
7,127261.944,160
7,127269.099,162
7,127276.109,162
7,127282.820,162
7,127290.044,162
7,127297.104,162
7,127303.975,162
7,127313.304,162
7,127320.598,162
7,127327.474,162
7,127334.327,162
7,127341.030,162
7,127347.479,162
7,127355.117,162
7,127361.855,162
7,127368.720,162
7,127375.880,162
7,127382.456,162
7,127389.921,162
7,127397.038,162
7,127404.100,162
7,127411.777,162
7,127419.119,162
7,127426.725,162
7,127434.108,164
7,127441.730,164
7,127448.925,164
7,127456.063,164
7,127463.037,164
7,127470.382,164
7,127477.727,164
7,127484.877,164
7,127492.003,164
7,127499.002,164
7,127506.170,164
7,127514.523,164
7,127521.651,164
7,127528.461,164
7,127535.878,164
7,127543.389,164
7,127550.187,164
7,127557.481,164
7,127564.157,164
7,127571.723,164
7,127578.349,164
7,127585.046,164
7,127597.226,164
7,127604.352,166
7,127613.437,166
7,127620.610,166
7,127627.477,166
7,127634.320,166
7,127640.898,166
7,127647.143,166
7,127654.499,166
7,127661.214,166
7,127667.895,166
7,127675.102,166
7,127681.631,166
7,127688.827,166
7,127695.427,166
7,127702.155,166
7,127709.306,166
7,127715.877,166
7,127723.019,166
7,127729.718,166
7,127737.069,166
7,127742.909,166
7,127749.453,166
7,127756.421,166
7,127763.105,166
7,127770.562,169
7,127777.316,169
7,127784.273,169
7,127791.585,169
7,127798.037,169
7,127805.400,169
7,127812.093,169
7,127818.802,169
7,127826.072,169
7,127832.671,169
7,127840.269,169
7,127847.205,169
7,127856.516,169
7,127863.743,169
7,127870.694,169
7,127877.261,169
7,127884.200,169
7,127891.805,169
7,127898.599,169
7,127905.961,169
7,127913.506,169
7,127920.766,169
7,127927.644,169
7,127935.186,171
7,127942.469,171
7,127948.193,171
7,127955.127,171
7,127960.626,171
7,127967.306,171
7,127978.234,171
7,127984.846,171
7,127992.309,171
7,127999.264,171
7,128006.432,171
7,128013.300,171
7,128020.714,171
7,128027.547,171
7,128034.317,171
7,128041.580,171
7,128048.419,171
7,128056.010,171
7,128063.646,171
7,128075.429,171
7,128083.712,171
7,128091.252,171
7,128097.852,173
7,128104.936,173
7,128111.395,173
7,128118.116,173
7,128125.376,173
7,128132.051,173
7,128138.939,173
7,128146.232,173
7,128153.600,173
7,128160.416,173
7,128167.232,173
7,128174.308,173
7,128182.390,173
7,128189.599,173
7,128200.566,173
7,128207.779,173
7,128214.200,173
7,128221.357,173
7,128228.003,173
7,128234.766,173
7,128242.089,173
7,128248.911,173
7,128256.346,173
7,128262.968,173
7,128269.644,175
7,128277.063,175
7,128283.896,175
7,128290.991,175
7,128297.386,175
7,128304.611,175
7,128311.403,175
7,128320.695,175
7,128327.860,175
7,128334.788,175
7,128341.932,175
7,128348.564,175
7,128355.559,175
7,128362.206,175
7,128368.719,175
7,128375.730,175
7,128382.445,175
7,128389.709,175
7,128396.376,175
7,128402.884,175
7,128409.960,175
7,128416.716,175
7,128424.100,175
7,128430.625,177
7,128437.799,177
7,128444.606,177
7,128451.597,177
7,128458.537,177
7,128465.226,177
7,128472.456,177
7,128479.102,177
7,128486.470,177
7,128493.143,177
7,128499.510,177
7,128506.728,177
7,128513.681,177
7,128520.791,177
7,128527.418,177
7,128534.102,177
7,128541.258,177
7,128547.864,177
7,128555.041,177
7,128561.771,177
7,128568.212,177
7,128575.558,177
7,128582.267,177
7,128589.388,177
7,128596.205,177
7,128602.797,179
7,128609.794,179
7,128620.633,179
7,128627.982,179
7,128634.955,179
7,128642.249,179
7,128648.959,179
7,128656.261,179
7,128663.181,179
7,128670.187,179
7,128682.512,179
7,128689.715,179
7,128696.532,179
7,128703.916,179
7,128709.573,179
7,128720.580,179
7,128727.882,179
7,128734.943,179
7,128742.226,179
7,128748.933,179
7,128761.431,179
7,128767.912,180
7,128775.356,180
7,128782.162,180
7,128789.251,180
7,128796.474,180
7,128803.101,180
7,128809.178,180
7,128815.970,180
7,128823.196,180
7,128830.233,180
7,128840.807,180
7,128847.472,180
7,128854.448,180
7,128861.130,180
7,128867.742,180
7,128874.975,180
7,128881.745,180
7,128889.207,180
7,128895.933,180
7,128902.705,180
7,128909.860,180
7,128916.351,180
7,128923.552,180
8,128930.371,0
