cycle_index,t_ms,pixel_width
-1,0.007,25
-1,8.174,25
-1,16.071,25
-1,25.922,25
-1,33.703,25
-1,41.147,25
-1,47.443,25
-1,57.748,25
-1,64.154,25
-1,72.397,25
-1,80.102,25
-1,87.462,25
-1,95.056,25
-1,102.613,25
-1,109.788,25
-1,117.901,25
-1,127.456,25
-1,134.646,25
-1,142.560,28
-1,149.813,28
-1,157.237,28
-1,166.360,28
-1,174.004,28
-1,182.522,28
-1,190.130,28
-1,197.394,28
-1,203.657,28
-1,210.772,28
-1,218.665,28
-1,224.794,28
-1,233.411,28
-1,241.150,28
-1,249.006,28
-1,255.221,28
-1,263.156,28
-1,271.691,28
-1,279.167,28
-1,287.189,28
-1,297.316,28
-1,303.976,28
-1,312.303,31
-1,320.286,31
-1,331.275,31
-1,340.087,31
-1,349.244,31
-1,355.258,31
-1,365.444,31
-1,373.715,31
-1,381.327,31
-1,388.911,31
-1,397.871,31
-1,404.092,31
-1,411.296,31
-1,419.171,31
-1,426.257,31
-1,435.659,31
-1,441.509,31
-1,449.540,31
-1,457.144,31
-1,469.119,31
-1,475.367,35
-1,483.668,35
-1,491.373,35
-1,502.094,35
-1,509.896,35
-1,517.525,35
-1,527.955,35
-1,535.364,35
-1,543.187,35
-1,550.955,35
-1,558.857,35
-1,569.221,35
-1,576.857,35
-1,584.826,35
-1,592.782,35
-1,603.744,35
-1,611.935,35
-1,620.858,35
-1,629.191,35
-1,637.860,35
-1,645.904,38
-1,654.271,38
-1,662.092,38
-1,670.600,38
-1,677.985,38
-1,686.226,38
-1,693.175,38
-1,701.281,38
-1,709.424,38
-1,717.422,38
-1,724.713,38
-1,732.957,38
-1,740.882,38
-1,749.000,38
-1,757.176,38
-1,765.376,38
-1,775.431,38
-1,783.692,38
-1,794.799,38
-1,801.262,38
-1,810.535,38
-1,818.403,41
-1,826.371,41
-1,833.247,41
-1,843.178,41
-1,851.097,41
-1,859.634,41
-1,868.110,41
-1,876.060,41
-1,884.111,41
-1,889.795,41
-1,896.991,41
-1,904.847,41
-1,913.449,41
-1,921.138,41
-1,929.290,41
-1,937.839,41
-1,946.115,41
-1,952.988,41
-1,960.692,41
-1,967.717,41
-1,977.446,44
-1,986.428,44
-1,996.601,44
-1,1004.152,44
-1,1011.866,44
-1,1019.894,44
-1,1027.394,44
-1,1035.819,44
-1,1044.826,44
-1,1053.703,44
-1,1059.978,44
-1,1067.634,44
-1,1075.321,44
-1,1082.167,44
-1,1089.728,44
-1,1097.899,44
-1,1105.790,44
-1,1113.517,44
-1,1121.509,44
-1,1129.183,44
-1,1137.091,44
-1,1147.361,47
-1,1153.746,47
-1,1161.822,47
-1,1170.507,47
-1,1180.731,47
-1,1187.367,47
-1,1195.309,47
-1,1201.236,47
-1,1209.664,47
-1,1217.395,47
-1,1225.503,47
-1,1233.627,47
-1,1241.560,47
-1,1249.346,47
-1,1256.684,47
-1,1262.702,47
-1,1270.882,47
-1,1276.992,47
-1,1285.665,47
-1,1294.362,47
-1,1301.064,47
-1,1308.605,50
-1,1319.548,50
-1,1326.725,50
-1,1334.365,50
-1,1341.870,50
-1,1352.914,50
-1,1361.292,50
-1,1370.259,50
-1,1377.921,50
-1,1387.224,50
-1,1394.781,50
-1,1403.214,50
-1,1410.692,50
-1,1418.646,50
-1,1426.949,50
-1,1435.418,50
-1,1441.439,50
-1,1450.408,50
-1,1458.237,50
-1,1466.356,50
-1,1475.095,50
-1,1483.764,53
-1,1492.158,53
-1,1499.053,53
-1,1507.309,53
-1,1513.441,53
-1,1522.919,53
-1,1532.128,53
-1,1539.913,53
-1,1547.164,53
-1,1556.241,53
-1,1563.506,53
-1,1571.451,53
-1,1579.232,53
-1,1589.810,53
-1,1597.273,53
-1,1606.018,53
-1,1613.674,53
-1,1625.217,53
-1,1633.465,53
-1,1639.833,56
-1,1648.237,56
-1,1656.359,56
-1,1664.258,56
-1,1670.565,56
-1,1678.214,56
-1,1686.418,56
-1,1694.355,56
-1,1702.929,56
-1,1710.016,56
-1,1718.281,56
-1,1726.112,56
-1,1734.353,56
-1,1742.610,56
-1,1750.808,56
-1,1759.355,56
-1,1767.253,56
-1,1774.536,56
-1,1782.646,56
-1,1794.280,56
-1,1802.522,56
-1,1809.956,59
-1,1818.118,59
-1,1829.019,59
-1,1837.495,59
-1,1844.890,59
-1,1851.113,59
-1,1862.489,59
-1,1870.668,59
-1,1876.657,59
-1,1884.812,59
-1,1895.751,59
-1,1904.208,59
-1,1912.037,59
-1,1919.762,59
-1,1927.462,59
-1,1935.786,59
-1,1943.275,59
-1,1950.679,59
-1,1958.494,59
-1,1966.089,59
-1,1973.307,59
-1,1981.384,63
-1,1991.736,63
-1,2000.887,63
-1,2008.511,63
-1,2015.393,63
-1,2024.700,63
-1,2033.885,63
-1,2041.936,63
-1,2049.864,63
-1,2057.329,63
-1,2066.232,63
-1,2073.907,63
-1,2082.927,63
-1,2090.838,63
-1,2098.713,63
-1,2106.221,63
-1,2113.481,63
-1,2122.466,63
-1,2133.245,63
-1,2141.608,66
-1,2149.119,66
-1,2156.770,66
-1,2169.343,66
-1,2176.500,66
-1,2184.428,66
-1,2191.355,66
-1,2203.460,66
-1,2211.116,66
-1,2219.254,66
-1,2225.058,66
-1,2236.141,66
-1,2243.087,66
-1,2251.709,66
-1,2258.552,66
-1,2266.193,66
-1,2273.323,66
-1,2281.239,66
-1,2289.900,66
-1,2297.685,66
-1,2305.761,66
-1,2311.534,69
-1,2319.331,69
-1,2326.423,69
-1,2341.267,69
-1,2349.278,69
-1,2356.812,69
-1,2365.176,69
-1,2373.249,69
-1,2381.205,69
-1,2389.168,69
-1,2397.037,69
-1,2405.568,69
-1,2412.715,69
-1,2420.743,69
-1,2427.915,69
-1,2436.095,69
-1,2444.501,69
-1,2452.492,69
-1,2460.146,69
-1,2468.232,69
-1,2474.822,72
-1,2483.107,72
-1,2489.453,72
-1,2497.411,72
-1,2506.312,72
-1,2514.025,72
-1,2522.381,72
-1,2528.136,72
-1,2536.530,72
-1,2545.441,72
-1,2552.960,72
-1,2558.645,72
-1,2566.343,72
-1,2572.967,72
-1,2580.630,72
-1,2588.995,72
-1,2596.665,72
-1,2604.572,72
-1,2611.970,72
-1,2618.702,72
-1,2624.215,72
-1,2632.343,72
-1,2638.255,72
-1,2648.982,75
-1,2654.955,75
-1,2662.388,75
-1,2669.834,75
-1,2677.534,75
-1,2685.619,75
-1,2693.095,75
-1,2701.025,75
-1,2711.765,75
-1,2719.869,75
-1,2725.820,75
-1,2733.589,75
-1,2742.505,75
-1,2751.748,75
-1,2759.326,75
-1,2767.182,75
-1,2774.965,75
-1,2781.787,75
-1,2787.571,75
-1,2794.347,75
-1,2802.343,75
-1,2813.502,78
-1,2820.844,78
-1,2828.611,78
-1,2836.367,78
-1,2844.156,78
-1,2853.680,78
-1,2861.590,78
-1,2869.552,78
-1,2875.750,78
-1,2884.161,78
-1,2891.550,78
-1,2899.593,78
-1,2907.175,78
-1,2916.702,78
-1,2924.990,78
-1,2933.196,78
-1,2940.975,78
-1,2951.058,78
-1,2958.337,78
-1,2966.074,78
-1,2973.521,78
-1,2985.267,81
-1,2993.825,81
-1,3001.626,81
-1,3009.893,81
-1,3018.186,81
-1,3025.418,81
-1,3033.147,81
-1,3040.869,81
-1,3052.507,81
-1,3060.719,81
-1,3068.796,81
-1,3076.308,81
-1,3087.481,81
-1,3093.244,81
-1,3101.241,81
-1,3107.151,81
-1,3115.252,81
-1,3124.479,81
-1,3132.669,81
-1,3140.369,81
-1,3152.808,84
-1,3159.584,84
-1,3167.797,84
-1,3175.911,84
-1,3184.302,84
-1,3190.742,84
-1,3198.858,84
-1,3206.986,84
-1,3213.068,84
-1,3220.308,84
-1,3228.052,84
-1,3235.737,84
-1,3243.413,84
-1,3251.608,84
-1,3259.230,84
-1,3267.917,84
-1,3275.731,84
-1,3283.893,84
-1,3292.688,84
-1,3300.967,84
-1,3308.488,87
-1,3317.048,87
-1,3325.718,87
-1,3333.995,87
-1,3341.041,87
-1,3349.535,87
-1,3357.615,87
-1,3366.298,87
-1,3373.755,87
-1,3381.684,87
-1,3392.815,87
-1,3401.133,87
-1,3408.725,87
-1,3416.678,87
-1,3425.601,87
-1,3433.072,87
-1,3441.237,87
-1,3449.035,87
-1,3460.150,87
-1,3467.981,87
-1,3476.005,91
-1,3484.288,91
-1,3492.859,91
-1,3501.202,91
-1,3508.547,91
-1,3516.500,91
-1,3528.048,91
-1,3534.586,91
-1,3542.140,91
-1,3549.772,91
-1,3556.911,91
-1,3566.594,91
-1,3575.059,91
-1,3583.779,91
-1,3592.205,91
-1,3599.850,91
-1,3609.298,91
-1,3615.744,91
-1,3621.846,91
-1,3631.658,91
-1,3639.627,91
-1,3647.932,94
-1,3655.332,94
-1,3661.551,94
-1,3670.748,94
-1,3678.332,94
-1,3686.451,94
-1,3696.732,94
-1,3704.811,94
-1,3710.717,94
-1,3718.557,94
-1,3726.308,94
-1,3734.479,94
-1,3742.116,94
-1,3749.934,94
-1,3757.725,94
-1,3766.414,94
-1,3772.523,94
-1,3780.547,94
-1,3787.028,94
-1,3794.997,94
-1,3803.111,94
-1,3810.878,97
-1,3818.923,97
-1,3826.476,97
-1,3834.561,97
-1,3840.290,97
-1,3848.241,97
-1,3854.200,97
-1,3861.859,97
-1,3871.430,97
-1,3879.084,97
-1,3887.024,97
-1,3893.991,97
-1,3903.208,97
-1,3910.555,97
-1,3918.373,97
-1,3925.806,97
-1,3936.430,97
-1,3943.451,97
-1,3951.142,97
-1,3957.026,97
-1,3964.330,97
-1,3973.470,97
-1,3981.023,100
-1,3989.140,100
-1,3996.405,100
-1,4005.194,100
-1,4012.672,100
-1,4019.100,100
-1,4026.485,100
-1,4034.683,100
-1,4043.161,100
-1,4051.189,100
-1,4059.032,100
-1,4066.589,100
-1,4074.810,100
-1,4082.822,100
-1,4088.892,100
-1,4096.507,100
-1,4105.063,100
-1,4113.195,100
-1,4121.363,100
-1,4128.876,100
-1,4138.390,100
-1,4146.322,103
-1,4152.533,103
-1,4160.120,103
-1,4167.936,103
-1,4175.736,103
-1,4183.399,103
-1,4191.970,103
-1,4199.971,103
-1,4207.699,103
-1,4215.497,103
-1,4221.529,103
-1,4227.368,103
-1,4234.875,103
-1,4241.119,103
-1,4249.140,103
-1,4256.839,103
-1,4265.225,103
-1,4274.945,103
-1,4282.864,103
-1,4289.723,103
-1,4296.761,103
-1,4303.861,103
-1,4312.305,103
-1,4318.773,106
-1,4325.102,106
-1,4332.835,106
-1,4342.871,106
-1,4348.806,106
-1,4355.288,106
-1,4361.065,106
-1,4368.643,106
-1,4377.197,106
-1,4383.260,106
-1,4390.592,106
-1,4396.801,106
-1,4402.892,106
-1,4411.383,106
-1,4418.155,106
-1,4423.716,106
-1,4430.889,106
-1,4436.784,106
-1,4445.757,106
-1,4454.139,106
-1,4460.877,106
-1,4467.208,106
-1,4473.182,109
-1,4480.906,109
-1,4487.330,109
-1,4494.359,109
-1,4500.542,109
-1,4506.497,109
-1,4514.704,109
-1,4520.909,109
-1,4526.656,109
-1,4533.279,109
-1,4539.466,109
-1,4547.571,109
-1,4553.925,109
-1,4560.114,109
-1,4566.469,109
-1,4572.719,109
-1,4581.332,109
-1,4589.329,109
-1,4595.452,109
-1,4602.154,109
-1,4608.441,109
-1,4618.591,109
-1,4625.029,109
-1,4631.133,109
-1,4637.236,109
-1,4643.340,112
-1,4652.901,112
-1,4659.448,112
-1,4666.474,112
-1,4672.342,112
-1,4678.439,112
-1,4687.470,112
-1,4693.512,112
-1,4700.384,112
-1,4706.372,112
-1,4716.606,112
-1,4723.248,112
-1,4730.110,112
-1,4736.779,112
-1,4743.212,112
-1,4751.847,112
-1,4758.475,112
-1,4764.902,112
-1,4770.760,112
-1,4777.201,112
-1,4786.676,112
-1,4793.504,112
-1,4800.076,112
-1,4806.753,116
-1,4813.290,116
-1,4821.101,116
-1,4827.509,116
-1,4833.957,116
-1,4839.871,116
-1,4845.853,116
-1,4856.544,116
-1,4863.169,116
-1,4870.529,116
-1,4877.989,116
-1,4887.356,116
-1,4894.325,116
-1,4901.210,116
-1,4907.075,116
-1,4914.827,116
-1,4923.532,116
-1,4929.745,116
-1,4936.077,116
-1,4941.956,116
-1,4949.215,116
-1,4957.409,116
-1,4965.048,116
-1,4971.186,116
-1,4977.457,119
-1,4984.058,119
-1,4991.725,119
-1,4998.161,119
-1,5004.792,119
-1,5010.683,119
-1,5017.559,119
-1,5025.493,119
-1,5031.574,119
-1,5037.201,119
-1,5043.432,119
-1,5050.089,119
-1,5060.201,119
-1,5068.334,119
-1,5074.815,119
-1,5080.686,119
-1,5091.150,119
-1,5097.361,119
-1,5103.847,119
-1,5109.468,119
-1,5118.009,119
-1,5126.674,119
-1,5132.964,119
-1,5139.767,119
-1,5146.042,122
-1,5152.508,122
-1,5159.955,122
-1,5166.267,122
-1,5172.154,122
-1,5178.212,122
-1,5186.034,122
-1,5194.581,122
-1,5202.827,122
-1,5210.197,122
-1,5216.960,122
-1,5226.680,122
-1,5232.440,122
-1,5238.996,122
-1,5245.065,122
-1,5251.692,122
-1,5260.488,122
-1,5266.812,122
-1,5273.211,122
-1,5279.139,122
-1,5285.283,122
-1,5294.231,122
-1,5300.345,122
-1,5309.866,125
-1,5316.972,125
-1,5323.752,125
-1,5332.389,125
-1,5338.759,125
-1,5344.617,125
-1,5351.001,125
-1,5357.431,125
-1,5367.718,125
-1,5373.625,125
-1,5380.033,125
-1,5386.707,125
-1,5396.881,125
-1,5403.531,125
-1,5410.013,125
-1,5416.908,125
-1,5423.268,125
-1,5430.691,125
-1,5437.483,125
-1,5444.417,125
-1,5451.270,125
-1,5458.617,125
-1,5467.530,125
-1,5473.640,128
-1,5480.778,128
-1,5487.477,128
-1,5493.380,128
-1,5502.998,128
-1,5510.536,128
-1,5517.251,128
-1,5524.663,128
-1,5534.003,128
-1,5540.756,128
-1,5547.332,128
-1,5554.355,128
-1,5560.785,128
-1,5570.429,128
-1,5577.906,128
-1,5584.217,128
-1,5590.777,128
-1,5600.787,128
-1,5608.407,128
-1,5615.132,128
-1,5621.827,128
-1,5627.729,128
-1,5637.351,128
-1,5644.106,131
-1,5651.080,131
-1,5657.388,131
-1,5664.536,131
-1,5672.456,131
-1,5678.660,131
-1,5686.041,131
-1,5692.911,131
-1,5703.657,131
-1,5711.415,131
-1,5718.363,131
-1,5724.355,131
-1,5731.887,131
-1,5741.136,131
-1,5747.413,131
-1,5754.192,131
-1,5760.607,131
-1,5770.729,131
-1,5776.849,131
-1,5783.410,131
-1,5790.264,131
-1,5797.058,131
-1,5809.249,131
-1,5817.038,134
-1,5824.446,134
-1,5831.369,134
-1,5839.198,134
-1,5845.012,134
-1,5851.558,134
-1,5858.395,134
-1,5864.963,134
-1,5872.954,134
-1,5879.311,134
-1,5885.977,134
-1,5891.936,134
-1,5898.631,134
-1,5906.444,134
-1,5912.690,134
-1,5920.701,134
-1,5928.201,134
-1,5935.523,134
-1,5944.035,134
-1,5950.320,134
-1,5956.842,134
-1,5962.982,134
-1,5969.879,134
-1,5977.290,134
-1,5983.423,137
-1,5989.928,137
-1,5997.289,137
-1,6004.015,137
-1,6012.307,137
-1,6020.010,137
-1,6026.182,137
-1,6032.434,137
-1,6041.567,137
-1,6048.670,137
-1,6055.343,137
-1,6061.673,137
-1,6070.342,137
-1,6078.604,137
-1,6085.422,137
-1,6091.512,137
-1,6097.716,137
-1,6103.961,137
-1,6112.543,137
-1,6119.951,137
-1,6127.887,137
-1,6134.781,137
-1,6144.647,140
-1,6150.936,140
-1,6156.698,140
-1,6162.722,140
-1,6169.545,140
-1,6178.591,140
-1,6185.254,140
-1,6191.465,140
-1,6197.702,140
-1,6203.995,140
-1,6213.479,140
-1,6220.066,140
-1,6226.358,140
-1,6233.061,140
-1,6239.420,140
-1,6250.085,140
-1,6256.550,140
-1,6262.833,140
-1,6269.445,140
-1,6276.259,140
-1,6284.957,140
-1,6291.977,140
-1,6298.355,140
-1,6305.074,140
-1,6314.413,144
-1,6320.907,144
-1,6327.960,144
-1,6337.407,144
-1,6343.993,144
-1,6352.609,144
-1,6359.056,144
-1,6365.937,144
-1,6371.776,144
-1,6383.253,144
-1,6391.151,144
-1,6397.350,144
-1,6403.205,144
-1,6409.314,144
-1,6418.268,144
-1,6425.588,144
-1,6432.267,144
-1,6438.508,144
-1,6444.557,144
-1,6454.158,144
-1,6460.368,144
-1,6466.444,144
-1,6473.304,144
-1,6479.596,147
-1,6489.405,147
-1,6496.099,147
-1,6503.486,147
-1,6509.661,147
-1,6518.264,147
-1,6524.428,147
-1,6532.298,147
-1,6538.261,147
-1,6543.762,147
-1,6549.516,147
-1,6560.181,147
-1,6567.402,147
-1,6573.415,147
-1,6579.675,147
-1,6588.116,147
-1,6593.824,147
-1,6600.345,147
-1,6607.034,147
-1,6613.180,147
-1,6622.681,147
-1,6628.546,147
-1,6635.014,147
-1,6641.034,150
-1,6647.748,150
-1,6655.276,150
-1,6661.463,150
-1,6668.680,150
-1,6675.483,150
-1,6682.516,150
-1,6692.967,150
-1,6699.889,150
-1,6705.961,150
-1,6712.444,150
-1,6723.732,150
-1,6731.434,150
-1,6737.825,150
-1,6743.923,150
-1,6750.396,150
-1,6758.287,150
-1,6764.451,150
-1,6770.248,150
-1,6777.384,150
-1,6784.938,150
-1,6794.018,150
-1,6802.139,150
-1,6808.542,153
-1,6814.748,153
-1,6823.798,153
-1,6830.650,153
-1,6837.009,153
-1,6842.772,153
-1,6848.984,153
-1,6858.532,153
-1,6865.823,153
-1,6872.453,153
-1,6878.532,153
-1,6884.944,153
-1,6892.223,153
-1,6899.338,153
-1,6905.596,153
-1,6912.684,153
-1,6919.181,153
-1,6927.477,153
-1,6933.819,153
-1,6940.207,153
-1,6946.298,153
-1,6954.191,153
-1,6962.064,153
-1,6968.463,153
-1,6974.512,156
-1,6981.152,156
-1,6988.865,156
-1,6997.872,156
-1,7005.018,156
-1,7010.941,156
-1,7017.375,156
-1,7023.447,156
-1,7030.820,156
-1,7039.185,156
-1,7045.247,156
-1,7051.467,156
-1,7057.421,156
-1,7065.431,156
-1,7071.563,156
-1,7077.593,156
-1,7083.818,156
-1,7089.686,156
-1,7098.016,156
-1,7104.205,156
-1,7109.919,156
-1,7116.173,156
-1,7123.803,156
-1,7132.868,156
-1,7139.533,156
-1,7145.386,159
-1,7151.492,159
-1,7157.554,159
-1,7168.541,159
-1,7174.412,159
-1,7181.468,159
-1,7188.866,159
-1,7199.129,159
-1,7205.733,159
-1,7212.411,159
-1,7218.637,159
-1,7224.585,159
-1,7231.821,159
-1,7238.707,159
-1,7244.873,159
-1,7251.755,159
-1,7258.794,159
-1,7267.109,159
-1,7275.202,159
-1,7282.079,159
-1,7288.853,159
-1,7295.024,159
-1,7303.920,159
-1,7309.691,162
-1,7316.243,162
-1,7323.402,162
-1,7329.535,162
-1,7338.427,162
-1,7345.127,162
-1,7352.276,162
-1,7359.291,162
-1,7371.978,162
-1,7378.285,162
-1,7385.026,162
-1,7391.324,162
-1,7398.018,162
-1,7405.772,162
-1,7412.395,162
-1,7419.010,162
-1,7425.547,162
-1,7432.345,162
-1,7441.098,162
-1,7448.423,162
-1,7455.898,162
-1,7462.798,162
-1,7473.091,162
-1,7480.075,165
-1,7488.167,165
-1,7494.997,165
-1,7507.040,165
-1,7513.946,165
-1,7521.817,165
-1,7528.250,165
-1,7535.571,165
-1,7543.202,165
-1,7550.325,165
-1,7557.024,165
-1,7563.340,165
-1,7573.552,165
-1,7580.083,165
-1,7587.083,165
-1,7593.145,165
-1,7600.262,165
-1,7607.795,165
-1,7614.406,165
-1,7621.023,165
-1,7627.170,165
-1,7633.976,165
-1,7643.128,165
-1,7651.333,169
-1,7657.843,169
-1,7664.433,169
-1,7673.791,169
-1,7680.368,169
-1,7686.990,169
-1,7693.087,169
-1,7699.894,169
-1,7709.543,169
-1,7716.456,169
-1,7722.976,169
-1,7729.083,169
-1,7736.687,169
-1,7744.711,169
-1,7751.034,169
-1,7757.514,169
-1,7764.005,169
-1,7770.570,169
-1,7778.497,169
-1,7784.850,169
-1,7791.424,169
-1,7798.814,169
-1,7805.636,169
-1,7814.337,172
-1,7821.121,172
-1,7827.617,172
-1,7834.121,172
-1,7841.674,172
-1,7850.038,172
-1,7856.361,172
-1,7862.764,172
-1,7869.465,172
-1,7878.633,172
-1,7885.075,172
-1,7891.229,172
-1,7897.583,172
-1,7903.596,172
-1,7911.847,172
-1,7918.272,172
-1,7924.301,172
-1,7930.584,172
-1,7936.725,172
-1,7947.440,172
-1,7954.683,172
-1,7960.387,172
-1,7966.794,172
-1,7973.563,175
-1,7981.206,175
-1,7987.686,175
-1,7993.478,175
-1,7999.568,175
-1,8005.664,175
-1,8014.425,175
-1,8021.053,175
-1,8028.189,175
-1,8034.533,175
-1,8041.147,175
-1,8049.480,175
-1,8055.818,175
-1,8061.836,175
-1,8068.052,175
-1,8074.323,175
-1,8083.236,175
-1,8090.074,175
-1,8096.332,175
-1,8103.589,175
-1,8110.061,175
-1,8119.000,175
-1,8125.482,175
-1,8132.079,175
-1,8138.826,175
-1,8145.488,178
-1,8154.019,178
-1,8160.520,178
-1,8167.520,178
-1,8173.904,178
-1,8181.838,178
-1,8189.527,178
-1,8195.495,178
-1,8202.364,178
-1,8208.800,178
-1,8214.914,178
-1,8223.907,178
-1,8231.037,178
-1,8238.414,178
-1,8245.203,178
-1,8253.743,178
-1,8261.249,178
-1,8268.106,178
-1,8274.176,178
-1,8280.847,178
-1,8289.641,178
-1,8295.265,178
-1,8301.866,178
0,8307.806,0
0,8313.682,0
0,8323.493,0
0,8329.554,0
0,8337.489,0
0,8344.002,0
0,8354.997,0
0,8361.090,0
0,8368.461,0
0,8374.993,0
0,8382.028,0
0,8389.682,0
0,8397.380,0
0,8404.079,0
0,8411.418,0
0,8418.692,0
0,8426.990,0
0,8434.919,0
0,8441.347,0
0,8447.958,0
0,8457.146,0
0,8463.387,0
0,8470.784,0
0,8477.780,0
0,8484.997,0
0,8492.218,0
0,8498.603,0
0,8504.636,0
0,8510.732,0
0,8517.419,0
0,8526.438,0
0,8533.114,0
0,8540.379,0
0,8546.999,0
0,8553.290,0
0,8560.924,0
0,8568.079,0
0,8574.849,0
0,8581.719,0
0,8591.544,0
0,8597.550,0
0,8604.231,0
0,8610.062,0
0,8616.270,0
0,8623.623,0
0,8631.947,0
0,8638.296,0
0,8644.276,0
0,8650.703,0
0,8659.741,0
0,8666.004,0
0,8671.880,0
0,8677.627,0
0,8683.700,0
0,8689.794,0
0,8696.776,0
0,8703.096,0
0,8708.821,0
0,8715.011,0
0,8721.015,0
0,8728.913,0
0,8735.427,0
0,8741.992,0
0,8748.260,0
0,8754.961,0
0,8761.628,0
0,8767.676,0
0,8773.413,0
0,8779.182,0
0,8785.349,0
0,8791.428,0
0,8800.504,0
0,8806.450,3
0,8813.136,3
0,8818.865,3
0,8824.720,3
0,8832.920,3
0,8838.796,3
0,8844.096,3
0,8851.565,3
0,8857.472,3
0,8865.302,3
0,8872.382,3
0,8878.123,3
0,8884.285,3
0,8890.012,3
0,8898.338,3
0,8904.719,3
0,8910.387,3
0,8916.754,3
0,8922.497,3
0,8931.532,3
0,8937.785,3
0,8943.631,3
0,8950.043,3
0,8955.639,3
0,8964.714,3
0,8970.743,3
0,8976.472,6
0,8982.707,6
0,8989.002,6
0,8995.523,6
0,9003.152,6
0,9008.765,6
0,9014.887,6
0,9020.609,6
0,9026.219,6
0,9034.138,6
0,9040.373,6
0,9046.309,6
0,9052.514,6
0,9058.126,6
0,9063.757,6
0,9072.493,6
0,9078.369,6
0,9084.573,6
0,9090.588,6
0,9096.836,6
0,9103.820,6
0,9109.648,6
0,9115.779,6
0,9121.050,6
0,9127.905,6
0,9136.747,6
0,9143.621,10
0,9149.863,10
0,9155.843,10
0,9161.535,10
0,9167.586,10
0,9177.077,10
0,9183.006,10
0,9188.430,10
0,9194.191,10
0,9200.317,10
0,9207.353,10
0,9214.271,10
0,9219.869,10
0,9225.345,10
0,9231.341,10
0,9237.947,10
0,9243.590,10
0,9249.886,10
0,9256.140,10
0,9261.874,10
0,9271.306,10
0,9276.937,10
0,9282.745,10
0,9288.265,10
0,9293.713,10
0,9299.853,10
0,9307.308,10
0,9313.247,13
0,9319.572,13
0,9325.678,13
0,9332.233,13
0,9340.299,13
0,9346.297,13
0,9352.578,13
0,9358.081,13
0,9364.626,13
0,9374.056,13
0,9379.877,13
0,9385.941,13
0,9391.732,13
0,9398.027,13
0,9403.868,13
0,9410.837,13
0,9416.844,13
0,9423.195,13
0,9429.320,13
0,9435.699,13
0,9443.038,13
0,9449.948,13
0,9457.205,13
0,9464.769,13
0,9470.786,13
0,9478.912,13
0,9485.160,16
0,9490.728,16
0,9496.758,16
0,9502.904,16
0,9510.315,16
0,9516.432,16
0,9522.427,16
0,9528.296,16
0,9534.425,16
0,9540.238,16
0,9547.485,16
0,9553.661,16
0,9559.664,16
0,9566.312,16
0,9572.316,16
0,9580.151,16
0,9586.827,16
0,9592.687,16
0,9598.939,16
0,9604.831,16
0,9612.315,16
0,9618.815,16
0,9624.636,16
0,9630.662,16
0,9636.341,16
0,9645.414,19
0,9651.835,19
0,9658.084,19
0,9664.644,19
0,9670.896,19
0,9680.335,19
0,9686.696,19
0,9693.809,19
0,9699.925,19
0,9706.254,19
0,9713.648,19
0,9719.770,19
0,9725.561,19
0,9731.563,19
0,9737.108,19
0,9742.821,19
0,9751.112,19
0,9757.150,19
0,9764.379,19
0,9770.412,19
0,9776.639,19
0,9787.224,19
0,9794.636,19
0,9800.969,19
0,9807.073,22
0,9816.835,22
0,9823.454,22
0,9829.572,22
0,9836.083,22
0,9841.776,22
0,9851.110,22
0,9857.161,22
0,9862.980,22
0,9869.316,22
0,9875.331,22
0,9883.916,22
0,9890.851,22
0,9897.604,22
0,9903.435,22
0,9910.768,22
0,9919.731,22
0,9926.044,22
0,9932.213,22
0,9938.106,22
0,9945.277,22
0,9953.396,22
0,9960.182,22
0,9966.457,22
0,9972.208,22
0,9977.607,25
0,9987.015,25
0,9994.219,25
0,10000.612,25
0,10006.675,25
0,10013.704,25
0,10020.611,25
0,10027.422,25
0,10033.716,25
0,10040.242,25
0,10046.395,25
0,10056.181,25
0,10062.224,25
0,10068.201,25
0,10073.936,25
0,10080.227,25
0,10087.538,25
0,10093.131,25
0,10099.434,25
0,10105.008,25
0,10110.491,25
0,10117.041,25
0,10124.329,25
0,10130.626,25
0,10136.267,25
0,10142.013,28
0,10148.043,28
0,10156.984,28
0,10163.298,28
0,10170.782,28
0,10176.880,28
0,10182.958,28
0,10190.907,28
0,10198.004,28
0,10204.052,28
0,10210.655,28
0,10217.969,28
0,10224.104,28
0,10229.943,28
0,10236.445,28
0,10242.061,28
0,10248.196,28
0,10253.947,28
0,10262.397,28
0,10269.854,28
0,10276.696,28
0,10282.808,28
0,10288.969,28
0,10297.847,28
0,10304.033,28
0,10310.145,31
0,10316.799,31
0,10326.586,31
0,10332.687,31
0,10339.344,31
0,10345.770,31
0,10352.199,31
0,10360.671,31
0,10367.636,31
0,10373.605,31
0,10380.044,31
0,10387.696,31
0,10395.418,31
0,10401.532,31
0,10407.602,31
0,10413.765,31
0,10419.863,31
0,10427.559,31
0,10433.805,31
0,10440.494,31
0,10446.872,31
0,10453.133,31
0,10463.215,31
0,10470.111,31
0,10476.668,35
0,10483.365,35
0,10490.221,35
0,10497.323,35
0,10503.715,35
0,10509.584,35
0,10516.038,35
0,10522.134,35
0,10530.299,35
0,10536.595,35
0,10543.160,35
0,10550.127,35
0,10556.260,35
0,10564.037,35
0,10570.416,35
0,10576.705,35
0,10583.285,35
0,10589.486,35
0,10597.616,35
0,10604.088,35
0,10609.960,35
0,10616.204,35
0,10622.271,35
0,10628.788,35
0,10637.493,35
0,10643.147,38
0,10649.645,38
0,10655.489,38
0,10661.508,38
0,10670.840,38
0,10677.625,38
0,10683.873,38
0,10690.151,38
0,10700.214,38
0,10706.631,38
0,10713.859,38
0,10720.181,38
0,10726.127,38
0,10734.794,38
0,10740.838,38
0,10747.571,38
0,10753.716,38
0,10760.120,38
0,10769.165,38
0,10777.010,38
0,10784.219,38
0,10790.237,38
0,10795.968,38
0,10804.321,38
0,10810.037,41
0,10816.407,41
0,10822.315,41
0,10828.363,41
0,10837.324,41
0,10843.052,41
0,10849.592,41
0,10855.662,41
0,10861.546,41
0,10870.717,41
0,10876.480,41
0,10883.401,41
0,10889.903,41
0,10895.838,41
0,10905.016,41
0,10911.411,41
0,10917.592,41
0,10923.592,41
0,10929.352,41
0,10937.787,41
0,10943.778,41
0,10949.915,41
0,10956.828,41
0,10963.450,41
0,10973.214,41
0,10979.565,44
0,10985.468,44
0,10992.271,44
0,10999.307,44
0,11006.818,44
0,11012.797,44
0,11020.182,44
0,11026.276,44
0,11032.550,44
0,11040.595,44
0,11046.647,44
0,11053.144,44
0,11060.045,44
0,11066.654,44
0,11074.181,44
0,11080.091,44
0,11086.304,44
0,11091.844,44
0,11098.151,44
0,11108.493,44
0,11114.651,44
0,11121.723,44
0,11127.575,44
0,11133.873,44
0,11143.080,44
0,11150.155,47
0,11157.230,47
0,11163.906,47
0,11170.308,47
0,11177.474,47
0,11184.071,47
0,11190.329,47
0,11198.219,47
0,11204.515,47
0,11212.698,47
0,11219.566,47
0,11225.406,47
0,11231.738,47
0,11237.447,47
0,11244.626,47
0,11251.318,47
0,11257.226,47
0,11263.575,47
0,11269.348,47
0,11278.359,47
0,11284.944,47
0,11291.725,47
0,11298.003,47
0,11304.640,47
0,11313.219,50
0,11319.615,50
0,11325.692,50
0,11331.817,50
0,11337.640,50
0,11346.155,50
0,11353.356,50
0,11358.933,50
0,11365.075,50
0,11370.696,50
0,11378.763,50
0,11384.921,50
0,11391.344,50
0,11397.872,50
0,11403.684,50
0,11414.188,50
0,11420.397,50
0,11426.338,50
0,11432.750,50
0,11438.577,50
0,11447.261,50
0,11453.749,50
0,11459.905,50
0,11466.226,50
0,11471.833,50
0,11477.341,53
0,11486.200,53
0,11492.412,53
0,11498.673,53
0,11504.784,53
0,11510.396,53
0,11518.246,53
0,11524.123,53
0,11531.059,53
0,11537.260,53
0,11542.965,53
0,11552.023,53
0,11557.656,53
0,11564.360,53
0,11570.075,53
0,11576.289,53
0,11584.277,53
0,11590.004,53
0,11595.941,53
0,11602.259,53
0,11608.646,53
0,11617.692,53
0,11624.027,53
0,11630.756,53
0,11636.880,53
0,11642.505,56
0,11651.989,56
0,11657.561,56
0,11663.175,56
0,11669.791,56
0,11675.434,56
0,11681.609,56
0,11688.515,56
0,11694.160,56
0,11700.471,56
0,11707.666,56
0,11714.573,56
0,11723.017,56
0,11728.928,56
0,11734.986,56
0,11741.000,56
0,11747.069,56
0,11754.880,56
0,11760.705,56
0,11766.893,56
0,11773.798,56
0,11779.944,56
0,11788.517,56
0,11795.743,56
0,11801.904,56
0,11807.755,59
0,11813.906,59
0,11821.274,59
0,11827.585,59
0,11834.347,59
0,11841.009,59
0,11847.904,59
0,11855.451,59
0,11861.605,59
0,11867.821,59
0,11874.666,59
0,11881.357,59
0,11890.220,59
0,11897.532,59
0,11903.957,59
0,11912.338,59
0,11918.726,59
0,11925.850,59
0,11931.650,59
0,11938.073,59
0,11943.940,59
0,11950.296,59
0,11958.169,59
0,11963.995,59
0,11970.207,59
0,11976.627,63
0,11983.082,63
0,11991.186,63
0,11997.327,63
0,12003.559,63
0,12009.303,63
0,12015.394,63
0,12021.100,63
0,12028.648,63
0,12034.906,63
0,12040.791,63
0,12047.613,63
0,12053.621,63
0,12062.013,63
0,12068.493,63
0,12074.504,63
0,12080.899,63
0,12086.868,63
0,12094.704,63
0,12101.087,63
0,12108.196,63
0,12114.708,63
0,12121.122,63
0,12128.539,63
0,12134.788,63
0,12140.993,66
0,12147.189,66
0,12153.026,66
0,12161.905,66
0,12168.473,66
0,12174.455,66
0,12181.088,66
0,12187.127,66
0,12195.896,66
0,12202.121,66
0,12207.968,66
0,12214.862,66
0,12220.631,66
0,12229.884,66
0,12236.353,66
0,12242.133,66
0,12248.010,66
0,12254.527,66
0,12260.703,66
0,12269.320,66
0,12274.888,66
0,12280.684,66
0,12286.869,66
0,12293.663,66
0,12301.518,66
0,12307.441,69
0,12313.230,69
0,12319.886,69
0,12326.832,69
0,12335.594,69
0,12342.402,69
0,12348.713,69
0,12354.476,69
0,12361.341,69
0,12369.317,69
0,12375.054,69
0,12380.704,69
0,12387.065,69
0,12392.855,69
0,12401.262,69
0,12407.648,69
0,12414.749,69
0,12420.395,69
0,12426.010,69
0,12434.669,69
0,12440.386,69
0,12446.144,69
0,12453.539,69
0,12459.968,69
0,12467.760,69
0,12473.341,72
0,12479.479,72
0,12487.939,72
0,12493.857,72
0,12503.867,72
0,12509.665,72
0,12517.597,72
0,12523.651,72
0,12529.595,72
0,12539.024,72
0,12544.920,72
0,12551.406,72
0,12557.458,72
0,12563.198,72
0,12572.156,72
0,12578.157,72
0,12584.321,72
0,12591.147,72
0,12598.178,72
0,12606.304,72
0,12612.294,72
0,12618.627,72
0,12625.521,72
0,12631.727,72
0,12639.551,72
0,12645.050,75
0,12651.353,75
0,12657.537,75
0,12664.666,75
0,12674.735,75
0,12681.775,75
0,12687.827,75
0,12693.718,75
0,12700.205,75
0,12707.429,75
0,12713.479,75
0,12720.224,75
0,12726.535,75
0,12733.083,75
0,12740.458,75
0,12746.493,75
0,12752.865,75
0,12758.617,75
0,12765.167,75
0,12774.211,75
0,12780.422,75
0,12786.898,75
0,12792.913,75
0,12800.671,75
0,12808.095,75
0,12814.105,78
0,12821.144,78
0,12826.900,78
0,12833.709,78
0,12842.997,78
0,12849.273,78
0,12855.018,78
0,12860.622,78
0,12867.109,78
0,12873.473,78
0,12882.356,78
0,12888.406,78
0,12894.526,78
0,12901.615,78
0,12910.627,78
0,12917.730,78
0,12924.396,78
0,12931.032,78
0,12937.377,78
0,12946.446,78
0,12952.683,78
0,12958.730,78
0,12964.901,78
0,12970.692,78
0,12979.643,81
0,12986.097,81
0,12992.047,81
0,12998.322,81
0,13004.456,81
0,13011.959,81
0,13018.307,81
0,13024.247,81
0,13031.049,81
0,13037.053,81
0,13048.047,81
0,13054.447,81
0,13062.023,81
0,13068.145,81
0,13073.888,81
0,13082.075,81
0,13088.660,81
0,13094.479,81
0,13100.885,81
0,13108.258,81
0,13116.401,81
0,13122.979,81
0,13128.836,81
0,13134.951,81
0,13140.611,84
0,13149.759,84
0,13155.895,84
0,13161.762,84
0,13169.018,84
0,13176.692,84
0,13183.952,84
0,13189.886,84
0,13195.779,84
0,13202.485,84
0,13208.904,84
0,13217.954,84
0,13224.077,84
0,13231.480,84
0,13237.383,84
0,13243.144,84
0,13251.709,84
0,13258.208,84
0,13264.514,84
0,13270.272,84
0,13275.887,84
0,13284.785,84
0,13291.353,84
0,13298.433,84
0,13304.296,84
0,13310.067,87
0,13318.895,87
0,13324.980,87
0,13331.428,87
0,13337.990,87
0,13343.924,87
0,13353.017,87
0,13358.893,87
0,13365.916,87
0,13372.005,87
0,13377.850,87
0,13387.034,87
0,13393.560,87
0,13399.738,87
0,13405.489,87
0,13411.984,87
0,13421.152,87
0,13428.348,87
0,13434.627,87
0,13440.833,87
0,13448.329,87
0,13456.042,87
0,13462.319,87
0,13468.621,87
0,13474.662,91
0,13481.685,91
0,13490.304,91
0,13496.104,91
0,13503.675,91
0,13510.449,91
0,13516.880,91
0,13524.473,91
0,13530.852,91
0,13537.793,91
0,13543.603,91
0,13550.005,91
0,13558.033,91
0,13564.260,91
0,13570.299,91
0,13575.762,91
0,13581.739,91
0,13589.528,91
0,13595.381,91
0,13601.729,91
0,13608.521,91
0,13615.208,91
0,13623.643,91
0,13629.504,91
0,13635.758,91
0,13641.708,94
0,13648.020,94
0,13653.651,94
0,13660.859,94
0,13667.125,94
0,13673.326,94
0,13679.557,94
0,13685.823,94
0,13693.482,94
0,13699.666,94
0,13705.288,94
0,13711.473,94
0,13717.605,94
0,13725.351,94
0,13732.198,94
0,13738.150,94
0,13744.053,94
0,13751.791,94
0,13761.002,94
0,13767.398,94
0,13774.715,94
0,13781.195,94
0,13787.184,94
0,13795.248,94
0,13801.755,94
0,13807.625,97
0,13814.449,97
0,13820.568,97
0,13828.061,97
0,13834.553,97
0,13841.075,97
0,13847.801,97
0,13854.033,97
0,13861.871,97
0,13867.974,97
0,13874.371,97
0,13880.845,97
0,13886.679,97
0,13892.315,97
0,13901.410,97
0,13907.459,97
0,13913.823,97
0,13919.629,97
0,13925.350,97
0,13934.045,97
0,13940.009,97
0,13945.777,97
0,13952.067,97
0,13958.064,97
0,13966.201,97
0,13972.664,97
0,13979.433,100
0,13985.868,100
0,13992.354,100
0,14000.407,100
0,14006.355,100
0,14012.518,100
0,14018.737,100
0,14025.070,100
0,14033.060,100
0,14039.548,100
0,14045.413,100
0,14051.697,100
0,14057.558,100
0,14067.479,100
0,14073.633,100
0,14079.915,100
0,14086.263,100
0,14092.918,100
0,14101.808,100
0,14107.666,100
0,14113.624,100
0,14119.855,100
0,14125.954,100
0,14135.628,100
0,14142.468,103
0,14148.749,103
0,14154.824,103
0,14160.592,103
0,14170.730,103
0,14177.808,103
0,14184.310,103
0,14190.223,103
0,14197.192,103
0,14204.529,103
0,14210.598,103
0,14216.906,103
0,14222.862,103
0,14228.710,103
0,14237.716,103
0,14243.453,103
0,14249.770,103
0,14255.789,103
0,14261.610,103
0,14271.121,103
0,14277.361,103
0,14283.504,103
0,14290.246,103
0,14297.654,103
0,14305.243,103
0,14311.343,106
0,14317.867,106
0,14324.509,106
0,14331.363,106
0,14338.665,106
0,14345.307,106
0,14351.896,106
0,14357.748,106
0,14364.257,106
0,14372.661,106
0,14378.481,106
0,14384.861,106
0,14390.553,106
0,14396.719,106
0,14405.396,106
0,14411.080,106
0,14417.243,106
0,14423.490,106
0,14430.755,106
0,14441.073,106
0,14446.709,106
0,14452.976,106
0,14459.192,106
0,14465.661,106
0,14474.360,106
0,14479.970,109
0,14486.310,109
0,14492.832,109
0,14499.420,109
0,14507.490,109
0,14513.257,109
0,14519.362,109
0,14525.389,109
0,14531.421,109
0,14538.246,109
0,14547.152,109
0,14553.450,109
0,14559.342,109
0,14565.281,109
0,14570.754,109
0,14578.704,109
0,14585.126,109
0,14592.184,109
0,14598.456,109
0,14604.282,109
0,14613.007,109
0,14618.815,109
0,14625.399,109
0,14632.720,109
0,14639.207,109
0,14648.328,112
0,14654.858,112
0,14660.873,112
0,14667.188,112
0,14673.081,112
0,14680.185,112
0,14687.666,112
0,14693.290,112
0,14700.103,112
0,14706.216,112
0,14713.055,112
0,14719.270,112
0,14725.435,112
0,14731.524,112
0,14737.073,112
0,14745.058,112
0,14751.476,112
0,14757.924,112
0,14764.579,112
0,14770.346,112
0,14777.098,112
0,14784.503,112
0,14792.401,112
0,14799.124,112
0,14806.415,112
0,14814.338,116
0,14821.714,116
0,14828.088,116
0,14834.697,116
0,14842.129,116
0,14849.466,116
0,14856.595,116
0,14862.879,116
0,14869.839,116
0,14875.869,116
0,14883.958,116
0,14889.996,116
0,14895.878,116
0,14901.800,116
0,14907.444,116
0,14916.210,116
0,14922.976,116
0,14929.095,116
0,14935.347,116
0,14940.977,116
0,14951.368,116
0,14958.048,116
0,14965.016,116
0,14970.933,116
0,14976.659,119
0,14985.940,119
0,14992.419,119
0,14998.786,119
0,15004.976,119
0,15010.699,119
0,15019.743,119
0,15026.603,119
0,15032.948,119
0,15039.323,119
0,15045.855,119
0,15054.647,119
0,15061.171,119
0,15067.595,119
0,15074.619,119
0,15081.256,119
0,15088.354,119
0,15094.533,119
0,15101.329,119
0,15107.551,119
0,15114.868,119
0,15122.709,119
0,15128.986,119
0,15135.423,119
0,15141.399,122
0,15147.784,122
0,15155.388,122
0,15161.724,122
0,15168.545,122
0,15174.927,122
0,15181.302,122
0,15189.038,122
0,15194.964,122
0,15201.263,122
0,15207.710,122
0,15213.934,122
0,15222.489,122
0,15228.859,122
0,15235.140,122
0,15241.277,122
0,15248.050,122
0,15256.275,122
0,15264.708,122
0,15271.300,122
0,15277.265,122
0,15283.676,122
0,15290.976,122
0,15297.310,122
0,15303.666,122
0,15309.794,125
0,15316.595,125
0,15324.142,125
0,15330.636,125
0,15337.216,125
0,15343.529,125
0,15350.200,125
0,15359.003,125
0,15365.307,125
0,15370.880,125
0,15376.639,125
0,15383.230,125
0,15393.528,125
0,15399.684,125
0,15405.483,125
0,15411.192,125
0,15417.630,125
0,15426.875,125
0,15434.057,125
0,15440.434,125
0,15446.781,125
0,15453.286,125
0,15462.602,125
0,15468.620,125
0,15474.216,128
0,15481.271,128
0,15487.197,128
0,15495.810,128
0,15501.941,128
0,15507.696,128
0,15514.284,128
0,15520.611,128
0,15529.270,128
0,15535.543,128
0,15541.442,128
0,15547.862,128
0,15553.849,128
0,15561.912,128
0,15569.306,128
0,15575.273,128
0,15582.041,128
0,15587.941,128
0,15596.415,128
0,15602.797,128
0,15608.543,128
0,15614.816,128
0,15620.347,128
0,15629.464,128
0,15635.985,128
0,15643.048,131
0,15649.254,131
0,15655.070,131
0,15664.076,131
0,15670.357,131
0,15676.051,131
0,15683.697,131
0,15689.826,131
0,15697.447,131
0,15703.802,131
0,15709.632,131
0,15715.800,131
0,15721.778,131
0,15727.780,131
0,15736.342,131
0,15742.475,131
0,15749.741,131
0,15756.057,131
0,15765.623,131
0,15771.898,131
0,15777.828,131
0,15784.641,131
0,15790.870,131
0,15800.804,131
0,15806.976,134
0,15813.880,134
0,15819.807,134
0,15827.225,134
0,15837.344,134
0,15843.399,134
0,15849.539,134
0,15855.989,134
0,15862.045,134
0,15870.700,134
0,15877.501,134
0,15884.298,134
0,15890.319,134
0,15897.682,134
0,15904.674,134
0,15910.621,134
0,15916.937,134
0,15922.778,134
0,15928.765,134
0,15937.772,134
0,15944.115,134
0,15950.326,134
0,15956.454,134
0,15962.333,134
0,15972.002,134
0,15978.309,137
0,15984.690,137
0,15991.576,137
0,15997.923,137
0,16005.245,137
0,16010.971,137
0,16017.758,137
0,16023.942,137
0,16030.319,137
0,16037.877,137
0,16044.767,137
0,16052.863,137
0,16059.363,137
0,16066.279,137
0,16074.643,137
0,16080.963,137
0,16087.278,137
0,16093.291,137
0,16099.750,137
0,16107.451,137
0,16113.494,137
0,16119.598,137
0,16125.522,137
0,16131.690,137
0,16138.975,137
0,16144.500,140
0,16150.975,140
0,16156.905,140
0,16163.576,140
0,16169.731,140
0,16177.095,140
0,16184.008,140
0,16190.120,140
0,16196.022,140
0,16202.286,140
0,16209.670,140
0,16215.902,140
0,16221.665,140
0,16227.321,140
0,16234.012,140
0,16242.026,140
0,16248.231,140
0,16253.984,140
0,16259.580,140
0,16265.756,140
0,16276.643,140
0,16282.714,140
0,16289.652,140
0,16295.729,140
0,16301.907,140
0,16310.593,144
0,16317.047,144
0,16323.937,144
0,16330.480,144
0,16337.413,144
0,16345.195,144
0,16351.427,144
0,16357.217,144
0,16363.567,144
0,16369.335,144
0,16377.464,144
0,16383.759,144
0,16389.591,144
0,16395.206,144
0,16401.349,144
0,16407.413,144
0,16416.030,144
0,16421.964,144
0,16428.107,144
0,16434.205,144
0,16440.544,144
0,16449.116,144
0,16455.028,144
0,16460.866,144
0,16468.285,144
0,16474.149,147
0,16483.926,147
0,16490.985,147
0,16497.479,147
0,16503.291,147
0,16509.391,147
0,16517.306,147
0,16522.939,147
0,16528.882,147
0,16535.022,147
0,16540.695,147
0,16548.599,147
0,16555.067,147
0,16561.022,147
0,16567.341,147
0,16573.336,147
0,16583.043,147
0,16589.304,147
0,16595.198,147
0,16601.338,147
0,16607.355,147
0,16616.509,147
0,16623.936,147
0,16630.126,147
0,16636.340,147
0,16642.002,150
0,16650.878,150
0,16657.587,150
0,16663.927,150
0,16669.830,150
0,16675.860,150
0,16685.839,150
0,16691.743,150
0,16697.891,150
0,16703.665,150
0,16710.720,150
0,16719.097,150
0,16725.198,150
0,16731.471,150
0,16737.268,150
0,16743.795,150
0,16752.406,150
0,16759.032,150
0,16765.599,150
0,16771.438,150
0,16777.310,150
0,16787.209,150
0,16794.041,150
0,16800.305,150
0,16806.751,153
0,16813.195,153
0,16820.629,153
0,16826.893,153
0,16832.850,153
0,16838.323,153
0,16844.127,153
0,16853.914,153
0,16859.910,153
0,16866.359,153
0,16872.114,153
0,16878.132,153
0,16884.345,153
0,16891.693,153
0,16897.944,153
0,16903.571,153
0,16910.320,153
0,16917.365,153
0,16924.459,153
0,16931.063,153
0,16937.198,153
0,16943.100,153
0,16949.451,153
0,16958.114,153
0,16963.765,153
0,16970.095,153
0,16976.480,156
0,16982.896,156
0,16990.469,156
0,16996.560,156
0,17003.182,156
0,17009.596,156
0,17017.074,156
0,17024.621,156
0,17030.810,156
0,17036.816,156
0,17042.751,156
0,17049.253,156
0,17058.364,156
0,17065.032,156
0,17071.389,156
0,17077.195,156
0,17083.144,156
0,17091.439,156
0,17097.942,156
0,17104.152,156
0,17110.215,156
0,17117.030,156
0,17126.960,156
0,17133.181,156
0,17140.279,156
0,17146.692,159
0,17152.543,159
0,17160.185,159
0,17166.795,159
0,17173.377,159
0,17179.459,159
0,17186.093,159
0,17195.139,159
0,17201.506,159
0,17207.328,159
0,17212.953,159
0,17219.236,159
0,17227.454,159
0,17234.759,159
0,17240.818,159
0,17246.631,159
0,17253.672,159
0,17262.917,159
0,17269.640,159
0,17275.854,159
0,17281.730,159
0,17287.600,159
0,17298.039,159
0,17304.621,159
0,17310.456,162
0,17317.592,162
0,17324.255,162
0,17331.459,162
0,17337.751,162
0,17344.611,162
0,17351.699,162
0,17357.948,162
0,17366.471,162
0,17372.626,162
0,17378.282,162
0,17385.753,162
0,17391.655,162
0,17400.503,162
0,17408.153,162
0,17414.679,162
0,17420.492,162
0,17426.530,162
0,17435.631,162
0,17442.212,162
0,17449.426,162
0,17455.939,162
0,17465.839,162
0,17472.438,162
0,17478.401,165
0,17484.825,165
0,17490.726,165
0,17497.671,165
0,17504.581,165
0,17510.496,165
0,17516.891,165
0,17523.133,165
0,17529.368,165
0,17538.007,165
0,17543.964,165
0,17550.178,165
0,17556.715,165
0,17562.551,165
0,17574.680,165
0,17580.675,165
0,17587.153,165
0,17593.413,165
0,17602.407,165
0,17608.255,165
0,17614.139,165
0,17620.192,165
0,17627.457,165
0,17637.011,165
0,17643.482,169
0,17650.154,169
0,17656.304,169
0,17662.239,169
0,17671.649,169
0,17677.572,169
0,17683.909,169
0,17689.754,169
0,17695.521,169
0,17704.724,169
0,17711.638,169
0,17718.058,169
0,17723.920,169
0,17731.153,169
0,17738.536,169
0,17745.298,169
0,17751.683,169
0,17758.266,169
0,17765.659,169
0,17774.125,169
0,17780.232,169
0,17787.087,169
0,17793.524,169
0,17800.074,169
0,17807.626,169
0,17814.666,172
0,17821.404,172
0,17827.137,172
0,17834.558,172
0,17841.413,172
0,17847.346,172
0,17853.613,172
0,17860.158,172
0,17866.444,172
0,17873.812,172
0,17879.816,172
0,17886.227,172
0,17892.294,172
0,17898.686,172
0,17907.623,172
0,17913.673,172
0,17919.925,172
0,17925.457,172
0,17931.699,172
0,17937.535,172
0,17945.086,172
0,17951.481,172
0,17957.238,172
0,17963.667,172
0,17969.714,172
0,17977.749,175
0,17984.203,175
0,17991.228,175
0,17997.641,175
0,18003.546,175
0,18011.112,175
0,18018.017,175
0,18023.999,175
0,18029.694,175
0,18035.927,175
0,18045.238,175
0,18051.236,175
0,18057.118,175
0,18063.921,175
0,18069.851,175
0,18077.520,175
0,18083.662,175
0,18089.832,175
0,18096.640,175
0,18102.798,175
0,18110.745,175
0,18117.056,175
0,18123.141,175
0,18128.956,175
0,18135.015,175
0,18142.302,178
0,18150.624,178
0,18156.953,178
0,18163.864,178
0,18169.696,178
0,18175.315,178
0,18183.411,178
0,18189.772,178
0,18195.597,178
0,18201.798,178
0,18207.490,178
0,18217.842,178
0,18223.911,178
0,18233.404,178
0,18239.751,178
0,18248.173,178
0,18254.619,178
0,18261.042,178
0,18267.484,178
0,18273.206,178
0,18281.830,178
0,18288.129,178
0,18294.003,178
0,18300.189,178
1,18306.720,0
1,18316.627,0
1,18323.390,0
1,18329.672,0
1,18335.479,0
1,18342.191,0
1,18352.100,0
1,18357.999,0
1,18363.955,0
1,18369.954,0
1,18375.761,0
1,18385.073,0
1,18391.191,0
1,18398.024,0
1,18403.778,0
1,18410.837,0
1,18419.174,0
1,18425.659,0
1,18431.968,0
1,18438.564,0
1,18444.253,0
1,18453.600,0
1,18460.477,0
1,18466.658,0
1,18472.513,0
1,18478.570,0
1,18488.271,0
1,18494.061,0
1,18500.215,0
1,18507.638,0
1,18514.044,0
1,18521.324,0
1,18527.122,0
1,18533.370,0
1,18539.776,0
1,18546.891,0
1,18554.516,0
1,18560.457,0
1,18566.630,0
1,18572.816,0
1,18578.696,0
1,18585.209,0
1,18592.751,0
1,18599.256,0
1,18605.053,0
1,18611.432,0
1,18617.490,0
1,18624.915,0
1,18630.517,0
1,18636.775,0
1,18642.621,0
1,18649.252,0
1,18657.976,0
1,18664.309,0
1,18670.700,0
1,18677.728,0
1,18684.428,0
1,18691.614,0
1,18697.968,0
1,18704.090,0
1,18709.682,0
1,18715.642,0
1,18724.527,0
1,18730.127,0
1,18736.769,0
1,18742.580,0
1,18749.020,0
1,18758.054,0
1,18764.537,0
1,18771.185,0
1,18778.177,0
1,18784.411,0
1,18791.743,0
1,18797.382,0
1,18803.597,0
1,18810.583,3
1,18816.849,3
1,18826.640,3
1,18832.998,3
1,18838.841,3
1,18845.416,3
1,18851.788,3
1,18860.045,3
1,18866.262,3
1,18872.245,3
1,18878.257,3
1,18884.630,3
1,18893.519,3
1,18900.486,3
1,18906.324,3
1,18912.069,3
1,18918.220,3
1,18924.010,3
1,18933.858,3
1,18940.866,3
1,18946.764,3
1,18953.164,3
1,18961.733,3
1,18968.149,3
1,18973.851,6
1,18979.919,6
1,18987.456,6
1,18995.718,6
1,19002.653,6
1,19008.603,6
1,19015.012,6
1,19020.549,6
1,19031.606,6
1,19038.093,6
1,19043.964,6
1,19050.256,6
1,19056.738,6
1,19065.168,6
1,19071.910,6
1,19078.088,6
1,19084.335,6
1,19090.291,6
1,19099.151,6
1,19106.255,6
1,19112.202,6
1,19118.621,6
1,19124.606,6
1,19132.662,6
1,19138.552,6
1,19144.344,10
1,19150.615,10
1,19156.376,10
1,19162.041,10
1,19170.389,10
1,19176.369,10
1,19184.190,10
1,19190.414,10
1,19197.436,10
1,19204.593,10
1,19211.288,10
1,19217.283,10
1,19223.628,10
1,19229.576,10
1,19238.221,10
1,19243.922,10
1,19250.210,10
1,19256.750,10
1,19264.457,10
1,19271.676,10
1,19277.377,10
1,19283.359,10
1,19290.620,10
1,19297.465,10
1,19303.772,10
1,19310.679,13
1,19316.748,13
1,19327.093,13
1,19337.167,13
1,19344.599,13
1,19353.549,13
1,19359.782,13
1,19366.884,13
1,19375.764,13
1,19381.852,13
1,19388.461,13
1,19394.442,13
1,19401.301,13
1,19412.777,13
1,19419.136,13
1,19426.263,13
1,19433.298,13
1,19441.440,13
1,19448.126,13
1,19454.505,13
1,19460.547,13
1,19467.187,13
1,19474.542,13
1,19480.609,16
1,19486.641,16
1,19493.598,16
1,19500.279,16
1,19507.741,16
1,19513.791,16
1,19520.273,16
1,19526.183,16
1,19533.740,16
1,19540.908,16
1,19546.896,16
1,19553.078,16
1,19558.803,16
1,19565.308,16
1,19574.070,16
1,19580.251,16
1,19586.659,16
1,19592.736,16
1,19599.112,16
1,19610.407,16
1,19617.452,16
1,19623.523,16
1,19629.831,16
1,19635.820,16
1,19644.510,16
1,19650.673,19
1,19658.174,19
1,19664.633,19
1,19670.630,19
1,19678.178,19
1,19684.246,19
1,19689.766,19
1,19695.454,19
1,19701.892,19
1,19711.554,19
1,19717.864,19
1,19724.477,19
1,19730.663,19
1,19736.375,19
1,19744.002,19
1,19750.505,19
1,19757.791,19
1,19763.752,19
1,19770.403,19
1,19778.979,19
1,19785.997,19
1,19791.845,19
1,19798.174,19
1,19803.951,19
1,19812.561,22
1,19819.046,22
1,19824.913,22
1,19831.146,22
1,19837.454,22
1,19845.509,22
1,19851.738,22
1,19857.308,22
1,19864.015,22
1,19870.355,22
1,19877.751,22
1,19884.732,22
1,19891.254,22
1,19897.960,22
1,19903.842,22
1,19914.214,22
1,19920.528,22
1,19926.416,22
1,19932.182,22
1,19938.395,22
1,19947.961,22
1,19954.528,22
1,19961.303,22
1,19968.263,22
1,19975.638,25
1,19983.566,25
1,19990.334,25
1,19996.520,25
1,20002.884,25
1,20009.000,25
1,20017.938,25
1,20024.043,25
1,20030.966,25
1,20037.073,25
1,20043.931,25
1,20052.537,25
1,20058.290,25
1,20063.995,25
1,20070.489,25
1,20076.431,25
1,20085.127,25
1,20090.745,25
1,20097.057,25
1,20103.474,25
1,20109.601,25
1,20118.941,25
1,20124.639,25
1,20131.714,25
1,20137.647,25
1,20143.863,28
1,20152.467,28
1,20158.827,28
1,20165.222,28
1,20171.186,28
1,20177.070,28
1,20186.323,28
1,20192.310,28
1,20198.931,28
1,20204.855,28
1,20211.872,28
1,20220.153,28
1,20227.268,28
1,20233.398,28
1,20239.863,28
1,20245.936,28
1,20255.103,28
1,20260.837,28
1,20266.977,28
1,20273.083,28
1,20279.083,28
1,20287.865,28
1,20294.694,28
1,20301.068,28
1,20307.739,31
1,20313.965,31
1,20321.072,31
1,20327.535,31
1,20333.779,31
1,20339.688,31
1,20347.462,31
1,20355.382,31
1,20361.212,31
1,20367.740,31
1,20373.485,31
1,20380.219,31
1,20386.511,31
1,20394.106,31
1,20400.142,31
1,20406.586,31
1,20412.501,31
1,20419.022,31
1,20426.650,31
1,20433.024,31
1,20438.771,31
1,20445.158,31
1,20452.339,31
1,20460.737,31
1,20466.697,31
1,20473.309,35
1,20479.509,35
1,20485.528,35
1,20493.642,35
1,20501.312,35
1,20507.244,35
1,20513.180,35
1,20520.828,35
1,20528.866,35
1,20535.084,35
1,20541.079,35
1,20546.879,35
1,20552.900,35
1,20563.364,35
1,20569.475,35
1,20575.572,35
1,20581.890,35
1,20588.120,35
1,20596.038,35
1,20602.725,35
1,20608.847,35
1,20615.832,35
1,20622.342,35
1,20630.057,35
1,20636.691,35
1,20642.893,38
1,20649.146,38
1,20654.861,38
1,20662.968,38
1,20669.221,38
1,20675.759,38
1,20683.252,38
1,20689.168,38
1,20696.563,38
1,20702.855,38
1,20709.030,38
1,20716.908,38
1,20724.198,38
1,20730.633,38
1,20737.093,38
1,20743.196,38
1,20749.405,38
1,20757.640,38
1,20764.714,38
1,20771.466,38
1,20777.685,38
1,20784.071,38
1,20790.254,38
1,20797.916,38
1,20804.247,38
1,20809.937,41
1,20816.189,41
1,20822.006,41
1,20832.188,41
1,20838.599,41
1,20844.517,41
1,20850.927,41
1,20857.417,41
1,20867.686,41
1,20873.602,41
1,20880.053,41
1,20886.399,41
1,20892.571,41
1,20900.700,41
1,20906.631,41
1,20913.243,41
1,20919.939,41
1,20925.713,41
1,20935.047,41
1,20941.179,41
1,20947.235,41
1,20953.482,41
1,20959.291,41
1,20968.878,41
1,20974.619,44
1,20980.688,44
1,20986.510,44
1,20992.714,44
1,21002.052,44
1,21007.824,44
1,21014.649,44
1,21020.284,44
1,21027.139,44
1,21036.921,44
1,21044.183,44
1,21050.423,44
1,21057.559,44
1,21063.767,44
1,21071.098,44
1,21076.779,44
1,21083.276,44
1,21090.227,44
1,21097.507,44
1,21103.705,44
1,21109.586,44
1,21116.224,44
1,21121.898,44
1,21128.103,44
1,21138.469,44
1,21144.292,47
1,21150.461,47
1,21157.082,47
1,21163.111,47
1,21172.506,47
1,21178.414,47
1,21184.673,47
1,21190.592,47
1,21197.459,47
1,21207.209,47
1,21212.933,47
1,21219.338,47
1,21225.141,47
1,21231.445,47
1,21239.750,47
1,21245.594,47
1,21251.731,47
1,21257.893,47
1,21264.280,47
1,21270.338,47
1,21277.759,47
1,21284.846,47
1,21290.962,47
1,21297.200,47
1,21302.981,47
1,21310.982,47
1,21316.934,50
1,21322.894,50
1,21328.985,50
1,21335.391,50
1,21342.688,50
1,21349.891,50
1,21355.712,50
1,21362.775,50
1,21368.796,50
1,21376.213,50
1,21381.968,50
1,21388.227,50
1,21393.849,50
1,21400.735,50
1,21410.102,50
1,21416.558,50
1,21423.393,50
1,21429.281,50
1,21436.535,50
1,21443.930,50
1,21450.476,50
1,21456.587,50
1,21462.597,50
1,21468.897,50
1,21477.953,53
1,21484.041,53
1,21490.590,53
1,21496.332,53
1,21502.843,53
1,21510.761,53
1,21517.406,53
1,21523.256,53
1,21529.469,53
1,21535.728,53
1,21542.054,53
1,21551.003,53
1,21557.118,53
1,21563.263,53
1,21569.737,53
1,21575.721,53
1,21583.528,53
1,21589.887,53
1,21595.637,53
1,21602.010,53
1,21607.944,53
1,21614.818,53
1,21620.841,53
1,21626.869,53
1,21633.089,53
1,21638.932,53
1,21647.609,56
1,21654.003,56
1,21659.892,56
1,21666.920,56
1,21672.596,56
1,21678.401,56
1,21686.883,56
1,21692.822,56
1,21699.010,56
1,21705.382,56
1,21711.215,56
1,21719.946,56
1,21727.274,56
1,21733.397,56
1,21739.723,56
1,21750.404,56
1,21756.767,56
1,21763.372,56
1,21769.033,56
1,21774.846,56
1,21785.491,56
1,21793.315,56
1,21800.851,56
1,21806.831,59
1,21814.184,59
1,21822.147,59
1,21828.244,59
1,21834.492,59
1,21840.445,59
1,21847.446,59
1,21854.467,59
1,21860.157,59
1,21866.685,59
1,21873.048,59
1,21878.912,59
1,21887.299,59
1,21893.120,59
1,21899.615,59
1,21905.383,59
1,21910.824,59
1,21919.851,59
1,21925.609,59
1,21931.865,59
1,21938.277,59
1,21944.105,59
1,21954.015,59
1,21960.005,59
1,21966.567,59
1,21973.941,63
1,21980.329,63
1,21989.841,63
1,21996.611,63
1,22003.210,63
1,22009.215,63
1,22015.454,63
1,22023.126,63
1,22028.783,63
1,22034.967,63
1,22040.586,63
1,22047.304,63
1,22056.331,63
1,22063.714,63
1,22070.468,63
1,22076.789,63
1,22083.648,63
1,22090.756,63
1,22097.494,63
1,22104.932,63
1,22112.792,63
1,22120.402,63
1,22128.908,63
1,22135.194,63
1,22141.408,66
1,22147.767,66
1,22153.789,66
1,22162.150,66
1,22167.936,66
1,22173.932,66
1,22179.874,66
1,22186.483,66
1,22193.702,66
1,22199.765,66
1,22205.784,66
1,22211.621,66
1,22217.926,66
1,22226.483,66
1,22232.494,66
1,22238.252,66
1,22244.112,66
1,22250.389,66
1,22256.975,66
1,22265.738,66
1,22271.853,66
1,22278.744,66
1,22284.820,66
1,22294.514,66
1,22300.899,66
1,22307.105,69
1,22313.722,69
1,22320.018,69
1,22328.103,69
1,22334.360,69
1,22340.569,69
1,22346.927,69
1,22354.063,69
1,22363.361,69
1,22369.915,69
1,22375.556,69
1,22381.627,69
1,22387.597,69
1,22395.851,69
1,22402.601,69
1,22408.413,69
1,22414.764,69
1,22420.391,69
1,22426.552,69
1,22435.405,69
1,22442.284,69
1,22448.300,69
1,22454.606,69
1,22463.229,69
1,22469.855,69
1,22475.482,72
1,22481.797,72
1,22487.664,72
1,22497.206,72
1,22503.933,72
1,22511.217,72
1,22517.670,72
1,22523.927,72
1,22532.820,72
1,22539.141,72
1,22545.111,72
1,22551.351,72
1,22557.035,72
1,22567.909,72
1,22574.220,72
1,22581.406,72
1,22587.408,72
1,22593.319,72
1,22601.848,72
1,22607.784,72
1,22613.807,72
1,22620.579,72
1,22626.766,72
1,22635.310,72
1,22641.175,75
1,22647.667,75
1,22653.457,75
1,22660.660,75
1,22669.248,75
1,22675.682,75
1,22681.912,75
1,22687.905,75
1,22693.396,75
1,22703.845,75
1,22709.722,75
1,22717.329,75
1,22724.353,75
1,22730.930,75
1,22738.537,75
1,22744.445,75
1,22751.013,75
1,22757.133,75
1,22763.428,75
1,22770.925,75
1,22776.859,75
1,22784.142,75
1,22790.129,75
1,22797.969,75
1,22805.204,75
1,22812.570,78
1,22819.516,78
1,22825.673,78
1,22831.674,78
1,22839.703,78
1,22845.950,78
1,22852.881,78
1,22858.894,78
1,22865.823,78
1,22872.916,78
1,22879.358,78
1,22886.529,78
1,22892.537,78
1,22899.077,78
1,22906.825,78
1,22913.359,78
1,22919.712,78
1,22925.784,78
1,22932.121,78
1,22940.567,78
1,22947.371,78
1,22953.769,78
1,22959.963,78
1,22966.414,78
1,22973.535,78
1,22981.109,81
1,22988.540,81
1,22994.496,81
1,23000.852,81
1,23008.542,81
1,23015.356,81
1,23021.307,81
1,23028.182,81
1,23034.417,81
1,23041.846,81
1,23048.608,81
1,23055.960,81
1,23061.783,81
1,23068.090,81
1,23076.483,81
1,23084.550,81
1,23090.653,81
1,23098.976,81
1,23105.622,81
1,23113.263,81
1,23120.460,81
1,23126.827,81
1,23133.471,81
1,23139.960,84
1,23147.062,84
1,23153.310,84
1,23159.325,84
1,23165.529,84
1,23171.373,84
1,23179.788,84
1,23187.287,84
1,23194.895,84
1,23201.342,84
1,23207.585,84
1,23217.162,84
1,23223.554,84
1,23230.094,84
1,23236.259,84
1,23245.422,84
1,23251.759,84
1,23257.483,84
1,23263.538,84
1,23269.695,84
1,23276.048,84
1,23284.077,84
1,23290.067,84
1,23296.821,84
1,23303.284,84
1,23309.400,87
1,23317.212,87
1,23324.662,87
1,23331.117,87
1,23337.381,87
1,23343.100,87
1,23351.475,87
1,23357.948,87
1,23365.066,87
1,23372.658,87
1,23379.146,87
1,23388.852,87
1,23394.950,87
1,23401.358,87
1,23408.844,87
1,23418.853,87
1,23425.522,87
1,23431.700,87
1,23437.435,87
1,23443.687,87
1,23451.979,87
1,23458.075,87
1,23464.351,87
1,23470.515,87
1,23476.310,91
1,23485.198,91
1,23491.006,91
1,23498.149,91
1,23505.119,91
1,23512.061,91
1,23520.669,91
1,23527.051,91
1,23533.612,91
1,23540.095,91
1,23547.160,91
1,23554.523,91
1,23560.199,91
1,23566.694,91
1,23574.381,91
1,23581.014,91
1,23588.914,91
1,23596.070,91
1,23603.114,91
1,23609.574,91
1,23617.191,91
1,23624.223,91
1,23630.209,91
1,23637.010,91
1,23642.987,94
1,23650.136,94
1,23657.626,94
1,23664.125,94
1,23670.300,94
1,23676.066,94
1,23683.156,94
1,23690.898,94
1,23697.597,94
1,23703.785,94
1,23710.177,94
1,23716.790,94
1,23724.230,94
1,23730.718,94
1,23736.832,94
1,23744.456,94
1,23751.360,94
1,23758.910,94
1,23765.213,94
1,23771.136,94
1,23777.137,94
1,23783.585,94
1,23791.174,94
1,23797.206,94
1,23803.931,94
1,23810.144,97
1,23816.809,97
1,23824.965,97
1,23831.230,97
1,23837.149,97
1,23843.038,97
1,23849.667,97
1,23860.131,97
1,23866.465,97
1,23873.047,97
1,23879.582,97
1,23885.879,97
1,23894.923,97
1,23901.342,97
1,23908.161,97
1,23914.825,97
1,23920.773,97
1,23927.948,97
1,23934.082,97
1,23939.844,97
1,23945.598,97
1,23951.935,97
1,23961.214,97
1,23967.836,97
1,23973.623,100
1,23980.227,100
1,23986.592,100
1,23995.279,100
1,24001.786,100
1,24008.429,100
1,24014.502,100
1,24020.225,100
1,24028.731,100
1,24034.861,100
1,24040.843,100
1,24047.005,100
1,24052.888,100
1,24061.837,100
1,24068.140,100
1,24073.846,100
1,24080.227,100
1,24086.436,100
1,24094.884,100
1,24101.217,100
1,24107.582,100
1,24113.642,100
1,24121.219,100
1,24130.386,100
1,24136.605,100
1,24142.546,103
1,24148.826,103
1,24154.468,103
1,24160.286,103
1,24168.917,103
1,24175.616,103
1,24181.869,103
1,24187.823,103
1,24194.502,103
1,24202.242,103
1,24209.255,103
1,24215.946,103
1,24221.876,103
1,24228.289,103
1,24236.408,103
1,24242.077,103
1,24248.296,103
1,24254.198,103
1,24260.897,103
1,24269.003,103
1,24274.803,103
1,24281.102,103
1,24287.153,103
1,24293.092,103
1,24302.334,103
1,24308.546,106
1,24314.543,106
1,24320.148,106
1,24327.340,106
1,24335.878,106
1,24341.636,106
1,24347.897,106
1,24353.500,106
1,24359.386,106
1,24368.825,106
1,24374.367,106
1,24381.026,106
1,24387.114,106
1,24393.084,106
1,24403.254,106
1,24410.734,106
1,24416.780,106
1,24422.704,106
1,24428.471,106
1,24436.899,106
1,24442.931,106
1,24449.481,106
1,24456.207,106
1,24462.719,106
1,24472.578,106
1,24479.496,109
1,24486.350,109
1,24492.185,109
1,24498.754,109
1,24506.335,109
1,24512.185,109
1,24518.637,109
1,24524.759,109
1,24531.707,109
1,24539.605,109
1,24547.079,109
1,24553.623,109
1,24559.771,109
1,24566.627,109
1,24574.170,109
1,24581.560,109
1,24588.809,109
1,24596.252,109
1,24604.496,109
1,24612.261,109
1,24619.100,109
1,24625.029,109
1,24631.082,109
1,24637.239,109
1,24644.661,109
1,24651.188,112
1,24658.344,112
1,24664.315,112
1,24674.524,112
1,24681.130,112
1,24688.605,112
1,24694.712,112
1,24701.348,112
1,24709.333,112
1,24716.465,112
1,24722.796,112
1,24728.927,112
1,24735.432,112
1,24743.948,112
1,24750.475,112
1,24757.058,112
1,24763.961,112
1,24770.359,112
1,24778.285,112
1,24785.221,112
1,24793.531,112
1,24800.092,112
1,24806.860,112
1,24815.930,116
1,24822.903,116
1,24829.014,116
1,24835.762,116
1,24844.340,116
1,24851.266,116
1,24857.354,116
1,24864.986,116
1,24871.876,116
1,24880.622,116
1,24887.080,116
1,24893.819,116
1,24900.796,116
1,24907.033,116
1,24914.338,116
1,24921.017,116
1,24929.450,116
1,24936.707,116
1,24948.202,116
1,24954.887,116
1,24961.041,116
1,24968.080,116
1,24974.230,119
1,24983.717,119
1,24990.401,119
1,24996.815,119
1,25003.576,119
1,25010.148,119
1,25018.095,119
1,25024.085,119
1,25031.209,119
1,25037.482,119
1,25043.555,119
1,25052.707,119
1,25059.279,119
1,25065.815,119
1,25072.054,119
1,25078.657,119
1,25087.434,119
1,25093.573,119
1,25100.065,119
1,25107.393,119
1,25116.630,119
1,25123.276,119
1,25130.570,119
1,25136.816,119
1,25142.520,122
1,25152.054,122
1,25158.269,122
1,25165.033,122
1,25171.049,122
1,25176.946,122
1,25185.911,122
1,25192.227,122
1,25199.614,122
1,25206.788,122
1,25213.482,122
1,25222.204,122
1,25228.831,122
1,25235.329,122
1,25242.207,122
1,25249.352,122
1,25257.994,122
1,25264.098,122
1,25270.342,122
1,25275.968,122
1,25282.308,122
1,25290.455,122
1,25295.946,122
1,25303.462,122
1,25310.578,125
1,25320.011,125
1,25327.038,125
1,25334.052,125
1,25340.678,125
1,25346.963,125
1,25353.625,125
1,25360.405,125
1,25368.075,125
1,25375.240,125
1,25381.471,125
1,25389.415,125
1,25395.353,125
1,25401.925,125
1,25408.293,125
1,25414.688,125
1,25422.106,125
1,25428.341,125
1,25435.071,125
1,25440.721,125
1,25446.831,125
1,25453.464,125
1,25462.290,125
1,25469.550,125
1,25476.216,128
1,25483.068,128
1,25490.908,128
1,25496.952,128
1,25503.195,128
1,25509.247,128
1,25515.781,128
1,25524.737,128
1,25531.641,128
1,25538.438,128
1,25544.340,128
1,25552.375,128
1,25558.818,128
1,25565.172,128
1,25570.660,128
1,25576.417,128
1,25583.803,128
1,25593.718,128
1,25599.599,128
1,25605.350,128
1,25611.859,128
1,25617.999,128
1,25626.880,128
1,25633.884,128
1,25639.712,131
1,25645.666,131
1,25652.273,131
1,25662.034,131
1,25668.034,131
1,25673.979,131
1,25680.845,131
1,25686.964,131
1,25694.361,131
1,25700.830,131
1,25706.702,131
1,25713.351,131
1,25719.132,131
1,25728.055,131
1,25733.914,131
1,25739.496,131
1,25745.101,131
1,25751.237,131
1,25756.929,131
1,25764.928,131
1,25770.846,131
1,25776.472,131
1,25782.267,131
1,25791.843,131
1,25798.199,131
1,25804.124,131
1,25809.661,134
1,25817.155,134
1,25823.497,134
1,25831.442,134
1,25837.345,134
1,25843.075,134
1,25849.275,134
1,25855.259,134
1,25863.340,134
1,25872.291,134
1,25878.241,134
1,25884.454,134
1,25890.316,134
1,25897.580,134
1,25903.649,134
1,25909.307,134
1,25915.234,134
1,25921.234,134
1,25927.182,134
1,25935.435,134
1,25942.035,134
1,25948.244,134
1,25954.149,134
1,25959.832,134
1,25968.723,134
1,25974.691,137
1,25981.286,137
1,25987.175,137
1,25993.125,137
1,26004.023,137
1,26011.333,137
1,26017.615,137
1,26023.568,137
1,26030.459,137
1,26038.305,137
1,26044.334,137
1,26051.352,137
1,26058.472,137
1,26069.025,137
1,26075.405,137
1,26082.419,137
1,26089.160,137
1,26095.621,137
1,26105.218,137
1,26111.426,137
1,26118.045,137
1,26124.546,137
1,26131.403,137
1,26139.939,137
1,26146.179,140
1,26152.854,140
1,26159.115,140
1,26165.540,140
1,26175.739,140
1,26182.224,140
1,26189.042,140
1,26194.830,140
1,26202.292,140
1,26208.932,140
1,26215.690,140
1,26221.649,140
1,26228.011,140
1,26234.440,140
1,26242.074,140
1,26249.575,140
1,26255.751,140
1,26262.652,140
1,26273.347,140
1,26279.777,140
1,26286.193,140
1,26292.455,140
1,26299.244,140
1,26306.769,140
1,26313.762,144
1,26321.124,144
1,26327.336,144
1,26333.913,144
1,26341.601,144
1,26349.941,144
1,26356.945,144
1,26363.221,144
1,26369.614,144
1,26377.865,144
1,26384.206,144
1,26390.043,144
1,26396.849,144
1,26402.745,144
1,26410.558,144
1,26416.917,144
1,26423.398,144
1,26430.145,144
1,26436.386,144
1,26443.651,144
1,26450.752,144
1,26456.857,144
1,26463.560,144
1,26469.726,144
1,26477.977,147
1,26484.658,147
1,26491.814,147
1,26498.968,147
1,26505.055,147
1,26513.365,147
1,26519.704,147
1,26525.785,147
1,26532.007,147
1,26537.862,147
1,26546.256,147
1,26553.676,147
1,26559.682,147
1,26565.856,147
1,26572.745,147
1,26580.143,147
1,26587.760,147
1,26593.918,147
1,26600.257,147
1,26607.044,147
1,26614.859,147
1,26621.952,147
1,26628.162,147
1,26634.633,147
1,26641.524,150
1,26650.078,150
1,26656.585,150
1,26663.640,150
1,26669.973,150
1,26679.856,150
1,26686.436,150
1,26691.956,150
1,26698.197,150
1,26703.737,150
1,26709.512,150
1,26717.693,150
1,26723.497,150
1,26729.557,150
1,26735.314,150
1,26741.298,150
1,26749.209,150
1,26756.308,150
1,26762.030,150
1,26768.230,150
1,26773.888,150
1,26782.538,150
1,26788.323,150
1,26793.882,150
1,26799.800,150
1,26805.481,150
1,26811.139,153
1,26819.665,153
1,26825.436,153
1,26831.797,153
1,26837.351,153
1,26843.942,153
1,26851.428,153
1,26857.892,153
1,26863.991,153
1,26869.592,153
1,26875.635,153
1,26883.994,153
1,26890.295,153
1,26897.530,153
1,26903.297,153
1,26908.739,153
1,26917.358,153
1,26922.629,153
1,26927.998,153
1,26933.861,153
1,26939.155,153
1,26944.902,153
1,26953.264,153
1,26958.751,153
1,26964.693,153
1,26970.007,153
1,26975.584,156
1,26981.484,156
1,26988.377,156
1,26994.034,156
1,27000.059,156
1,27005.829,156
1,27011.362,156
1,27019.929,156
1,27025.373,156
1,27031.481,156
1,27036.896,156
1,27042.395,156
1,27048.047,156
1,27055.046,156
1,27060.488,156
1,27066.382,156
1,27071.676,156
1,27076.826,156
1,27083.173,156
1,27089.639,156
1,27095.080,156
1,27101.154,156
1,27106.868,156
1,27112.397,156
1,27121.431,156
1,27127.300,156
1,27133.410,156
1,27139.583,159
1,27145.662,159
1,27151.346,159
1,27158.776,159
1,27165.585,159
1,27171.046,159
1,27176.450,159
1,27182.996,159
1,27190.066,159
1,27196.058,159
1,27202.405,159
1,27208.000,159
1,27214.119,159
1,27219.808,159
1,27226.642,159
1,27232.311,159
1,27237.548,159
1,27242.872,159
1,27248.775,159
1,27257.780,159
1,27263.502,159
1,27269.744,159
1,27276.873,159
1,27283.553,159
1,27291.433,159
1,27297.158,159
1,27303.325,159
1,27309.490,162
1,27315.649,162
1,27321.494,162
1,27328.987,162
1,27335.773,162
1,27341.584,162
1,27347.740,162
1,27356.658,162
1,27363.016,162
1,27370.043,162
1,27375.910,162
1,27382.352,162
1,27387.811,162
1,27395.136,162
1,27401.245,162
1,27407.304,162
1,27413.428,162
1,27419.256,162
1,27427.199,162
1,27433.483,162
1,27441.157,162
1,27447.645,162
1,27453.438,162
1,27461.526,162
1,27468.648,162
1,27474.726,165
1,27481.902,165
1,27488.410,165
1,27495.359,165
1,27501.659,165
1,27506.881,165
1,27513.077,165
1,27518.520,165
1,27526.106,165
1,27534.414,165
1,27540.020,165
1,27546.749,165
1,27552.048,165
1,27557.519,165
1,27565.461,165
1,27570.760,165
1,27576.147,165
1,27582.201,165
1,27587.783,165
1,27593.399,165
1,27601.458,165
1,27608.462,165
1,27614.763,165
1,27620.065,165
1,27625.199,165
1,27633.243,165
1,27639.012,169
1,27644.423,169
1,27650.376,169
1,27656.147,169
1,27662.371,169
1,27669.192,169
1,27674.631,169
1,27680.718,169
1,27686.142,169
1,27691.335,169
1,27699.545,169
1,27705.442,169
1,27710.990,169
1,27716.777,169
1,27722.205,169
1,27728.566,169
1,27735.933,169
1,27741.688,169
1,27747.820,169
1,27752.990,169
1,27758.279,169
1,27767.032,169
1,27773.986,169
1,27779.797,169
1,27785.741,169
1,27790.743,169
1,27796.867,169
1,27803.381,169
1,27808.916,172
1,27815.003,172
1,27820.325,172
1,27825.635,172
1,27831.197,172
1,27837.968,172
1,27843.301,172
1,27849.285,172
1,27854.707,172
1,27860.426,172
1,27869.295,172
1,27874.904,172
1,27881.089,172
1,27886.517,172
1,27891.810,172
1,27897.876,172
1,27904.535,172
1,27909.833,172
1,27915.852,172
1,27921.135,172
1,27926.221,172
1,27932.261,172
1,27939.446,172
1,27944.930,172
1,27950.947,172
1,27956.144,172
1,27962.264,172
1,27967.779,172
1,27975.290,172
1,27981.200,175
1,27986.901,175
1,27993.042,175
1,27999.122,175
1,28006.679,175
1,28012.458,175
1,28023.004,175
1,28030.441,175
1,28040.156,175
1,28045.653,175
1,28052.003,175
1,28057.735,175
1,28063.635,175
1,28068.981,175
1,28076.602,175
1,28082.562,175
1,28087.935,175
1,28097.201,175
1,28105.417,175
1,28114.037,175
1,28120.594,175
1,28126.478,175
1,28132.522,175
1,28141.604,175
1,28147.572,178
1,28154.363,178
1,28159.832,178
1,28166.510,178
1,28179.562,178
1,28189.118,178
1,28195.169,178
1,28201.863,178
1,28211.130,178
1,28217.378,178
1,28223.023,178
1,28228.637,178
1,28234.445,178
1,28240.504,178
1,28247.962,178
1,28253.530,178
1,28258.988,178
1,28265.068,178
1,28273.310,178
1,28283.613,178
1,28289.904,178
1,28295.965,178
1,28305.655,178
1,28312.881,180
1,28318.926,180
1,28324.780,180
1,28334.572,180
1,28340.912,180
1,28350.432,180
1,28356.184,180
1,28361.864,180
1,28367.643,180
1,28373.032,180
1,28380.287,180
1,28386.801,180
1,28392.223,180
1,28398.065,180
1,28403.175,180
1,28408.760,180
1,28421.639,180
1,28428.901,180
1,28435.438,180
1,28441.187,180
1,28449.166,180
1,28454.919,180
1,28460.453,180
1,28469.220,180
2,28476.504,0
2,28485.366,0
2,28491.163,0
2,28497.357,0
2,28502.928,0
2,28508.255,0
2,28516.869,0
2,28527.080,0
2,28535.114,0
2,28541.671,0
2,28550.742,0
2,28556.680,0
2,28563.276,0
2,28569.003,0
2,28574.654,0
2,28583.568,0
2,28589.496,0
2,28595.193,0
2,28601.309,0
2,28606.776,0
2,28613.776,0
2,28626.534,0
2,28634.124,0
2,28641.683,0
2,28648.272,0
2,28655.581,0
2,28661.083,0
2,28667.153,0
2,28672.723,0
2,28678.407,0
2,28686.723,0
2,28692.310,0
2,28702.155,0
2,28709.991,0
2,28717.204,0
2,28726.018,0
2,28732.280,0
2,28738.062,0
2,28743.857,0
2,28753.862,0
2,28762.358,0
2,28769.045,0
2,28775.139,0
2,28781.285,0
2,28789.953,0
2,28795.664,0
2,28805.790,0
2,28813.558,3
2,28822.499,3
2,28828.902,3
2,28835.018,3
2,28840.526,3
2,28847.049,3
2,28858.826,3
2,28864.406,3
2,28870.498,3
2,28875.956,3
2,28881.984,3
2,28893.245,3
2,28898.702,3
2,28904.803,3
2,28910.469,3
2,28916.721,3
2,28923.889,3
2,28930.107,3
2,28935.702,3
2,28940.854,3
2,28947.301,3
2,28953.188,3
2,28960.151,3
2,28966.076,3
2,28971.153,3
2,28976.351,6
2,28982.071,6
2,28992.697,6
2,28998.524,6
2,29005.021,6
2,29010.565,6
2,29016.325,6
2,29026.410,6
2,29031.867,6
2,29037.912,6
2,29043.967,6
2,29050.949,6
2,29061.447,6
2,29067.521,6
2,29073.003,6
2,29079.260,6
2,29085.133,6
2,29096.940,6
2,29104.198,6
2,29109.952,6
2,29116.019,6
2,29124.796,6
2,29133.122,6
2,29138.853,6
2,29144.688,10
2,29150.973,10
2,29157.003,10
2,29169.218,10
2,29174.655,10
2,29180.538,10
2,29186.957,10
2,29194.927,10
2,29201.166,10
2,29206.964,10
2,29213.017,10
2,29218.663,10
2,29224.118,10
2,29232.385,10
2,29240.774,10
2,29246.543,10
2,29252.638,10
2,29258.240,10
2,29267.370,10
2,29273.676,10
2,29279.590,10
2,29285.733,10
2,29292.019,10
2,29300.209,10
2,29306.434,13
2,29312.276,13
2,29317.932,13
2,29323.601,13
2,29332.032,13
2,29342.226,13
2,29351.488,13
2,29357.724,13
2,29366.511,13
2,29372.455,13
2,29377.729,13
2,29383.763,13
2,29389.461,13
2,29395.682,13
2,29403.602,13
2,29408.989,13
2,29414.927,13
2,29420.809,13
2,29426.421,13
2,29435.712,13
2,29443.422,13
2,29449.602,13
2,29455.286,13
2,29460.438,13
2,29470.922,13
2,29476.493,16
2,29484.564,16
2,29490.334,16
2,29496.722,16
2,29508.372,16
2,29513.577,16
2,29520.434,16
2,29526.126,16
2,29539.867,16
2,29545.512,16
2,29551.872,16
2,29561.281,16
2,29570.397,16
2,29575.989,16
2,29584.544,16
2,29590.417,16
2,29597.104,16
2,29607.913,16
2,29613.437,16
2,29620.090,16
2,29625.816,16
2,29632.414,16
2,29639.843,16
2,29645.509,19
2,29651.865,19
2,29657.570,19
2,29663.546,19
2,29677.080,19
2,29685.102,19
2,29691.675,19
2,29698.224,19
2,29706.789,19
2,29712.658,19
2,29718.920,19
2,29724.496,19
2,29730.615,19
2,29739.480,19
2,29745.230,19
2,29751.770,19
2,29757.499,19
2,29765.690,19
2,29776.888,19
2,29782.685,19
2,29789.821,19
2,29795.940,19
2,29807.530,19
2,29813.945,19
2,29823.914,22
2,29829.650,22
2,29837.115,22
2,29844.008,22
2,29850.806,22
2,29857.076,22
2,29865.650,22
2,29872.726,22
2,29880.687,22
2,29887.582,22
2,29894.460,22
2,29903.126,22
2,29912.313,22
2,29918.310,22
2,29925.867,22
2,29931.996,22
2,29938.213,22
2,29946.227,22
2,29952.375,22
2,29958.180,22
2,29964.917,22
2,29971.295,22
2,29984.177,25
2,29989.661,25
2,29995.104,25
2,30001.590,25
2,30011.289,25
2,30019.380,25
2,30026.831,25
2,30033.018,25
2,30038.942,25
2,30047.740,25
2,30053.687,25
2,30064.162,25
2,30071.430,25
2,30084.058,25
2,30089.943,25
2,30095.707,25
2,30104.540,25
2,30110.160,25
2,30119.821,25
2,30125.744,25
2,30131.879,25
2,30137.618,25
2,30143.219,28
2,30152.087,28
2,30157.730,28
2,30164.432,28
2,30170.085,28
2,30175.747,28
2,30190.206,28
2,30195.767,28
2,30205.013,28
2,30211.115,28
2,30219.441,28
2,30225.043,28
2,30232.288,28
2,30237.908,28
2,30243.459,28
2,30253.054,28
2,30258.970,28
2,30265.254,28
2,30271.084,28
2,30276.714,28
2,30288.424,28
2,30294.279,28
2,30300.619,28
2,30308.179,31
2,30314.746,31
2,30325.605,31
2,30331.250,31
2,30339.026,31
2,30346.911,31
2,30354.788,31
2,30360.109,31
2,30366.699,31
2,30372.939,31
2,30378.377,31
2,30387.121,31
2,30392.764,31
2,30398.988,31
2,30404.319,31
2,30409.600,31
2,30415.912,31
2,30423.179,31
2,30428.765,31
2,30434.911,31
2,30440.356,31
2,30446.493,31
2,30454.074,31
2,30464.121,31
2,30470.271,31
2,30475.775,35
2,30483.690,35
2,30491.056,35
2,30496.814,35
2,30504.258,35
2,30510.178,35
2,30516.556,35
2,30532.313,35
2,30540.395,35
2,30546.139,35
2,30552.423,35
2,30560.830,35
2,30566.882,35
2,30572.814,35
2,30578.550,35
2,30584.156,35
2,30591.292,35
2,30597.302,35
2,30602.996,35
2,30608.534,35
2,30614.825,35
2,30623.824,35
2,30629.581,35
2,30635.640,35
2,30641.560,38
2,30647.891,38
2,30653.677,38
2,30664.001,38
2,30670.343,38
2,30676.314,38
2,30684.684,38
2,30693.627,38
2,30699.534,38
2,30705.150,38
2,30710.605,38
2,30716.467,38
2,30725.617,38
2,30734.196,38
2,30740.275,38
2,30747.027,38
2,30753.428,38
2,30764.758,38
2,30770.765,38
2,30776.442,38
2,30783.955,38
2,30789.923,38
2,30798.706,38
2,30805.563,38
2,30811.789,41
2,30818.019,41
2,30823.626,41
2,30832.127,41
2,30837.921,41
2,30843.656,41
2,30849.677,41
2,30855.461,41
2,30863.304,41
2,30869.911,41
2,30875.583,41
2,30881.778,41
2,30887.330,41
2,30895.990,41
2,30905.480,41
2,30911.636,41
2,30918.085,41
2,30924.384,41
2,30933.845,41
2,30939.159,41
2,30944.563,41
2,30950.855,41
2,30956.655,41
2,30969.409,41
2,30974.918,44
2,30980.946,44
2,30987.354,44
2,30993.704,44
2,31005.615,44
2,31011.426,44
2,31017.460,44
2,31024.044,44
2,31032.467,44
2,31038.358,44
2,31043.983,44
2,31050.080,44
2,31056.314,44
2,31062.595,44
2,31070.183,44
2,31076.040,44
2,31082.345,44
2,31088.248,44
2,31093.956,44
2,31103.146,44
2,31109.524,44
2,31115.474,44
2,31121.832,44
2,31127.507,44
2,31136.792,44
2,31143.220,47
2,31149.553,47
2,31156.458,47
2,31162.297,47
2,31171.432,47
2,31177.225,47
2,31183.293,47
2,31190.443,47
2,31197.548,47
2,31204.948,47
2,31210.741,47
2,31217.053,47
2,31223.492,47
2,31229.775,47
2,31236.665,47
2,31242.457,47
2,31248.481,47
2,31257.540,47
2,31263.214,47
2,31272.012,47
2,31277.868,47
2,31284.280,47
2,31290.327,47
2,31296.425,47
2,31303.485,47
2,31308.915,50
2,31315.265,50
2,31321.057,50
2,31327.030,50
2,31333.088,50
2,31340.875,50
2,31346.651,50
2,31353.030,50
2,31359.710,50
2,31365.950,50
2,31373.083,50
2,31378.772,50
2,31384.840,50
2,31390.240,50
2,31396.940,50
2,31405.315,50
2,31412.044,50
2,31418.344,50
2,31423.764,50
2,31430.077,50
2,31443.206,50
2,31449.135,50
2,31455.606,50
2,31461.188,50
2,31467.495,50
2,31475.277,50
2,31483.282,53
2,31489.765,53
2,31495.607,53
2,31501.491,53
2,31508.766,53
2,31514.683,53
2,31520.751,53
2,31527.141,53
2,31533.564,53
2,31541.880,53
2,31547.573,53
2,31553.572,53
2,31559.096,53
2,31565.279,53
2,31570.881,53
2,31581.831,53
2,31587.970,53
2,31593.737,53
2,31601.602,53
2,31610.826,53
2,31617.356,53
2,31623.142,53
2,31629.176,53
2,31634.837,53
2,31642.289,56
2,31650.437,56
2,31656.209,56
2,31662.554,56
2,31668.212,56
2,31677.371,56
2,31683.699,56
2,31689.733,56
2,31695.101,56
2,31701.392,56
2,31707.070,56
2,31715.017,56
2,31721.078,56
2,31726.513,56
2,31732.548,56
2,31738.415,56
2,31746.330,56
2,31752.512,56
2,31760.309,56
2,31766.711,56
2,31772.595,56
2,31780.663,56
2,31787.743,56
2,31793.932,56
2,31800.035,56
2,31806.214,59
2,31813.301,59
2,31820.481,59
2,31826.340,59
2,31832.932,59
2,31838.642,59
2,31845.118,59
2,31853.546,59
2,31859.651,59
2,31865.960,59
2,31872.020,59
2,31882.786,59
2,31889.233,59
2,31894.610,59
2,31900.883,59
2,31909.373,59
2,31921.962,59
2,31927.409,59
2,31933.383,59
2,31939.082,59
2,31944.704,59
2,31953.518,59
2,31959.153,59
2,31965.290,59
2,31971.149,59
2,31977.125,63
2,31986.203,63
2,31991.909,63
2,31998.443,63
2,32004.439,63
2,32010.093,63
2,32018.901,63
2,32024.627,63
2,32030.832,63
2,32036.529,63
2,32042.166,63
2,32049.064,63
2,32055.259,63
2,32064.461,63
2,32071.921,63
2,32077.485,63
2,32089.028,63
2,32096.712,63
2,32104.253,63
2,32110.183,63
2,32123.922,63
2,32129.566,63
2,32135.680,63
2,32144.161,66
2,32154.099,66
2,32160.323,66
2,32167.161,66
2,32173.453,66
2,32179.160,66
2,32187.765,66
2,32193.478,66
2,32200.221,66
2,32206.079,66
2,32213.277,66
2,32222.282,66
2,32228.092,66
2,32234.611,66
2,32242.717,66
2,32249.478,66
2,32256.469,66
2,32262.034,66
2,32268.767,66
2,32274.424,66
2,32281.146,66
2,32292.117,66
2,32299.343,66
2,32306.405,66
2,32311.926,69
2,32318.806,69
2,32326.644,69
2,32332.924,69
2,32338.654,69
2,32344.594,69
2,32350.878,69
2,32359.812,69
2,32366.329,69
2,32372.425,69
2,32380.379,69
2,32387.808,69
2,32397.557,69
2,32404.077,69
2,32409.881,69
2,32416.331,69
2,32427.740,69
2,32438.193,69
2,32443.836,69
2,32449.853,69
2,32458.872,69
2,32464.790,69
2,32470.351,69
2,32475.746,72
2,32486.385,72
2,32493.996,72
2,32500.628,72
2,32506.408,72
2,32512.599,72
2,32518.517,72
2,32532.153,72
2,32540.458,72
2,32546.123,72
2,32552.093,72
2,32557.569,72
2,32570.528,72
2,32576.320,72
2,32586.188,72
2,32591.831,72
2,32600.052,72
2,32609.236,72
2,32615.821,72
2,32623.188,72
2,32632.537,72
2,32638.590,72
2,32644.683,75
2,32651.123,75
2,32658.233,75
2,32666.447,75
2,32672.335,75
2,32680.492,75
2,32687.537,75
2,32693.993,75
2,32705.183,75
2,32710.951,75
2,32717.664,75
2,32723.299,75
2,32732.399,75
2,32738.230,75
2,32747.221,75
2,32755.075,75
2,32760.921,75
2,32770.100,75
2,32776.799,75
2,32784.000,75
2,32792.287,75
2,32800.772,75
2,32806.788,78
2,32813.039,78
2,32819.500,78
2,32826.762,78
2,32838.546,78
2,32845.180,78
2,32851.395,78
2,32859.133,78
2,32873.765,78
2,32879.343,78
2,32885.694,78
2,32891.638,78
2,32899.746,78
2,32910.854,78
2,32917.194,78
2,32926.811,78
2,32940.012,78
2,32946.655,78
2,32954.155,78
2,32961.022,78
2,32976.472,78
2,32983.545,81
2,32990.637,81
2,32997.015,81
2,33007.450,81
2,33014.030,81
2,33022.092,81
2,33028.220,81
2,33035.472,81
2,33043.727,81
2,33049.822,81
2,33056.820,81
2,33062.851,81
2,33074.307,81
2,33080.460,81
2,33086.855,81
2,33093.203,81
2,33099.639,81
2,33110.682,81
2,33116.464,81
2,33122.839,81
2,33128.391,81
2,33134.724,81
2,33142.742,81
2,33149.051,84
2,33154.949,84
2,33161.761,84
2,33168.298,84
2,33176.465,84
2,33182.612,84
2,33188.745,84
2,33194.136,84
2,33201.133,84
2,33210.919,84
2,33216.258,84
2,33221.902,84
2,33228.902,84
2,33234.738,84
2,33241.967,84
2,33247.712,84
2,33253.271,84
2,33259.283,84
2,33265.503,84
2,33271.450,84
2,33279.130,84
2,33287.465,84
2,33292.914,84
2,33299.031,84
2,33307.235,84
2,33315.018,87
2,33321.304,87
2,33328.595,87
2,33337.114,87
2,33345.773,87
2,33352.781,87
2,33358.095,87
2,33365.623,87
2,33371.712,87
2,33379.633,87
2,33388.750,87
2,33394.505,87
2,33400.809,87
2,33406.759,87
2,33415.049,87
2,33420.975,87
2,33426.755,87
2,33432.814,87
2,33438.675,87
2,33446.497,87
2,33452.899,87
2,33458.777,87
2,33464.855,87
2,33474.076,87
2,33481.996,91
2,33488.852,91
2,33497.209,91
2,33503.627,91
2,33509.516,91
2,33517.805,91
2,33523.656,91
2,33530.524,91
2,33536.261,91
2,33541.955,91
2,33550.475,91
2,33556.993,91
2,33562.591,91
2,33568.985,91
2,33574.758,91
2,33583.058,91
2,33589.343,91
2,33594.874,91
2,33600.949,91
2,33606.417,91
2,33615.022,91
2,33621.194,91
2,33626.563,91
2,33632.491,91
2,33637.957,91
2,33644.166,94
2,33652.622,94
2,33658.276,94
2,33664.686,94
2,33670.259,94
2,33676.099,94
2,33684.873,94
2,33690.764,94
2,33696.674,94
2,33702.226,94
2,33707.691,94
2,33713.806,94
2,33720.937,94
2,33727.073,94
2,33733.360,94
2,33739.817,94
2,33746.292,94
2,33755.750,94
2,33761.492,94
2,33768.049,94
2,33774.153,94
2,33780.597,94
2,33788.598,94
2,33794.718,94
2,33800.985,94
2,33806.954,94
2,33812.929,97
2,33822.290,97
2,33828.831,97
2,33837.350,97
2,33844.424,97
2,33857.263,97
2,33863.746,97
2,33872.962,97
2,33879.662,97
2,33893.844,97
2,33899.399,97
2,33906.430,97
2,33912.337,97
2,33918.775,97
2,33927.619,97
2,33933.965,97
2,33940.604,97
2,33947.489,97
2,33954.867,97
2,33960.486,97
2,33966.856,97
2,33977.203,100
2,33984.887,100
2,33992.514,100
2,33998.142,100
2,34003.996,100
2,34010.068,100
2,34016.511,100
2,34024.080,100
2,34030.351,100
2,34036.858,100
2,34042.710,100
2,34049.373,100
2,34057.148,100
2,34062.911,100
2,34069.431,100
2,34075.363,100
2,34081.257,100
2,34086.925,100
2,34093.976,100
2,34099.734,100
2,34105.863,100
2,34111.518,100
2,34117.645,100
2,34126.576,100
2,34132.711,100
2,34140.464,103
2,34146.842,103
2,34152.988,103
2,34161.053,103
2,34167.397,103
2,34173.235,103
2,34179.119,103
2,34185.284,103
2,34193.449,103
2,34199.493,103
2,34205.106,103
2,34210.922,103
2,34217.218,103
2,34223.132,103
2,34230.110,103
2,34236.600,103
2,34242.401,103
2,34248.651,103
2,34254.500,103
2,34263.311,103
2,34269.544,103
2,34275.046,103
2,34281.321,103
2,34286.993,103
2,34294.577,103
2,34301.028,103
2,34306.910,103
2,34313.415,106
2,34320.143,106
2,34326.224,106
2,34335.406,106
2,34340.948,106
2,34347.606,106
2,34353.609,106
2,34359.415,106
2,34367.582,106
2,34373.389,106
2,34379.812,106
2,34385.655,106
2,34391.468,106
2,34398.651,106
2,34404.883,106
2,34411.037,106
2,34417.202,106
2,34422.993,106
2,34431.619,106
2,34437.493,106
2,34443.971,106
2,34450.029,106
2,34456.306,106
2,34464.861,106
2,34470.978,106
2,34476.579,109
2,34482.755,109
2,34488.532,109
2,34494.962,109
2,34503.942,109
2,34509.777,109
2,34516.895,109
2,34523.082,109
2,34530.190,109
2,34538.477,109
2,34544.344,109
2,34551.003,109
2,34556.814,109
2,34563.337,109
2,34570.414,109
2,34575.839,109
2,34581.862,109
2,34587.245,109
2,34594.414,109
2,34603.213,109
2,34609.496,109
2,34616.081,109
2,34621.800,109
2,34627.691,109
2,34636.465,109
2,34642.726,112
2,34649.094,112
2,34655.166,112
2,34660.965,112
2,34670.785,112
2,34676.364,112
2,34682.374,112
2,34688.572,112
2,34694.304,112
2,34703.374,112
2,34709.243,112
2,34715.470,112
2,34721.182,112
2,34727.108,112
2,34733.370,112
2,34740.545,112
2,34747.331,112
2,34753.313,112
2,34758.984,112
2,34765.312,112
2,34773.246,112
2,34779.139,112
2,34785.212,112
2,34790.833,112
2,34796.934,112
2,34806.720,112
2,34812.469,116
2,34818.560,116
2,34824.181,116
2,34830.223,116
2,34839.456,116
2,34844.867,116
2,34850.507,116
2,34856.127,116
2,34861.840,116
2,34867.882,116
2,34874.922,116
2,34880.808,116
2,34886.890,116
2,34892.893,116
2,34899.031,116
2,34906.653,116
2,34912.397,116
2,34918.495,116
2,34924.282,116
2,34930.415,116
2,34936.362,116
2,34943.379,116
2,34949.092,116
2,34954.864,116
2,34960.354,116
2,34966.312,116
2,34972.533,116
2,34981.856,119
2,34988.043,119
2,34993.690,119
2,34999.713,119
2,35005.689,119
2,35013.013,119
2,35019.375,119
2,35024.950,119
2,35030.927,119
2,35038.772,119
2,35046.899,119
2,35054.131,119
2,35059.893,119
2,35066.605,119
2,35072.630,119
2,35080.792,119
2,35087.389,119
2,35093.078,119
2,35099.605,119
2,35105.551,119
2,35112.850,119
2,35118.836,119
2,35124.669,119
2,35130.843,119
2,35136.783,119
2,35142.966,122
2,35150.869,122
2,35157.000,122
2,35163.585,122
2,35169.657,122
2,35175.728,122
2,35184.219,122
2,35189.954,122
2,35195.783,122
2,35202.109,122
2,35207.971,122
2,35215.871,122
2,35221.767,122
2,35227.748,122
2,35234.010,122
2,35239.827,122
2,35248.051,122
2,35254.249,122
2,35260.252,122
2,35266.809,122
2,35273.141,122
2,35280.895,122
2,35286.904,122
2,35292.763,122
2,35299.062,122
2,35304.842,122
2,35312.003,125
2,35319.625,125
2,35325.455,125
2,35331.614,125
2,35337.014,125
2,35342.660,125
2,35351.438,125
2,35358.030,125
2,35364.148,125
2,35370.106,125
2,35375.987,125
2,35384.234,125
2,35389.882,125
2,35396.340,125
2,35402.075,125
2,35407.637,125
2,35413.881,125
2,35420.776,125
2,35426.425,125
2,35432.507,125
2,35438.036,125
2,35443.931,125
2,35452.490,125
2,35457.817,125
2,35463.705,125
2,35468.837,125
2,35474.210,128
2,35479.882,128
2,35486.859,128
2,35492.974,128
2,35498.961,128
2,35506.934,128
2,35514.290,128
2,35521.536,128
2,35526.900,128
2,35532.915,128
2,35540.019,128
2,35545.897,128
2,35553.887,128
2,35559.148,128
2,35565.192,128
2,35570.742,128
2,35576.096,128
2,35584.313,128
2,35590.936,128
2,35598.691,128
2,35604.878,128
2,35610.407,128
2,35616.514,128
2,35624.274,128
2,35630.351,128
2,35636.405,128
2,35642.133,131
2,35648.240,131
2,35655.420,131
2,35662.067,131
2,35668.132,131
2,35673.920,131
2,35679.991,131
2,35688.622,131
2,35694.115,131
2,35700.069,131
2,35705.784,131
2,35711.510,131
2,35717.911,131
2,35725.699,131
2,35731.774,131
2,35737.448,131
2,35743.013,131
2,35748.967,131
2,35757.003,131
2,35762.593,131
2,35768.896,131
2,35774.819,131
2,35780.500,131
2,35787.323,131
2,35795.713,131
2,35802.010,131
2,35808.114,134
2,35814.298,134
2,35820.016,134
2,35828.562,134
2,35835.176,134
2,35842.209,134
2,35848.298,134
2,35854.151,134
2,35861.447,134
2,35867.834,134
2,35873.889,134
2,35880.505,134
2,35886.475,134
2,35893.879,134
2,35900.364,134
2,35906.247,134
2,35912.041,134
2,35918.356,134
2,35923.868,134
2,35931.907,134
2,35938.032,134
2,35943.993,134
2,35950.158,134
2,35956.033,134
2,35965.123,134
2,35971.795,134
2,35977.900,137
2,35984.201,137
2,35990.166,137
2,35998.154,137
2,36004.657,137
2,36012.570,137
2,36019.650,137
2,36026.520,137
2,36034.777,137
2,36041.272,137
2,36047.505,137
2,36054.026,137
2,36059.579,137
2,36068.115,137
2,36074.275,137
2,36080.509,137
2,36086.194,137
2,36091.933,137
2,36099.895,137
2,36106.266,137
2,36112.002,137
2,36118.198,137
2,36124.043,137
2,36132.598,137
2,36139.199,137
2,36145.529,140
2,36151.921,140
2,36157.915,140
2,36167.235,140
2,36173.593,140
2,36179.882,140
2,36185.653,140
2,36190.922,140
2,36200.589,140
2,36206.388,140
2,36212.882,140
2,36218.380,140
2,36224.820,140
2,36234.927,140
2,36240.841,140
2,36248.337,140
2,36254.254,140
2,36259.755,140
2,36268.174,140
2,36274.758,140
2,36280.889,140
2,36286.649,140
2,36292.342,140
2,36301.682,140
2,36307.162,144
2,36313.238,144
2,36318.712,144
2,36324.048,144
2,36330.133,144
2,36336.744,144
2,36342.168,144
2,36348.293,144
2,36353.773,144
2,36360.730,144
2,36369.315,144
2,36374.682,144
2,36380.538,144
2,36386.058,144
2,36391.690,144
2,36397.804,144
2,36404.549,144
2,36410.052,144
2,36416.116,144
2,36421.755,144
2,36427.453,144
2,36433.729,144
2,36441.686,144
2,36448.242,144
2,36454.007,144
2,36460.271,144
2,36466.492,144
2,36474.584,144
2,36480.499,147
2,36486.344,147
2,36492.126,147
2,36499.792,147
2,36506.846,147
2,36513.308,147
2,36519.402,147
2,36525.249,147
2,36531.253,147
2,36540.051,147
2,36545.585,147
2,36551.891,147
2,36557.611,147
2,36563.972,147
2,36569.480,147
2,36577.415,147
2,36583.383,147
2,36589.506,147
2,36595.815,147
2,36603.586,147
2,36611.591,147
2,36618.414,147
2,36624.450,147
2,36631.321,147
2,36638.021,147
2,36647.105,147
2,36653.235,150
2,36659.332,150
2,36666.755,150
2,36677.427,150
2,36684.745,150
2,36690.750,150
2,36696.579,150
2,36702.828,150
2,36710.717,150
2,36718.094,150
2,36725.279,150
2,36732.086,150
2,36738.251,150
2,36746.399,150
2,36752.845,150
2,36759.113,150
2,36765.968,150
2,36772.691,150
2,36780.521,150
2,36786.868,150
2,36793.032,150
2,36799.447,150
2,36805.448,150
2,36813.473,153
2,36820.427,153
2,36826.464,153
2,36832.692,153
2,36838.586,153
2,36846.545,153
2,36853.874,153
2,36860.521,153
2,36867.314,153
2,36874.107,153
2,36882.753,153
2,36889.780,153
2,36895.918,153
2,36902.609,153
2,36908.792,153
2,36916.924,153
2,36924.930,153
2,36931.492,153
2,36937.409,153
2,36944.404,153
2,36953.960,153
2,36961.997,153
2,36968.299,153
2,36974.251,156
2,36983.296,156
2,36990.776,156
2,36997.063,156
2,37002.938,156
2,37009.348,156
2,37017.918,156
2,37023.835,156
2,37029.837,156
2,37036.356,156
2,37042.359,156
2,37050.385,156
2,37057.191,156
2,37064.074,156
2,37070.321,156
2,37076.110,156
2,37084.820,156
2,37091.934,156
2,37098.012,156
2,37104.834,156
2,37110.544,156
2,37119.054,156
2,37124.556,156
2,37130.906,156
2,37136.507,156
2,37142.158,159
2,37151.673,159
2,37157.283,159
2,37163.978,159
2,37169.605,159
2,37175.382,159
2,37182.566,159
2,37190.215,159
2,37196.066,159
2,37202.220,159
2,37208.253,159
2,37214.260,159
2,37221.249,159
2,37227.481,159
2,37233.905,159
2,37240.501,159
2,37247.055,159
2,37254.423,159
2,37260.286,159
2,37267.288,159
2,37273.066,159
2,37278.985,159
2,37287.970,159
2,37293.748,159
2,37299.648,159
2,37305.291,159
2,37310.906,162
2,37317.850,162
2,37325.108,162
2,37331.312,162
2,37337.119,162
2,37343.423,162
2,37349.666,162
2,37356.770,162
2,37362.237,162
2,37368.862,162
2,37374.348,162
2,37381.323,162
2,37391.300,162
2,37397.028,162
2,37403.318,162
2,37409.001,162
2,37415.685,162
2,37422.935,162
2,37428.592,162
2,37434.722,162
2,37440.578,162
2,37446.472,162
2,37452.623,162
2,37459.669,162
2,37465.492,162
2,37471.070,162
2,37476.586,165
2,37483.290,165
2,37492.743,165
2,37498.709,165
2,37505.211,165
2,37512.084,165
2,37518.219,165
2,37525.418,165
2,37531.189,165
2,37536.719,165
2,37542.531,165
2,37548.816,165
2,37555.408,165
2,37562.979,165
2,37570.394,165
2,37576.254,165
2,37582.615,165
2,37588.453,165
2,37597.671,165
2,37603.811,165
2,37610.244,165
2,37616.625,165
2,37622.718,165
2,37630.067,165
2,37636.443,165
2,37642.159,169
2,37648.334,169
2,37653.904,169
2,37661.940,169
2,37668.147,169
2,37673.987,169
2,37680.797,169
2,37686.636,169
2,37695.786,169
2,37702.197,169
2,37707.806,169
2,37713.968,169
2,37719.659,169
2,37725.428,169
2,37733.568,169
2,37739.382,169
2,37745.045,169
2,37751.478,169
2,37757.660,169
2,37766.230,169
2,37772.187,169
2,37778.004,169
2,37785.753,169
2,37791.931,169
2,37801.208,169
2,37809.401,172
2,37816.138,172
2,37822.697,172
2,37831.841,172
2,37837.709,172
2,37843.477,172
2,37849.621,172
2,37856.038,172
2,37865.115,172
2,37871.379,172
2,37877.823,172
2,37883.883,172
2,37889.640,172
2,37896.623,172
2,37903.522,172
2,37909.372,172
2,37915.621,172
2,37921.375,172
2,37926.949,172
2,37936.062,172
2,37942.028,172
2,37948.108,172
2,37953.882,172
2,37959.710,172
2,37968.069,172
2,37973.679,175
2,37979.706,175
2,37985.571,175
2,37992.244,175
2,37999.916,175
2,38006.774,175
2,38013.840,175
2,38020.663,175
2,38026.639,175
2,38035.712,175
2,38041.461,175
2,38047.573,175
2,38054.269,175
2,38059.883,175
2,38066.065,175
2,38072.951,175
2,38078.483,175
2,38084.645,175
2,38091.526,175
2,38097.781,175
2,38104.475,175
2,38110.403,175
2,38116.618,175
2,38122.498,175
2,38128.284,175
2,38134.522,175
2,38141.568,175
2,38147.658,178
2,38153.424,178
2,38159.170,178
2,38165.318,178
2,38172.488,178
2,38178.012,178
2,38183.774,178
2,38189.617,178
2,38196.648,178
2,38205.156,178
2,38210.681,178
2,38216.626,178
2,38223.228,178
2,38229.268,178
2,38234.974,178
2,38243.484,178
2,38250.375,178
2,38256.373,178
2,38262.580,178
2,38268.467,178
2,38275.560,178
2,38281.650,178
2,38287.148,178
2,38295.253,178
2,38301.353,178
2,38310.005,178
2,38315.938,180
2,38321.660,180
2,38327.463,180
2,38333.590,180
2,38346.120,180
2,38352.387,180
2,38358.144,180
2,38364.163,180
2,38369.926,180
2,38377.630,180
2,38383.879,180
2,38389.546,180
2,38397.149,180
2,38403.254,180
2,38411.024,180
2,38417.182,180
2,38425.390,180
2,38431.576,180
2,38437.035,180
2,38444.576,180
2,38450.437,180
2,38456.140,180
2,38461.701,180
2,38467.711,180
3,38473.471,0
3,38481.132,0
3,38486.782,0
3,38492.323,0
3,38500.687,0
3,38506.527,0
3,38519.277,0
3,38526.781,0
3,38532.755,0
3,38538.882,0
3,38548.324,0
3,38553.962,0
3,38559.494,0
3,38565.546,0
3,38571.146,0
3,38579.655,0
3,38585.550,0
3,38591.371,0
3,38597.356,0
3,38606.371,0
3,38613.735,0
3,38619.889,0
3,38625.577,0
3,38631.738,0
3,38637.222,0
3,38642.630,0
3,38650.615,0
3,38656.028,0
3,38661.596,0
3,38667.611,0
3,38673.218,0
3,38682.100,0
3,38687.834,0
3,38693.247,0
3,38700.116,0
3,38705.725,0
3,38711.939,0
3,38719.376,0
3,38724.703,0
3,38730.486,0
3,38735.686,0
3,38740.995,0
3,38749.541,0
3,38755.142,0
3,38761.282,0
3,38767.818,0
3,38775.755,0
3,38783.670,0
3,38789.432,0
3,38794.865,0
3,38800.799,0
3,38806.328,0
3,38811.590,3
3,38819.534,3
3,38825.007,3
3,38830.627,3
3,38836.097,3
3,38841.621,3
3,38847.346,3
3,38854.180,3
3,38859.931,3
3,38865.921,3
3,38871.425,3
3,38876.834,3
3,38885.813,3
3,38891.345,3
3,38897.352,3
3,38902.457,3
3,38907.774,3
3,38914.024,3
3,38920.756,3
3,38926.306,3
3,38932.313,3
3,38937.991,3
3,38943.438,3
3,38949.703,3
3,38960.950,3
3,38967.884,3
3,38974.276,6
3,38980.575,6
3,38987.042,6
3,38992.764,6
3,39000.391,6
3,39006.934,6
3,39012.655,6
3,39018.810,6
3,39028.505,6
3,39035.523,6
3,39041.352,6
3,39049.071,6
3,39056.172,6
3,39062.741,6
3,39068.876,6
3,39074.571,6
3,39082.155,6
3,39091.185,6
3,39098.564,6
3,39104.508,6
3,39111.480,6
3,39117.868,6
3,39125.138,6
3,39132.158,6
3,39139.824,6
3,39146.383,10
3,39153.773,10
3,39160.598,10
3,39166.787,10
3,39173.113,10
3,39178.728,10
3,39185.162,10
3,39194.841,10
3,39202.327,10
3,39208.717,10
3,39215.161,10
3,39220.677,10
3,39228.452,10
3,39234.429,10
3,39239.952,10
3,39249.254,10
3,39256.646,10
3,39265.233,10
3,39271.992,10
3,39278.021,10
3,39283.524,10
3,39290.381,10
3,39297.579,10
3,39307.469,10
3,39315.909,13
3,39323.471,13
3,39331.249,13
3,39337.735,13
3,39343.435,13
3,39349.692,13
3,39355.370,13
3,39363.166,13
3,39369.112,13
3,39374.628,13
3,39380.644,13
3,39386.273,13
3,39395.223,13
3,39406.510,13
3,39413.852,13
3,39420.571,13
3,39426.436,13
3,39434.943,13
3,39441.012,13
3,39447.336,13
3,39452.830,13
3,39458.349,13
3,39464.991,13
3,39471.183,13
3,39476.756,16
3,39482.807,16
3,39488.187,16
3,39493.770,16
3,39501.969,16
3,39507.627,16
3,39518.483,16
3,39524.214,16
3,39531.389,16
3,39539.223,16
3,39546.525,16
3,39552.875,16
3,39558.623,16
3,39567.665,16
3,39574.523,16
3,39580.743,16
3,39586.547,16
3,39593.103,16
3,39601.692,16
3,39607.917,16
3,39614.487,16
3,39621.958,16
3,39627.723,16
3,39636.686,16
3,39643.069,19
3,39649.591,19
3,39656.954,19
3,39664.118,19
3,39673.233,19
3,39680.666,19
3,39687.550,19
3,39693.326,19
3,39703.498,19
3,39709.732,19
3,39716.715,19
3,39723.788,19
3,39732.897,19
3,39739.186,19
3,39746.287,19
3,39753.531,19
3,39759.918,19
3,39766.113,19
3,39773.441,19
3,39780.253,19
3,39786.665,19
3,39792.778,19
3,39800.332,19
3,39807.831,19
3,39814.254,22
3,39820.016,22
3,39826.121,22
3,39832.303,22
3,39840.880,22
3,39847.033,22
3,39853.284,22
3,39859.309,22
3,39865.387,22
3,39872.517,22
3,39878.655,22
3,39884.714,22
3,39890.266,22
3,39896.606,22
3,39905.287,22
3,39911.435,22
3,39917.650,22
3,39924.231,22
3,39930.603,22
3,39939.828,22
3,39945.759,22
3,39953.174,22
3,39959.321,22
3,39965.516,22
3,39974.658,22
3,39980.551,25
3,39986.652,25
3,39992.835,25
3,39999.508,25
3,40006.944,25
3,40012.617,25
3,40018.525,25
3,40024.002,25
3,40030.031,25
3,40035.935,25
3,40046.091,25
3,40052.154,25
3,40058.016,25
3,40064.433,25
3,40070.586,25
3,40078.321,25
3,40085.191,25
3,40091.048,25
3,40097.119,25
3,40102.600,25
3,40110.514,25
3,40116.431,25
3,40122.251,25
3,40127.824,25
3,40133.955,25
3,40139.681,28
3,40147.717,28
3,40153.331,28
3,40158.977,28
3,40164.905,28
3,40170.326,28
3,40178.041,28
3,40183.942,28
3,40191.539,28
3,40197.692,28
3,40203.766,28
3,40211.689,28
3,40217.673,28
3,40223.436,28
3,40230.739,28
3,40236.309,28
3,40243.829,28
3,40251.705,28
3,40257.339,28
3,40263.578,28
3,40269.114,28
3,40274.607,28
3,40281.419,28
3,40287.218,28
3,40293.085,28
3,40299.479,28
3,40304.975,28
3,40312.634,31
3,40318.315,31
3,40324.087,31
3,40329.931,31
3,40335.336,31
3,40343.316,31
3,40351.988,31
3,40357.798,31
3,40363.820,31
3,40369.411,31
3,40375.134,31
3,40383.434,31
3,40389.801,31
3,40395.505,31
3,40400.878,31
3,40406.667,31
3,40414.498,31
3,40420.609,31
3,40426.110,31
3,40432.308,31
3,40437.794,31
3,40443.453,31
3,40451.022,31
3,40456.630,31
3,40462.303,31
3,40468.719,31
3,40474.970,35
3,40481.261,35
3,40488.138,35
3,40493.560,35
3,40499.784,35
3,40505.503,35
3,40515.963,35
3,40522.160,35
3,40528.143,35
3,40535.035,35
3,40541.438,35
3,40547.457,35
3,40554.237,35
3,40560.486,35
3,40566.789,35
3,40572.871,35
3,40578.700,35
3,40587.380,35
3,40593.254,35
3,40599.333,35
3,40605.171,35
3,40613.261,35
3,40622.781,35
3,40629.355,35
3,40635.652,35
3,40642.411,38
3,40649.213,38
3,40657.711,38
3,40664.291,38
3,40671.464,38
3,40677.723,38
3,40685.127,38
3,40693.399,38
3,40702.895,38
3,40709.086,38
3,40715.219,38
3,40723.771,38
3,40729.656,38
3,40735.822,38
3,40741.449,38
3,40747.889,38
3,40758.367,38
3,40765.067,38
3,40772.281,38
3,40778.217,38
3,40785.013,38
3,40793.787,38
3,40803.437,38
3,40810.126,41
3,40816.420,41
3,40824.153,41
3,40830.323,41
3,40837.347,41
3,40843.804,41
3,40850.062,41
3,40860.408,41
3,40867.348,41
3,40875.335,41
3,40882.396,41
3,40891.998,41
3,40897.914,41
3,40904.114,41
3,40910.110,41
3,40916.519,41
3,40926.783,41
3,40935.999,41
3,40941.825,41
3,40947.911,41
3,40953.682,41
3,40961.413,41
3,40967.706,41
3,40973.499,44
3,40979.753,44
3,40986.365,44
3,40993.575,44
3,40999.728,44
3,41006.375,44
3,41012.037,44
3,41018.138,44
3,41025.043,44
3,41033.073,44
3,41042.984,44
3,41050.382,44
3,41056.255,44
3,41064.013,44
3,41069.619,44
3,41075.375,44
3,41081.232,44
3,41087.311,44
3,41095.818,44
3,41105.681,44
3,41111.528,44
3,41117.916,44
3,41124.830,44
3,41133.232,44
3,41139.667,47
3,41145.423,47
3,41151.493,47
3,41158.001,47
3,41165.627,47
3,41171.486,47
3,41177.071,47
3,41182.930,47
3,41188.218,47
3,41194.012,47
3,41201.907,47
3,41207.649,47
3,41213.722,47
3,41219.375,47
3,41225.153,47
3,41235.728,47
3,41242.409,47
3,41248.687,47
3,41254.092,47
3,41259.582,47
3,41267.429,47
3,41275.027,47
3,41280.816,47
3,41286.762,47
3,41292.359,47
3,41300.776,47
3,41307.057,50
3,41313.041,50
3,41319.897,50
3,41326.413,50
3,41335.805,50
3,41341.829,50
3,41348.854,50
3,41354.742,50
3,41360.446,50
3,41369.587,50
3,41375.624,50
3,41384.332,50
3,41390.496,50
3,41397.859,50
3,41405.824,50
3,41411.729,50
3,41417.973,50
3,41423.680,50
3,41430.727,50
3,41440.312,50
3,41446.888,50
3,41452.896,50
3,41458.560,50
3,41464.854,50
3,41472.664,50
3,41478.600,53
3,41484.987,53
3,41490.803,53
3,41497.169,53
3,41504.492,53
3,41510.375,53
3,41516.500,53
3,41522.598,53
3,41528.213,53
3,41538.425,53
3,41544.678,53
3,41550.733,53
3,41556.814,53
3,41563.349,53
3,41571.846,53
3,41577.578,53
3,41584.092,53
3,41590.477,53
3,41596.570,53
3,41606.860,53
3,41612.369,53
3,41619.073,53
3,41625.010,53
3,41633.163,53
3,41640.424,53
3,41646.324,56
3,41651.822,56
3,41657.293,56
3,41663.371,56
3,41669.075,56
3,41676.878,56
3,41682.720,56
3,41688.206,56
3,41693.726,56
3,41700.080,56
3,41707.221,56
3,41713.665,56
3,41719.610,56
3,41729.257,56
3,41735.669,56
3,41743.706,56
3,41751.095,56
3,41761.944,56
3,41769.381,56
3,41777.108,56
3,41783.150,56
3,41792.080,56
3,41798.032,56
3,41803.411,56
3,41810.436,59
3,41817.771,59
3,41823.293,59
3,41830.130,59
3,41835.890,59
3,41843.896,59
3,41849.893,59
3,41856.053,59
3,41861.779,59
3,41867.809,59
3,41873.185,59
3,41882.258,59
3,41888.987,59
3,41894.484,59
3,41900.287,59
3,41906.079,59
3,41914.665,59
3,41920.099,59
3,41925.317,59
3,41932.053,59
3,41937.675,59
3,41945.705,59
3,41952.455,59
3,41958.440,59
3,41964.263,59
3,41969.342,59
3,41974.745,63
3,41983.005,63
3,41988.824,63
3,41994.897,63
3,42001.122,63
3,42006.790,63
3,42014.673,63
3,42020.451,63
3,42026.418,63
3,42032.579,63
3,42039.953,63
3,42051.667,63
3,42058.477,63
3,42064.667,63
3,42070.382,63
3,42076.407,63
3,42084.383,63
3,42090.080,63
3,42096.750,63
3,42102.339,63
3,42110.005,63
3,42118.980,63
3,42126.157,63
3,42133.307,63
3,42139.189,63
3,42144.826,66
3,42154.317,66
3,42160.141,66
3,42166.259,66
3,42175.245,66
3,42184.746,66
3,42192.189,66
3,42198.654,66
3,42205.055,66
3,42210.772,66
3,42219.692,66
3,42225.462,66
3,42231.394,66
3,42236.896,66
3,42242.326,66
3,42251.522,66
3,42257.528,66
3,42263.700,66
3,42270.083,66
3,42275.593,66
3,42281.782,66
3,42288.751,66
3,42294.326,66
3,42300.299,66
3,42305.780,69
3,42311.590,69
3,42320.113,69
3,42325.547,69
3,42331.342,69
3,42336.787,69
3,42342.246,69
3,42348.478,69
3,42356.679,69
3,42363.723,69
3,42369.376,69
3,42377.611,69
3,42383.632,69
3,42391.882,69
3,42397.728,69
3,42403.182,69
3,42408.413,69
3,42414.588,69
3,42422.237,69
3,42427.829,69
3,42433.974,69
3,42441.388,69
3,42447.084,69
3,42457.228,69
3,42462.846,69
3,42468.818,69
3,42474.212,72
3,42480.700,72
3,42486.532,72
3,42495.757,72
3,42501.876,72
3,42507.362,72
3,42513.443,72
3,42518.835,72
3,42526.191,72
3,42531.917,72
3,42537.373,72
3,42542.758,72
3,42549.195,72
3,42557.490,72
3,42563.119,72
3,42569.059,72
3,42574.502,72
3,42581.421,72
3,42587.212,72
3,42594.188,72
3,42599.814,72
3,42605.487,72
3,42611.222,72
3,42617.403,72
3,42626.511,72
3,42636.203,72
3,42641.503,75
3,42647.560,75
3,42653.269,75
3,42660.533,75
3,42667.676,75
3,42673.563,75
3,42679.717,75
3,42685.459,75
3,42694.163,75
3,42700.393,75
3,42706.474,75
3,42712.599,75
3,42717.992,75
3,42724.218,75
3,42731.909,75
3,42737.301,75
3,42742.523,75
3,42748.526,75
3,42754.051,75
3,42761.692,75
3,42767.740,75
3,42773.390,75
3,42778.981,75
3,42785.033,75
3,42790.989,75
3,42798.679,75
3,42804.350,75
3,42809.856,78
3,42816.183,78
3,42822.487,78
3,42831.973,78
3,42838.036,78
3,42843.796,78
3,42849.949,78
3,42856.516,78
3,42863.617,78
3,42870.010,78
3,42876.815,78
3,42883.189,78
3,42889.666,78
3,42898.347,78
3,42904.807,78
3,42910.897,78
3,42918.345,78
3,42924.596,78
3,42933.767,78
3,42939.524,78
3,42946.011,78
3,42952.813,78
3,42959.316,78
3,42967.370,78
3,42974.767,81
3,42982.006,81
3,42987.953,81
3,42994.797,81
3,43005.847,81
3,43011.761,81
3,43022.899,81
3,43030.127,81
3,43040.690,81
3,43048.690,81
3,43054.732,81
3,43060.599,81
3,43070.027,81
3,43075.801,81
3,43081.885,81
3,43087.597,81
3,43093.371,81
3,43102.829,81
3,43108.618,81
3,43115.074,81
3,43120.749,81
3,43126.859,81
3,43135.954,81
3,43141.524,84
3,43147.681,84
3,43153.194,84
3,43158.635,84
3,43164.847,84
3,43173.008,84
3,43179.213,84
3,43185.992,84
3,43192.035,84
3,43198.169,84
3,43205.707,84
3,43212.223,84
3,43218.948,84
3,43224.362,84
3,43230.829,84
3,43238.906,84
3,43244.901,84
3,43250.960,84
3,43257.479,84
3,43264.236,84
3,43272.098,84
3,43279.038,84
3,43287.077,84
3,43293.559,84
3,43301.872,84
3,43310.172,84
3,43316.843,87
3,43323.406,87
3,43329.616,87
3,43335.640,87
3,43342.693,87
3,43348.771,87
3,43354.709,87
3,43360.487,87
3,43366.416,87
3,43373.097,87
3,43378.485,87
3,43384.691,87
3,43390.134,87
3,43395.792,87
3,43401.075,87
3,43407.939,87
3,43414.307,87
3,43420.062,87
3,43425.612,87
3,43431.321,87
3,43436.720,87
3,43443.845,87
3,43450.120,87
3,43456.683,87
3,43462.164,87
3,43468.189,87
3,43476.973,91
3,43483.123,91
3,43488.669,91
3,43494.343,91
3,43500.382,91
3,43508.487,91
3,43513.757,91
3,43519.857,91
3,43526.304,91
3,43532.565,91
3,43538.770,91
3,43546.845,91
3,43552.871,91
3,43558.139,91
3,43564.198,91
3,43569.543,91
3,43577.319,91
3,43584.142,91
3,43589.847,91
3,43596.007,91
3,43601.048,91
3,43606.640,91
3,43613.943,91
3,43620.395,91
3,43626.106,91
3,43632.983,91
3,43639.502,91
3,43648.241,94
3,43655.075,94
3,43661.682,94
3,43668.605,94
3,43675.331,94
3,43682.634,94
3,43689.762,94
3,43695.561,94
3,43701.935,94
3,43708.380,94
3,43717.217,94
3,43723.837,94
3,43731.186,94
3,43736.819,94
3,43743.019,94
3,43753.042,94
3,43759.792,94
3,43766.755,94
3,43773.213,94
3,43782.570,94
3,43791.654,94
3,43799.597,94
3,43806.287,94
3,43817.225,97
3,43823.813,97
3,43830.275,97
3,43836.823,97
3,43843.076,97
3,43853.059,97
3,43860.012,97
3,43866.300,97
3,43872.518,97
3,43878.822,97
3,43888.041,97
3,43894.986,97
3,43900.850,97
3,43906.636,97
3,43912.519,97
3,43921.140,97
3,43926.757,97
3,43932.927,97
3,43939.721,97
3,43945.958,97
3,43958.143,97
3,43964.963,97
3,43970.931,97
3,43977.250,100
3,43987.208,100
3,43995.916,100
3,44002.359,100
3,44009.154,100
3,44015.749,100
3,44023.229,100
3,44029.441,100
3,44036.654,100
3,44042.419,100
3,44049.383,100
3,44057.919,100
3,44064.458,100
3,44071.862,100
3,44078.414,100
3,44089.425,100
3,44095.860,100
3,44102.844,100
3,44108.716,100
3,44115.018,100
3,44123.011,100
3,44128.841,100
3,44134.948,100
3,44140.949,103
3,44147.128,103
3,44157.151,103
3,44164.512,103
3,44170.917,103
3,44177.407,103
3,44183.781,103
3,44191.461,103
3,44197.052,103
3,44202.651,103
3,44207.904,103
3,44214.120,103
3,44224.258,103
3,44229.774,103
3,44235.681,103
3,44241.398,103
3,44248.595,103
3,44254.491,103
3,44262.217,103
3,44267.802,103
3,44273.451,103
3,44278.906,103
3,44285.158,103
3,44292.615,103
3,44298.055,103
3,44303.525,103
3,44308.727,106
3,44314.795,106
3,44319.981,106
3,44327.931,106
3,44333.928,106
3,44339.431,106
3,44344.955,106
3,44350.999,106
3,44356.802,106
3,44365.771,106
3,44371.911,106
3,44377.667,106
3,44383.574,106
3,44389.687,106
3,44397.787,106
3,44403.136,106
3,44408.541,106
3,44414.506,106
3,44420.008,106
3,44427.692,106
3,44433.857,106
3,44439.586,106
3,44445.384,106
3,44451.740,106
3,44457.761,106
3,44465.633,106
3,44471.736,106
3,44477.483,109
3,44483.628,109
3,44489.974,109
3,44497.704,109
3,44503.320,109
3,44510.683,109
3,44516.858,109
3,44522.859,109
3,44530.374,109
3,44536.385,109
3,44541.820,109
3,44547.516,109
3,44553.458,109
3,44559.991,109
3,44568.129,109
3,44573.957,109
3,44580.041,109
3,44585.859,109
3,44591.702,109
3,44600.038,109
3,44606.242,109
3,44612.116,109
3,44618.146,109
3,44623.851,109
3,44632.102,109
3,44638.530,109
3,44644.338,112
3,44650.858,112
3,44656.604,112
3,44663.562,112
3,44671.034,112
3,44676.706,112
3,44682.843,112
3,44688.716,112
3,44694.359,112
3,44703.335,112
3,44709.156,112
3,44715.482,112
3,44721.936,112
3,44727.839,112
3,44736.862,112
3,44744.315,112
3,44750.503,112
3,44757.247,112
3,44763.037,112
3,44771.676,112
3,44777.683,112
3,44784.428,112
3,44790.166,112
3,44795.870,112
3,44804.630,112
3,44810.911,116
3,44817.202,116
3,44823.569,116
3,44829.280,116
3,44837.760,116
3,44843.525,116
3,44849.629,116
3,44855.353,116
3,44861.347,116
3,44870.281,116
3,44876.871,116
3,44883.311,116
3,44890.058,116
3,44895.840,116
3,44904.299,116
3,44910.066,116
3,44916.151,116
3,44922.426,116
3,44928.270,116
3,44934.327,116
3,44941.846,116
3,44947.713,116
3,44953.144,116
3,44959.285,116
3,44965.579,116
3,44972.545,116
3,44978.633,119
3,44984.677,119
3,44990.458,119
3,44997.570,119
3,45005.390,119
3,45011.292,119
3,45017.415,119
3,45023.753,119
3,45029.137,119
3,45035.395,119
3,45043.393,119
3,45049.458,119
3,45055.265,119
3,45060.964,119
3,45067.258,119
3,45074.200,119
3,45080.107,119
3,45086.631,119
3,45092.302,119
3,45098.696,119
3,45108.645,119
3,45114.755,119
3,45120.929,119
3,45126.601,119
3,45132.697,119
3,45141.275,119
3,45147.023,122
3,45153.322,122
3,45159.137,122
3,45165.893,122
3,45171.573,122
3,45178.766,122
3,45184.713,122
3,45190.304,122
3,45196.286,122
3,45202.552,122
3,45211.307,122
3,45217.432,122
3,45223.619,122
3,45229.754,122
3,45235.764,122
3,45244.191,122
3,45250.507,122
3,45256.240,122
3,45261.865,122
3,45267.929,122
3,45273.704,122
3,45280.698,122
3,45287.806,122
3,45293.471,122
3,45299.485,122
3,45305.152,122
3,45313.058,125
3,45320.497,125
3,45326.431,125
3,45332.373,125
3,45337.895,125
3,45346.525,125
3,45352.972,125
3,45359.492,125
3,45366.155,125
3,45372.793,125
3,45381.456,125
3,45387.593,125
3,45393.771,125
3,45400.725,125
3,45407.566,125
3,45415.050,125
3,45421.086,125
3,45426.611,125
3,45432.588,125
3,45438.292,125
3,45443.974,125
3,45450.999,125
3,45456.551,125
3,45462.314,125
3,45468.496,125
3,45474.431,128
3,45482.562,128
3,45488.375,128
3,45493.978,128
3,45500.176,128
3,45506.344,128
3,45516.460,128
3,45522.546,128
3,45528.221,128
3,45534.309,128
3,45540.103,128
3,45549.445,128
3,45555.209,128
3,45561.023,128
3,45567.576,128
3,45573.356,128
3,45580.292,128
3,45587.098,128
3,45592.725,128
3,45598.744,128
3,45603.992,128
3,45609.501,128
3,45617.920,128
3,45624.179,128
3,45630.391,128
3,45636.018,128
3,45641.481,131
3,45647.831,131
3,45654.760,131
3,45660.571,131
3,45666.638,131
3,45672.242,131
3,45678.011,131
3,45686.559,131
3,45693.712,131
3,45700.054,131
3,45706.154,131
3,45712.896,131
3,45721.430,131
3,45727.461,131
3,45733.662,131
3,45739.645,131
3,45745.478,131
3,45754.121,131
3,45759.726,131
3,45765.681,131
3,45771.052,131
3,45776.911,131
3,45783.054,131
3,45790.190,131
3,45796.018,131
3,45802.216,131
3,45808.053,134
3,45814.245,134
3,45822.085,134
3,45827.999,134
3,45834.393,134
3,45840.439,134
3,45847.520,134
3,45855.433,134
3,45861.174,134
3,45867.145,134
3,45873.925,134
3,45880.645,134
3,45890.304,134
3,45896.341,134
3,45903.162,134
3,45908.911,134
3,45915.741,134
3,45923.843,134
3,45929.485,134
3,45935.825,134
3,45941.306,134
3,45947.761,134
3,45953.613,134
3,45961.058,134
3,45967.191,134
3,45973.204,137
3,45979.166,137
3,45985.630,137
3,45994.007,137
3,45999.976,137
3,46005.496,137
3,46011.378,137
3,46018.733,137
3,46027.291,137
3,46034.391,137
3,46041.149,137
3,46047.052,137
3,46053.076,137
3,46060.804,137
3,46066.872,137
3,46073.258,137
3,46079.946,137
3,46085.804,137
3,46093.374,137
3,46099.576,137
3,46105.283,137
3,46111.627,137
3,46118.160,137
3,46127.180,137
3,46133.602,137
3,46139.506,140
3,46145.305,140
3,46151.326,140
3,46158.928,140
3,46165.830,140
3,46172.141,140
3,46178.814,140
3,46185.144,140
3,46191.493,140
3,46200.068,140
3,46206.911,140
3,46213.882,140
3,46220.082,140
3,46229.623,140
3,46236.504,140
3,46244.003,140
3,46250.516,140
3,46257.175,140
3,46266.184,140
3,46272.363,140
3,46278.105,140
3,46284.468,140
3,46290.607,140
3,46299.719,140
3,46305.777,140
3,46311.516,144
3,46317.663,144
3,46324.319,144
3,46333.543,144
3,46340.032,144
3,46346.685,144
3,46352.628,144
3,46358.323,144
3,46368.208,144
3,46376.255,144
3,46382.306,144
3,46387.914,144
3,46393.558,144
3,46402.215,144
3,46408.226,144
3,46414.431,144
3,46420.238,144
3,46425.924,144
3,46434.649,144
3,46440.341,144
3,46446.236,144
3,46452.265,144
3,46458.120,144
3,46464.339,144
3,46470.936,144
3,46476.476,147
3,46482.699,147
3,46489.337,147
3,46496.093,147
3,46503.189,147
3,46508.638,147
3,46514.747,147
3,46520.195,147
3,46525.875,147
3,46532.077,147
3,46538.796,147
3,46544.455,147
3,46550.444,147
3,46556.106,147
3,46562.520,147
3,46570.959,147
3,46577.211,147
3,46583.206,147
3,46589.106,147
3,46594.512,147
3,46604.419,147
3,46610.225,147
3,46616.569,147
3,46622.295,147
3,46629.050,147
3,46637.432,147
3,46643.203,150
3,46649.239,150
3,46654.994,150
3,46661.245,150
3,46668.744,150
3,46677.253,150
3,46683.522,150
3,46690.955,150
3,46697.925,150
3,46705.691,150
3,46711.797,150
3,46718.085,150
3,46723.932,150
3,46732.635,150
3,46740.579,150
3,46746.656,150
3,46753.363,150
3,46759.316,150
3,46765.892,150
3,46775.362,150
3,46781.765,150
3,46788.092,150
3,46794.308,150
3,46800.764,150
3,46808.226,150
3,46814.232,153
3,46822.030,153
3,46828.081,153
3,46835.298,153
3,46844.093,153
3,46850.903,153
3,46857.134,153
3,46863.717,153
3,46870.541,153
3,46879.876,153
3,46886.351,153
3,46893.680,153
3,46901.375,153
3,46910.663,153
3,46917.066,153
3,46923.320,153
3,46930.945,153
3,46937.793,153
3,46946.649,153
3,46954.531,153
3,46960.612,153
3,46967.358,153
3,46974.989,156
3,46984.052,156
3,46991.745,156
3,46998.218,156
3,47004.266,156
3,47012.824,156
3,47019.446,156
3,47025.504,156
3,47033.545,156
3,47040.232,156
3,47047.941,156
3,47055.773,156
3,47061.916,156
3,47068.348,156
3,47075.310,156
3,47085.101,156
3,47092.770,156
3,47100.101,156
3,47107.975,156
3,47116.847,156
3,47124.735,156
3,47132.141,156
3,47139.600,156
3,47149.461,159
3,47157.144,159
3,47164.934,159
3,47171.591,159
3,47177.981,159
3,47186.895,159
3,47193.958,159
3,47200.261,159
3,47206.756,159
3,47215.989,159
3,47222.647,159
3,47229.619,159
3,47236.581,159
3,47242.508,159
3,47250.694,159
3,47256.786,159
3,47262.744,159
3,47269.926,159
3,47276.428,159
3,47286.478,159
3,47292.974,159
3,47299.636,159
3,47305.979,159
3,47311.842,162
3,47321.177,162
3,47327.124,162
3,47334.200,162
3,47340.475,162
3,47347.817,162
3,47356.695,162
3,47362.946,162
3,47369.233,162
3,47374.844,162
3,47381.099,162
3,47389.686,162
3,47397.560,162
3,47403.873,162
3,47409.723,162
3,47416.224,162
3,47423.887,162
3,47429.512,162
3,47435.949,162
3,47442.287,162
3,47448.505,162
3,47456.371,162
3,47462.411,162
3,47468.593,162
3,47474.535,165
3,47481.656,165
3,47488.477,165
3,47496.463,165
3,47502.990,165
3,47508.931,165
3,47515.395,165
3,47522.749,165
3,47530.213,165
3,47536.584,165
3,47543.139,165
3,47549.664,165
3,47557.243,165
3,47564.041,165
3,47570.224,165
3,47576.421,165
3,47582.093,165
3,47590.916,165
3,47598.358,165
3,47604.498,165
3,47610.832,165
3,47617.499,165
3,47625.078,165
3,47632.737,165
3,47638.976,165
3,47645.599,169
3,47652.286,169
3,47659.751,169
3,47666.025,169
3,47673.048,169
3,47680.400,169
3,47686.969,169
3,47694.939,169
3,47701.305,169
3,47707.407,169
3,47714.209,169
3,47721.516,169
3,47729.803,169
3,47736.206,169
3,47741.842,169
3,47748.052,169
3,47754.130,169
3,47762.227,169
3,47768.433,169
3,47774.090,169
3,47780.037,169
3,47786.471,169
3,47795.043,169
3,47801.481,169
3,47807.342,172
3,47813.715,172
3,47819.767,172
3,47828.432,172
3,47834.292,172
3,47840.539,172
3,47847.419,172
3,47853.406,172
3,47862.193,172
3,47868.368,172
3,47874.255,172
3,47881.541,172
3,47887.270,172
3,47895.185,172
3,47901.254,172
3,47906.921,172
3,47913.403,172
3,47919.228,172
3,47924.986,172
3,47934.050,172
3,47939.747,172
3,47945.610,172
3,47951.739,172
3,47957.440,172
3,47965.713,172
3,47971.690,172
3,47978.241,175
3,47984.021,175
3,47990.136,175
3,47997.371,175
3,48003.511,175
3,48009.327,175
3,48016.950,175
3,48023.337,175
3,48033.396,175
3,48039.813,175
3,48046.745,175
3,48053.047,175
3,48059.199,175
3,48067.894,175
3,48074.611,175
3,48080.714,175
3,48088.142,175
3,48093.955,175
3,48103.690,175
3,48109.751,175
3,48118.221,175
3,48123.970,175
3,48130.656,175
3,48138.330,175
3,48144.289,178
3,48151.369,178
3,48157.591,178
3,48167.867,178
3,48174.014,178
3,48180.745,178
3,48186.739,178
3,48192.325,178
3,48201.912,178
3,48208.293,178
3,48214.718,178
3,48221.229,178
3,48227.000,178
3,48236.741,178
3,48242.616,178
3,48248.727,178
3,48254.126,178
3,48260.781,178
3,48270.014,178
3,48277.011,178
3,48283.238,178
3,48289.235,178
3,48294.939,178
3,48304.605,178
3,48310.224,180
3,48316.535,180
3,48322.724,180
3,48328.328,180
3,48335.099,180
3,48342.558,180
3,48349.326,180
3,48355.621,180
3,48361.296,180
3,48367.801,180
3,48375.869,180
3,48381.763,180
3,48387.227,180
3,48393.100,180
3,48400.564,180
3,48407.712,180
3,48413.782,180
3,48420.113,180
3,48425.990,180
3,48433.990,180
3,48440.401,180
3,48447.256,180
3,48455.266,180
3,48461.198,180
3,48467.665,180
3,48476.185,180
4,48482.314,0
4,48490.007,0
4,48495.926,0
4,48502.303,0
4,48510.025,0
4,48515.714,0
4,48523.569,0
4,48530.425,0
4,48536.718,0
4,48543.983,0
4,48549.920,0
4,48556.548,0
4,48562.383,0
4,48568.698,0
4,48576.842,0
4,48583.428,0
4,48589.715,0
4,48595.764,0
4,48602.297,0
4,48611.246,0
4,48617.908,0
4,48623.816,0
4,48629.746,0
4,48636.187,0
4,48645.174,0
4,48651.741,0
4,48657.750,0
4,48663.639,0
4,48669.986,0
4,48678.048,0
4,48685.037,0
4,48691.594,0
4,48698.573,0
4,48705.229,0
4,48712.528,0
4,48720.150,0
4,48726.519,0
4,48733.017,0
4,48739.111,0
4,48746.982,0
4,48753.688,0
4,48760.562,0
4,48766.981,0
4,48773.934,0
4,48780.738,0
4,48787.853,0
4,48793.636,0
4,48801.468,0
4,48807.711,3
4,48817.222,3
4,48823.656,3
4,48831.238,3
4,48837.421,3
4,48844.792,3
4,48852.049,3
4,48857.957,3
4,48863.878,3
4,48870.220,3
4,48875.964,3
4,48885.090,3
4,48890.876,3
4,48896.847,3
4,48903.181,3
4,48909.505,3
4,48917.248,3
4,48923.825,3
4,48930.334,3
4,48936.811,3
4,48943.695,3
4,48952.330,3
4,48958.628,3
4,48964.397,3
4,48970.963,3
4,48977.596,6
4,48986.497,6
4,48993.380,6
4,49000.380,6
4,49006.521,6
4,49012.249,6
4,49021.366,6
4,49028.278,6
4,49034.739,6
4,49040.647,6
4,49046.417,6
4,49057.013,6
4,49063.679,6
4,49070.153,6
4,49075.785,6
4,49082.312,6
4,49090.183,6
4,49095.980,6
4,49102.391,6
4,49107.916,6
4,49113.530,6
4,49124.687,6
4,49130.727,6
4,49137.057,6
4,49143.912,10
4,49150.210,10
4,49159.025,10
4,49165.040,10
4,49171.197,10
4,49176.800,10
4,49183.031,10
4,49190.113,10
4,49195.654,10
4,49201.903,10
4,49208.510,10
4,49214.116,10
4,49222.937,10
4,49230.149,10
4,49236.755,10
4,49242.759,10
4,49249.134,10
4,49256.478,10
4,49263.281,10
4,49269.758,10
4,49276.329,10
4,49282.287,10
4,49291.050,10
4,49298.327,10
4,49304.299,10
4,49309.879,13
4,49316.921,13
4,49324.150,13
4,49330.196,13
4,49336.529,13
4,49344.614,13
4,49351.077,13
4,49358.572,13
4,49366.211,13
4,49372.856,13
4,49378.700,13
4,49385.210,13
4,49393.890,13
4,49400.689,13
4,49407.012,13
4,49413.156,13
4,49419.841,13
4,49427.481,13
4,49433.837,13
4,49440.451,13
4,49446.685,13
4,49453.393,13
4,49462.218,13
4,49468.823,13
4,49474.877,16
4,49481.217,16
4,49487.570,16
4,49496.065,16
4,49502.541,16
4,49509.304,16
4,49515.795,16
4,49522.229,16
4,49530.346,16
4,49537.395,16
4,49543.353,16
4,49549.627,16
4,49556.210,16
4,49564.103,16
4,49570.409,16
4,49576.333,16
4,49582.433,16
4,49588.371,16
4,49596.395,16
4,49602.774,16
4,49608.431,16
4,49614.609,16
4,49620.821,16
4,49630.083,16
4,49636.489,16
4,49642.054,19
4,49649.107,19
4,49655.054,19
4,49661.000,19
4,49669.303,19
4,49675.057,19
4,49681.073,19
4,49686.560,19
4,49693.421,19
4,49700.861,19
4,49707.091,19
4,49715.202,19
4,49720.775,19
4,49726.494,19
4,49734.459,19
4,49740.661,19
4,49747.050,19
4,49752.909,19
4,49758.653,19
4,49766.546,19
4,49772.655,19
4,49779.730,19
4,49786.318,19
4,49792.982,19
4,49801.034,19
4,49807.026,22
4,49812.781,22
4,49819.129,22
4,49824.827,22
4,49834.158,22
4,49840.004,22
4,49845.614,22
4,49851.679,22
4,49857.226,22
4,49862.971,22
4,49870.161,22
4,49876.142,22
4,49882.247,22
4,49891.529,22
4,49899.168,22
4,49905.448,22
4,49910.822,22
4,49916.679,22
4,49923.070,22
4,49929.717,22
4,49936.962,22
4,49943.913,22
4,49950.111,22
4,49957.458,22
4,49964.772,22
4,49971.945,22
4,49978.168,25
4,49984.488,25
4,49990.242,25
4,49997.422,25
4,50006.646,25
4,50012.442,25
4,50018.935,25
4,50025.447,25
4,50031.615,25
4,50038.800,25
4,50044.686,25
4,50050.782,25
4,50056.387,25
4,50061.982,25
4,50068.278,25
4,50075.426,25
4,50082.617,25
4,50088.482,25
4,50094.728,25
4,50101.042,25
4,50108.177,25
4,50114.958,25
4,50121.328,25
4,50127.367,25
4,50133.191,25
4,50140.248,25
4,50148.135,28
4,50153.515,28
4,50159.260,28
4,50165.429,28
4,50173.410,28
4,50179.452,28
4,50185.442,28
4,50190.905,28
4,50197.929,28
4,50203.442,28
4,50210.596,28
4,50217.594,28
4,50223.270,28
4,50230.149,28
4,50236.018,28
4,50244.208,28
4,50251.777,28
4,50257.724,28
4,50263.988,28
4,50270.378,28
4,50277.257,28
4,50284.706,28
4,50290.311,28
4,50296.517,28
4,50302.152,28
4,50309.604,28
4,50317.010,31
4,50323.422,31
4,50330.381,31
4,50336.890,31
4,50343.804,31
4,50349.750,31
4,50355.385,31
4,50360.784,31
4,50366.702,31
4,50372.878,31
4,50380.568,31
4,50386.586,31
4,50392.239,31
4,50398.375,31
4,50403.415,31
4,50412.282,31
4,50418.250,31
4,50424.034,31
4,50430.063,31
4,50435.550,31
4,50441.187,31
4,50449.362,31
4,50455.028,31
4,50460.428,31
4,50467.550,31
4,50473.293,35
4,50481.222,35
4,50486.719,35
4,50493.871,35
4,50499.963,35
4,50507.464,35
4,50515.767,35
4,50521.341,35
4,50526.979,35
4,50532.939,35
4,50541.046,35
4,50550.542,35
4,50557.397,35
4,50563.542,35
4,50569.827,35
4,50575.540,35
4,50583.314,35
4,50589.436,35
4,50595.532,35
4,50601.130,35
4,50607.924,35
4,50615.329,35
4,50620.967,35
4,50626.891,35
4,50632.605,35
4,50637.738,35
4,50644.110,38
4,50652.112,38
4,50657.799,38
4,50663.938,38
4,50669.530,38
4,50675.424,38
4,50684.199,38
4,50690.037,38
4,50696.913,38
4,50702.646,38
4,50708.183,38
4,50714.199,38
4,50720.892,38
4,50727.603,38
4,50733.618,38
4,50739.628,38
4,50746.435,38
4,50753.298,38
4,50759.409,38
4,50765.444,38
4,50771.262,38
4,50776.840,38
4,50786.265,38
4,50793.416,38
4,50799.395,38
4,50804.965,38
4,50810.480,41
4,50820.066,41
4,50826.672,41
4,50832.692,41
4,50838.297,41
4,50843.862,41
4,50852.924,41
4,50859.119,41
4,50865.168,41
4,50870.713,41
4,50876.968,41
4,50884.591,41
4,50891.736,41
4,50898.992,41
4,50904.423,41
4,50910.129,41
4,50916.085,41
4,50923.232,41
4,50928.808,41
4,50934.859,41
4,50940.460,41
4,50947.375,41
4,50955.700,41
4,50962.361,41
4,50968.427,41
4,50974.234,44
4,50980.481,44
4,50986.141,44
4,50993.409,44
4,50999.282,44
4,51004.769,44
4,51010.130,44
4,51017.398,44
4,51023.791,44
4,51029.909,44
4,51035.734,44
4,51041.481,44
4,51048.162,44
4,51058.288,44
4,51065.497,44
4,51071.579,44
4,51077.258,44
4,51083.399,44
4,51091.614,44
4,51098.718,44
4,51104.648,44
4,51110.471,44
4,51116.780,44
4,51126.696,44
4,51133.849,44
4,51139.669,47
4,51146.662,47
4,51152.747,47
4,51161.358,47
4,51167.686,47
4,51173.458,47
4,51179.709,47
4,51186.397,47
4,51194.808,47
4,51200.944,47
4,51206.754,47
4,51213.569,47
4,51219.245,47
4,51227.186,47
4,51233.274,47
4,51239.409,47
4,51245.078,47
4,51250.952,47
4,51256.714,47
4,51264.400,47
4,51270.292,47
4,51276.662,47
4,51282.868,47
4,51288.495,47
4,51297.406,47
4,51303.272,47
4,51310.203,50
4,51315.983,50
4,51321.350,50
4,51331.157,50
4,51337.218,50
4,51344.303,50
4,51350.417,50
4,51356.579,50
4,51364.874,50
4,51370.491,50
4,51375.912,50
4,51381.733,50
4,51386.879,50
4,51393.061,50
4,51400.844,50
4,51406.530,50
4,51413.449,50
4,51419.435,50
4,51424.671,50
4,51433.092,50
4,51439.173,50
4,51445.474,50
4,51452.471,50
4,51458.288,50
4,51466.062,50
4,51472.906,50
4,51478.648,53
4,51484.612,53
4,51491.601,53
4,51504.097,53
4,51509.987,53
4,51516.096,53
4,51521.811,53
4,51527.746,53
4,51536.453,53
4,51542.597,53
4,51549.086,53
4,51554.848,53
4,51560.944,53
4,51571.020,53
4,51577.480,53
4,51583.832,53
4,51589.666,53
4,51595.282,53
4,51603.723,53
4,51609.317,53
4,51615.540,53
4,51621.687,53
4,51627.147,53
4,51636.041,53
4,51642.720,56
4,51648.931,56
4,51654.508,56
4,51661.210,56
4,51667.309,56
4,51674.552,56
4,51681.276,56
4,51687.293,56
4,51693.965,56
4,51700.467,56
4,51707.833,56
4,51713.358,56
4,51719.901,56
4,51725.916,56
4,51732.479,56
4,51739.864,56
4,51746.234,56
4,51753.618,56
4,51761.719,56
4,51768.076,56
4,51775.469,56
4,51781.205,56
4,51787.545,56
4,51794.128,56
4,51800.564,56
4,51809.023,56
4,51814.994,59
4,51820.589,59
4,51826.330,59
4,51832.848,59
4,51841.420,59
4,51847.072,59
4,51853.315,59
4,51859.405,59
4,51865.270,59
4,51874.304,59
4,51880.408,59
4,51886.685,59
4,51893.707,59
4,51901.308,59
4,51908.733,59
4,51914.334,59
4,51920.296,59
4,51925.667,59
4,51932.358,59
4,51940.620,59
4,51946.316,59
4,51952.434,59
4,51957.858,59
4,51963.517,59
4,51969.777,59
4,51977.271,59
4,51983.124,63
4,51989.047,63
4,51995.293,63
4,52001.429,63
4,52009.224,63
4,52015.341,63
4,52021.120,63
4,52026.841,63
4,52032.639,63
4,52038.437,63
4,52047.757,63
4,52053.453,63
4,52059.215,63
4,52065.127,63
4,52070.495,63
4,52078.457,63
4,52084.526,63
4,52090.185,63
4,52097.145,63
4,52102.825,63
4,52111.029,63
4,52118.341,63
4,52123.739,63
4,52130.023,63
4,52135.695,63
4,52141.278,66
4,52149.331,66
4,52155.004,66
4,52160.889,66
4,52166.768,66
4,52172.396,66
4,52179.432,66
4,52185.335,66
4,52190.974,66
4,52197.052,66
4,52202.626,66
4,52208.013,66
4,52216.930,66
4,52222.939,66
4,52229.802,66
4,52235.458,66
4,52242.165,66
4,52249.636,66
4,52256.859,66
4,52263.021,66
4,52268.623,66
4,52274.004,66
4,52280.990,66
4,52286.989,66
4,52292.308,66
4,52297.915,66
4,52302.964,66
4,52308.413,69
4,52316.272,69
4,52322.180,69
4,52327.742,69
4,52333.888,69
4,52340.195,69
4,52349.845,69
4,52356.010,69
4,52361.563,69
4,52368.647,69
4,52374.190,69
4,52383.486,69
4,52389.757,69
4,52395.925,69
4,52402.285,69
4,52407.896,69
4,52413.999,69
4,52420.455,69
4,52426.054,69
4,52431.958,69
4,52437.392,69
4,52442.816,69
4,52450.871,69
4,52456.280,69
4,52461.987,69
4,52467.825,69
4,52473.405,72
4,52479.564,72
4,52486.021,72
4,52491.441,72
4,52497.355,72
4,52502.637,72
4,52508.081,72
4,52514.098,72
4,52521.750,72
4,52527.340,72
4,52533.274,72
4,52538.848,72
4,52544.387,72
4,52550.404,72
4,52557.654,72
4,52563.088,72
4,52569.164,72
4,52574.856,72
4,52582.050,72
4,52587.732,72
4,52593.319,72
4,52599.224,72
4,52604.775,72
4,52610.207,72
4,52617.463,72
4,52623.342,72
4,52629.188,72
4,52635.024,72
4,52640.497,75
4,52647.831,75
4,52654.525,75
4,52660.446,75
4,52666.641,75
4,52672.730,75
4,52678.754,75
4,52684.916,75
4,52693.163,75
4,52699.077,75
4,52705.740,75
4,52711.417,75
4,52717.608,75
4,52724.466,75
4,52730.631,75
4,52736.223,75
4,52741.628,75
4,52747.749,75
4,52753.431,75
4,52760.859,75
4,52766.717,75
4,52773.158,75
4,52778.866,75
4,52785.735,75
4,52792.389,75
4,52798.208,75
4,52803.924,75
4,52809.433,78
4,52815.403,78
4,52820.986,78
4,52828.141,78
4,52833.668,78
4,52839.368,78
4,52845.931,78
4,52851.354,78
4,52859.687,78
4,52865.659,78
4,52871.377,78
4,52876.756,78
4,52882.370,78
4,52888.357,78
4,52896.544,78
4,52902.178,78
4,52908.436,78
4,52914.489,78
4,52919.973,78
4,52927.796,78
4,52933.782,78
4,52939.596,78
4,52945.121,78
4,52951.603,78
4,52957.138,78
4,52964.879,78
4,52971.049,78
4,52976.803,81
4,52983.111,81
4,52988.788,81
4,52996.833,81
4,53002.886,81
4,53009.216,81
4,53015.400,81
4,53023.158,81
4,53033.361,81
4,53040.236,81
4,53045.869,81
4,53052.007,81
4,53057.857,81
4,53068.694,81
4,53074.399,81
4,53081.220,81
4,53086.686,81
4,53094.279,81
4,53102.545,81
4,53108.109,81
4,53113.556,81
4,53119.425,81
4,53127.228,81
4,53135.994,81
4,53141.602,84
4,53147.539,84
4,53153.027,84
4,53158.386,84
4,53169.063,84
4,53176.968,84
4,53184.176,84
4,53190.587,84
4,53196.894,84
4,53203.958,84
4,53211.413,84
4,53217.568,84
4,53223.309,84
4,53228.918,84
4,53237.590,84
4,53242.934,84
4,53249.659,84
4,53255.456,84
4,53261.009,84
4,53269.432,84
4,53275.072,84
4,53282.765,84
4,53288.520,84
4,53295.302,84
4,53302.088,84
4,53308.757,87
4,53315.814,87
4,53327.795,87
4,53336.811,87
4,53342.575,87
4,53349.088,87
4,53354.760,87
4,53360.358,87
4,53366.761,87
4,53374.350,87
4,53381.120,87
4,53387.827,87
4,53393.908,87
4,53403.650,87
4,53409.994,87
4,53416.269,87
4,53422.261,87
4,53429.226,87
4,53438.508,87
4,53444.417,87
4,53451.323,87
4,53457.296,87
4,53464.194,87
4,53472.577,87
4,53478.654,91
4,53485.046,91
4,53492.333,91
4,53499.515,91
4,53507.631,91
4,53513.739,91
4,53520.337,91
4,53526.818,91
4,53532.902,91
4,53542.142,91
4,53548.131,91
4,53555.906,91
4,53562.696,91
4,53570.608,91
4,53577.941,91
4,53585.097,91
4,53591.675,91
4,53598.010,91
4,53604.013,91
4,53611.590,91
4,53618.874,91
4,53625.398,91
4,53631.834,91
4,53641.622,91
4,53648.784,94
4,53655.218,94
4,53660.936,94
4,53667.483,94
4,53675.649,94
4,53683.682,94
4,53689.962,94
4,53697.213,94
4,53703.483,94
4,53711.804,94
4,53718.116,94
4,53723.749,94
4,53729.517,94
4,53736.209,94
4,53744.932,94
4,53751.446,94
4,53757.615,94
4,53763.984,94
4,53770.040,94
4,53778.774,94
4,53785.261,94
4,53792.244,94
4,53798.814,94
4,53804.710,94
4,53812.329,94
4,53818.569,97
4,53825.126,97
4,53832.803,97
4,53839.056,97
4,53848.147,97
4,53854.206,97
4,53860.046,97
4,53866.292,97
4,53872.638,97
4,53880.410,97
4,53887.821,97
4,53893.699,97
4,53900.027,97
4,53905.857,97
4,53913.201,97
4,53920.240,97
4,53925.960,97
4,53932.556,97
4,53938.436,97
4,53947.191,97
4,53953.520,97
4,53959.541,97
4,53965.660,97
4,53971.227,97
4,53977.188,100
4,53985.154,100
4,53990.640,100
4,53997.330,100
4,54002.935,100
4,54008.539,100
4,54018.047,100
4,54023.707,100
4,54030.068,100
4,54035.573,100
4,54041.188,100
4,54050.233,100
4,54056.278,100
4,54062.974,100
4,54068.504,100
4,54074.436,100
4,54080.702,100
4,54087.327,100
4,54092.628,100
4,54098.566,100
4,54103.782,100
4,54109.260,100
4,54117.553,100
4,54123.151,100
4,54128.921,100
4,54134.798,100
4,54140.478,103
4,54146.655,103
4,54153.828,103
4,54163.497,103
4,54169.375,103
4,54176.963,103
4,54186.233,103
4,54191.903,103
4,54197.960,103
4,54203.353,103
4,54208.945,103
4,54219.331,103
4,54226.829,103
4,54233.029,103
4,54238.759,103
4,54244.486,103
4,54250.701,103
4,54257.648,103
4,54263.963,103
4,54269.355,103
4,54274.984,103
4,54281.206,103
4,54288.469,103
4,54294.408,103
4,54300.373,103
4,54306.093,106
4,54311.720,106
4,54317.886,106
4,54325.394,106
4,54331.393,106
4,54336.953,106
4,54344.050,106
4,54350.289,106
4,54357.787,106
4,54363.152,106
4,54368.976,106
4,54375.298,106
4,54381.355,106
4,54390.220,106
4,54395.794,106
4,54402.142,106
4,54407.795,106
4,54418.833,106
4,54426.556,106
4,54434.514,106
4,54440.739,106
4,54446.715,106
4,54452.862,106
4,54460.361,106
4,54466.283,106
4,54472.066,106
4,54477.684,109
4,54483.727,109
4,54491.616,109
4,54497.441,109
4,54504.127,109
4,54510.548,109
4,54517.423,109
4,54528.917,109
4,54535.862,109
4,54541.350,109
4,54547.490,109
4,54554.022,109
4,54561.385,109
4,54567.585,109
4,54573.879,109
4,54580.290,109
4,54586.239,109
4,54593.852,109
4,54600.417,109
4,54606.872,109
4,54612.637,109
4,54619.106,109
4,54628.844,109
4,54635.450,109
4,54641.271,112
4,54648.090,112
4,54653.816,112
4,54661.710,112
4,54667.946,112
4,54674.481,112
4,54680.708,112
4,54686.604,112
4,54692.524,112
4,54699.934,112
4,54706.534,112
4,54712.614,112
4,54718.960,112
4,54724.985,112
4,54733.902,112
4,54739.777,112
4,54745.444,112
4,54751.730,112
4,54757.710,112
4,54767.113,112
4,54773.427,112
4,54779.529,112
4,54785.783,112
4,54791.630,112
4,54799.996,112
4,54806.061,112
4,54811.747,116
4,54817.927,116
4,54824.059,116
4,54833.394,116
4,54841.298,116
4,54847.554,116
4,54853.381,116
4,54859.316,116
4,54867.785,116
4,54875.209,116
4,54881.429,116
4,54887.070,116
4,54893.131,116
4,54901.084,116
4,54906.809,116
4,54912.296,116
4,54918.437,116
4,54923.824,116
4,54930.423,116
4,54937.347,116
4,54943.019,116
4,54948.997,116
4,54954.330,116
4,54960.082,116
4,54968.736,116
4,54974.589,119
4,54980.618,119
4,54986.487,119
4,54992.533,119
4,55001.660,119
4,55007.463,119
4,55013.238,119
4,55018.984,119
4,55024.099,119
4,55029.820,119
4,55037.008,119
4,55042.542,119
4,55048.679,119
4,55054.072,119
4,55059.703,119
4,55066.260,119
4,55072.693,119
4,55078.065,119
4,55084.238,119
4,55090.206,119
4,55096.101,119
4,55103.429,119
4,55109.073,119
4,55115.431,119
4,55121.283,119
4,55126.867,119
4,55133.115,119
4,55140.191,119
4,55148.271,122
4,55154.045,122
4,55159.920,122
4,55165.867,122
4,55172.883,122
4,55178.195,122
4,55184.007,122
4,55189.517,122
4,55195.947,122
4,55201.166,122
4,55208.311,122
4,55214.407,122
4,55219.815,122
4,55225.356,122
4,55231.805,122
4,55239.933,122
4,55249.814,122
4,55256.101,122
4,55263.335,122
4,55269.495,122
4,55276.999,122
4,55283.074,122
4,55288.573,122
4,55294.347,122
4,55300.602,122
4,55309.132,122
4,55315.493,125
4,55321.010,125
4,55326.765,125
4,55333.522,125
4,55341.551,125
4,55347.361,125
4,55352.745,125
4,55359.816,125
4,55365.985,125
4,55373.587,125
4,55380.770,125
4,55386.903,125
4,55392.198,125
4,55398.733,125
4,55404.341,125
4,55411.777,125
4,55418.222,125
4,55424.611,125
4,55430.967,125
4,55436.603,125
4,55444.304,125
4,55451.555,125
4,55457.906,125
4,55464.092,125
4,55469.971,125
4,55477.851,128
4,55484.426,128
4,55491.309,128
4,55497.731,128
4,55503.794,128
4,55511.831,128
4,55518.396,128
4,55524.712,128
4,55531.155,128
4,55537.693,128
4,55547.070,128
4,55554.576,128
4,55561.748,128
4,55568.890,128
4,55574.804,128
4,55583.254,128
4,55589.820,128
4,55598.136,128
4,55603.936,128
4,55609.492,128
4,55618.536,128
4,55624.387,128
4,55630.469,128
4,55636.106,128
4,55641.713,131
4,55650.601,131
4,55656.247,131
4,55662.860,131
4,55669.372,131
4,55675.257,131
4,55683.529,131
4,55690.265,131
4,55697.180,131
4,55703.502,131
4,55710.123,131
4,55718.404,131
4,55724.302,131
4,55730.817,131
4,55736.860,131
4,55742.869,131
4,55751.459,131
4,55758.156,131
4,55764.568,131
4,55770.404,131
4,55776.600,131
4,55785.468,131
4,55791.278,131
4,55799.119,131
4,55805.176,131
4,55810.909,134
4,55819.985,134
4,55826.193,134
4,55833.290,134
4,55839.410,134
4,55845.226,134
4,55854.523,134
4,55862.333,134
4,55869.299,134
4,55875.483,134
4,55881.801,134
4,55889.261,134
4,55896.947,134
4,55903.294,134
4,55909.934,134
4,55916.141,134
4,55924.174,134
4,55930.038,134
4,55936.972,134
4,55942.810,134
4,55949.188,134
4,55957.028,134
4,55962.999,134
4,55969.391,134
4,55975.596,137
4,55982.484,137
4,55990.620,137
4,55996.935,137
4,56003.439,137
4,56009.021,137
4,56015.734,137
4,56024.187,137
4,56030.503,137
4,56037.775,137
4,56043.645,137
4,56050.366,137
4,56058.154,137
4,56065.417,137
4,56071.252,137
4,56076.630,137
4,56082.997,137
4,56090.040,137
4,56097.478,137
4,56103.736,137
4,56109.385,137
4,56115.850,137
4,56123.496,137
4,56129.281,137
4,56135.183,137
4,56141.187,140
4,56147.404,140
4,56153.225,140
4,56160.289,140
4,56166.347,140
4,56172.857,140
4,56179.520,140
4,56185.692,140
4,56193.030,140
4,56198.951,140
4,56204.356,140
4,56209.967,140
4,56215.930,140
4,56221.656,140
4,56229.807,140
4,56235.917,140
4,56241.614,140
4,56247.279,140
4,56253.447,140
4,56261.424,140
4,56267.276,140
4,56272.555,140
4,56278.250,140
4,56284.374,140
4,56292.974,140
4,56299.073,140
4,56304.956,140
4,56310.251,144
4,56316.601,144
4,56323.185,144
4,56330.226,144
4,56335.992,144
4,56341.575,144
4,56348.444,144
4,56354.228,144
4,56362.264,144
4,56369.302,144
4,56376.596,144
4,56382.500,144
4,56388.111,144
4,56396.423,144
4,56402.947,144
4,56408.644,144
4,56414.754,144
4,56420.423,144
4,56426.009,144
4,56432.919,144
4,56439.128,144
4,56444.592,144
4,56450.298,144
4,56456.114,144
4,56463.166,144
4,56469.303,144
4,56474.954,147
4,56480.685,147
4,56486.368,147
4,56491.729,147
4,56500.407,147
4,56506.715,147
4,56512.721,147
4,56518.768,147
4,56524.632,147
4,56532.644,147
4,56538.514,147
4,56544.301,147
4,56550.490,147
4,56556.691,147
4,56566.562,147
4,56573.027,147
4,56578.731,147
4,56584.917,147
4,56591.130,147
4,56601.888,147
4,56607.642,147
4,56612.996,147
4,56622.073,147
4,56627.848,147
4,56637.368,147
4,56643.245,150
4,56649.922,150
4,56655.953,150
4,56661.672,150
4,56670.738,150
4,56677.361,150
4,56683.551,150
4,56689.842,150
4,56696.351,150
4,56704.267,150
4,56709.996,150
4,56716.145,150
4,56721.996,150
4,56727.905,150
4,56736.907,150
4,56742.785,150
4,56748.967,150
4,56754.628,150
4,56760.680,150
4,56772.824,150
4,56779.156,150
4,56785.757,150
4,56792.636,150
4,56799.380,150
4,56806.153,150
4,56812.868,153
4,56819.301,153
4,56825.356,153
4,56831.966,153
4,56840.065,153
4,56846.194,153
4,56852.482,153
4,56858.311,153
4,56865.117,153
4,56871.726,153
4,56877.723,153
4,56884.098,153
4,56890.235,153
4,56896.891,153
4,56903.288,153
4,56910.156,153
4,56916.088,153
4,56921.637,153
4,56927.209,153
4,56933.451,153
4,56940.548,153
4,56946.765,153
4,56952.908,153
4,56958.861,153
4,56964.957,153
4,56974.248,153
4,56982.317,156
4,56988.203,156
4,56993.997,156
4,57000.411,156
4,57007.884,156
4,57013.614,156
4,57019.814,156
4,57025.633,156
4,57031.953,156
4,57042.175,156
4,57050.021,156
4,57059.084,156
4,57065.298,156
4,57071.046,156
4,57078.561,156
4,57084.868,156
4,57090.730,156
4,57097.523,156
4,57103.260,156
4,57111.345,156
4,57117.755,156
4,57123.812,156
4,57130.179,156
4,57136.693,156
4,57145.230,159
4,57151.575,159
4,57157.601,159
4,57163.301,159
4,57169.646,159
4,57177.923,159
4,57184.120,159
4,57190.156,159
4,57195.882,159
4,57201.969,159
4,57211.303,159
4,57217.651,159
4,57223.426,159
4,57229.053,159
4,57235.033,159
4,57240.671,159
4,57248.523,159
4,57254.491,159
4,57260.315,159
4,57266.764,159
4,57272.695,159
4,57279.796,159
4,57287.145,159
4,57293.647,159
4,57299.861,159
4,57306.066,159
4,57314.039,162
4,57320.193,162
4,57326.203,162
4,57333.077,162
4,57340.015,162
4,57350.060,162
4,57356.404,162
4,57363.398,162
4,57369.768,162
4,57375.786,162
4,57383.981,162
4,57389.825,162
4,57395.617,162
4,57401.866,162
4,57407.814,162
4,57416.349,162
4,57422.368,162
4,57428.327,162
4,57434.615,162
4,57440.820,162
4,57449.466,162
4,57455.768,162
4,57461.737,162
4,57467.843,162
4,57473.618,165
4,57479.328,165
4,57487.624,165
4,57493.628,165
4,57499.682,165
4,57506.355,165
4,57512.386,165
4,57520.369,165
4,57526.514,165
4,57532.631,165
4,57538.189,165
4,57543.696,165
4,57552.284,165
4,57558.113,165
4,57564.577,165
4,57570.915,165
4,57577.078,165
4,57586.482,165
4,57592.938,165
4,57599.085,165
4,57604.713,165
4,57610.642,165
4,57620.247,165
4,57626.818,165
4,57633.116,165
4,57639.287,165
4,57645.111,169
4,57654.401,169
4,57661.594,169
4,57667.972,169
4,57673.992,169
4,57680.547,169
4,57690.351,169
4,57696.269,169
4,57702.624,169
4,57708.373,169
4,57714.285,169
4,57723.060,169
4,57729.364,169
4,57735.572,169
4,57740.842,169
4,57746.537,169
4,57752.551,169
4,57759.892,169
4,57765.938,169
4,57772.802,169
4,57778.781,169
4,57785.005,169
4,57793.875,169
4,57799.717,169
4,57806.669,169
4,57812.746,172
4,57818.958,172
4,57826.571,172
4,57832.316,172
4,57838.380,172
4,57844.215,172
4,57850.426,172
4,57857.585,172
4,57863.085,172
4,57868.904,172
4,57878.597,172
4,57884.934,172
4,57893.212,172
4,57900.840,172
4,57907.918,172
4,57913.634,172
4,57919.844,172
4,57927.649,172
4,57933.443,172
4,57939.222,172
4,57944.817,172
4,57950.993,172
4,57959.698,172
4,57965.991,172
4,57972.039,172
4,57977.661,175
4,57984.369,175
4,57990.338,175
4,57999.234,175
4,58005.626,175
4,58011.598,175
4,58017.748,175
4,58023.873,175
4,58033.044,175
4,58040.039,175
4,58045.944,175
4,58052.361,175
4,58061.437,175
4,58067.459,175
4,58073.501,175
4,58079.952,175
4,58085.965,175
4,58092.002,175
4,58101.653,175
4,58107.712,175
4,58113.463,175
4,58119.846,175
4,58126.018,175
4,58134.222,175
4,58140.340,178
4,58147.483,178
4,58153.514,178
4,58159.647,178
4,58167.466,178
4,58173.592,178
4,58180.169,178
4,58186.202,178
4,58191.702,178
4,58199.640,178
4,58206.911,178
4,58212.512,178
4,58218.731,178
4,58224.876,178
4,58232.765,178
4,58238.926,178
4,58244.418,178
4,58250.474,178
4,58256.692,178
4,58266.053,178
4,58272.059,178
4,58278.932,178
4,58285.066,178
4,58291.045,178
4,58300.056,178
4,58306.265,180
4,58311.982,180
4,58318.144,180
4,58323.726,180
4,58330.592,180
4,58337.620,180
4,58343.080,180
4,58350.600,180
4,58356.432,180
4,58362.810,180
4,58369.620,180
4,58375.251,180
4,58381.001,180
4,58386.214,180
4,58392.631,180
4,58401.569,180
4,58407.068,180
4,58413.249,180
4,58418.826,180
4,58424.568,180
4,58430.623,180
4,58438.362,180
4,58444.164,180
4,58450.285,180
4,58456.106,180
4,58462.643,180
4,58469.551,180
5,58476.503,0
5,58483.339,0
5,58489.696,0
5,58495.887,0
5,58506.694,0
5,58514.069,0
5,58521.410,0
5,58528.027,0
5,58535.188,0
5,58543.624,0
5,58549.693,0
5,58555.566,0
5,58561.394,0
5,58570.351,0
5,58577.975,0
5,58585.039,0
5,58590.624,0
5,58597.768,0
5,58605.924,0
5,58612.315,0
5,58618.662,0
5,58624.601,0
5,58630.843,0
5,58640.455,0
5,58646.640,0
5,58653.237,0
5,58658.808,0
5,58665.380,0
5,58674.496,0
5,58680.701,0
5,58688.030,0
5,58693.905,0
5,58700.677,0
5,58708.457,0
5,58715.788,0
5,58722.224,0
5,58728.248,0
5,58734.678,0
5,58742.164,0
5,58748.554,0
5,58754.679,0
5,58760.502,0
5,58766.980,0
5,58777.452,0
5,58784.212,0
5,58790.029,0
5,58795.708,0
5,58801.968,0
5,58810.284,3
5,58817.324,3
5,58824.720,3
5,58832.048,3
5,58839.088,3
5,58846.966,3
5,58854.155,3
5,58860.162,3
5,58867.304,3
5,58873.877,3
5,58881.577,3
5,58887.934,3
5,58893.973,3
5,58900.561,3
5,58906.757,3
5,58914.833,3
5,58921.562,3
5,58927.795,3
5,58934.113,3
5,58940.302,3
5,58948.285,3
5,58956.158,3
5,58962.311,3
5,58968.895,3
5,58975.506,6
5,58984.687,6
5,58991.718,6
5,58998.171,6
5,59003.934,6
5,59010.386,6
5,59018.880,6
5,59025.177,6
5,59031.604,6
5,59037.869,6
5,59044.122,6
5,59052.431,6
5,59060.550,6
5,59067.709,6
5,59073.547,6
5,59082.362,6
5,59088.808,6
5,59095.874,6
5,59103.101,6
5,59109.873,6
5,59118.935,6
5,59126.574,6
5,59134.578,6
5,59140.577,10
5,59150.267,10
5,59156.892,10
5,59164.156,10
5,59170.431,10
5,59176.642,10
5,59185.223,10
5,59192.752,10
5,59198.627,10
5,59204.988,10
5,59211.011,10
5,59219.619,10
5,59226.283,10
5,59234.370,10
5,59240.486,10
5,59246.252,10
5,59255.855,10
5,59261.804,10
5,59267.999,10
5,59273.736,10
5,59279.373,10
5,59287.504,10
5,59293.072,10
5,59299.029,10
5,59304.618,10
5,59309.863,13
5,59316.005,13
5,59323.562,13
5,59329.432,13
5,59335.683,13
5,59341.461,13
5,59347.441,13
5,59357.978,13
5,59364.759,13
5,59370.451,13
5,59376.222,13
5,59383.371,13
5,59390.196,13
5,59396.223,13
5,59402.473,13
5,59408.271,13
5,59414.304,13
5,59421.287,13
5,59428.280,13
5,59434.359,13
5,59443.400,13
5,59451.118,13
5,59458.784,13
5,59465.487,13
5,59471.150,13
5,59476.692,16
5,59482.851,16
5,59490.616,16
5,59496.745,16
5,59503.023,16
5,59508.494,16
5,59514.779,16
5,59524.237,16
5,59531.239,16
5,59537.603,16
5,59544.422,16
5,59550.954,16
5,59559.359,16
5,59566.664,16
5,59573.431,16
5,59580.115,16
5,59587.263,16
5,59596.845,16
5,59603.186,16
5,59610.315,16
5,59617.512,16
5,59628.222,16
5,59635.869,16
5,59642.175,19
5,59649.183,19
5,59656.744,19
5,59665.005,19
5,59671.149,19
5,59676.902,19
5,59683.096,19
5,59690.051,19
5,59697.500,19
5,59703.961,19
5,59709.675,19
5,59715.962,19
5,59722.035,19
5,59731.136,19
5,59738.287,19
5,59744.350,19
5,59750.743,19
5,59758.247,19
5,59765.572,19
5,59771.622,19
5,59777.887,19
5,59785.211,19
5,59791.356,19
5,59800.965,19
5,59807.407,22
5,59814.138,22
5,59820.105,22
5,59830.059,22
5,59836.651,22
5,59842.549,22
5,59850.235,22
5,59856.947,22
5,59865.213,22
5,59872.139,22
5,59877.882,22
5,59884.189,22
5,59890.671,22
5,59901.108,22
5,59907.292,22
5,59914.673,22
5,59920.758,22
5,59928.279,22
5,59935.243,22
5,59941.065,22
5,59947.102,22
5,59953.722,22
5,59961.754,22
5,59971.342,22
5,59978.255,25
5,59985.376,25
5,59991.675,25
5,60002.633,25
5,60010.322,25
5,60017.338,25
5,60023.873,25
5,60030.608,25
5,60038.979,25
5,60046.081,25
5,60053.197,25
5,60059.180,25
5,60069.600,25
5,60075.695,25
5,60081.902,25
5,60087.751,25
5,60093.310,25
5,60102.108,25
5,60107.937,25
5,60114.126,25
5,60120.688,25
5,60126.269,25
5,60133.686,25
5,60139.669,25
5,60145.286,28
5,60151.259,28
5,60156.587,28
5,60164.817,28
5,60170.384,28
5,60176.209,28
5,60182.342,28
5,60187.897,28
5,60193.146,28
5,60199.515,28
5,60208.103,28
5,60213.632,28
5,60221.049,28
5,60226.847,28
5,60232.864,28
5,60240.261,28
5,60247.000,28
5,60253.739,28
5,60259.462,28
5,60265.659,28
5,60273.391,28
5,60279.238,28
5,60285.469,28
5,60292.415,28
5,60298.849,28
5,60307.156,28
5,60312.902,31
5,60319.084,31
5,60324.722,31
5,60330.874,31
5,60339.836,31
5,60346.582,31
5,60352.537,31
5,60358.045,31
5,60364.283,31
5,60373.545,31
5,60380.291,31
5,60386.495,31
5,60392.774,31
5,60399.572,31
5,60407.573,31
5,60413.199,31
5,60419.541,31
5,60426.382,31
5,60432.908,31
5,60441.906,31
5,60449.248,31
5,60455.701,31
5,60461.720,31
5,60467.928,31
5,60476.176,31
5,60483.069,35
5,60489.133,35
5,60494.951,35
5,60501.346,35
5,60511.110,35
5,60517.259,35
5,60523.512,35
5,60529.957,35
5,60535.836,35
5,60545.633,35
5,60551.952,35
5,60557.550,35
5,60563.934,35
5,60570.282,35
5,60583.195,35
5,60589.746,35
5,60596.310,35
5,60602.296,35
5,60611.810,35
5,60618.269,35
5,60623.969,35
5,60631.312,35
5,60637.278,35
5,60646.090,38
5,60653.195,38
5,60658.913,38
5,60665.514,38
5,60671.851,38
5,60680.839,38
5,60687.702,38
5,60693.461,38
5,60699.764,38
5,60706.058,38
5,60714.476,38
5,60721.330,38
5,60727.930,38
5,60734.321,38
5,60740.931,38
5,60748.788,38
5,60754.514,38
5,60760.523,38
5,60767.561,38
5,60774.669,38
5,60782.454,38
5,60790.286,38
5,60796.407,38
5,60802.468,38
5,60808.273,41
5,60817.299,41
5,60823.256,41
5,60830.202,41
5,60836.149,41
5,60841.651,41
5,60850.253,41
5,60856.244,41
5,60862.025,41
5,60868.343,41
5,60874.817,41
5,60885.029,41
5,60890.817,41
5,60897.942,41
5,60904.291,41
5,60910.415,41
5,60919.164,41
5,60924.963,41
5,60932.134,41
5,60938.306,41
5,60944.505,41
5,60953.728,41
5,60960.939,41
5,60967.690,41
5,60974.158,44
5,60980.510,44
5,60987.645,44
5,60993.200,44
5,60999.896,44
5,61006.501,44
5,61012.357,44
5,61020.727,44
5,61026.661,44
5,61033.161,44
5,61039.274,44
5,61045.181,44
5,61054.346,44
5,61060.421,44
5,61066.584,44
5,61072.805,44
5,61078.848,44
5,61088.548,44
5,61094.166,44
5,61100.727,44
5,61107.024,44
5,61113.795,44
5,61121.182,44
5,61127.917,44
5,61134.397,44
5,61140.553,47
5,61147.496,47
5,61157.469,47
5,61164.043,47
5,61170.651,47
5,61176.514,47
5,61182.699,47
5,61190.053,47
5,61198.130,47
5,61205.765,47
5,61211.456,47
5,61217.676,47
5,61225.688,47
5,61232.060,47
5,61238.159,47
5,61244.034,47
5,61250.484,47
5,61257.752,47
5,61265.086,47
5,61271.230,47
5,61277.326,47
5,61283.562,47
5,61290.060,47
5,61297.107,47
5,61303.474,47
5,61309.945,50
5,61316.493,50
5,61322.776,50
5,61330.296,50
5,61336.550,50
5,61342.357,50
5,61348.486,50
5,61354.114,50
5,61361.919,50
5,61368.078,50
5,61373.892,50
5,61380.598,50
5,61386.725,50
5,61395.383,50
5,61401.602,50
5,61408.567,50
5,61415.011,50
5,61420.968,50
5,61428.857,50
5,61435.476,50
5,61441.569,50
5,61448.134,50
5,61454.306,50
5,61462.126,50
5,61468.495,50
5,61475.783,53
5,61482.593,53
5,61489.611,53
5,61497.717,53
5,61504.780,53
5,61510.994,53
5,61517.260,53
5,61524.304,53
5,61530.926,53
5,61537.390,53
5,61542.898,53
5,61549.768,53
5,61556.518,53
5,61564.832,53
5,61571.514,53
5,61577.295,53
5,61583.917,53
5,61590.202,53
5,61598.538,53
5,61604.322,53
5,61611.291,53
5,61617.437,53
5,61623.256,53
5,61629.026,53
5,61637.608,53
5,61643.162,56
5,61649.285,56
5,61654.860,56
5,61660.546,56
5,61668.605,56
5,61674.073,56
5,61680.847,56
5,61686.544,56
5,61692.138,56
5,61700.912,56
5,61706.892,56
5,61713.610,56
5,61719.171,56
5,61724.288,56
5,61730.091,56
5,61736.913,56
5,61742.426,56
5,61748.769,56
5,61755.564,56
5,61761.953,56
5,61770.632,56
5,61776.541,56
5,61783.250,56
5,61789.248,56
5,61796.673,56
5,61804.718,56
5,61810.446,59
5,61816.579,59
5,61822.750,59
5,61828.349,59
5,61836.699,59
5,61842.325,59
5,61848.272,59
5,61853.754,59
5,61859.598,59
5,61865.966,59
5,61873.943,59
5,61880.229,59
5,61886.029,59
5,61892.062,59
5,61899.832,59
5,61906.570,59
5,61912.536,59
5,61918.591,59
5,61924.497,59
5,61930.653,59
5,61938.655,59
5,61944.771,59
5,61950.902,59
5,61956.680,59
5,61962.398,59
5,61968.595,59
5,61975.925,59
5,61982.029,63
5,61988.374,63
5,61995.020,63
5,62000.926,63
5,62009.374,63
5,62016.236,63
5,62021.844,63
5,62027.504,63
5,62033.729,63
5,62041.106,63
5,62047.016,63
5,62053.239,63
5,62058.848,63
5,62065.097,63
5,62073.185,63
5,62078.944,63
5,62085.364,63
5,62091.744,63
5,62097.812,63
5,62103.532,63
5,62111.380,63
5,62117.548,63
5,62123.420,63
5,62129.353,63
5,62136.494,63
5,62143.159,63
5,62149.758,66
5,62156.059,66
5,62162.057,66
5,62168.793,66
5,62176.203,66
5,62182.505,66
5,62188.413,66
5,62194.270,66
5,62200.430,66
5,62210.060,66
5,62216.576,66
5,62222.722,66
5,62228.552,66
5,62234.632,66
5,62240.535,66
5,62248.646,66
5,62254.558,66
5,62261.013,66
5,62267.161,66
5,62273.656,66
5,62280.565,66
5,62286.749,66
5,62294.014,66
5,62300.212,66
5,62307.024,69
5,62314.586,69
5,62320.800,69
5,62326.442,69
5,62333.838,69
5,62340.596,69
5,62350.387,69
5,62356.398,69
5,62362.612,69
5,62368.867,69
5,62374.719,69
5,62384.078,69
5,62389.946,69
5,62395.781,69
5,62402.342,69
5,62408.231,69
5,62416.438,69
5,62423.090,69
5,62429.179,69
5,62435.415,69
5,62441.026,69
5,62448.647,69
5,62455.530,69
5,62461.549,69
5,62467.799,69
5,62473.447,72
5,62481.715,72
5,62489.606,72
5,62496.724,72
5,62503.070,72
5,62509.045,72
5,62517.472,72
5,62523.208,72
5,62530.425,72
5,62536.031,72
5,62541.314,72
5,62549.371,72
5,62556.402,72
5,62562.966,72
5,62569.481,72
5,62575.550,72
5,62584.632,72
5,62590.419,72
5,62597.330,72
5,62603.262,72
5,62608.811,72
5,62619.299,72
5,62624.979,72
5,62630.985,72
5,62636.320,72
5,62641.714,75
5,62651.146,75
5,62656.721,75
5,62663.328,75
5,62669.022,75
5,62674.607,75
5,62680.816,75
5,62688.304,75
5,62694.540,75
5,62700.829,75
5,62707.127,75
5,62713.705,75
5,62721.237,75
5,62727.077,75
5,62733.212,75
5,62739.004,75
5,62744.482,75
5,62754.051,75
5,62760.043,75
5,62766.079,75
5,62771.970,75
5,62777.865,75
5,62790.146,75
5,62797.425,75
5,62803.987,75
5,62810.050,78
5,62816.216,78
5,62823.152,78
5,62829.372,78
5,62835.054,78
5,62841.607,78
5,62847.666,78
5,62856.450,78
5,62862.233,78
5,62868.537,78
5,62874.341,78
5,62880.395,78
5,62885.959,78
5,62893.610,78
5,62900.202,78
5,62906.484,78
5,62913.050,78
5,62919.233,78
5,62926.625,78
5,62932.687,78
5,62938.269,78
5,62944.187,78
5,62950.543,78
5,62957.771,78
5,62964.285,78
5,62970.151,78
5,62976.826,81
5,62982.855,81
5,62992.405,81
5,62998.535,81
5,63004.437,81
5,63010.069,81
5,63016.115,81
5,63022.118,81
5,63029.465,81
5,63035.558,81
5,63041.815,81
5,63047.805,81
5,63053.486,81
5,63060.962,81
5,63066.937,81
5,63073.003,81
5,63079.768,81
5,63086.402,81
5,63094.190,81
5,63100.780,81
5,63106.883,81
5,63112.976,81
5,63118.955,81
5,63127.777,81
5,63134.145,81
5,63139.607,84
5,63145.741,84
5,63151.977,84
5,63161.346,84
5,63167.511,84
5,63173.355,84
5,63180.432,84
5,63186.452,84
5,63192.016,84
5,63200.268,84
5,63206.220,84
5,63213.003,84
5,63218.902,84
5,63225.254,84
5,63234.468,84
5,63240.409,84
5,63247.180,84
5,63253.232,84
5,63258.963,84
5,63266.841,84
5,63273.120,84
5,63279.125,84
5,63285.217,84
5,63291.005,84
5,63299.359,84
5,63305.352,84
5,63311.254,87
5,63317.332,87
5,63323.105,87
5,63332.787,87
5,63340.207,87
5,63347.097,87
5,63352.980,87
5,63358.813,87
5,63367.576,87
5,63375.274,87
5,63381.670,87
5,63387.853,87
5,63393.374,87
5,63401.655,87
5,63407.230,87
5,63413.885,87
5,63419.744,87
5,63425.639,87
5,63435.576,87
5,63441.119,87
5,63447.912,87
5,63453.414,87
5,63459.176,87
5,63469.542,87
5,63475.376,91
5,63481.585,91
5,63487.067,91
5,63493.120,91
5,63503.291,91
5,63509.861,91
5,63516.029,91
5,63522.004,91
5,63527.963,91
5,63536.471,91
5,63542.925,91
5,63549.046,91
5,63554.542,91
5,63560.099,91
5,63568.980,91
5,63574.524,91
5,63580.823,91
5,63586.506,91
5,63592.275,91
5,63598.332,91
5,63605.309,91
5,63610.811,91
5,63617.293,91
5,63623.159,91
5,63629.172,91
5,63638.295,91
5,63644.327,94
5,63650.822,94
5,63656.729,94
5,63663.676,94
5,63672.074,94
5,63677.653,94
5,63683.778,94
5,63690.851,94
5,63697.190,94
5,63704.766,94
5,63710.626,94
5,63717.018,94
5,63722.946,94
5,63728.178,94
5,63734.176,94
5,63741.690,94
5,63747.836,94
5,63753.261,94
5,63759.453,94
5,63765.396,94
5,63773.892,94
5,63780.577,94
5,63787.161,94
5,63792.905,94
5,63799.229,94
5,63807.613,94
5,63814.068,97
5,63820.477,97
5,63826.828,97
5,63832.855,97
5,63840.400,97
5,63847.370,97
5,63853.519,97
5,63859.194,97
5,63865.260,97
5,63870.917,97
5,63877.996,97
5,63883.828,97
5,63889.654,97
5,63895.970,97
5,63901.538,97
5,63909.939,97
5,63916.157,97
5,63921.949,97
5,63927.721,97
5,63933.677,97
5,63940.173,97
5,63948.092,97
5,63953.611,97
5,63959.455,97
5,63966.160,97
5,63973.912,97
5,63980.968,100
5,63987.138,100
5,63994.566,100
5,64000.584,100
5,64006.647,100
5,64014.831,100
5,64020.620,100
5,64026.890,100
5,64033.037,100
5,64038.985,100
5,64047.985,100
5,64053.960,100
5,64059.829,100
5,64065.964,100
5,64071.583,100
5,64079.744,100
5,64085.856,100
5,64091.007,100
5,64097.624,100
5,64102.953,100
5,64108.994,100
5,64116.979,100
5,64122.864,100
5,64128.601,100
5,64134.689,100
5,64140.286,103
5,64149.338,103
5,64155.204,103
5,64161.041,103
5,64166.967,103
5,64173.269,103
5,64181.439,103
5,64187.481,103
5,64193.611,103
5,64199.776,103
5,64206.134,103
5,64213.190,103
5,64220.520,103
5,64226.501,103
5,64232.478,103
5,64238.005,103
5,64243.916,103
5,64251.820,103
5,64257.447,103
5,64263.592,103
5,64269.821,103
5,64276.221,103
5,64285.039,103
5,64291.072,103
5,64297.979,103
5,64303.675,103
5,64310.007,106
5,64317.892,106
5,64323.786,106
5,64330.529,106
5,64337.404,106
5,64343.306,106
5,64352.267,106
5,64358.201,106
5,64365.433,106
5,64371.018,106
5,64376.810,106
5,64385.204,106
5,64390.823,106
5,64397.297,106
5,64403.610,106
5,64409.725,106
5,64415.909,106
5,64423.674,106
5,64429.197,106
5,64436.799,106
5,64443.074,106
5,64449.314,106
5,64456.867,106
5,64462.414,106
5,64468.788,106
5,64474.633,109
5,64480.832,109
5,64488.579,109
5,64494.360,109
5,64500.362,109
5,64507.130,109
5,64512.790,109
5,64521.828,109
5,64527.705,109
5,64534.090,109
5,64539.607,109
5,64546.693,109
5,64556.589,109
5,64563.103,109
5,64570.232,109
5,64576.599,109
5,64583.556,109
5,64590.172,109
5,64596.936,109
5,64603.647,109
5,64609.638,109
5,64615.814,109
5,64623.460,109
5,64629.280,109
5,64635.996,109
5,64641.954,112
5,64648.084,112
5,64653.889,112
5,64662.342,112
5,64668.268,112
5,64674.089,112
5,64680.442,112
5,64687.804,112
5,64695.136,112
5,64701.268,112
5,64707.420,112
5,64714.207,112
5,64720.065,112
5,64727.709,112
5,64734.546,112
5,64740.200,112
5,64747.055,112
5,64753.120,112
5,64761.395,112
5,64767.146,112
5,64773.219,112
5,64779.283,112
5,64785.901,112
5,64794.128,112
5,64802.382,112
5,64808.407,116
5,64815.040,116
5,64820.763,116
5,64828.515,116
5,64835.535,116
5,64842.689,116
5,64849.784,116
5,64856.152,116
5,64863.976,116
5,64870.204,116
5,64876.446,116
5,64882.896,116
5,64889.117,116
5,64896.907,116
5,64905.196,116
5,64912.144,116
5,64918.446,116
5,64924.216,116
5,64933.014,116
5,64940.333,116
5,64946.432,116
5,64953.072,116
5,64959.209,116
5,64968.072,116
5,64973.962,119
5,64981.156,119
5,64987.343,119
5,64994.419,119
5,65001.730,119
5,65008.051,119
5,65014.644,119
5,65020.487,119
5,65026.811,119
5,65035.273,119
5,65041.989,119
5,65048.890,119
5,65055.997,119
5,65061.977,119
5,65070.912,119
5,65077.176,119
5,65084.069,119
5,65090.280,119
5,65096.205,119
5,65105.066,119
5,65111.649,119
5,65117.991,119
5,65123.953,119
5,65134.239,119
5,65139.865,122
5,65146.952,122
5,65153.056,122
5,65159.341,122
5,65168.072,122
5,65174.027,122
5,65180.754,122
5,65186.679,122
5,65192.822,122
5,65202.629,122
5,65208.963,122
5,65215.937,122
5,65221.931,122
5,65227.783,122
5,65236.657,122
5,65242.306,122
5,65248.780,122
5,65255.351,122
5,65261.145,122
5,65270.516,122
5,65276.742,122
5,65282.912,122
5,65288.974,122
5,65294.662,122
5,65305.438,122
5,65311.770,125
5,65319.197,125
5,65325.189,125
5,65332.073,125
5,65339.561,125
5,65346.130,125
5,65353.318,125
5,65361.020,125
5,65367.569,125
5,65375.245,125
5,65381.418,125
5,65387.615,125
5,65393.765,125
5,65400.014,125
5,65407.077,125
5,65413.782,125
5,65420.150,125
5,65426.401,125
5,65432.755,125
5,65440.535,125
5,65447.802,125
5,65454.610,125
5,65460.445,125
5,65466.837,125
5,65474.776,125
5,65480.587,128
5,65486.975,128
5,65494.043,128
5,65500.550,128
5,65509.034,128
5,65514.858,128
5,65521.730,128
5,65527.996,128
5,65534.323,128
5,65541.933,128
5,65547.608,128
5,65553.965,128
5,65560.473,128
5,65566.839,128
5,65574.970,128
5,65580.921,128
5,65586.655,128
5,65592.738,128
5,65599.034,128
5,65605.463,128
5,65613.405,128
5,65619.594,128
5,65625.480,128
5,65631.614,128
5,65637.481,128
5,65644.832,131
5,65650.800,131
5,65656.748,131
5,65662.841,131
5,65669.055,131
5,65677.246,131
5,65683.574,131
5,65690.242,131
5,65696.219,131
5,65703.524,131
5,65711.964,131
5,65718.167,131
5,65724.735,131
5,65730.765,131
5,65737.175,131
5,65747.577,131
5,65754.165,131
5,65760.166,131
5,65766.379,131
5,65772.377,131
5,65780.714,131
5,65787.910,131
5,65794.367,131
5,65800.683,131
5,65806.729,134
5,65813.789,134
5,65820.772,134
5,65827.373,134
5,65834.055,134
5,65840.057,134
5,65848.345,134
5,65854.095,134
5,65860.275,134
5,65866.878,134
5,65872.601,134
5,65878.959,134
5,65887.180,134
5,65894.078,134
5,65900.456,134
5,65907.462,134
5,65917.043,134
5,65923.033,134
5,65929.383,134
5,65935.468,134
5,65941.324,134
5,65951.504,134
5,65957.298,134
5,65964.642,134
5,65971.619,134
5,65978.677,137
5,65987.807,137
5,65994.366,137
5,66000.843,137
5,66006.683,137
5,66013.594,137
5,66020.849,137
5,66026.814,137
5,66033.047,137
5,66039.547,137
5,66045.333,137
5,66054.012,137
5,66059.999,137
5,66065.910,137
5,66071.460,137
5,66077.273,137
5,66086.040,137
5,66091.962,137
5,66098.130,137
5,66103.705,137
5,66110.121,137
5,66116.437,137
5,66123.503,137
5,66130.675,137
5,66136.748,137
5,66142.937,140
5,66149.148,140
5,66156.931,140
5,66162.826,140
5,66169.615,140
5,66175.366,140
5,66181.551,140
5,66188.612,140
5,66194.590,140
5,66200.652,140
5,66206.500,140
5,66212.314,140
5,66218.794,140
5,66227.255,140
5,66233.639,140
5,66240.011,140
5,66247.636,140
5,66255.516,140
5,66262.770,140
5,66270.064,140
5,66277.163,140
5,66283.205,140
5,66292.977,140
5,66298.974,140
5,66305.552,140
5,66311.299,144
5,66317.680,144
5,66325.070,144
5,66331.029,144
5,66337.439,144
5,66343.242,144
5,66350.514,144
5,66359.050,144
5,66365.068,144
5,66371.626,144
5,66377.456,144
5,66383.933,144
5,66393.772,144
5,66400.180,144
5,66406.497,144
5,66412.354,144
5,66419.131,144
5,66426.985,144
5,66434.320,144
5,66440.212,144
5,66446.068,144
5,66452.274,144
5,66460.073,144
5,66467.142,144
5,66472.616,147
5,66478.534,147
5,66484.687,147
5,66494.261,147
5,66500.531,147
5,66505.875,147
5,66511.309,147
5,66518.295,147
5,66524.905,147
5,66532.142,147
5,66538.875,147
5,66545.440,147
5,66551.975,147
5,66561.350,147
5,66568.130,147
5,66573.769,147
5,66579.736,147
5,66585.834,147
5,66592.474,147
5,66600.544,147
5,66606.176,147
5,66612.018,147
5,66618.222,147
5,66623.909,147
5,66631.408,147
5,66637.868,147
5,66644.131,150
5,66650.697,150
5,66657.640,150
5,66665.654,150
5,66671.985,150
5,66677.477,150
5,66683.918,150
5,66689.682,150
5,66697.906,150
5,66704.260,150
5,66710.489,150
5,66716.880,150
5,66723.558,150
5,66730.897,150
5,66738.034,150
5,66743.811,150
5,66750.361,150
5,66757.985,150
5,66766.864,150
5,66773.491,150
5,66779.553,150
5,66785.591,150
5,66792.862,150
5,66800.795,150
5,66806.457,153
5,66812.332,153
5,66819.891,153
5,66826.733,153
5,66835.921,153
5,66841.490,153
5,66848.003,153
5,66853.664,153
5,66859.383,153
5,66868.560,153
5,66875.075,153
5,66881.171,153
5,66886.977,153
5,66892.783,153
5,66899.038,153
5,66906.566,153
5,66912.513,153
5,66918.508,153
5,66924.048,153
5,66930.096,153
5,66937.439,153
5,66943.806,153
5,66951.581,153
5,66957.332,153
5,66963.768,153
5,66972.381,153
5,66978.318,156
5,66984.564,156
5,66990.231,156
5,66997.009,156
5,67005.898,156
5,67011.846,156
5,67017.981,156
5,67023.553,156
5,67030.022,156
5,67037.904,156
5,67044.537,156
5,67050.545,156
5,67056.048,156
5,67062.098,156
5,67068.288,156
5,67075.361,156
5,67081.318,156
5,67086.829,156
5,67092.513,156
5,67098.960,156
5,67106.667,156
5,67112.509,156
5,67118.624,156
5,67124.654,156
5,67130.781,156
5,67139.880,156
5,67145.483,159
5,67151.531,159
5,67157.150,159
5,67163.943,159
5,67173.220,159
5,67178.622,159
5,67184.494,159
5,67190.085,159
5,67196.477,159
5,67202.892,159
5,67209.729,159
5,67215.575,159
5,67220.955,159
5,67226.855,159
5,67233.075,159
5,67242.806,159
5,67248.522,159
5,67254.917,159
5,67260.569,159
5,67266.871,159
5,67276.436,159
5,67282.710,159
5,67288.385,159
5,67294.087,159
5,67300.376,159
5,67309.882,162
5,67316.063,162
5,67321.681,162
5,67327.686,162
5,67333.885,162
5,67339.727,162
5,67347.932,162
5,67353.736,162
5,67359.451,162
5,67365.631,162
5,67371.262,162
5,67378.470,162
5,67384.374,162
5,67390.041,162
5,67396.752,162
5,67402.784,162
5,67411.584,162
5,67417.861,162
5,67424.203,162
5,67430.780,162
5,67436.767,162
5,67448.619,162
5,67454.869,162
5,67460.558,162
5,67466.575,162
5,67472.604,162
5,67480.299,165
5,67486.806,165
5,67492.780,165
5,67500.319,165
5,67506.268,165
5,67514.005,165
5,67520.975,165
5,67527.229,165
5,67533.692,165
5,67540.003,165
5,67547.490,165
5,67554.361,165
5,67561.871,165
5,67568.290,165
5,67573.930,165
5,67583.571,165
5,67589.670,165
5,67595.212,165
5,67601.142,165
5,67606.716,165
5,67612.306,165
5,67620.336,165
5,67626.338,165
5,67632.451,165
5,67638.421,165
5,67644.197,169
5,67653.270,169
5,67659.176,169
5,67665.358,169
5,67670.849,169
5,67676.730,169
5,67686.533,169
5,67692.949,169
5,67700.281,169
5,67706.568,169
5,67713.323,169
5,67720.359,169
5,67726.299,169
5,67732.447,169
5,67738.196,169
5,67743.958,169
5,67752.130,169
5,67757.743,169
5,67763.559,169
5,67769.817,169
5,67775.727,169
5,67781.604,169
5,67791.840,169
5,67797.733,169
5,67803.762,169
5,67810.652,172
5,67817.014,172
5,67824.327,172
5,67829.910,172
5,67835.794,172
5,67841.584,172
5,67847.460,172
5,67856.145,172
5,67863.181,172
5,67869.265,172
5,67874.775,172
5,67880.798,172
5,67889.909,172
5,67896.487,172
5,67902.746,172
5,67909.518,172
5,67915.768,172
5,67923.721,172
5,67929.438,172
5,67936.106,172
5,67941.729,172
5,67947.398,172
5,67956.664,172
5,67963.133,172
5,67969.473,172
5,67975.393,175
5,67982.320,175
5,67990.728,175
5,67997.260,175
5,68003.405,175
5,68009.309,175
5,68016.319,175
5,68023.156,175
5,68028.812,175
5,68035.057,175
5,68040.716,175
5,68046.786,175
5,68053.230,175
5,68060.428,175
5,68067.281,175
5,68073.084,175
5,68079.291,175
5,68085.711,175
5,68094.051,175
5,68100.448,175
5,68106.069,175
5,68112.175,175
5,68118.490,175
5,68127.343,175
5,68134.883,175
5,68140.497,178
5,68146.461,178
5,68152.466,178
5,68160.986,178
5,68167.607,178
5,68173.439,178
5,68180.997,178
5,68187.200,178
5,68196.052,178
5,68202.416,178
5,68208.722,178
5,68215.317,178
5,68221.087,178
5,68229.026,178
5,68235.286,178
5,68241.187,178
5,68247.307,178
5,68253.776,178
5,68261.617,178
5,68267.984,178
5,68274.008,178
5,68280.187,178
5,68286.213,178
5,68292.287,178
5,68300.313,178
5,68306.785,180
5,68313.107,180
5,68319.692,180
5,68325.881,180
5,68334.715,180
5,68340.671,180
5,68346.940,180
5,68352.770,180
5,68358.368,180
5,68366.773,180
5,68373.649,180
5,68380.499,180
5,68386.370,180
5,68391.804,180
5,68403.765,180
5,68410.274,180
5,68417.163,180
5,68423.329,180
5,68434.119,180
5,68440.105,180
5,68445.992,180
5,68451.633,180
5,68457.214,180
5,68465.869,180
5,68472.133,180
6,68477.736,0
6,68484.416,0
6,68490.184,0
6,68498.897,0
6,68504.835,0
6,68510.527,0
6,68516.678,0
6,68523.241,0
6,68529.087,0
6,68537.494,0
6,68543.279,0
6,68550.231,0
6,68556.564,0
6,68563.390,0
6,68571.758,0
6,68577.533,0
6,68583.778,0
6,68589.448,0
6,68594.955,0
6,68603.241,0
6,68609.122,0
6,68614.892,0
6,68621.695,0
6,68627.584,0
6,68636.552,0
6,68642.399,0
6,68648.854,0
6,68654.736,0
6,68660.525,0
6,68667.215,0
6,68675.665,0
6,68681.234,0
6,68687.653,0
6,68693.893,0
6,68700.103,0
6,68707.312,0
6,68712.916,0
6,68719.842,0
6,68725.902,0
6,68732.220,0
6,68741.207,0
6,68748.036,0
6,68754.143,0
6,68760.766,0
6,68767.114,0
6,68774.183,0
6,68780.083,0
6,68786.371,0
6,68792.281,0
6,68798.512,0
6,68805.861,0
6,68811.714,3
6,68817.806,3
6,68823.584,3
6,68829.330,3
6,68835.566,3
6,68844.321,3
6,68850.780,3
6,68858.579,3
6,68866.261,3
6,68873.875,3
6,68880.342,3
6,68887.099,3
6,68892.930,3
6,68900.205,3
6,68909.429,3
6,68915.916,3
6,68922.894,3
6,68928.699,3
6,68935.067,3
6,68942.897,3
6,68949.034,3
6,68955.551,3
6,68961.489,3
6,68967.282,3
6,68977.247,3
6,68983.177,6
6,68989.530,6
6,68995.315,6
6,69001.589,6
6,69010.219,6
6,69016.538,6
6,69022.870,6
6,69030.075,6
6,69036.262,6
6,69045.014,6
6,69051.443,6
6,69057.098,6
6,69063.104,6
6,69069.444,6
6,69078.512,6
6,69084.702,6
6,69089.994,6
6,69095.631,6
6,69102.437,6
6,69108.390,6
6,69116.197,6
6,69122.822,6
6,69128.952,6
6,69134.968,6
6,69140.779,10
6,69148.418,10
6,69154.460,10
6,69160.136,10
6,69166.936,10
6,69174.453,10
6,69182.801,10
6,69190.497,10
6,69196.205,10
6,69202.674,10
6,69208.356,10
6,69216.348,10
6,69222.758,10
6,69228.515,10
6,69234.632,10
6,69240.215,10
6,69248.018,10
6,69254.219,10
6,69260.132,10
6,69266.967,10
6,69273.010,10
6,69281.277,10
6,69287.667,10
6,69293.461,10
6,69300.174,10
6,69306.147,13
6,69312.100,13
6,69320.501,13
6,69326.444,13
6,69332.034,13
6,69341.728,13
6,69351.084,13
6,69356.844,13
6,69362.486,13
6,69369.180,13
6,69374.740,13
6,69380.523,13
6,69388.711,13
6,69394.475,13
6,69400.622,13
6,69406.372,13
6,69412.007,13
6,69420.531,13
6,69426.065,13
6,69431.918,13
6,69437.238,13
6,69443.192,13
6,69453.251,13
6,69459.246,13
6,69465.643,13
6,69472.133,13
6,69477.476,16
6,69486.301,16
6,69492.088,16
6,69498.394,16
6,69505.032,16
6,69510.919,16
6,69520.962,16
6,69527.122,16
6,69534.211,16
6,69539.645,16
6,69546.319,16
6,69554.212,16
6,69560.067,16
6,69566.559,16
6,69572.332,16
6,69577.994,16
6,69584.177,16
6,69592.038,16
6,69598.493,16
6,69604.747,16
6,69610.839,16
6,69616.865,16
6,69623.902,16
6,69629.716,16
6,69635.933,16
6,69641.765,19
6,69648.027,19
6,69655.633,19
6,69661.281,19
6,69667.495,19
6,69673.334,19
6,69679.830,19
6,69686.096,19
6,69694.202,19
6,69699.965,19
6,69705.685,19
6,69711.372,19
6,69718.320,19
6,69724.574,19
6,69731.433,19
6,69737.389,19
6,69743.174,19
6,69749.390,19
6,69757.649,19
6,69764.207,19
6,69770.542,19
6,69776.983,19
6,69782.700,19
6,69792.474,19
6,69798.283,19
6,69804.597,19
6,69810.255,22
6,69816.473,22
6,69825.996,22
6,69832.130,22
6,69838.057,22
6,69843.911,22
6,69850.418,22
6,69856.751,22
6,69863.708,22
6,69869.737,22
6,69875.368,22
6,69881.606,22
6,69887.362,22
6,69896.496,22
6,69903.762,22
6,69910.030,22
6,69918.046,22
6,69924.142,22
6,69931.786,22
6,69938.151,22
6,69943.894,22
6,69950.335,22
6,69956.654,22
6,69964.302,22
6,69971.075,22
6,69977.293,25
6,69983.274,25
6,69990.036,25
6,69996.861,25
6,70003.015,25
6,70009.281,25
6,70015.228,25
6,70022.042,25
6,70029.797,25
6,70036.372,25
6,70042.511,25
6,70048.326,25
6,70054.856,25
6,70063.923,25
6,70070.170,25
6,70076.855,25
6,70084.779,25
6,70092.625,25
6,70101.743,25
6,70107.594,25
6,70113.535,25
6,70120.243,25
6,70127.057,25
6,70135.534,25
6,70142.887,28
6,70150.428,28
6,70156.329,28
6,70165.299,28
6,70171.691,28
6,70178.357,28
6,70184.391,28
6,70190.158,28
6,70196.171,28
6,70205.096,28
6,70212.211,28
6,70218.571,28
6,70224.416,28
6,70230.863,28
6,70239.667,28
6,70245.212,28
6,70251.257,28
6,70257.128,28
6,70264.105,28
6,70271.966,28
6,70277.592,28
6,70284.021,28
6,70290.079,28
6,70297.352,28
6,70305.812,28
6,70312.171,31
6,70318.483,31
6,70324.440,31
6,70330.624,31
6,70337.856,31
6,70343.842,31
6,70353.545,31
6,70360.076,31
6,70366.539,31
6,70373.959,31
6,70380.779,31
6,70387.790,31
6,70393.595,31
6,70399.725,31
6,70406.832,31
6,70412.952,31
6,70420.475,31
6,70426.290,31
6,70433.714,31
6,70440.625,31
6,70446.794,31
6,70453.051,31
6,70459.102,31
6,70465.580,31
6,70472.632,31
6,70478.346,35
6,70484.766,35
6,70490.874,35
6,70498.210,35
6,70506.592,35
6,70512.323,35
6,70519.020,35
6,70525.082,35
6,70531.352,35
6,70539.382,35
6,70545.237,35
6,70551.567,35
6,70557.373,35
6,70563.119,35
6,70569.490,35
6,70577.038,35
6,70583.339,35
6,70589.362,35
6,70595.124,35
6,70601.294,35
6,70609.883,35
6,70617.100,35
6,70622.732,35
6,70628.311,35
6,70634.600,35
6,70642.892,35
6,70649.432,38
6,70655.489,38
6,70661.202,38
6,70667.794,38
6,70676.299,38
6,70682.545,38
6,70689.719,38
6,70696.354,38
6,70702.871,38
6,70710.879,38
6,70717.351,38
6,70724.716,38
6,70731.056,38
6,70737.064,38
6,70745.963,38
6,70752.496,38
6,70758.802,38
6,70765.260,38
6,70771.843,38
6,70780.227,38
6,70786.433,38
6,70792.355,38
6,70798.902,38
6,70804.860,38
6,70812.652,41
6,70819.212,41
6,70825.635,41
6,70831.833,41
6,70837.877,41
6,70845.533,41
6,70851.790,41
6,70857.461,41
6,70862.869,41
6,70869.300,41
6,70874.822,41
6,70883.737,41
6,70889.673,41
6,70895.687,41
6,70901.710,41
6,70907.483,41
6,70914.898,41
6,70921.057,41
6,70926.813,41
6,70932.939,41
6,70939.485,41
6,70947.876,41
6,70954.321,41
6,70960.086,41
6,70966.673,41
6,70972.916,44
6,70981.791,44
6,70987.986,44
6,70994.735,44
6,71001.352,44
6,71006.835,44
6,71015.545,44
6,71022.088,44
6,71028.556,44
6,71034.673,44
6,71041.321,44
6,71052.394,44
6,71058.875,44
6,71065.272,44
6,71071.072,44
6,71076.828,44
6,71086.013,44
6,71091.471,44
6,71099.003,44
6,71104.851,44
6,71110.520,44
6,71120.121,44
6,71126.833,44
6,71132.897,44
6,71138.716,44
6,71144.176,47
6,71153.206,47
6,71159.023,47
6,71165.146,47
6,71171.695,47
6,71177.642,47
6,71186.483,47
6,71192.198,47
6,71198.219,47
6,71203.335,47
6,71209.342,47
6,71215.413,47
6,71222.868,47
6,71229.591,47
6,71235.928,47
6,71241.473,47
6,71248.114,47
6,71255.325,47
6,71260.862,47
6,71266.604,47
6,71272.215,47
6,71277.686,47
6,71283.820,47
6,71291.808,47
6,71298.304,47
6,71303.525,47
6,71309.193,50
6,71315.245,50
6,71322.352,50
6,71328.048,50
6,71333.948,50
6,71340.046,50
6,71346.441,50
6,71352.572,50
6,71360.876,50
6,71367.057,50
6,71372.687,50
6,71378.600,50
6,71384.668,50
6,71392.138,50
6,71398.212,50
6,71403.755,50
6,71409.427,50
6,71415.516,50
6,71424.250,50
6,71430.064,50
6,71436.284,50
6,71443.115,50
6,71449.208,50
6,71457.555,50
6,71463.026,50
6,71469.023,50
6,71474.840,53
6,71480.903,53
6,71486.492,53
6,71493.964,53
6,71499.759,53
6,71505.814,53
6,71511.636,53
6,71517.541,53
6,71525.307,53
6,71530.990,53
6,71537.286,53
6,71543.165,53
6,71549.824,53
6,71555.981,53
6,71564.708,53
6,71570.551,53
6,71576.719,53
6,71583.310,53
6,71589.215,53
6,71596.868,53
6,71603.897,53
6,71609.614,53
6,71615.693,53
6,71621.359,53
6,71629.150,53
6,71635.203,53
6,71641.199,56
6,71647.649,56
6,71653.429,56
6,71660.760,56
6,71667.016,56
6,71672.656,56
6,71678.750,56
6,71685.077,56
6,71691.026,56
6,71698.272,56
6,71704.494,56
6,71710.176,56
6,71716.437,56
6,71723.321,56
6,71730.623,56
6,71737.959,56
6,71743.729,56
6,71749.611,56
6,71755.467,56
6,71764.946,56
6,71771.790,56
6,71777.601,56
6,71783.853,56
6,71789.720,56
6,71799.113,56
6,71805.947,56
6,71811.711,59
6,71817.741,59
6,71825.232,59
6,71833.961,59
6,71840.486,59
6,71846.240,59
6,71852.636,59
6,71858.319,59
6,71867.274,59
6,71872.965,59
6,71878.677,59
6,71884.661,59
6,71890.270,59
6,71897.445,59
6,71905.316,59
6,71911.974,59
6,71918.325,59
6,71925.077,59
6,71934.097,59
6,71939.934,59
6,71945.731,59
6,71951.485,59
6,71957.295,59
6,71963.549,59
6,71972.365,59
6,71978.214,63
6,71984.559,63
6,71990.256,63
6,71996.298,63
6,72004.772,63
6,72011.434,63
6,72017.746,63
6,72023.569,63
6,72029.636,63
6,72039.802,63
6,72046.179,63
6,72052.466,63
6,72058.050,63
6,72064.976,63
6,72072.673,63
6,72078.358,63
6,72084.870,63
6,72091.643,63
6,72097.588,63
6,72106.739,63
6,72112.614,63
6,72118.550,63
6,72124.055,63
6,72129.872,63
6,72138.454,63
6,72144.055,66
6,72149.964,66
6,72156.291,66
6,72162.246,66
6,72174.061,66
6,72180.845,66
6,72187.227,66
6,72193.932,66
6,72200.572,66
6,72207.406,66
6,72214.882,66
6,72220.924,66
6,72226.726,66
6,72233.227,66
6,72240.404,66
6,72246.385,66
6,72252.684,66
6,72258.672,66
6,72266.802,66
6,72274.937,66
6,72281.970,66
6,72288.537,66
6,72294.853,66
6,72300.773,66
6,72310.192,66
6,72316.211,69
6,72322.661,69
6,72328.377,69
6,72334.354,69
6,72342.686,69
6,72349.478,69
6,72355.512,69
6,72361.357,69
6,72367.811,69
6,72377.079,69
6,72383.971,69
6,72389.693,69
6,72395.447,69
6,72401.652,69
6,72410.051,69
6,72416.563,69
6,72422.856,69
6,72428.606,69
6,72434.730,69
6,72444.121,69
6,72450.916,69
6,72456.778,69
6,72462.586,69
6,72468.542,69
6,72477.433,72
6,72483.795,72
6,72489.502,72
6,72495.841,72
6,72502.217,72
6,72512.412,72
6,72519.417,72
6,72525.038,72
6,72531.455,72
6,72537.314,72
6,72547.579,72
6,72553.660,72
6,72559.330,72
6,72565.580,72
6,72571.902,72
6,72580.780,72
6,72587.064,72
6,72592.936,72
6,72599.740,72
6,72606.162,72
6,72616.816,72
6,72623.997,72
6,72629.928,72
6,72636.248,72
6,72642.546,75
6,72651.063,75
6,72656.969,75
6,72662.874,75
6,72669.299,75
6,72675.601,75
6,72683.092,75
6,72689.533,75
6,72695.604,75
6,72702.070,75
6,72708.178,75
6,72717.088,75
6,72723.218,75
6,72729.690,75
6,72736.062,75
6,72742.191,75
6,72751.597,75
6,72758.292,75
6,72764.480,75
6,72770.830,75
6,72777.304,75
6,72784.226,75
6,72790.885,75
6,72796.852,75
6,72803.156,75
6,72809.024,78
6,72818.708,78
6,72825.543,78
6,72832.558,78
6,72838.522,78
6,72844.432,78
6,72853.822,78
6,72861.530,78
6,72867.799,78
6,72874.083,78
6,72879.814,78
6,72888.710,78
6,72895.511,78
6,72901.673,78
6,72907.507,78
6,72913.576,78
6,72923.272,78
6,72929.488,78
6,72936.043,78
6,72941.705,78
6,72947.670,78
6,72956.191,78
6,72962.287,78
6,72969.611,78
6,72975.818,81
6,72981.858,81
6,72991.665,81
6,72998.417,81
6,73004.074,81
6,73009.693,81
6,73016.260,81
6,73023.033,81
6,73028.809,81
6,73035.338,81
6,73041.270,81
6,73047.178,81
6,73057.205,81
6,73062.956,81
6,73069.001,81
6,73074.568,81
6,73080.733,81
6,73090.011,81
6,73095.804,81
6,73101.876,81
6,73107.369,81
6,73113.324,81
6,73119.733,81
6,73127.993,81
6,73134.255,81
6,73140.079,84
6,73145.905,84
6,73153.089,84
6,73159.131,84
6,73165.128,84
6,73171.011,84
6,73177.164,84
6,73183.493,84
6,73191.632,84
6,73197.388,84
6,73203.187,84
6,73208.656,84
6,73214.782,84
6,73220.330,84
6,73227.816,84
6,73234.758,84
6,73240.613,84
6,73246.306,84
6,73254.134,84
6,73266.129,84
6,73272.964,84
6,73279.445,84
6,73285.991,84
6,73295.037,84
6,73301.894,84
6,73307.665,87
6,73313.573,87
6,73319.843,87
6,73328.458,87
6,73337.821,87
6,73344.496,87
6,73350.738,87
6,73356.695,87
6,73364.922,87
6,73372.710,87
6,73378.416,87
6,73385.417,87
6,73391.333,87
6,73398.337,87
6,73404.501,87
6,73410.996,87
6,73416.929,87
6,73423.468,87
6,73431.392,87
6,73437.901,87
6,73443.766,87
6,73450.068,87
6,73456.718,87
6,73465.296,87
6,73472.305,87
6,73478.036,91
6,73484.314,91
6,73490.133,91
6,73498.397,91
6,73504.503,91
6,73510.218,91
6,73516.467,91
6,73522.615,91
6,73528.482,91
6,73537.317,91
6,73543.880,91
6,73550.173,91
6,73555.877,91
6,73561.412,91
6,73569.553,91
6,73575.883,91
6,73582.589,91
6,73588.318,91
6,73594.178,91
6,73602.274,91
6,73608.337,91
6,73613.687,91
6,73620.383,91
6,73626.057,91
6,73634.996,91
6,73640.706,94
6,73647.734,94
6,73653.270,94
6,73659.129,94
6,73667.757,94
6,73673.765,94
6,73680.976,94
6,73686.835,94
6,73693.042,94
6,73702.386,94
6,73708.453,94
6,73715.035,94
6,73720.891,94
6,73726.872,94
6,73736.239,94
6,73741.843,94
6,73747.524,94
6,73753.643,94
6,73759.241,94
6,73765.787,94
6,73772.991,94
6,73780.042,94
6,73786.357,94
6,73792.245,94
6,73798.107,94
6,73806.739,94
6,73812.558,97
6,73818.700,97
6,73824.584,97
6,73830.659,97
6,73839.120,97
6,73845.369,97
6,73851.483,97
6,73857.010,97
6,73862.359,97
6,73868.399,97
6,73876.323,97
6,73882.772,97
6,73888.728,97
6,73894.257,97
6,73900.505,97
6,73907.514,97
6,73915.333,97
6,73921.469,97
6,73928.086,97
6,73934.225,97
6,73941.415,97
6,73947.523,97
6,73953.432,97
6,73959.391,97
6,73965.528,97
6,73973.716,97
6,73979.406,100
6,73985.769,100
6,73991.445,100
6,73999.563,100
6,74008.281,100
6,74013.795,100
6,74019.955,100
6,74026.139,100
6,74032.187,100
6,74042.285,100
6,74048.872,100
6,74055.558,100
6,74061.415,100
6,74067.757,100
6,74075.708,100
6,74082.224,100
6,74088.775,100
6,74095.316,100
6,74101.769,100
6,74110.408,100
6,74117.800,100
6,74124.317,100
6,74130.250,100
6,74136.507,100
6,74143.936,103
6,74150.585,103
6,74158.178,103
6,74164.117,103
6,74170.401,103
6,74180.242,103
6,74186.456,103
6,74192.627,103
6,74199.127,103
6,74205.090,103
6,74214.324,103
6,74220.387,103
6,74226.329,103
6,74232.610,103
6,74238.805,103
6,74246.243,103
6,74252.836,103
6,74259.041,103
6,74265.562,103
6,74271.658,103
6,74279.804,103
6,74286.209,103
6,74292.155,103
6,74299.941,103
6,74306.913,103
6,74314.616,106
6,74321.087,106
6,74326.908,106
6,74334.269,106
6,74341.886,106
6,74350.470,106
6,74356.075,106
6,74361.911,106
6,74368.178,106
6,74374.383,106
6,74384.124,106
6,74389.710,106
6,74395.887,106
6,74402.029,106
6,74407.556,106
6,74416.504,106
6,74422.854,106
6,74428.355,106
6,74434.474,106
6,74441.119,106
6,74450.534,106
6,74456.759,106
6,74463.277,106
6,74469.516,106
6,74475.594,109
6,74484.812,109
6,74490.683,109
6,74496.469,109
6,74502.695,109
6,74508.201,109
6,74514.892,109
6,74522.685,109
6,74528.415,109
6,74534.812,109
6,74540.596,109
6,74547.162,109
6,74556.912,109
6,74562.810,109
6,74568.986,109
6,74575.148,109
6,74581.594,109
6,74589.664,109
6,74596.410,109
6,74602.780,109
6,74609.662,109
6,74616.679,109
6,74624.732,109
6,74632.072,109
6,74639.280,109
6,74646.618,112
6,74656.488,112
6,74663.806,112
6,74670.521,112
6,74677.830,112
6,74684.580,112
6,74692.756,112
6,74698.503,112
6,74705.325,112
6,74712.200,112
6,74719.200,112
6,74726.374,112
6,74732.353,112
6,74740.365,112
6,74746.507,112
6,74756.091,112
6,74761.553,112
6,74767.518,112
6,74773.795,112
6,74779.415,112
6,74786.107,112
6,74794.847,112
6,74801.154,112
6,74807.049,116
6,74813.856,116
6,74820.076,116
6,74828.410,116
6,74834.637,116
6,74840.218,116
6,74846.118,116
6,74852.559,116
6,74860.270,116
6,74866.329,116
6,74872.285,116
6,74877.970,116
6,74884.724,116
6,74891.978,116
6,74898.095,116
6,74904.037,116
6,74910.389,116
6,74916.622,116
6,74922.595,116
6,74929.391,116
6,74935.299,116
6,74941.119,116
6,74947.703,116
6,74953.872,116
6,74961.176,116
6,74967.544,116
6,74973.304,119
6,74979.128,119
6,74985.663,119
6,74993.462,119
6,74999.526,119
6,75005.571,119
6,75011.865,119
6,75018.141,119
6,75024.446,119
6,75031.780,119
6,75038.365,119
6,75044.618,119
6,75051.107,119
6,75057.077,119
6,75064.184,119
6,75070.860,119
6,75077.388,119
6,75084.029,119
6,75090.425,119
6,75097.539,119
6,75104.367,119
6,75111.201,119
6,75117.581,119
6,75123.645,119
6,75131.094,119
6,75137.264,119
6,75143.385,122
6,75149.981,122
6,75156.764,122
6,75164.333,122
6,75172.061,122
6,75177.869,122
6,75184.467,122
6,75190.708,122
6,75198.657,122
6,75205.033,122
6,75210.950,122
6,75217.711,122
6,75223.475,122
6,75229.550,122
6,75237.882,122
6,75244.863,122
6,75253.360,122
6,75259.616,122
6,75268.068,122
6,75275.049,122
6,75282.609,122
6,75289.783,122
6,75300.187,122
6,75307.296,125
6,75313.297,125
6,75319.865,125
6,75326.469,125
6,75334.821,125
6,75341.824,125
6,75349.847,125
6,75357.511,125
6,75364.824,125
6,75372.401,125
6,75378.120,125
6,75384.423,125
6,75390.192,125
6,75396.112,125
6,75405.220,125
6,75411.086,125
6,75417.348,125
6,75422.790,125
6,75428.503,125
6,75437.042,125
6,75443.364,125
6,75449.481,125
6,75455.721,125
6,75461.342,125
6,75470.242,125
6,75476.024,128
6,75482.492,128
6,75488.349,128
6,75494.129,128
6,75504.173,128
6,75510.204,128
6,75516.585,128
6,75523.135,128
6,75529.122,128
6,75538.901,128
6,75544.827,128
6,75551.153,128
6,75558.305,128
6,75564.282,128
6,75573.920,128
6,75579.774,128
6,75586.398,128
6,75592.245,128
6,75598.154,128
6,75608.268,128
6,75614.770,128
6,75621.132,128
6,75627.257,128
6,75633.932,128
6,75641.511,128
6,75647.683,131
6,75653.977,131
6,75660.125,131
6,75667.121,131
6,75674.586,131
6,75680.692,131
6,75687.038,131
6,75694.016,131
6,75700.152,131
6,75707.765,131
6,75713.686,131
6,75719.991,131
6,75725.993,131
6,75732.236,131
6,75741.645,131
6,75748.270,131
6,75754.876,131
6,75762.007,131
6,75768.806,131
6,75777.706,131
6,75784.820,131
6,75792.874,131
6,75799.137,131
6,75805.094,131
6,75812.807,134
6,75819.638,134
6,75825.556,134
6,75831.747,134
6,75837.589,134
6,75846.175,134
6,75852.529,134
6,75860.341,134
6,75866.533,134
6,75872.640,134
6,75881.306,134
6,75887.629,134
6,75893.607,134
6,75899.786,134
6,75905.632,134
6,75914.112,134
6,75920.537,134
6,75926.496,134
6,75932.830,134
6,75939.098,134
6,75947.408,134
6,75953.868,134
6,75959.695,134
6,75965.657,134
6,75971.387,134
6,75982.441,137
6,75991.496,137
6,75998.735,137
6,76004.875,137
6,76012.982,137
6,76019.866,137
6,76025.764,137
6,76031.829,137
6,76037.801,137
6,76043.685,137
6,76052.799,137
6,76058.753,137
6,76065.115,137
6,76070.944,137
6,76076.731,137
6,76085.064,137
6,76090.501,137
6,76096.333,137
6,76102.664,137
6,76108.519,137
6,76117.594,137
6,76123.704,137
6,76129.862,137
6,76135.920,137
6,76141.988,140
6,76150.175,140
6,76156.293,140
6,76162.783,140
6,76168.904,140
6,76174.606,140
6,76184.675,140
6,76190.564,140
6,76196.033,140
6,76202.339,140
6,76208.159,140
6,76218.537,140
6,76224.247,140
6,76230.332,140
6,76236.412,140
6,76243.031,140
6,76249.235,140
6,76256.755,140
6,76262.234,140
6,76268.433,140
6,76274.387,140
6,76280.201,140
6,76289.556,140
6,76295.476,140
6,76301.834,140
6,76307.357,144
6,76314.302,144
6,76321.650,144
6,76327.606,144
6,76333.751,144
6,76339.253,144
6,76344.985,144
6,76354.447,144
6,76360.149,144
6,76366.442,144
6,76372.334,144
6,76377.832,144
6,76384.150,144
6,76391.142,144
6,76397.522,144
6,76403.454,144
6,76409.563,144
6,76415.843,144
6,76422.871,144
6,76428.474,144
6,76434.610,144
6,76439.801,144
6,76445.710,144
6,76451.909,144
6,76459.020,144
6,76466.110,144
6,76471.831,144
6,76477.825,147
6,76483.490,147
6,76491.996,147
6,76498.051,147
6,76503.496,147
6,76509.282,147
6,76515.916,147
6,76523.993,147
6,76529.433,147
6,76535.684,147
6,76541.380,147
6,76547.535,147
6,76553.232,147
6,76560.310,147
6,76566.537,147
6,76572.532,147
6,76579.026,147
6,76586.095,147
6,76593.659,147
6,76599.987,147
6,76605.924,147
6,76611.996,147
6,76619.569,147
6,76627.333,147
6,76633.810,147
6,76639.651,150
6,76646.152,150
6,76652.404,150
6,76659.754,150
6,76665.749,150
6,76672.248,150
6,76678.873,150
6,76685.319,150
6,76693.031,150
6,76699.313,150
6,76705.574,150
6,76711.525,150
6,76717.786,150
6,76723.970,150
6,76731.953,150
6,76738.485,150
6,76744.040,150
6,76750.171,150
6,76756.468,150
6,76764.092,150
6,76770.835,150
6,76776.984,150
6,76782.686,150
6,76789.198,150
6,76797.183,150
6,76803.621,150
6,76810.239,153
6,76816.250,153
6,76822.546,153
6,76829.982,153
6,76836.560,153
6,76842.672,153
6,76849.827,153
6,76856.208,153
6,76864.336,153
6,76871.696,153
6,76877.467,153
6,76883.490,153
6,76889.850,153
6,76898.164,153
6,76904.204,153
6,76910.237,153
6,76916.480,153
6,76922.848,153
6,76933.751,153
6,76939.879,153
6,76946.030,153
6,76954.813,153
6,76960.855,153
6,76969.278,153
6,76975.822,156
6,76981.982,156
6,76988.472,156
6,76994.988,156
6,77002.678,156
6,77008.911,156
6,77015.317,156
6,77021.253,156
6,77027.685,156
6,77035.765,156
6,77041.442,156
6,77047.118,156
6,77053.095,156
6,77058.557,156
6,77064.362,156
6,77072.581,156
6,77078.866,156
6,77084.890,156
6,77090.613,156
6,77096.478,156
6,77104.465,156
6,77109.970,156
6,77115.571,156
6,77121.825,156
6,77127.763,156
6,77135.873,156
6,77141.145,159
6,77146.663,159
6,77152.545,159
6,77158.278,159
6,77164.070,159
6,77173.958,159
6,77180.542,159
6,77186.504,159
6,77192.619,159
6,77198.034,159
6,77206.809,159
6,77212.594,159
6,77218.622,159
6,77224.294,159
6,77229.850,159
6,77238.385,159
6,77243.696,159
6,77250.494,159
6,77256.339,159
6,77261.864,159
6,77268.203,159
6,77275.764,159
6,77281.716,159
6,77287.981,159
6,77294.736,159
6,77300.941,159
6,77308.839,159
6,77314.354,162
6,77320.616,162
6,77326.846,162
6,77332.860,162
6,77340.107,162
6,77345.744,162
6,77351.781,162
6,77357.475,162
6,77364.675,162
6,77374.087,162
6,77380.861,162
6,77387.075,162
6,77392.986,162
6,77399.409,162
6,77406.926,162
6,77413.421,162
6,77419.492,162
6,77425.022,162
6,77431.642,162
6,77437.719,162
6,77446.195,162
6,77453.507,162
6,77459.419,162
6,77465.688,162
6,77471.752,162
6,77480.556,165
6,77486.918,165
6,77492.913,165
6,77499.486,165
6,77505.753,165
6,77513.490,165
6,77519.886,165
6,77525.678,165
6,77531.920,165
6,77537.824,165
6,77547.591,165
6,77553.920,165
6,77561.642,165
6,77568.022,165
6,77573.959,165
6,77581.529,165
6,77587.858,165
6,77593.783,165
6,77600.086,165
6,77606.411,165
6,77613.343,165
6,77619.461,165
6,77625.136,165
6,77631.982,165
6,77638.006,165
6,77646.634,169
6,77652.899,169
6,77658.609,169
6,77665.005,169
6,77670.917,169
6,77680.441,169
6,77687.446,169
6,77693.356,169
6,77699.404,169
6,77705.355,169
6,77714.959,169
6,77722.066,169
6,77728.423,169
6,77734.689,169
6,77740.634,169
6,77747.489,169
6,77753.789,169
6,77759.512,169
6,77765.782,169
6,77771.512,169
6,77777.388,169
6,77786.023,169
6,77792.013,169
6,77798.822,169
6,77804.794,169
6,77810.492,172
6,77818.911,172
6,77824.645,172
6,77831.607,172
6,77837.293,172
6,77842.968,172
6,77852.082,172
6,77857.707,172
6,77864.308,172
6,77870.112,172
6,77876.014,172
6,77885.634,172
6,77891.869,172
6,77898.495,172
6,77904.300,172
6,77909.970,172
6,77921.119,172
6,77927.172,172
6,77933.601,172
6,77940.428,172
6,77946.222,172
6,77954.936,172
6,77960.869,172
6,77967.059,172
6,77972.737,175
6,77978.724,175
6,77988.450,175
6,77995.330,175
6,78001.495,175
6,78007.093,175
6,78013.084,175
6,78022.210,175
6,78028.347,175
6,78034.450,175
6,78040.161,175
6,78046.169,175
6,78055.950,175
6,78062.794,175
6,78068.831,175
6,78074.445,175
6,78080.704,175
6,78087.818,175
6,78093.549,175
6,78099.784,175
6,78106.041,175
6,78111.873,175
6,78121.572,175
6,78127.477,175
6,78133.636,175
6,78140.061,178
6,78146.468,178
6,78152.935,178
6,78160.171,178
6,78166.330,178
6,78172.296,178
6,78178.112,178
6,78184.062,178
6,78192.250,178
6,78198.587,178
6,78204.665,178
6,78210.446,178
6,78216.756,178
6,78224.215,178
6,78229.742,178
6,78236.020,178
6,78241.792,178
6,78248.331,178
6,78254.146,178
6,78262.893,178
6,78268.985,178
6,78274.863,178
6,78280.806,178
6,78286.695,178
6,78294.348,178
6,78301.187,178
6,78307.063,180
6,78312.754,180
6,78319.033,180
6,78326.724,180
6,78333.608,180
6,78339.258,180
6,78345.787,180
6,78353.468,180
6,78361.996,180
6,78368.274,180
6,78374.094,180
6,78379.880,180
6,78386.135,180
6,78394.135,180
6,78400.624,180
6,78406.419,180
6,78412.360,180
6,78418.260,180
6,78427.078,180
6,78433.318,180
6,78439.042,180
6,78444.573,180
6,78450.358,180
6,78456.920,180
6,78466.219,180
6,78472.261,180
7,78478.257,0
7,78484.764,0
7,78490.668,0
7,78498.157,0
7,78503.742,0
7,78509.251,0
7,78515.925,0
7,78521.734,0
7,78529.523,0
7,78535.854,0
7,78542.880,0
7,78548.766,0
7,78554.405,0
7,78560.168,0
7,78568.797,0
7,78574.843,0
7,78581.087,0
7,78586.606,0
7,78592.379,0
7,78600.454,0
7,78606.775,0
7,78612.878,0
7,78619.042,0
7,78624.783,0
7,78632.940,0
7,78638.722,0
7,78644.390,0
7,78650.805,0
7,78656.510,0
7,78666.196,0
7,78671.869,0
7,78677.296,0
7,78683.313,0
7,78689.470,0
7,78695.037,0
7,78703.649,0
7,78709.474,0
7,78716.252,0
7,78722.484,0
7,78728.050,0
7,78737.464,0
7,78743.847,0
7,78750.092,0
7,78756.029,0
7,78763.399,0
7,78771.265,0
7,78777.762,0
7,78784.170,0
7,78790.898,0
7,78797.577,0
7,78805.631,0
7,78811.310,3
7,78817.468,3
7,78823.341,3
7,78829.173,3
7,78837.385,3
7,78843.778,3
7,78850.058,3
7,78856.803,3
7,78862.677,3
7,78871.018,3
7,78876.882,3
7,78882.851,3
7,78888.757,3
7,78894.442,3
7,78903.062,3
7,78910.020,3
7,78916.304,3
7,78922.146,3
7,78928.079,3
7,78934.109,3
7,78941.299,3
7,78947.026,3
7,78953.056,3
7,78959.295,3
7,78965.351,3
7,78972.264,3
7,78978.180,6
7,78984.212,6
7,78990.851,6
7,78997.504,6
7,79006.588,6
7,79012.258,6
7,79018.195,6
7,79023.780,6
7,79029.296,6
7,79035.462,6
7,79043.213,6
7,79050.358,6
7,79056.513,6
7,79063.073,6
7,79069.322,6
7,79076.596,6
7,79082.906,6
7,79088.705,6
7,79093.984,6
7,79100.517,6
7,79107.834,6
7,79113.359,6
7,79121.127,6
7,79127.370,6
7,79133.561,6
7,79141.684,6
7,79147.481,10
7,79153.904,10
7,79159.950,10
7,79166.441,10
7,79175.111,10
7,79180.860,10
7,79186.968,10
7,79192.564,10
7,79198.465,10
7,79204.226,10
7,79211.794,10
7,79217.960,10
7,79224.888,10
7,79231.545,10
7,79237.461,10
7,79245.815,10
7,79251.962,10
7,79257.911,10
7,79264.806,10
7,79270.537,10
7,79278.207,10
7,79284.734,10
7,79290.422,10
7,79296.310,10
7,79302.472,10
7,79311.582,13
7,79318.140,13
7,79323.588,13
7,79330.488,13
7,79336.752,13
7,79342.884,13
7,79351.407,13
7,79357.436,13
7,79363.302,13
7,79369.445,13
7,79375.245,13
7,79383.382,13
7,79389.485,13
7,79396.011,13
7,79402.145,13
7,79407.805,13
7,79415.186,13
7,79422.090,13
7,79428.034,13
7,79434.433,13
7,79440.458,13
7,79447.755,13
7,79453.845,13
7,79462.150,13
7,79468.570,13
7,79475.564,16
7,79484.106,16
7,79490.102,16
7,79496.022,16
7,79502.324,16
7,79509.268,16
7,79516.878,16
7,79523.065,16
7,79529.090,16
7,79535.325,16
7,79541.702,16
7,79552.173,16
7,79560.100,16
7,79566.989,16
7,79573.033,16
7,79579.072,16
7,79587.323,16
7,79593.384,16
7,79600.587,16
7,79606.307,16
7,79612.278,16
7,79620.689,16
7,79626.402,16
7,79632.668,16
7,79638.473,16
7,79644.391,19
7,79653.461,19
7,79659.151,19
7,79665.269,19
7,79671.488,19
7,79677.507,19
7,79686.395,19
7,79693.244,19
7,79700.642,19
7,79706.370,19
7,79712.196,19
7,79720.814,19
7,79726.740,19
7,79733.016,19
7,79738.748,19
7,79744.568,19
7,79756.028,19
7,79763.258,19
7,79770.265,19
7,79776.243,19
7,79782.800,19
7,79791.701,19
7,79797.792,19
7,79804.272,19
7,79810.534,22
7,79818.451,22
7,79825.930,22
7,79833.306,22
7,79839.989,22
7,79846.496,22
7,79856.756,22
7,79864.039,22
7,79870.323,22
7,79876.428,22
7,79882.962,22
7,79891.225,22
7,79897.282,22
7,79903.509,22
7,79909.080,22
7,79915.018,22
7,79926.341,22
7,79932.505,22
7,79938.943,22
7,79945.031,22
7,79951.534,22
7,79960.635,22
7,79967.888,22
7,79974.039,25
7,79980.648,25
7,79987.663,25
7,79995.447,25
7,80002.429,25
7,80009.910,25
7,80016.401,25
7,80024.004,25
7,80031.986,25
7,80038.610,25
7,80045.003,25
7,80052.048,25
7,80060.748,25
7,80068.666,25
7,80074.604,25
7,80080.730,25
7,80087.269,25
7,80094.737,25
7,80101.347,25
7,80107.395,25
7,80114.461,25
7,80122.050,25
7,80129.574,25
7,80136.015,25
7,80142.768,28
7,80151.071,28
7,80158.001,28
7,80167.206,28
7,80173.733,28
7,80179.902,28
7,80186.621,28
7,80195.238,28
7,80201.673,28
7,80207.646,28
7,80213.613,28
7,80219.818,28
7,80226.435,28
7,80235.117,28
7,80241.110,28
7,80246.898,28
7,80253.205,28
7,80260.141,28
7,80269.164,28
7,80275.012,28
7,80280.867,28
7,80287.335,28
7,80293.275,28
7,80301.088,28
7,80308.120,31
7,80314.001,31
7,80320.267,31
7,80326.247,31
7,80334.949,31
7,80341.610,31
7,80348.221,31
7,80354.914,31
7,80361.717,31
7,80370.267,31
7,80376.683,31
7,80383.137,31
7,80389.238,31
7,80395.173,31
7,80404.520,31
7,80411.760,31
7,80418.231,31
7,80425.167,31
7,80436.967,31
7,80442.815,31
7,80450.163,31
7,80457.215,31
7,80464.023,31
7,80471.213,31
7,80477.342,35
7,80483.579,35
7,80489.640,35
7,80496.879,35
7,80505.552,35
7,80511.430,35
7,80518.115,35
7,80524.062,35
7,80530.764,35
7,80540.057,35
7,80546.124,35
7,80552.153,35
7,80558.053,35
7,80564.401,35
7,80574.186,35
7,80580.542,35
7,80586.995,35
7,80593.527,35
7,80600.664,35
7,80608.763,35
7,80615.471,35
7,80621.802,35
7,80627.775,35
7,80634.080,35
7,80641.895,35
7,80647.977,38
7,80654.331,38
7,80660.336,38
7,80666.603,38
7,80677.040,38
7,80683.022,38
7,80690.472,38
7,80697.217,38
7,80706.553,38
7,80713.799,38
7,80720.115,38
7,80727.119,38
7,80733.446,38
7,80741.902,38
7,80748.386,38
7,80754.478,38
7,80760.413,38
7,80767.190,38
7,80774.895,38
7,80781.265,38
7,80787.678,38
7,80795.096,38
7,80801.413,38
7,80809.659,38
7,80815.695,41
7,80822.302,41
7,80828.530,41
7,80835.122,41
7,80843.246,41
7,80850.011,41
7,80855.999,41
7,80862.117,41
7,80868.748,41
7,80877.892,41
7,80884.373,41
7,80890.372,41
7,80896.207,41
7,80902.473,41
7,80912.517,41
7,80923.154,41
7,80929.299,41
7,80935.342,41
7,80944.959,41
7,80951.671,41
7,80957.540,41
7,80963.396,41
7,80969.789,41
7,80978.137,44
7,80984.922,44
7,80990.728,44
7,80997.687,44
7,81003.951,44
7,81012.601,44
7,81018.810,44
7,81024.690,44
7,81031.146,44
7,81037.553,44
7,81046.004,44
7,81053.256,44
7,81059.496,44
7,81066.021,44
7,81071.983,44
7,81080.208,44
7,81086.511,44
7,81092.454,44
7,81098.310,44
7,81104.278,44
7,81111.032,44
7,81119.156,44
7,81125.304,44
7,81131.377,44
7,81137.569,44
7,81143.075,47
7,81151.298,47
7,81157.273,47
7,81162.924,47
7,81169.189,47
7,81175.115,47
7,81182.202,47
7,81188.558,47
7,81194.046,47
7,81199.578,47
7,81205.740,47
7,81211.719,47
7,81220.511,47
7,81226.763,47
7,81233.123,47
7,81239.979,47
7,81248.840,47
7,81255.212,47
7,81261.217,47
7,81267.249,47
7,81273.152,47
7,81279.480,47
7,81287.276,47
7,81293.495,47
7,81300.047,47
7,81305.874,50
7,81311.621,50
7,81321.136,50
7,81326.900,50
7,81333.830,50
7,81340.016,50
7,81345.705,50
7,81354.083,50
7,81359.959,50
7,81366.207,50
7,81372.009,50
7,81377.588,50
7,81386.585,50
7,81393.027,50
7,81399.003,50
7,81404.748,50
7,81410.504,50
7,81420.759,50
7,81427.116,50
7,81433.170,50
7,81439.359,50
7,81445.310,50
7,81453.908,50
7,81459.679,50
7,81465.564,50
7,81471.568,50
7,81477.907,53
7,81484.066,53
7,81491.186,53
7,81498.583,53
7,81504.676,53
7,81510.365,53
7,81516.319,53
7,81523.579,53
7,81529.344,53
7,81535.610,53
7,81541.113,53
7,81548.010,53
7,81555.950,53
7,81562.079,53
7,81568.339,53
7,81574.550,53
7,81580.858,53
7,81589.662,53
7,81595.427,53
7,81601.892,53
7,81607.853,53
7,81613.727,53
7,81620.007,53
7,81628.193,53
7,81635.087,53
7,81641.103,56
7,81647.454,56
7,81653.308,56
7,81660.939,56
7,81666.939,56
7,81673.063,56
7,81678.912,56
7,81686.558,56
7,81693.586,56
7,81699.889,56
7,81705.913,56
7,81711.746,56
7,81717.878,56
7,81725.498,56
7,81732.310,56
7,81738.325,56
7,81745.584,56
7,81751.833,56
7,81759.646,56
7,81766.039,56
7,81773.932,56
7,81780.079,56
7,81786.330,56
7,81793.976,56
7,81800.748,56
7,81806.980,59
7,81813.562,59
7,81819.699,59
7,81827.599,59
7,81833.573,59
7,81839.983,59
7,81845.836,59
7,81851.995,59
7,81857.815,59
7,81865.348,59
7,81871.694,59
7,81877.367,59
7,81883.620,59
7,81889.755,59
7,81897.062,59
7,81903.067,59
7,81908.711,59
7,81914.820,59
7,81921.583,59
7,81929.561,59
7,81936.818,59
7,81942.789,59
7,81948.859,59
7,81954.744,59
7,81960.312,59
7,81968.512,59
7,81974.475,63
7,81981.659,63
7,81987.412,63
7,81993.847,63
7,82002.229,63
7,82007.870,63
7,82013.456,63
7,82019.734,63
7,82026.156,63
7,82033.483,63
7,82040.240,63
7,82046.071,63
7,82052.395,63
7,82057.850,63
7,82065.720,63
7,82072.164,63
7,82079.111,63
7,82086.127,63
7,82092.408,63
7,82102.630,63
7,82110.056,63
7,82116.248,63
7,82122.126,63
7,82127.717,63
7,82135.886,63
7,82141.545,66
7,82148.292,66
7,82154.040,66
7,82159.925,66
7,82169.778,66
7,82175.807,66
7,82183.498,66
7,82189.654,66
7,82195.359,66
7,82203.821,66
7,82210.783,66
7,82217.122,66
7,82223.012,66
7,82229.211,66
7,82238.304,66
7,82245.107,66
7,82251.217,66
7,82257.112,66
7,82262.899,66
7,82271.582,66
7,82277.203,66
7,82283.849,66
7,82290.041,66
7,82295.804,66
7,82304.870,66
7,82311.479,69
7,82317.737,69
7,82324.015,69
7,82329.810,69
7,82338.640,69
7,82344.290,69
7,82350.490,69
7,82356.359,69
7,82362.697,69
7,82372.692,69
7,82378.983,69
7,82385.079,69
7,82391.037,69
7,82396.857,69
7,82406.596,69
7,82413.270,69
7,82420.130,69
7,82425.902,69
7,82431.943,69
7,82440.934,69
7,82447.776,69
7,82454.115,69
7,82460.326,69
7,82465.986,69
7,82475.549,69
7,82481.311,72
7,82487.393,72
7,82493.176,72
7,82499.441,72
7,82507.629,72
7,82513.469,72
7,82520.267,72
7,82526.157,72
7,82531.998,72
7,82542.031,72
7,82550.027,72
7,82555.862,72
7,82561.356,72
7,82567.311,72
7,82576.491,72
7,82582.444,72
7,82588.210,72
7,82594.876,72
7,82600.976,72
7,82609.983,72
7,82616.109,72
7,82622.096,72
7,82627.696,72
7,82633.811,72
7,82644.603,75
7,82650.556,75
7,82656.576,75
7,82663.690,75
7,82670.078,75
7,82677.626,75
7,82683.995,75
7,82689.719,75
7,82696.052,75
7,82702.326,75
7,82708.139,75
7,82716.757,75
7,82722.919,75
7,82729.535,75
7,82736.490,75
7,82746.267,75
7,82752.871,75
7,82758.673,75
7,82765.063,75
7,82771.621,75
7,82781.017,75
7,82789.756,75
7,82795.749,75
7,82802.105,75
7,82809.044,78
7,82816.942,78
7,82824.365,78
7,82832.246,78
7,82838.301,78
7,82847.433,78
7,82854.660,78
7,82860.476,78
7,82866.872,78
7,82873.121,78
7,82882.873,78
7,82889.622,78
7,82895.834,78
7,82902.177,78
7,82908.115,78
7,82917.394,78
7,82924.455,78
7,82931.010,78
7,82937.008,78
7,82943.371,78
7,82950.642,78
7,82957.425,78
7,82964.733,78
7,82970.553,78
7,82977.483,81
7,82987.246,81
7,82994.906,81
7,83001.510,81
7,83007.809,81
7,83014.653,81
7,83022.064,81
7,83028.076,81
7,83034.668,81
7,83040.591,81
7,83046.670,81
7,83058.027,81
7,83063.910,81
7,83070.301,81
7,83076.717,81
7,83086.650,81
7,83092.604,81
7,83099.446,81
7,83105.824,81
7,83111.679,81
7,83121.527,81
7,83127.780,81
7,83134.533,81
7,83141.679,84
7,83148.622,84
7,83158.592,84
7,83165.071,84
7,83171.670,84
7,83177.951,84
7,83189.178,84
7,83196.071,84
7,83202.357,84
7,83209.153,84
7,83215.363,84
7,83224.757,84
7,83230.777,84
7,83237.411,84
7,83244.532,84
7,83251.685,84
7,83259.758,84
7,83266.225,84
7,83272.767,84
7,83278.641,84
7,83285.051,84
7,83292.710,84
7,83299.084,84
7,83305.166,84
7,83311.824,87
7,83318.578,87
7,83326.695,87
7,83333.310,87
7,83341.276,87
7,83347.727,87
7,83353.915,87
7,83360.954,87
7,83367.169,87
7,83372.766,87
7,83379.954,87
7,83386.418,87
7,83393.685,87
7,83399.738,87
7,83405.944,87
7,83411.430,87
7,83417.640,87
7,83426.390,87
7,83432.775,87
7,83439.476,87
7,83445.159,87
7,83451.315,87
7,83460.545,87
7,83466.850,87
7,83472.855,91
7,83479.121,91
7,83486.270,91
7,83494.928,91
7,83501.104,91
7,83506.874,91
7,83512.511,91
7,83518.823,91
7,83527.163,91
7,83533.253,91
7,83538.906,91
7,83544.686,91
7,83551.135,91
7,83557.026,91
7,83563.949,91
7,83571.174,91
7,83577.045,91
7,83583.116,91
7,83590.464,91
7,83599.487,91
7,83605.653,91
7,83612.052,91
7,83618.112,91
7,83623.915,91
7,83631.128,91
7,83637.276,91
7,83643.627,94
7,83651.489,94
7,83657.244,94
7,83665.271,94
7,83670.845,94
7,83676.633,94
7,83682.720,94
7,83688.405,94
7,83697.567,94
7,83703.718,94
7,83709.527,94
7,83715.901,94
7,83721.524,94
7,83727.384,94
7,83735.560,94
7,83741.056,94
7,83747.106,94
7,83752.942,94
7,83759.613,94
7,83768.234,94
7,83774.205,94
7,83780.329,94
7,83786.490,94
7,83793.283,94
7,83801.465,94
7,83807.111,97
7,83813.877,97
7,83819.752,97
7,83825.591,97
7,83834.001,97
7,83839.853,97
7,83845.486,97
7,83852.168,97
7,83857.986,97
7,83864.913,97
7,83872.585,97
7,83878.424,97
7,83884.530,97
7,83889.989,97
7,83895.510,97
7,83903.929,97
7,83910.104,97
7,83916.545,97
7,83922.502,97
7,83928.641,97
7,83937.302,97
7,83943.170,97
7,83950.417,97
7,83956.725,97
7,83962.732,97
7,83971.339,97
7,83977.065,100
7,83983.268,100
7,83989.057,100
7,83994.863,100
7,84004.564,100
7,84011.070,100
7,84017.451,100
7,84023.697,100
7,84029.738,100
7,84038.655,100
7,84044.454,100
7,84050.906,100
7,84056.589,100
7,84063.016,100
7,84072.055,100
7,84078.551,100
7,84084.802,100
7,84090.895,100
7,84096.816,100
7,84103.024,100
7,84110.962,100
7,84117.420,100
7,84123.547,100
7,84129.891,100
7,84136.257,100
7,84144.155,100
7,84150.558,103
7,84157.968,103
7,84164.280,103
7,84170.305,103
7,84177.936,103
7,84184.153,103
7,84190.136,103
7,84196.716,103
7,84203.090,103
7,84210.373,103
7,84216.652,103
7,84223.452,103
7,84229.344,103
7,84235.957,103
7,84243.451,103
7,84249.506,103
7,84255.623,103
7,84261.394,103
7,84267.510,103
7,84277.406,103
7,84283.859,103
7,84289.895,103
7,84295.735,103
7,84302.173,103
7,84311.193,103
7,84318.313,106
7,84324.346,106
7,84331.635,106
7,84337.848,106
7,84345.867,106
7,84354.166,106
7,84359.906,106
7,84367.054,106
7,84373.025,106
7,84380.024,106
7,84387.425,106
7,84393.253,106
7,84399.784,106
7,84405.872,106
7,84413.427,106
7,84419.428,106
7,84425.220,106
7,84431.452,106
7,84437.111,106
7,84445.066,106
7,84451.458,106
7,84457.261,106
7,84462.831,106
7,84469.060,106
7,84474.842,109
7,84483.219,109
7,84489.302,109
7,84495.186,109
7,84501.217,109
7,84506.862,109
7,84514.968,109
7,84521.093,109
7,84526.851,109
7,84533.259,109
7,84541.391,109
7,84551.675,109
7,84557.877,109
7,84563.845,109
7,84570.429,109
7,84576.870,109
7,84585.356,109
7,84591.136,109
7,84596.925,109
7,84603.130,109
7,84609.590,109
7,84618.030,109
7,84624.325,109
7,84630.564,109
7,84637.335,109
7,84644.725,112
7,84653.376,112
7,84660.451,112
7,84668.036,112
7,84674.980,112
7,84686.085,112
7,84693.758,112
7,84700.327,112
7,84706.832,112
7,84712.907,112
7,84722.939,112
7,84728.958,112
7,84735.099,112
7,84741.533,112
7,84747.734,112
7,84757.323,112
7,84764.405,112
7,84770.926,112
7,84779.982,112
7,84788.076,112
7,84794.905,112
7,84801.476,112
7,84808.296,116
7,84816.821,116
7,84824.684,116
7,84831.241,116
7,84837.988,116
7,84844.724,116
7,84851.571,116
7,84859.752,116
7,84866.472,116
7,84872.802,116
7,84879.850,116
7,84889.475,116
7,84896.421,116
7,84903.376,116
7,84910.683,116
7,84917.326,116
7,84925.926,116
7,84933.032,116
7,84940.295,116
7,84946.139,116
7,84952.919,116
7,84961.259,116
7,84967.692,116
7,84973.539,119
7,84980.178,119
7,84987.643,119
7,84994.916,119
7,85001.270,119
7,85006.979,119
7,85012.888,119
7,85019.356,119
7,85029.181,119
7,85036.127,119
7,85042.337,119
7,85048.667,119
7,85055.781,119
7,85063.472,119
7,85069.866,119
7,85075.575,119
7,85081.952,119
7,85087.863,119
7,85095.806,119
7,85102.041,119
7,85108.063,119
7,85115.514,119
7,85122.682,119
7,85129.485,119
7,85135.393,119
7,85140.974,122
7,85147.044,122
7,85152.921,122
7,85161.912,122
7,85168.594,122
7,85176.752,122
7,85182.729,122
7,85189.060,122
7,85198.140,122
7,85204.068,122
7,85210.397,122
7,85216.827,122
7,85223.398,122
7,85230.523,122
7,85236.949,122
7,85244.102,122
7,85251.120,122
7,85258.126,122
7,85264.932,122
7,85271.236,122
7,85277.550,122
7,85285.321,122
7,85291.757,122
7,85298.898,122
7,85305.562,122
7,85312.445,125
7,85318.902,125
7,85325.154,125
7,85332.647,125
7,85339.399,125
7,85345.069,125
7,85351.530,125
7,85358.755,125
7,85366.388,125
7,85374.827,125
7,85381.727,125
7,85389.139,125
7,85399.969,125
7,85407.145,125
7,85414.471,125
7,85421.198,125
7,85428.005,125
7,85437.339,125
7,85444.629,125
7,85450.998,125
7,85458.454,125
7,85467.965,125
7,85473.823,128
7,85480.487,128
7,85487.067,128
7,85494.471,128
7,85501.870,128
7,85507.549,128
7,85513.358,128
7,85519.782,128
7,85525.252,128
7,85532.990,128
7,85539.181,128
7,85544.877,128
7,85551.134,128
7,85556.720,128
7,85562.449,128
7,85570.947,128
7,85576.787,128
7,85582.937,128
7,85590.153,128
7,85596.052,128
7,85604.087,128
7,85609.794,128
7,85615.705,128
7,85621.791,128
7,85627.527,128
7,85635.875,128
7,85641.364,131
7,85646.859,131
7,85652.793,131
7,85658.175,131
7,85664.867,131
7,85671.833,131
7,85677.360,131
7,85683.315,131
7,85689.205,131
7,85694.669,131
7,85703.844,131
7,85710.596,131
7,85716.705,131
7,85723.011,131
7,85729.349,131
7,85737.447,131
7,85742.769,131
7,85748.514,131
7,85754.533,131
7,85761.885,131
7,85767.855,131
7,85775.802,131
7,85781.936,131
7,85790.501,131
7,85796.813,131
7,85805.744,131
7,85812.207,134
7,85818.082,134
7,85823.753,134
7,85829.335,134
7,85835.366,134
7,85843.235,134
7,85850.080,134
7,85856.615,134
7,85862.275,134
7,85868.424,134
7,85876.401,134
7,85882.077,134
7,85887.498,134
7,85894.096,134
7,85900.179,134
7,85907.806,134
7,85913.737,134
7,85919.910,134
7,85925.586,134
7,85932.055,134
7,85937.824,134
7,85945.916,134
7,85952.700,134
7,85958.226,134
7,85963.640,134
7,85969.608,134
7,85976.948,134
7,85983.155,137
7,85988.926,137
7,85994.515,137
7,86000.768,137
7,86009.481,137
7,86015.051,137
7,86021.047,137
7,86026.437,137
7,86032.889,137
7,86038.364,137
7,86045.949,137
7,86051.964,137
7,86057.583,137
7,86062.903,137
7,86068.649,137
7,86074.386,137
7,86082.521,137
7,86088.091,137
7,86093.382,137
7,86099.230,137
7,86104.367,137
7,86112.239,137
7,86118.148,137
7,86123.908,137
7,86129.919,137
7,86136.255,137
7,86144.903,140
7,86151.380,140
7,86157.092,140
7,86162.648,140
7,86168.871,140
7,86174.453,140
7,86181.073,140
7,86186.973,140
7,86192.726,140
7,86199.005,140
7,86204.271,140
7,86213.731,140
7,86219.553,140
7,86225.110,140
7,86231.206,140
7,86236.333,140
7,86242.076,140
7,86251.095,140
7,86256.706,140
7,86263.461,140
7,86269.473,140
7,86276.294,140
7,86284.244,140
7,86289.855,140
7,86295.751,140
7,86301.702,140
7,86307.141,144
7,86315.918,144
7,86321.559,144
7,86326.897,144
7,86332.761,144
7,86338.209,144
7,86344.291,144
7,86352.679,144
7,86358.423,144
7,86364.441,144
7,86369.904,144
7,86375.719,144
7,86384.920,144
7,86390.292,144
7,86395.765,144
7,86401.527,144
7,86406.960,144
7,86413.222,144
7,86420.269,144
7,86426.618,144
7,86432.761,144
7,86438.166,144
7,86443.541,144
7,86451.932,144
7,86457.529,144
7,86463.706,144
7,86469.002,144
7,86474.628,147
7,86480.997,147
7,86488.118,147
7,86493.680,147
7,86500.534,147
7,86506.295,147
7,86514.207,147
7,86523.860,147
7,86529.625,147
7,86535.895,147
7,86541.608,147
7,86547.650,147
7,86554.440,147
7,86561.264,147
7,86567.548,147
7,86572.798,147
7,86578.571,147
7,86584.629,147
7,86591.382,147
7,86597.453,147
7,86602.845,147
7,86608.178,147
7,86615.070,147
7,86622.328,147
7,86628.863,147
7,86636.904,147
7,86642.750,150
7,86648.988,150
7,86656.343,150
7,86661.968,150
7,86668.182,150
7,86673.801,150
7,86680.391,150
7,86685.858,150
7,86693.465,150
7,86698.938,150
7,86704.073,150
7,86710.533,150
7,86716.474,150
7,86723.523,150
7,86728.974,150
7,86735.202,150
7,86744.903,150
7,86753.033,150
7,86760.382,150
7,86766.491,150
7,86772.654,150
7,86778.337,150
7,86784.501,150
7,86792.548,150
7,86799.419,150
7,86806.034,153
7,86812.585,153
7,86819.117,153
7,86826.961,153
7,86833.369,153
7,86839.346,153
7,86844.768,153
7,86850.932,153
7,86858.943,153
7,86866.876,153
7,86872.550,153
7,86878.275,153
7,86884.244,153
7,86893.955,153
7,86900.243,153
7,86909.207,153
7,86915.657,153
7,86921.672,153
7,86929.413,153
7,86935.720,153
7,86941.196,153
7,86947.073,153
7,86953.252,153
7,86961.535,153
7,86967.610,153
7,86973.115,156
7,86979.186,156
7,86985.656,156
7,86991.620,156
7,86999.830,156
7,87006.416,156
7,87012.217,156
7,87018.520,156
7,87024.612,156
7,87032.891,156
7,87039.005,156
7,87044.675,156
7,87051.034,156
7,87057.789,156
7,87064.453,156
7,87070.827,156
7,87076.704,156
7,87083.057,156
7,87089.046,156
7,87097.393,156
7,87103.905,156
7,87111.034,156
7,87117.137,156
7,87123.180,156
7,87131.242,156
7,87137.514,156
7,87143.406,159
7,87149.748,159
7,87155.719,159
7,87161.903,159
7,87170.030,159
7,87175.980,159
7,87182.359,159
7,87188.183,159
7,87193.998,159
7,87200.619,159
7,87206.403,159
7,87212.887,159
7,87219.030,159
7,87224.716,159
7,87234.361,159
7,87240.017,159
7,87245.506,159
7,87251.636,159
7,87257.122,159
7,87262.663,159
7,87271.288,159
7,87277.187,159
7,87283.411,159
7,87289.403,159
7,87295.255,159
7,87303.501,159
7,87310.666,162
7,87316.855,162
7,87322.841,162
7,87328.878,162
7,87338.121,162
7,87344.216,162
7,87350.316,162
7,87356.297,162
7,87362.044,162
7,87370.728,162
7,87377.121,162
7,87383.321,162
7,87389.205,162
7,87395.006,162
7,87404.131,162
7,87410.300,162
7,87417.095,162
7,87422.495,162
7,87428.688,162
7,87437.673,162
7,87443.254,162
7,87449.192,162
7,87454.524,162
7,87459.728,162
7,87465.784,162
7,87472.605,162
7,87478.022,165
7,87483.958,165
7,87489.225,165
7,87494.787,165
7,87500.870,165
7,87507.865,165
7,87513.969,165
7,87519.334,165
7,87525.700,165
7,87531.784,165
7,87539.265,165
7,87544.782,165
7,87550.867,165
7,87556.359,165
7,87562.072,165
7,87567.872,165
7,87574.918,165
7,87580.845,165
7,87586.647,165
7,87593.535,165
7,87599.767,165
7,87606.995,165
7,87612.478,165
7,87618.499,165
7,87623.941,165
7,87630.858,165
7,87636.679,165
7,87643.658,165
7,87649.753,169
7,87655.335,169
7,87661.032,169
7,87667.932,169
7,87676.832,169
7,87683.151,169
7,87689.398,169
7,87694.957,169
7,87701.843,169
7,87711.130,169
7,87718.779,169
7,87725.477,169
7,87731.556,169
7,87738.743,169
7,87746.372,169
7,87752.558,169
7,87758.468,169
7,87764.446,169
7,87770.613,169
7,87778.466,169
7,87785.039,169
7,87793.573,169
7,87799.984,169
7,87806.326,169
7,87814.102,172
7,87820.189,172
7,87825.806,172
7,87832.415,172
7,87838.084,172
7,87846.033,172
7,87852.562,172
7,87858.165,172
7,87863.780,172
7,87869.793,172
7,87876.723,172
7,87884.937,172
7,87891.790,172
7,87898.121,172
7,87904.170,172
7,87910.822,172
7,87918.543,172
7,87924.830,172
7,87931.668,172
7,87937.348,172
7,87944.159,172
7,87952.156,172
7,87957.533,172
7,87964.338,172
7,87969.808,172
7,87976.045,175
7,87984.689,175
7,87990.829,175
7,87997.123,175
7,88003.152,175
7,88008.786,175
7,88017.352,175
7,88024.312,175
7,88030.732,175
7,88040.731,175
7,88051.601,175
7,88058.505,175
7,88065.275,175
7,88072.109,175
7,88078.205,175
7,88088.191,175
7,88095.135,175
7,88101.798,175
7,88108.153,175
7,88116.042,175
7,88127.928,175
7,88134.775,175
7,88141.048,178
7,88146.912,178
7,88156.871,178
7,88163.699,178
7,88170.056,178
7,88175.736,178
7,88182.768,178
7,88189.547,178
7,88196.802,178
7,88203.103,178
7,88209.036,178
7,88215.294,178
7,88223.096,178
7,88228.754,178
7,88236.783,178
7,88243.373,178
7,88250.756,178
7,88258.688,178
7,88265.082,178
7,88271.680,178
7,88278.177,178
7,88289.271,178
7,88295.308,178
7,88301.988,178
7,88309.959,180
7,88316.248,180
7,88325.336,180
7,88333.497,180
7,88339.827,180
7,88346.837,180
7,88356.289,180
7,88362.833,180
7,88369.481,180
7,88375.573,180
7,88381.367,180
7,88391.057,180
7,88397.775,180
7,88403.355,180
7,88409.264,180
7,88415.479,180
7,88424.479,180
7,88430.335,180
7,88437.096,180
7,88443.387,180
7,88449.440,180
7,88459.207,180
7,88464.848,180
7,88471.102,180
8,88477.881,0
