cycle_index,t_ms,pixel_width
-1,0.002,11
-1,4.332,11
-1,8.183,11
-1,11.914,11
-1,15.239,11
-1,18.547,11
-1,21.796,11
-1,24.837,11
-1,27.844,11
-1,31.523,11
-1,34.833,11
-1,38.059,11
-1,42.281,11
-1,46.118,11
-1,49.380,11
-1,52.367,11
-1,55.596,11
-1,58.946,11
-1,62.170,11
-1,65.705,11
-1,68.851,11
-1,72.125,11
-1,75.201,11
-1,78.305,11
-1,81.841,11
-1,85.112,11
-1,88.276,11
-1,91.599,11
-1,94.636,13
-1,98.361,13
-1,101.736,13
-1,104.907,13
-1,108.183,13
-1,111.484,13
-1,114.808,13
-1,118.053,13
-1,121.157,13
-1,124.196,13
-1,127.336,13
-1,130.915,13
-1,134.048,13
-1,137.098,13
-1,140.338,13
-1,143.273,13
-1,146.682,13
-1,149.774,13
-1,152.876,13
-1,156.236,13
-1,159.551,13
-1,163.324,13
-1,166.814,13
-1,170.139,13
-1,173.242,13
-1,176.367,13
-1,179.718,13
-1,182.848,13
-1,185.971,13
-1,188.932,13
-1,191.969,13
-1,195.641,13
-1,199.243,13
-1,202.217,13
-1,205.375,13
-1,208.763,13
-1,211.762,13
-1,215.365,13
-1,218.518,13
-1,221.728,13
-1,224.645,13
-1,227.726,13
-1,231.157,13
-1,234.259,13
-1,237.395,13
-1,240.705,13
-1,243.571,13
-1,246.912,13
-1,249.940,13
-1,253.025,13
-1,256.096,13
-1,259.108,13
-1,262.041,15
-1,265.402,15
-1,268.512,15
-1,271.633,15
-1,274.792,15
-1,277.893,15
-1,281.276,15
-1,284.455,15
-1,287.436,15
-1,290.643,15
-1,293.532,15
-1,296.956,15
-1,300.015,15
-1,303.674,15
-1,306.864,15
-1,309.959,15
-1,313.864,15
-1,317.130,15
-1,320.532,15
-1,323.532,15
-1,326.482,15
-1,329.752,15
-1,333.103,15
-1,336.165,15
-1,339.047,15
-1,341.981,15
-1,344.905,15
-1,348.163,15
-1,351.304,15
-1,354.377,15
-1,357.409,15
-1,360.431,15
-1,363.834,15
-1,367.015,15
-1,370.136,15
-1,373.197,15
-1,376.368,15
-1,379.613,15
-1,382.762,15
-1,386.018,15
-1,389.148,15
-1,392.382,15
-1,395.325,15
-1,398.848,15
-1,402.041,15
-1,405.084,15
-1,408.061,15
-1,411.015,15
-1,414.304,15
-1,417.575,15
-1,420.675,15
-1,423.827,15
-1,426.785,17
-1,430.118,17
-1,433.178,17
-1,436.047,17
-1,439.028,17
-1,442.064,17
-1,445.144,17
-1,448.416,17
-1,451.731,17
-1,454.768,17
-1,457.806,17
-1,461.049,17
-1,464.629,17
-1,467.783,17
-1,471.064,17
-1,474.129,17
-1,477.207,17
-1,480.589,17
-1,483.663,17
-1,486.690,17
-1,489.988,17
-1,493.211,17
-1,496.685,17
-1,499.844,17
-1,503.261,17
-1,506.504,17
-1,509.911,17
-1,513.387,17
-1,516.600,17
-1,519.604,17
-1,522.727,17
-1,525.670,17
-1,528.518,17
-1,531.823,17
-1,534.815,17
-1,537.930,17
-1,540.981,17
-1,543.891,17
-1,547.207,17
-1,550.483,17
-1,553.516,17
-1,556.468,17
-1,559.708,17
-1,563.026,17
-1,566.088,17
-1,569.371,17
-1,572.471,17
-1,575.363,17
-1,578.286,17
-1,581.896,17
-1,585.061,17
-1,588.044,17
-1,591.154,17
-1,594.062,19
-1,597.508,19
-1,600.677,19
-1,603.762,19
-1,607.392,19
-1,610.315,19
-1,613.706,19
-1,616.912,19
-1,620.074,19
-1,623.206,19
-1,626.678,19
-1,630.001,19
-1,633.222,19
-1,636.637,19
-1,639.854,19
-1,643.136,19
-1,646.403,19
-1,649.615,19
-1,652.761,19
-1,655.827,19
-1,658.900,19
-1,661.882,19
-1,665.395,19
-1,668.492,19
-1,671.820,19
-1,674.829,19
-1,677.846,19
-1,681.288,19
-1,684.448,19
-1,687.519,19
-1,690.697,19
-1,693.682,19
-1,697.041,19
-1,699.991,19
-1,703.200,19
-1,706.259,19
-1,709.282,19
-1,713.082,19
-1,716.244,19
-1,719.394,19
-1,722.450,19
-1,725.431,19
-1,728.450,19
-1,732.088,19
-1,735.356,19
-1,738.597,19
-1,741.982,19
-1,745.158,19
-1,749.166,19
-1,752.581,19
-1,755.839,19
-1,759.051,19
-1,762.190,21
-1,765.811,21
-1,768.990,21
-1,772.208,21
-1,775.525,21
-1,778.891,21
-1,782.544,21
-1,786.147,21
-1,789.485,21
-1,792.933,21
-1,796.085,21
-1,799.850,21
-1,803.227,21
-1,807.008,21
-1,810.414,21
-1,814.226,21
-1,817.668,21
-1,821.085,21
-1,824.375,21
-1,827.381,21
-1,830.881,21
-1,834.016,21
-1,837.413,21
-1,840.636,21
-1,843.613,21
-1,847.415,21
-1,850.777,21
-1,853.962,21
-1,857.039,21
-1,860.243,21
-1,863.597,21
-1,866.680,21
-1,869.806,21
-1,872.822,21
-1,875.927,21
-1,878.912,21
-1,882.145,21
-1,885.243,21
-1,888.333,21
-1,891.449,21
-1,894.424,21
-1,897.387,21
-1,900.584,21
-1,903.582,21
-1,906.579,21
-1,910.462,21
-1,913.989,21
-1,917.100,21
-1,920.316,21
-1,923.342,21
-1,926.708,23
-1,930.028,23
-1,933.061,23
-1,936.398,23
-1,939.499,23
-1,942.550,23
-1,945.625,23
-1,948.987,23
-1,952.275,23
-1,955.431,23
-1,958.378,23
-1,961.301,23
-1,964.679,23
-1,967.824,23
-1,970.994,23
-1,973.992,23
-1,977.099,23
-1,980.583,23
-1,983.638,23
-1,986.671,23
-1,989.737,23
-1,992.739,23
-1,996.678,23
-1,999.877,23
-1,1002.938,23
-1,1005.969,23
-1,1008.971,23
-1,1012.106,23
-1,1015.503,23
-1,1018.672,23
-1,1021.772,23
-1,1024.755,23
-1,1027.883,23
-1,1031.065,23
-1,1034.285,23
-1,1037.406,23
-1,1040.628,23
-1,1043.618,23
-1,1046.983,23
-1,1050.301,23
-1,1053.404,23
-1,1056.388,23
-1,1059.355,23
-1,1062.992,23
-1,1066.442,23
-1,1069.806,23
-1,1072.836,23
-1,1076.000,23
-1,1079.519,23
-1,1082.570,23
-1,1085.496,23
-1,1088.407,23
-1,1091.493,23
-1,1094.709,25
-1,1098.176,25
-1,1101.328,25
-1,1104.391,25
-1,1107.480,25
-1,1110.533,25
-1,1113.716,25
-1,1116.764,25
-1,1120.174,25
-1,1123.295,25
-1,1126.613,25
-1,1130.044,25
-1,1133.075,25
-1,1136.177,25
-1,1139.130,25
-1,1142.055,25
-1,1145.047,25
-1,1148.738,25
-1,1151.898,25
-1,1154.949,25
-1,1157.957,25
-1,1160.900,25
-1,1164.222,25
-1,1167.416,25
-1,1170.545,25
-1,1173.635,25
-1,1176.570,25
-1,1180.178,25
-1,1183.268,25
-1,1186.356,25
-1,1189.524,25
-1,1192.509,25
-1,1195.389,25
-1,1198.592,25
-1,1201.760,25
-1,1204.791,25
-1,1208.011,25
-1,1212.139,25
-1,1215.692,25
-1,1218.805,25
-1,1221.813,25
-1,1224.743,25
-1,1227.707,25
-1,1230.904,25
-1,1233.974,25
-1,1237.108,25
-1,1240.192,25
-1,1243.585,25
-1,1246.894,25
-1,1250.288,25
-1,1253.361,25
-1,1256.408,25
-1,1259.467,25
-1,1262.390,27
-1,1265.638,27
-1,1268.651,27
-1,1271.816,27
-1,1274.874,27
-1,1277.776,27
-1,1281.075,27
-1,1284.180,27
-1,1287.378,27
-1,1290.601,27
-1,1293.462,27
-1,1296.772,27
-1,1299.800,27
-1,1302.847,27
-1,1305.789,27
-1,1308.626,27
-1,1311.471,27
-1,1314.939,27
-1,1317.973,27
-1,1320.888,27
-1,1323.983,27
-1,1326.955,27
-1,1330.297,27
-1,1333.437,27
-1,1336.417,27
-1,1339.578,27
-1,1342.737,27
-1,1346.117,27
-1,1349.520,27
-1,1352.632,27
-1,1355.830,27
-1,1358.718,27
-1,1361.860,27
-1,1365.697,27
-1,1368.866,27
-1,1371.990,27
-1,1374.965,27
-1,1377.966,27
-1,1381.201,27
-1,1384.261,27
-1,1387.302,27
-1,1390.467,27
-1,1393.367,27
-1,1396.919,27
-1,1399.869,27
-1,1402.996,27
-1,1406.023,27
-1,1409.034,27
-1,1412.000,27
-1,1415.156,27
-1,1418.072,27
-1,1420.896,27
-1,1423.837,27
-1,1426.767,30
-1,1430.085,30
-1,1433.129,30
-1,1436.166,30
-1,1439.153,30
-1,1442.122,30
-1,1445.147,30
-1,1448.671,30
-1,1451.817,30
-1,1454.793,30
-1,1457.750,30
-1,1460.625,30
-1,1463.980,30
-1,1467.139,30
-1,1470.340,30
-1,1473.495,30
-1,1476.579,30
-1,1479.932,30
-1,1483.287,30
-1,1486.364,30
-1,1489.694,30
-1,1492.861,30
-1,1495.880,30
-1,1499.539,30
-1,1502.553,30
-1,1505.427,30
-1,1508.293,30
-1,1511.373,30
-1,1516.119,30
-1,1519.263,30
-1,1522.229,30
-1,1525.233,30
-1,1528.380,30
-1,1531.710,30
-1,1534.907,30
-1,1538.039,30
-1,1541.438,30
-1,1544.450,30
-1,1547.922,30
-1,1551.156,30
-1,1554.246,30
-1,1557.275,30
-1,1560.373,30
-1,1563.742,30
-1,1566.788,30
-1,1569.863,30
-1,1573.076,30
-1,1576.078,30
-1,1579.864,30
-1,1583.026,30
-1,1586.071,30
-1,1589.200,30
-1,1592.452,30
-1,1595.453,32
-1,1598.927,32
-1,1602.320,32
-1,1605.486,32
-1,1608.398,32
-1,1611.469,32
-1,1614.864,32
-1,1618.028,32
-1,1621.083,32
-1,1624.094,32
-1,1626.963,32
-1,1630.263,32
-1,1633.256,32
-1,1636.232,32
-1,1639.433,32
-1,1642.409,32
-1,1645.363,32
-1,1648.562,32
-1,1651.637,32
-1,1654.796,32
-1,1658.022,32
-1,1660.998,32
-1,1664.448,32
-1,1667.644,32
-1,1671.033,32
-1,1674.114,32
-1,1677.220,32
-1,1680.608,32
-1,1683.675,32
-1,1686.721,32
-1,1689.898,32
-1,1693.178,32
-1,1696.692,32
-1,1699.827,32
-1,1702.987,32
-1,1706.100,32
-1,1709.305,32
-1,1712.278,32
-1,1715.796,32
-1,1718.961,32
-1,1722.063,32
-1,1725.078,32
-1,1728.153,32
-1,1731.926,32
-1,1735.078,32
-1,1738.334,32
-1,1741.503,32
-1,1744.694,32
-1,1747.888,32
-1,1751.282,32
-1,1754.261,32
-1,1757.340,32
-1,1760.189,34
-1,1763.503,34
-1,1766.564,34
-1,1769.766,34
-1,1772.774,34
-1,1775.759,34
-1,1778.755,34
-1,1782.153,34
-1,1785.286,34
-1,1788.419,34
-1,1791.565,34
-1,1794.686,34
-1,1798.214,34
-1,1801.565,34
-1,1804.546,34
-1,1807.721,34
-1,1810.695,34
-1,1814.010,34
-1,1817.807,34
-1,1821.118,34
-1,1824.186,34
-1,1827.294,34
-1,1830.540,34
-1,1833.626,34
-1,1836.626,34
-1,1839.716,34
-1,1842.901,34
-1,1846.491,34
-1,1850.245,34
-1,1853.299,34
-1,1856.291,34
-1,1859.420,34
-1,1862.807,34
-1,1865.921,34
-1,1868.908,34
-1,1872.176,34
-1,1875.318,34
-1,1878.414,34
-1,1881.672,34
-1,1884.778,34
-1,1887.825,34
-1,1891.168,34
-1,1894.371,34
-1,1897.991,34
-1,1901.271,34
-1,1904.447,34
-1,1907.472,34
-1,1910.627,34
-1,1913.996,34
-1,1917.053,34
-1,1920.438,34
-1,1923.498,34
-1,1926.442,36
-1,1930.081,36
-1,1933.349,36
-1,1936.498,36
-1,1939.647,36
-1,1942.777,36
-1,1946.699,36
-1,1950.098,36
-1,1953.289,36
-1,1956.423,36
-1,1959.643,36
-1,1963.147,36
-1,1966.411,36
-1,1969.829,36
-1,1972.899,36
-1,1975.988,36
-1,1979.652,36
-1,1982.774,36
-1,1985.863,36
-1,1988.942,36
-1,1992.072,36
-1,1995.108,36
-1,1999.029,36
-1,2002.377,36
-1,2005.478,36
-1,2008.520,36
-1,2011.489,36
-1,2015.030,36
-1,2018.136,36
-1,2021.329,36
-1,2024.437,36
-1,2027.404,36
-1,2030.841,36
-1,2033.941,36
-1,2037.265,36
-1,2040.410,36
-1,2043.466,36
-1,2047.087,36
-1,2050.370,36
-1,2053.573,36
-1,2056.814,36
-1,2060.098,36
-1,2063.479,36
-1,2066.692,36
-1,2069.843,36
-1,2072.862,36
-1,2075.991,36
-1,2079.671,36
-1,2082.840,36
-1,2085.925,36
-1,2088.900,36
-1,2092.004,36
-1,2095.050,38
-1,2098.272,38
-1,2101.520,38
-1,2104.808,38
-1,2107.836,38
-1,2110.825,38
-1,2114.219,38
-1,2117.342,38
-1,2121.138,38
-1,2124.461,38
-1,2127.476,38
-1,2131.276,38
-1,2134.595,38
-1,2137.826,38
-1,2141.209,38
-1,2144.417,38
-1,2148.098,38
-1,2151.518,38
-1,2154.534,38
-1,2157.722,38
-1,2160.735,38
-1,2164.314,38
-1,2167.533,38
-1,2170.891,38
-1,2174.057,38
-1,2177.090,38
-1,2180.645,38
-1,2183.830,38
-1,2187.110,38
-1,2190.466,38
-1,2193.403,38
-1,2196.724,38
-1,2199.862,38
-1,2203.320,38
-1,2206.496,38
-1,2210.071,38
-1,2213.527,38
-1,2216.777,38
-1,2219.969,38
-1,2223.179,38
-1,2226.450,38
-1,2229.913,38
-1,2233.110,38
-1,2236.489,38
-1,2239.584,38
-1,2242.706,38
-1,2245.975,38
-1,2249.677,38
-1,2252.942,38
-1,2256.100,38
-1,2259.064,38
-1,2262.120,40
-1,2265.505,40
-1,2268.667,40
-1,2271.850,40
-1,2274.882,40
-1,2277.960,40
-1,2281.804,40
-1,2284.983,40
-1,2288.163,40
-1,2291.352,40
-1,2294.290,40
-1,2298.147,40
-1,2301.469,40
-1,2304.620,40
-1,2307.737,40
-1,2310.663,40
-1,2313.999,40
-1,2317.134,40
-1,2320.270,40
-1,2323.443,40
-1,2326.653,40
-1,2330.191,40
-1,2333.418,40
-1,2336.447,40
-1,2339.477,40
-1,2342.408,40
-1,2345.241,40
-1,2348.535,40
-1,2351.822,40
-1,2354.797,40
-1,2357.858,40
-1,2360.795,40
-1,2364.114,40
-1,2367.292,40
-1,2370.512,40
-1,2373.456,40
-1,2376.424,40
-1,2379.302,40
-1,2382.562,40
-1,2385.723,40
-1,2388.760,40
-1,2391.729,40
-1,2394.702,40
-1,2398.177,40
-1,2401.255,40
-1,2404.333,40
-1,2407.290,40
-1,2410.255,40
-1,2413.500,40
-1,2416.564,40
-1,2420.078,40
-1,2423.759,40
-1,2426.614,42
-1,2430.291,42
-1,2433.449,42
-1,2436.499,42
-1,2439.694,42
-1,2442.807,42
-1,2446.473,42
-1,2449.863,42
-1,2453.154,42
-1,2456.130,42
-1,2459.088,42
-1,2461.985,42
-1,2465.412,42
-1,2468.458,42
-1,2471.624,42
-1,2474.633,42
-1,2477.571,42
-1,2480.843,42
-1,2483.865,42
-1,2486.928,42
-1,2490.197,42
-1,2493.082,42
-1,2496.398,42
-1,2499.816,42
-1,2502.987,42
-1,2506.259,42
-1,2510.954,42
-1,2514.740,42
-1,2517.973,42
-1,2521.190,42
-1,2524.324,42
-1,2527.355,42
-1,2530.744,42
-1,2533.743,42
-1,2536.768,42
-1,2539.785,42
-1,2543.030,42
-1,2546.276,42
-1,2549.446,42
-1,2552.422,42
-1,2555.458,42
-1,2558.446,42
-1,2561.553,42
-1,2565.043,42
-1,2568.130,42
-1,2571.795,42
-1,2574.899,42
-1,2577.787,42
-1,2581.015,42
-1,2584.063,42
-1,2587.051,42
-1,2590.189,42
-1,2593.171,44
-1,2596.513,44
-1,2599.697,44
-1,2602.814,44
-1,2605.918,44
-1,2608.973,44
-1,2611.975,44
-1,2615.296,44
-1,2618.315,44
-1,2621.396,44
-1,2624.393,44
-1,2627.348,44
-1,2630.891,44
-1,2633.960,44
-1,2636.965,44
-1,2640.003,44
-1,2642.955,44
-1,2646.765,44
-1,2649.930,44
-1,2653.640,44
-1,2656.797,44
-1,2660.290,44
-1,2663.674,44
-1,2666.950,44
-1,2669.926,44
-1,2672.865,44
-1,2675.955,44
-1,2679.750,44
-1,2682.874,44
-1,2685.940,44
-1,2688.919,44
-1,2692.153,44
-1,2695.003,44
-1,2698.531,44
-1,2701.750,44
-1,2704.695,44
-1,2707.682,44
-1,2710.639,44
-1,2714.034,44
-1,2717.066,44
-1,2720.315,44
-1,2723.459,44
-1,2727.176,44
-1,2730.705,44
-1,2733.755,44
-1,2736.886,44
-1,2739.945,44
-1,2743.521,44
-1,2746.961,44
-1,2750.253,44
-1,2753.389,44
-1,2756.555,44
-1,2759.603,46
-1,2763.040,46
-1,2766.297,46
-1,2769.514,46
-1,2772.548,46
-1,2775.458,46
-1,2778.509,46
-1,2782.118,46
-1,2785.097,46
-1,2788.096,46
-1,2791.004,46
-1,2793.851,46
-1,2797.185,46
-1,2800.366,46
-1,2803.244,46
-1,2806.336,46
-1,2809.488,46
-1,2812.754,46
-1,2816.002,46
-1,2819.036,46
-1,2822.020,46
-1,2824.879,46
-1,2827.912,46
-1,2830.780,46
-1,2834.070,46
-1,2837.123,46
-1,2840.427,46
-1,2843.368,46
-1,2846.722,46
-1,2849.803,46
-1,2852.779,46
-1,2855.975,46
-1,2859.082,46
-1,2862.005,46
-1,2865.377,46
-1,2868.438,46
-1,2871.543,46
-1,2874.446,46
-1,2877.379,46
-1,2880.647,46
-1,2883.709,46
-1,2886.813,46
-1,2889.878,46
-1,2892.983,46
-1,2896.898,46
-1,2900.177,46
-1,2903.120,46
-1,2906.184,46
-1,2908.863,46
-1,2911.696,46
-1,2915.322,46
-1,2918.477,46
-1,2921.519,46
-1,2924.657,46
-1,2927.620,48
-1,2931.064,48
-1,2934.163,48
-1,2937.211,48
-1,2940.154,48
-1,2942.940,48
-1,2946.382,48
-1,2949.641,48
-1,2952.675,48
-1,2955.773,48
-1,2958.672,48
-1,2961.835,48
-1,2965.144,48
-1,2968.257,48
-1,2971.466,48
-1,2974.403,48
-1,2977.342,48
-1,2980.716,48
-1,2983.902,48
-1,2986.977,48
-1,2990.111,48
-1,2993.113,48
-1,2996.445,48
-1,2999.409,48
-1,3002.461,48
-1,3005.444,48
-1,3008.332,48
-1,3011.418,48
-1,3014.827,48
-1,3018.020,48
-1,3021.130,48
-1,3024.053,48
-1,3027.929,48
-1,3031.269,48
-1,3034.279,48
-1,3037.442,48
-1,3040.765,48
-1,3043.700,48
-1,3046.990,48
-1,3050.310,48
-1,3052.970,48
-1,3056.039,48
-1,3058.798,48
-1,3061.756,48
-1,3064.959,48
-1,3068.353,48
-1,3071.133,48
-1,3074.130,48
-1,3077.057,48
-1,3080.401,48
-1,3083.396,48
-1,3086.668,48
-1,3089.782,48
-1,3092.958,50
-1,3096.592,50
-1,3099.846,50
-1,3102.821,50
-1,3105.521,50
-1,3108.488,50
-1,3111.376,50
-1,3115.346,50
-1,3118.588,50
-1,3121.412,50
-1,3124.409,50
-1,3127.545,50
-1,3130.624,50
-1,3133.756,50
-1,3136.764,50
-1,3139.766,50
-1,3142.392,50
-1,3144.863,50
-1,3147.755,50
-1,3150.524,50
-1,3153.241,50
-1,3156.099,50
-1,3158.842,50
-1,3162.138,50
-1,3165.067,50
-1,3168.086,50
-1,3171.009,50
-1,3173.826,50
-1,3176.385,50
-1,3179.678,50
-1,3182.632,50
-1,3185.167,50
-1,3187.744,50
-1,3190.404,50
-1,3193.171,50
-1,3196.935,50
-1,3199.644,50
-1,3202.116,50
-1,3204.673,50
-1,3207.373,50
-1,3210.264,50
-1,3213.297,50
-1,3215.856,50
-1,3218.803,50
-1,3221.367,50
-1,3223.923,50
-1,3226.445,50
-1,3230.061,50
-1,3232.831,50
-1,3235.507,50
-1,3238.027,50
-1,3240.658,50
-1,3243.117,50
-1,3246.400,50
-1,3249.259,50
-1,3252.593,50
-1,3255.252,50
-1,3257.970,50
-1,3260.526,52
-1,3263.237,52
-1,3266.024,52
-1,3268.855,52
-1,3271.463,52
-1,3274.840,52
-1,3277.351,52
-1,3280.267,52
-1,3283.037,52
-1,3285.742,52
-1,3288.353,52
-1,3290.969,52
-1,3293.417,52
-1,3296.630,52
-1,3299.248,52
-1,3301.695,52
-1,3304.351,52
-1,3306.874,52
-1,3309.404,52
-1,3313.056,52
-1,3315.833,52
-1,3318.437,52
-1,3321.489,52
-1,3324.101,52
-1,3326.666,52
-1,3330.458,52
-1,3333.555,52
-1,3336.219,52
-1,3338.899,52
-1,3341.547,52
-1,3344.234,52
-1,3346.877,52
-1,3349.633,52
-1,3352.258,52
-1,3354.909,52
-1,3357.697,52
-1,3360.325,52
-1,3363.414,52
-1,3366.107,52
-1,3368.718,52
-1,3371.263,52
-1,3373.900,52
-1,3376.430,52
-1,3379.248,52
-1,3381.896,52
-1,3384.579,52
-1,3387.322,52
-1,3389.922,52
-1,3392.813,52
-1,3396.388,52
-1,3399.259,52
-1,3402.179,52
-1,3404.627,52
-1,3407.088,52
-1,3409.704,52
-1,3413.075,52
-1,3415.875,52
-1,3418.637,52
-1,3421.532,52
-1,3424.264,52
-1,3426.699,55
-1,3429.581,55
-1,3432.628,55
-1,3435.330,55
-1,3438.004,55
-1,3440.842,55
-1,3443.237,55
-1,3445.855,55
-1,3448.794,55
-1,3451.552,55
-1,3454.091,55
-1,3456.852,55
-1,3459.507,55
-1,3462.662,55
-1,3465.388,55
-1,3468.000,55
-1,3470.815,55
-1,3473.496,55
-1,3476.660,55
-1,3479.718,55
-1,3482.831,55
-1,3485.325,55
-1,3487.927,55
-1,3490.611,55
-1,3493.486,55
-1,3496.687,55
-1,3499.768,55
-1,3502.807,55
-1,3505.388,55
-1,3508.137,55
-1,3510.632,55
-1,3514.291,55
-1,3517.069,55
-1,3519.702,55
-1,3522.357,55
-1,3525.022,55
-1,3527.623,55
-1,3531.068,55
-1,3533.733,55
-1,3536.196,55
-1,3538.629,55
-1,3541.011,55
-1,3543.439,55
-1,3546.953,55
-1,3549.706,55
-1,3552.468,55
-1,3555.247,55
-1,3558.029,55
-1,3561.279,55
-1,3564.269,55
-1,3567.048,55
-1,3569.709,55
-1,3572.272,55
-1,3574.945,55
-1,3577.476,55
-1,3580.960,55
-1,3583.726,55
-1,3586.226,55
-1,3589.391,55
-1,3592.005,55
-1,3594.603,57
-1,3597.722,57
-1,3600.506,57
-1,3602.925,57
-1,3605.565,57
-1,3608.262,57
-1,3610.886,57
-1,3613.930,57
-1,3616.610,57
-1,3619.322,57
-1,3621.927,57
-1,3624.483,57
-1,3627.025,57
-1,3629.567,57
-1,3633.144,57
-1,3635.631,57
-1,3638.071,57
-1,3640.523,57
-1,3642.947,57
-1,3645.420,57
-1,3648.781,57
-1,3651.377,57
-1,3653.859,57
-1,3656.523,57
-1,3659.174,57
-1,3661.822,57
-1,3664.681,57
-1,3667.192,57
-1,3669.807,57
-1,3672.390,57
-1,3675.063,57
-1,3678.255,57
-1,3681.129,57
-1,3683.823,57
-1,3686.331,57
-1,3688.755,57
-1,3691.237,57
-1,3693.697,57
-1,3696.853,57
-1,3699.525,57
-1,3702.291,57
-1,3704.986,57
-1,3707.584,57
-1,3710.135,57
-1,3713.300,57
-1,3715.969,57
-1,3718.574,57
-1,3721.596,57
-1,3724.272,57
-1,3726.807,57
-1,3730.325,57
-1,3732.920,57
-1,3735.680,57
-1,3738.090,57
-1,3740.643,57
-1,3743.144,57
-1,3746.864,57
-1,3749.686,57
-1,3752.278,57
-1,3754.843,57
-1,3757.628,57
-1,3760.137,59
-1,3763.189,59
-1,3765.905,59
-1,3768.477,59
-1,3771.328,59
-1,3773.885,59
-1,3776.388,59
-1,3779.520,59
-1,3782.540,59
-1,3785.114,59
-1,3787.722,59
-1,3790.281,59
-1,3792.710,59
-1,3795.400,59
-1,3798.099,59
-1,3800.768,59
-1,3803.311,59
-1,3805.985,59
-1,3808.882,59
-1,3811.548,59
-1,3814.143,59
-1,3818.854,59
-1,3821.670,59
-1,3824.232,59
-1,3826.677,59
-1,3829.982,59
-1,3832.824,59
-1,3835.462,59
-1,3837.937,59
-1,3840.608,59
-1,3843.197,59
-1,3846.385,59
-1,3849.131,59
-1,3851.662,59
-1,3854.247,59
-1,3857.052,59
-1,3859.562,59
-1,3863.095,59
-1,3865.827,59
-1,3868.393,59
-1,3871.044,59
-1,3873.549,59
-1,3876.068,59
-1,3879.606,59
-1,3882.637,59
-1,3885.520,59
-1,3887.926,59
-1,3890.626,59
-1,3893.416,59
-1,3896.767,59
-1,3899.415,59
-1,3901.854,59
-1,3904.481,59
-1,3907.099,59
-1,3909.777,59
-1,3913.229,59
-1,3916.034,59
-1,3918.499,59
-1,3921.096,59
-1,3923.626,59
-1,3926.336,61
-1,3929.779,61
-1,3932.279,61
-1,3935.574,61
-1,3938.234,61
-1,3940.857,61
-1,3943.275,61
-1,3946.144,61
-1,3948.814,61
-1,3951.427,61
-1,3954.145,61
-1,3956.705,61
-1,3959.649,61
-1,3962.803,61
-1,3965.600,61
-1,3968.231,61
-1,3971.605,61
-1,3974.275,61
-1,3976.538,61
-1,3980.040,61
-1,3982.675,61
-1,3985.050,61
-1,3987.696,61
-1,3990.612,61
-1,3992.954,61
-1,3995.839,61
-1,3998.491,61
-1,4001.046,61
-1,4003.679,61
-1,4006.675,61
-1,4009.491,61
-1,4012.628,61
-1,4015.501,61
-1,4018.610,61
-1,4021.727,61
-1,4024.274,61
-1,4026.744,61
-1,4029.723,61
-1,4032.333,61
-1,4034.762,61
-1,4037.503,61
-1,4040.449,61
-1,4042.984,61
-1,4045.694,61
-1,4048.360,61
-1,4050.987,61
-1,4053.840,61
-1,4056.455,61
-1,4059.168,61
-1,4062.463,61
-1,4065.299,61
-1,4068.137,61
-1,4070.691,61
-1,4073.230,61
-1,4075.941,61
-1,4078.411,61
-1,4082.018,61
-1,4084.515,61
-1,4087.131,61
-1,4089.850,61
-1,4092.508,63
-1,4095.138,63
-1,4098.212,63
-1,4100.872,63
-1,4103.378,63
-1,4106.012,63
-1,4108.976,63
-1,4112.101,63
-1,4115.320,63
-1,4117.794,63
-1,4120.268,63
-1,4122.743,63
-1,4125.253,63
-1,4127.896,63
-1,4131.091,63
-1,4133.969,63
-1,4136.711,63
-1,4139.439,63
-1,4141.921,63
-1,4144.567,63
-1,4147.520,63
-1,4150.312,63
-1,4152.729,63
-1,4155.167,63
-1,4157.897,63
-1,4160.289,63
-1,4162.760,63
-1,4165.395,63
-1,4167.990,63
-1,4170.654,63
-1,4173.131,63
-1,4175.775,63
-1,4178.235,63
-1,4181.069,63
-1,4184.001,63
-1,4186.559,63
-1,4188.949,63
-1,4191.266,63
-1,4193.723,63
-1,4196.824,63
-1,4199.615,63
-1,4202.273,63
-1,4205.141,63
-1,4207.414,63
-1,4209.855,63
-1,4213.049,63
-1,4215.521,63
-1,4217.938,63
-1,4220.612,63
-1,4223.210,63
-1,4225.738,63
-1,4228.326,63
-1,4231.536,63
-1,4234.361,63
-1,4237.706,63
-1,4240.265,63
-1,4242.742,63
-1,4246.150,63
-1,4249.292,63
-1,4251.734,63
-1,4254.308,63
-1,4256.629,63
-1,4259.481,65
-1,4262.393,65
-1,4265.519,65
-1,4268.139,65
-1,4270.956,65
-1,4273.492,65
-1,4275.986,65
-1,4279.489,65
-1,4282.589,65
-1,4285.099,65
-1,4287.614,65
-1,4290.098,65
-1,4292.774,65
-1,4295.793,65
-1,4298.873,65
-1,4301.396,65
-1,4303.936,65
-1,4306.515,65
-1,4309.309,65
-1,4312.731,65
-1,4315.270,65
-1,4317.862,65
-1,4320.475,65
-1,4323.158,65
-1,4325.861,65
-1,4329.146,65
-1,4332.117,65
-1,4334.748,65
-1,4337.349,65
-1,4339.865,65
-1,4343.092,65
-1,4345.865,65
-1,4348.534,65
-1,4351.188,65
-1,4353.666,65
-1,4356.257,65
-1,4358.995,65
-1,4362.369,65
-1,4365.057,65
-1,4367.766,65
-1,4370.248,65
-1,4373.303,65
-1,4376.229,65
-1,4379.715,65
-1,4382.383,65
-1,4384.995,65
-1,4387.595,65
-1,4390.255,65
-1,4392.917,65
-1,4396.321,65
-1,4398.930,65
-1,4401.475,65
-1,4404.202,65
-1,4406.891,65
-1,4409.361,65
-1,4412.725,65
-1,4415.450,65
-1,4418.085,65
-1,4420.673,65
-1,4423.333,65
-1,4426.256,67
-1,4429.623,67
-1,4432.098,67
-1,4434.685,67
-1,4437.135,67
-1,4439.687,67
-1,4442.380,67
-1,4445.004,67
-1,4447.845,67
-1,4450.726,67
-1,4453.285,67
-1,4455.921,67
-1,4458.380,67
-1,4460.772,67
-1,4465.001,67
-1,4467.850,67
-1,4470.473,67
-1,4473.078,67
-1,4475.848,67
-1,4478.989,67
-1,4481.687,67
-1,4484.159,67
-1,4486.749,67
-1,4489.688,67
-1,4492.395,67
-1,4495.185,67
-1,4497.937,67
-1,4500.741,67
-1,4503.339,67
-1,4505.853,67
-1,4508.555,67
-1,4511.293,67
-1,4514.431,67
-1,4517.254,67
-1,4519.795,67
-1,4522.391,67
-1,4524.901,67
-1,4527.458,67
-1,4530.244,67
-1,4532.961,67
-1,4535.553,67
-1,4538.946,67
-1,4541.392,67
-1,4543.960,67
-1,4547.099,67
-1,4549.826,67
-1,4552.534,67
-1,4554.910,67
-1,4557.640,67
-1,4560.137,67
-1,4562.982,67
-1,4565.621,67
-1,4568.513,67
-1,4571.032,67
-1,4574.005,67
-1,4576.448,67
-1,4579.315,67
-1,4582.721,67
-1,4585.248,67
-1,4587.827,67
-1,4590.608,67
-1,4593.083,69
-1,4596.064,69
-1,4598.805,69
-1,4601.664,69
-1,4604.411,69
-1,4606.840,69
-1,4609.275,69
-1,4611.632,69
-1,4614.242,69
-1,4616.733,69
-1,4619.270,69
-1,4621.723,69
-1,4624.050,69
-1,4626.329,69
-1,4629.707,69
-1,4632.196,69
-1,4634.499,69
-1,4636.917,69
-1,4639.358,69
-1,4641.784,69
-1,4644.100,69
-1,4647.341,69
-1,4649.951,69
-1,4652.583,69
-1,4654.928,69
-1,4657.325,69
-1,4659.707,69
-1,4662.874,69
-1,4665.389,69
-1,4667.679,69
-1,4670.081,69
-1,4672.487,69
-1,4674.780,69
-1,4677.132,69
-1,4680.044,69
-1,4682.751,69
-1,4685.342,69
-1,4687.845,69
-1,4690.227,69
-1,4692.742,69
-1,4695.636,69
-1,4698.758,69
-1,4701.245,69
-1,4703.787,69
-1,4706.136,69
-1,4708.527,69
-1,4710.839,69
-1,4714.176,69
-1,4716.770,69
-1,4719.302,69
-1,4721.752,69
-1,4724.254,69
-1,4727.076,69
-1,4730.174,69
-1,4733.034,69
-1,4735.768,69
-1,4738.386,69
-1,4741.006,69
-1,4743.585,69
-1,4746.213,69
-1,4749.373,69
-1,4752.074,69
-1,4754.539,69
-1,4756.972,69
-1,4759.526,71
-1,4762.116,71
-1,4764.739,71
-1,4767.499,71
-1,4770.122,71
-1,4772.540,71
-1,4775.142,71
-1,4777.766,71
-1,4780.834,71
-1,4783.591,71
-1,4786.665,71
-1,4789.310,71
-1,4791.738,71
-1,4794.104,71
-1,4798.550,71
-1,4801.114,71
-1,4803.450,71
-1,4806.392,71
-1,4808.844,71
-1,4811.207,71
-1,4813.889,71
-1,4816.910,71
-1,4819.477,71
-1,4821.877,71
-1,4824.190,71
-1,4826.498,71
-1,4829.696,71
-1,4832.388,71
-1,4835.153,71
-1,4837.549,71
-1,4840.752,71
-1,4843.077,71
-1,4846.325,71
-1,4849.033,71
-1,4852.154,71
-1,4854.906,71
-1,4857.579,71
-1,4860.117,71
-1,4863.020,71
-1,4865.646,71
-1,4868.535,71
-1,4871.015,71
-1,4873.816,71
-1,4876.353,71
-1,4879.491,71
-1,4882.131,71
-1,4884.687,71
-1,4887.353,71
-1,4889.724,71
-1,4892.240,71
-1,4894.865,71
-1,4897.558,71
-1,4900.919,71
-1,4903.524,71
-1,4906.106,71
-1,4908.816,71
-1,4911.350,71
-1,4914.083,71
-1,4916.986,71
-1,4920.070,71
-1,4922.729,71
-1,4925.680,71
-1,4928.607,73
-1,4931.416,73
-1,4934.037,73
-1,4936.783,73
-1,4939.335,73
-1,4941.904,73
-1,4944.397,73
-1,4947.324,73
-1,4950.064,73
-1,4952.586,73
-1,4955.100,73
-1,4957.673,73
-1,4960.542,73
-1,4963.684,73
-1,4966.179,73
-1,4969.339,73
-1,4971.841,73
-1,4974.396,73
-1,4977.144,73
-1,4979.960,73
-1,4982.608,73
-1,4985.199,73
-1,4987.808,73
-1,4990.597,73
-1,4992.965,73
-1,4996.166,73
-1,4998.927,73
-1,5001.464,73
-1,5004.044,73
-1,5007.114,73
-1,5009.680,73
-1,5012.568,73
-1,5015.409,73
-1,5017.934,73
-1,5020.609,73
-1,5023.475,73
-1,5026.011,73
-1,5029.835,73
-1,5033.189,73
-1,5035.878,73
-1,5038.527,73
-1,5041.005,73
-1,5043.395,73
-1,5046.784,73
-1,5049.552,73
-1,5052.326,73
-1,5054.738,73
-1,5057.642,73
-1,5059.998,73
-1,5062.966,73
-1,5065.626,73
-1,5068.019,73
-1,5070.529,73
-1,5073.082,73
-1,5075.669,73
-1,5078.258,73
-1,5081.252,73
-1,5083.984,73
-1,5086.541,73
-1,5089.123,73
-1,5091.816,73
-1,5094.434,75
-1,5097.124,75
-1,5099.844,75
-1,5102.497,75
-1,5105.298,75
-1,5107.977,75
-1,5110.628,75
-1,5113.726,75
-1,5116.251,75
-1,5118.840,75
-1,5121.224,75
-1,5123.748,75
-1,5126.156,75
-1,5129.049,75
-1,5131.872,75
-1,5134.517,75
-1,5137.484,75
-1,5140.088,75
-1,5143.299,75
-1,5146.736,75
-1,5149.905,75
-1,5152.493,75
-1,5155.027,75
-1,5157.641,75
-1,5160.254,75
-1,5162.973,75
-1,5165.541,75
-1,5168.291,75
-1,5170.762,75
-1,5173.169,75
-1,5175.995,75
-1,5178.557,75
-1,5181.727,75
-1,5184.734,75
-1,5187.230,75
-1,5189.661,75
-1,5192.296,75
-1,5194.826,75
-1,5197.890,75
-1,5200.543,75
-1,5203.079,75
-1,5205.564,75
-1,5207.996,75
-1,5210.408,75
-1,5213.475,75
-1,5216.210,75
-1,5218.680,75
-1,5221.331,75
-1,5223.922,75
-1,5226.264,75
-1,5229.082,75
-1,5231.683,75
-1,5234.457,75
-1,5237.028,75
-1,5240.068,75
-1,5242.844,75
-1,5245.607,75
-1,5249.403,75
-1,5252.346,75
-1,5254.794,75
-1,5257.286,75
-1,5259.664,77
-1,5263.160,77
-1,5265.994,77
-1,5268.515,77
-1,5271.018,77
-1,5273.943,77
-1,5276.470,77
-1,5279.385,77
-1,5282.112,77
-1,5284.673,77
-1,5287.275,77
-1,5289.890,77
-1,5292.738,77
-1,5295.419,77
-1,5298.314,77
-1,5300.737,77
-1,5303.329,77
-1,5306.025,77
-1,5308.556,77
-1,5311.071,77
-1,5314.775,77
-1,5317.647,77
-1,5320.435,77
-1,5322.988,77
-1,5325.584,77
-1,5327.936,77
-1,5331.030,77
-1,5333.783,77
-1,5336.885,77
-1,5339.575,77
-1,5342.318,77
-1,5345.320,77
-1,5348.367,77
-1,5350.853,77
-1,5353.334,77
-1,5355.886,77
-1,5358.437,77
-1,5360.731,77
-1,5364.209,77
-1,5367.021,77
-1,5369.725,77
-1,5372.358,77
-1,5374.867,77
-1,5377.481,77
-1,5380.319,77
-1,5383.035,77
-1,5385.800,77
-1,5388.410,77
-1,5390.836,77
-1,5393.342,77
-1,5396.781,77
-1,5399.502,77
-1,5402.416,77
-1,5404.926,77
-1,5407.499,77
-1,5409.927,77
-1,5413.275,77
-1,5416.207,77
-1,5418.811,77
-1,5421.412,77
-1,5423.759,77
-1,5426.784,79
-1,5429.652,79
-1,5432.260,79
-1,5434.787,79
-1,5437.463,79
-1,5440.094,79
-1,5442.834,79
-1,5446.455,79
-1,5449.236,79
-1,5452.063,79
-1,5454.827,79
-1,5457.291,79
-1,5459.747,79
-1,5463.247,79
-1,5465.864,79
-1,5468.415,79
-1,5471.024,79
-1,5473.660,79
-1,5476.067,79
-1,5478.673,79
-1,5481.879,79
-1,5484.496,79
-1,5487.481,79
-1,5490.459,79
-1,5495.119,79
-1,5498.684,79
-1,5501.274,79
-1,5503.838,79
-1,5506.934,79
-1,5509.810,79
-1,5512.970,79
-1,5515.790,79
-1,5518.343,79
-1,5520.835,79
-1,5523.411,79
-1,5525.961,79
-1,5529.402,79
-1,5532.234,79
-1,5534.976,79
-1,5537.844,79
-1,5540.597,79
-1,5543.180,79
-1,5546.503,79
-1,5549.433,79
-1,5552.348,79
-1,5554.769,79
-1,5557.273,79
-1,5559.808,79
-1,5562.694,79
-1,5565.948,79
-1,5568.662,79
-1,5571.119,79
-1,5573.473,79
-1,5575.997,79
-1,5579.390,79
-1,5582.398,79
-1,5584.967,79
-1,5587.499,79
-1,5590.122,79
-1,5592.932,82
-1,5596.279,82
-1,5599.374,82
-1,5602.213,82
-1,5604.645,82
-1,5607.085,82
-1,5609.390,82
-1,5612.532,82
-1,5615.358,82
-1,5617.856,82
-1,5620.698,82
-1,5623.263,82
-1,5625.719,82
-1,5629.142,82
-1,5632.292,82
-1,5634.839,82
-1,5637.538,82
-1,5640.238,82
-1,5642.796,82
-1,5646.314,82
-1,5649.403,82
-1,5652.130,82
-1,5654.985,82
-1,5657.578,82
-1,5660.052,82
-1,5662.951,82
-1,5665.527,82
-1,5668.515,82
-1,5671.599,82
-1,5674.149,82
-1,5676.936,82
-1,5679.752,82
-1,5682.457,82
-1,5685.131,82
-1,5687.495,82
-1,5690.635,82
-1,5693.637,82
-1,5697.043,82
-1,5699.756,82
-1,5702.290,82
-1,5705.115,82
-1,5707.627,82
-1,5710.149,82
-1,5713.136,82
-1,5716.178,82
-1,5719.191,82
-1,5721.683,82
-1,5724.263,82
-1,5726.707,82
-1,5729.261,82
-1,5732.567,82
-1,5735.275,82
-1,5737.825,82
-1,5740.353,82
-1,5742.885,82
-1,5745.758,82
-1,5749.521,82
-1,5752.041,82
-1,5755.037,82
-1,5757.619,82
-1,5760.033,84
-1,5762.946,84
-1,5765.607,84
-1,5768.620,84
-1,5771.222,84
-1,5773.751,84
-1,5776.194,84
-1,5779.534,84
-1,5782.593,84
-1,5785.221,84
-1,5787.700,84
-1,5790.799,84
-1,5793.354,84
-1,5796.221,84
-1,5798.768,84
-1,5801.487,84
-1,5804.090,84
-1,5807.160,84
-1,5809.626,84
-1,5812.493,84
-1,5815.312,84
-1,5817.782,84
-1,5820.582,84
-1,5823.207,84
-1,5825.872,84
-1,5830.167,84
-1,5832.811,84
-1,5835.656,84
-1,5838.220,84
-1,5840.890,84
-1,5843.707,84
-1,5847.119,84
-1,5849.700,84
-1,5852.371,84
-1,5854.975,84
-1,5857.894,84
-1,5860.490,84
-1,5863.752,84
-1,5866.353,84
-1,5869.085,84
-1,5872.018,84
-1,5874.712,84
-1,5877.565,84
-1,5880.464,84
-1,5882.952,84
-1,5885.999,84
-1,5888.582,84
-1,5891.240,84
-1,5893.718,84
-1,5897.161,84
-1,5899.849,84
-1,5902.502,84
-1,5905.162,84
-1,5907.706,84
-1,5910.285,84
-1,5913.077,84
-1,5915.669,84
-1,5918.059,84
-1,5920.732,84
-1,5923.238,84
-1,5926.117,86
-1,5928.746,86
-1,5931.884,86
-1,5934.862,86
-1,5937.638,86
-1,5940.405,86
-1,5942.858,86
-1,5946.356,86
-1,5949.562,86
-1,5952.242,86
-1,5955.252,86
-1,5957.835,86
-1,5960.301,86
-1,5963.309,86
-1,5966.470,86
-1,5969.303,86
-1,5972.105,86
-1,5974.572,86
-1,5977.329,86
-1,5980.166,86
-1,5982.734,86
-1,5985.332,86
-1,5987.839,86
-1,5990.322,86
-1,5992.868,86
-1,5995.661,86
-1,5998.910,86
-1,6001.957,86
-1,6004.507,86
-1,6007.164,86
-1,6009.618,86
-1,6012.635,86
-1,6015.319,86
-1,6017.866,86
-1,6020.668,86
-1,6023.435,86
-1,6026.042,86
-1,6028.995,86
-1,6032.584,86
-1,6035.296,86
-1,6037.887,86
-1,6040.957,86
-1,6043.556,86
-1,6046.443,86
-1,6049.066,86
-1,6052.318,86
-1,6054.882,86
-1,6057.561,86
-1,6060.079,86
-1,6063.018,86
-1,6065.959,86
-1,6068.695,86
-1,6071.300,86
-1,6073.928,86
-1,6076.531,86
-1,6079.871,86
-1,6082.856,86
-1,6085.667,86
-1,6088.186,86
-1,6090.926,86
-1,6093.395,88
-1,6096.701,88
-1,6099.328,88
-1,6101.862,88
-1,6104.472,88
-1,6107.456,88
-1,6109.990,88
-1,6112.814,88
-1,6115.430,88
-1,6118.179,88
-1,6120.862,88
-1,6123.605,88
-1,6126.115,88
-1,6129.146,88
-1,6131.872,88
-1,6134.372,88
-1,6136.971,88
-1,6139.533,88
-1,6142.125,88
-1,6144.655,88
-1,6147.415,88
-1,6150.015,88
-1,6152.645,88
-1,6155.594,88
-1,6158.123,88
-1,6160.632,88
-1,6163.720,88
-1,6166.469,88
-1,6169.050,88
-1,6171.616,88
-1,6174.286,88
-1,6176.912,88
-1,6180.168,88
-1,6183.054,88
-1,6185.850,88
-1,6188.403,88
-1,6190.818,88
-1,6193.351,88
-1,6196.201,88
-1,6200.034,88
-1,6202.756,88
-1,6205.478,88
-1,6207.919,88
-1,6210.337,88
-1,6213.605,88
-1,6216.183,88
-1,6219.244,88
-1,6221.932,88
-1,6224.586,88
-1,6226.987,88
-1,6230.540,88
-1,6233.261,88
-1,6235.820,88
-1,6238.367,88
-1,6240.725,88
-1,6243.115,88
-1,6245.679,88
-1,6248.588,88
-1,6251.536,88
-1,6254.325,88
-1,6256.938,88
-1,6259.489,90
-1,6263.218,90
-1,6265.865,90
-1,6268.410,90
-1,6271.043,90
-1,6273.626,90
-1,6276.138,90
-1,6279.562,90
-1,6282.498,90
-1,6285.148,90
-1,6287.952,90
-1,6290.480,90
-1,6292.972,90
-1,6295.868,90
-1,6298.668,90
-1,6301.058,90
-1,6303.644,90
-1,6306.248,90
-1,6308.865,90
-1,6311.368,90
-1,6314.831,90
-1,6317.489,90
-1,6320.040,90
-1,6323.149,90
-1,6325.750,90
-1,6328.998,90
-1,6331.919,90
-1,6334.557,90
-1,6337.183,90
-1,6339.883,90
-1,6342.627,90
-1,6345.066,90
-1,6347.810,90
-1,6350.585,90
-1,6353.977,90
-1,6356.710,90
-1,6359.320,90
-1,6362.868,90
-1,6365.502,90
-1,6368.165,90
-1,6370.868,90
-1,6373.528,90
-1,6376.142,90
-1,6378.736,90
-1,6381.906,90
-1,6384.632,90
-1,6387.146,90
-1,6389.818,90
-1,6392.871,90
-1,6396.442,90
-1,6399.216,90
-1,6401.673,90
-1,6404.104,90
-1,6406.760,90
-1,6409.510,90
-1,6412.272,90
-1,6415.791,90
-1,6418.440,90
-1,6421.021,90
-1,6423.464,90
-1,6425.992,92
-1,6429.042,92
-1,6432.086,92
-1,6434.554,92
-1,6437.250,92
-1,6439.869,92
-1,6442.701,92
-1,6445.340,92
-1,6448.808,92
-1,6451.599,92
-1,6454.229,92
-1,6456.856,92
-1,6459.460,92
-1,6462.750,92
-1,6465.685,92
-1,6468.299,92
-1,6470.933,92
-1,6473.468,92
-1,6476.126,92
-1,6478.694,92
-1,6481.347,92
-1,6483.933,92
-1,6486.431,92
-1,6489.005,92
-1,6491.614,92
-1,6494.098,92
-1,6497.742,92
-1,6500.633,92
-1,6503.303,92
-1,6505.883,92
-1,6508.615,92
-1,6511.250,92
-1,6515.422,92
-1,6518.269,92
-1,6520.865,92
-1,6523.544,92
-1,6526.082,92
-1,6528.628,92
-1,6531.364,92
-1,6533.998,92
-1,6536.580,92
-1,6539.096,92
-1,6541.695,92
-1,6544.094,92
-1,6547.559,92
-1,6550.177,92
-1,6552.671,92
-1,6555.062,92
-1,6557.452,92
-1,6559.746,92
-1,6562.209,92
-1,6564.985,92
-1,6567.437,92
-1,6570.014,92
-1,6572.504,92
-1,6574.935,92
-1,6577.293,92
-1,6579.859,92
-1,6582.774,92
-1,6585.452,92
-1,6588.282,92
-1,6590.869,92
-1,6593.188,94
-1,6595.645,94
-1,6598.537,94
-1,6601.191,94
-1,6603.889,94
-1,6606.536,94
-1,6609.173,94
-1,6611.736,94
-1,6614.345,94
-1,6619.325,94
-1,6623.754,94
-1,6626.302,94
-1,6629.083,94
-1,6632.126,94
-1,6634.704,94
-1,6639.023,94
-1,6642.296,94
-1,6645.463,94
-1,6648.427,94
-1,6651.138,94
-1,6653.842,94
-1,6657.640,94
-1,6660.193,94
-1,6663.010,94
-1,6665.856,94
-1,6668.508,94
-1,6671.168,94
-1,6673.658,94
-1,6676.180,94
-1,6679.832,94
-1,6682.436,94
-1,6684.967,94
-1,6687.529,94
-1,6689.982,94
-1,6692.878,94
-1,6696.272,94
-1,6699.244,94
-1,6701.635,94
-1,6704.219,94
-1,6707.176,94
-1,6709.651,94
-1,6712.844,94
-1,6715.537,94
-1,6717.964,94
-1,6720.654,94
-1,6723.105,94
-1,6725.926,94
-1,6728.350,94
-1,6731.541,94
-1,6734.140,94
-1,6736.701,94
-1,6739.331,94
-1,6741.933,94
-1,6744.456,94
-1,6748.417,94
-1,6751.105,94
-1,6753.744,94
-1,6756.598,94
-1,6759.572,96
-1,6762.477,96
-1,6765.614,96
-1,6768.127,96
-1,6770.762,96
-1,6773.442,96
-1,6776.040,96
-1,6779.360,96
-1,6782.044,96
-1,6784.559,96
-1,6787.196,96
-1,6789.803,96
-1,6792.263,96
-1,6794.781,96
-1,6797.958,96
-1,6800.537,96
-1,6803.106,96
-1,6805.730,96
-1,6808.216,96
-1,6810.897,96
-1,6814.034,96
-1,6816.641,96
-1,6819.288,96
-1,6822.204,96
-1,6825.163,96
-1,6827.670,96
-1,6830.436,96
-1,6833.176,96
-1,6835.904,96
-1,6838.509,96
-1,6841.008,96
-1,6843.424,96
-1,6846.102,96
-1,6848.915,96
-1,6851.925,96
-1,6854.417,96
-1,6856.993,96
-1,6859.365,96
-1,6862.528,96
-1,6865.203,96
-1,6867.763,96
-1,6870.309,96
-1,6872.945,96
-1,6875.571,96
-1,6878.441,96
-1,6881.677,96
-1,6884.266,96
-1,6887.419,96
-1,6889.892,96
-1,6892.657,96
-1,6896.816,96
-1,6899.668,96
-1,6902.256,96
-1,6904.784,96
-1,6907.326,96
-1,6909.861,96
-1,6913.007,96
-1,6915.639,96
-1,6918.143,96
-1,6921.115,96
-1,6923.637,96
-1,6926.084,98
-1,6929.319,98
-1,6932.138,98
-1,6934.674,98
-1,6937.315,98
-1,6939.871,98
-1,6942.599,98
-1,6945.815,98
-1,6948.416,98
-1,6951.260,98
-1,6953.905,98
-1,6956.396,98
-1,6959.659,98
-1,6962.807,98
-1,6965.587,98
-1,6968.309,98
-1,6970.773,98
-1,6973.231,98
-1,6975.986,98
-1,6978.695,98
-1,6981.905,98
-1,6984.615,98
-1,6987.331,98
-1,6990.053,98
-1,6993.141,98
-1,6996.814,98
-1,6999.556,98
-1,7002.115,98
-1,7004.635,98
-1,7007.390,98
-1,7009.868,98
-1,7012.582,98
-1,7015.147,98
-1,7018.037,98
-1,7020.680,98
-1,7023.324,98
-1,7025.944,98
-1,7029.250,98
-1,7032.249,98
-1,7034.842,98
-1,7037.562,98
-1,7040.230,98
-1,7043.164,98
-1,7046.247,98
-1,7048.939,98
-1,7051.564,98
-1,7054.041,98
-1,7057.242,98
-1,7059.803,98
-1,7062.801,98
-1,7065.466,98
-1,7067.970,98
-1,7070.610,98
-1,7073.137,98
-1,7076.145,98
-1,7079.018,98
-1,7081.742,98
-1,7084.412,98
-1,7087.588,98
-1,7090.195,98
-1,7092.778,100
-1,7096.981,100
-1,7099.689,100
-1,7102.288,100
-1,7104.714,100
-1,7107.408,100
-1,7110.108,100
-1,7113.275,100
-1,7116.736,100
-1,7119.834,100
-1,7122.412,100
-1,7125.149,100
-1,7127.564,100
-1,7130.675,100
-1,7133.474,100
-1,7136.046,100
-1,7139.321,100
-1,7142.119,100
-1,7144.794,100
-1,7147.989,100
-1,7150.842,100
-1,7153.863,100
-1,7156.434,100
-1,7159.284,100
-1,7163.396,100
-1,7166.089,100
-1,7168.772,100
-1,7171.837,100
-1,7174.358,100
-1,7176.835,100
-1,7180.205,100
-1,7182.858,100
-1,7185.460,100
-1,7188.020,100
-1,7190.461,100
-1,7193.123,100
-1,7196.210,100
-1,7198.746,100
-1,7201.321,100
-1,7203.981,100
-1,7206.536,100
-1,7209.301,100
-1,7212.845,100
-1,7215.559,100
-1,7217.876,100
-1,7220.831,100
-1,7223.628,100
-1,7226.056,100
-1,7229.008,100
-1,7231.447,100
-1,7233.794,100
-1,7236.239,100
-1,7238.683,100
-1,7241.452,100
-1,7244.184,100
-1,7247.288,100
-1,7250.775,100
-1,7253.278,100
-1,7255.867,100
-1,7258.861,100
-1,7261.912,102
-1,7264.823,102
-1,7267.565,102
-1,7270.072,102
-1,7272.664,102
-1,7275.832,102
-1,7278.340,102
-1,7281.123,102
-1,7283.772,102
-1,7286.231,102
-1,7289.240,102
-1,7291.652,102
-1,7294.262,102
-1,7297.051,102
-1,7299.923,102
-1,7302.576,102
-1,7305.046,102
-1,7307.728,102
-1,7310.572,102
-1,7314.343,102
-1,7317.058,102
-1,7319.583,102
-1,7322.429,102
-1,7325.240,102
-1,7327.787,102
-1,7330.667,102
-1,7333.080,102
-1,7335.547,102
-1,7337.968,102
-1,7340.588,102
-1,7343.145,102
-1,7345.995,102
-1,7348.590,102
-1,7351.208,102
-1,7354.001,102
-1,7356.929,102
-1,7359.828,102
-1,7362.613,102
-1,7365.079,102
-1,7367.677,102
-1,7370.247,102
-1,7372.701,102
-1,7375.667,102
-1,7378.121,102
-1,7380.961,102
-1,7383.626,102
-1,7386.766,102
-1,7389.429,102
-1,7392.075,102
-1,7394.578,102
-1,7398.783,102
-1,7401.638,102
-1,7404.395,102
-1,7406.948,102
-1,7409.511,102
-1,7412.150,102
-1,7415.062,102
-1,7417.939,102
-1,7420.472,102
-1,7423.133,102
-1,7426.233,104
-1,7429.320,104
-1,7432.073,104
-1,7434.618,104
-1,7437.115,104
-1,7439.608,104
-1,7442.458,104
-1,7445.140,104
-1,7448.433,104
-1,7451.562,104
-1,7454.248,104
-1,7457.205,104
-1,7459.857,104
-1,7462.974,104
-1,7465.602,104
-1,7468.359,104
-1,7470.814,104
-1,7473.490,104
-1,7476.078,104
-1,7479.514,104
-1,7482.823,104
-1,7485.600,104
-1,7488.820,104
-1,7491.456,104
-1,7494.359,104
-1,7497.631,104
-1,7500.512,104
-1,7503.087,104
-1,7505.544,104
-1,7507.964,104
-1,7510.484,104
-1,7513.034,104
-1,7516.017,104
-1,7518.748,104
-1,7521.291,104
-1,7523.793,104
-1,7526.256,104
-1,7529.487,104
-1,7532.403,104
-1,7534.989,104
-1,7537.674,104
-1,7540.151,104
-1,7542.872,104
-1,7546.458,104
-1,7549.085,104
-1,7551.606,104
-1,7554.713,104
-1,7557.347,104
-1,7559.867,104
-1,7563.368,104
-1,7565.971,104
-1,7568.521,104
-1,7571.055,104
-1,7573.832,104
-1,7576.466,104
-1,7579.408,104
-1,7582.358,104
-1,7585.054,104
-1,7587.960,104
-1,7591.098,104
-1,7593.729,106
-1,7596.583,106
-1,7599.186,106
-1,7601.552,106
-1,7604.085,106
-1,7606.741,106
-1,7609.483,106
-1,7613.194,106
-1,7616.493,106
-1,7619.292,106
-1,7621.656,106
-1,7624.080,106
-1,7626.409,106
-1,7628.921,106
-1,7631.587,106
-1,7634.016,106
-1,7636.294,106
-1,7638.533,106
-1,7640.838,106
-1,7643.120,106
-1,7645.854,106
-1,7648.476,106
-1,7650.929,106
-1,7653.296,106
-1,7655.776,106
-1,7658.163,106
-1,7660.454,106
-1,7662.946,106
-1,7665.672,106
-1,7668.267,106
-1,7671.492,106
-1,7674.187,106
-1,7677.042,106
-1,7679.975,106
-1,7682.557,106
-1,7685.433,106
-1,7687.992,106
-1,7690.606,106
-1,7693.078,106
-1,7696.236,106
-1,7699.512,106
-1,7702.652,106
-1,7705.123,106
-1,7707.613,106
-1,7710.102,106
-1,7712.907,106
-1,7715.631,106
-1,7718.179,106
-1,7720.618,106
-1,7723.232,106
-1,7726.748,106
-1,7729.693,106
-1,7732.531,106
-1,7735.059,106
-1,7737.751,106
-1,7740.175,106
-1,7742.767,106
-1,7746.184,106
-1,7748.865,106
-1,7751.320,106
-1,7753.814,106
-1,7756.260,106
-1,7758.982,106
-1,7761.746,109
-1,7764.662,109
-1,7767.293,109
-1,7769.915,109
-1,7772.405,109
-1,7774.807,109
-1,7777.554,109
-1,7780.542,109
-1,7783.354,109
-1,7786.021,109
-1,7788.528,109
-1,7791.473,109
-1,7793.959,109
-1,7796.691,109
-1,7799.296,109
-1,7801.759,109
-1,7804.317,109
-1,7806.762,109
-1,7809.323,109
-1,7812.711,109
-1,7815.407,109
-1,7818.048,109
-1,7820.731,109
-1,7823.402,109
-1,7825.795,109
-1,7828.773,109
-1,7831.514,109
-1,7834.436,109
-1,7837.157,109
-1,7839.962,109
-1,7843.023,109
-1,7847.029,109
-1,7849.758,109
-1,7852.400,109
-1,7854.848,109
-1,7857.369,109
-1,7859.884,109
-1,7862.647,109
-1,7866.136,109
-1,7869.307,109
-1,7871.729,109
-1,7874.241,109
-1,7876.562,109
-1,7880.767,109
-1,7883.480,109
-1,7886.007,109
-1,7888.550,109
-1,7891.231,109
-1,7893.788,109
-1,7897.126,109
-1,7899.881,109
-1,7902.529,109
-1,7905.080,109
-1,7907.445,109
-1,7909.987,109
-1,7913.750,109
-1,7916.777,109
-1,7919.638,109
-1,7922.126,109
-1,7924.688,109
-1,7927.091,111
-1,7930.456,111
-1,7933.193,111
-1,7935.781,111
-1,7938.482,111
-1,7941.026,111
-1,7943.448,111
-1,7946.731,111
-1,7949.689,111
-1,7952.283,111
-1,7954.603,111
-1,7957.313,111
-1,7959.876,111
-1,7962.735,111
-1,7965.913,111
-1,7968.479,111
-1,7971.018,111
-1,7973.860,111
-1,7976.904,111
-1,7979.716,111
-1,7982.291,111
-1,7985.277,111
-1,7987.892,111
-1,7990.505,111
-1,7993.561,111
-1,7996.891,111
-1,7999.590,111
-1,8002.314,111
-1,8004.903,111
-1,8007.551,111
-1,8010.030,111
-1,8012.812,111
-1,8015.676,111
-1,8018.159,111
-1,8020.869,111
-1,8023.126,111
-1,8026.074,111
-1,8028.978,111
-1,8032.231,111
-1,8034.691,111
-1,8037.431,111
-1,8040.388,111
-1,8042.896,111
-1,8045.970,111
-1,8048.640,111
-1,8051.111,111
-1,8054.152,111
-1,8056.901,111
-1,8059.431,111
-1,8062.558,111
-1,8065.218,111
-1,8067.761,111
-1,8070.740,111
-1,8073.562,111
-1,8076.357,111
-1,8079.410,111
-1,8082.361,111
-1,8084.782,111
-1,8087.466,111
-1,8089.863,111
-1,8092.682,113
-1,8095.836,113
-1,8098.611,113
-1,8101.304,113
-1,8103.822,113
-1,8106.305,113
-1,8109.019,113
-1,8112.191,113
-1,8114.815,113
-1,8117.456,113
-1,8120.110,113
-1,8122.673,113
-1,8125.542,113
-1,8127.962,113
-1,8131.517,113
-1,8134.425,113
-1,8137.503,113
-1,8140.014,113
-1,8142.663,113
-1,8145.826,113
-1,8148.917,113
-1,8151.497,113
-1,8153.989,113
-1,8156.992,113
-1,8159.345,113
-1,8162.363,113
-1,8165.267,113
-1,8168.696,113
-1,8171.541,113
-1,8174.474,113
-1,8176.961,113
-1,8179.731,113
-1,8182.706,113
-1,8185.569,113
-1,8188.016,113
-1,8191.128,113
-1,8193.635,113
-1,8196.446,113
-1,8199.518,113
-1,8202.434,113
-1,8204.850,113
-1,8207.506,113
-1,8210.416,113
-1,8213.080,113
-1,8215.767,113
-1,8218.103,113
-1,8220.637,113
-1,8223.409,113
-1,8226.518,113
-1,8229.273,113
-1,8231.949,113
-1,8234.287,113
-1,8236.700,113
-1,8239.501,113
-1,8242.556,113
-1,8245.549,113
-1,8248.421,113
-1,8251.398,113
-1,8253.842,113
-1,8256.901,113
-1,8259.459,115
-1,8262.321,115
-1,8265.051,115
-1,8267.599,115
-1,8270.040,115
-1,8272.806,115
-1,8275.427,115
-1,8277.924,115
-1,8281.378,115
-1,8284.147,115
-1,8286.728,115
-1,8289.301,115
-1,8292.262,115
-1,8294.684,115
-1,8297.431,115
-1,8300.096,115
-1,8302.558,115
-1,8305.466,115
-1,8307.992,115
-1,8310.556,115
-1,8313.218,115
-1,8315.591,115
-1,8318.112,115
-1,8320.658,115
-1,8323.214,115
-1,8326.009,115
-1,8329.244,115
-1,8332.369,115
-1,8335.218,115
-1,8337.792,115
-1,8340.194,115
-1,8342.680,115
-1,8345.627,115
-1,8348.739,115
-1,8351.094,115
-1,8353.728,115
-1,8356.181,115
-1,8358.625,115
-1,8360.935,115
-1,8364.699,115
-1,8367.518,115
-1,8370.124,115
-1,8372.658,115
-1,8375.057,115
-1,8377.479,115
-1,8380.464,115
-1,8383.285,115
-1,8385.973,115
-1,8389.112,115
-1,8391.730,115
-1,8394.364,115
-1,8397.145,115
-1,8399.877,115
-1,8402.440,115
-1,8405.549,115
-1,8407.959,115
-1,8410.482,115
-1,8413.951,115
-1,8417.001,115
-1,8419.618,115
-1,8422.230,115
-1,8424.732,115
-1,8427.409,117
-1,8430.210,117
-1,8433.408,117
-1,8436.611,117
-1,8439.266,117
-1,8441.621,117
-1,8443.918,117
-1,8446.917,117
-1,8449.936,117
-1,8453.225,117
-1,8455.864,117
-1,8458.460,117
-1,8461.082,117
-1,8464.399,117
-1,8467.140,117
-1,8470.427,117
-1,8472.969,117
-1,8475.471,117
-1,8477.869,117
-1,8480.864,117
-1,8483.566,117
-1,8486.242,117
-1,8488.919,117
-1,8491.412,117
-1,8494.339,117
-1,8498.811,117
-1,8501.751,117
-1,8504.217,117
-1,8506.576,117
-1,8509.263,117
-1,8511.700,117
-1,8514.368,117
-1,8516.990,117
-1,8519.944,117
-1,8522.741,117
-1,8525.328,117
-1,8527.730,117
-1,8531.075,117
-1,8533.820,117
-1,8536.190,117
-1,8538.679,117
-1,8541.006,117
-1,8543.349,117
-1,8546.543,117
-1,8549.504,117
-1,8552.603,117
-1,8555.357,117
-1,8557.941,117
-1,8560.447,117
-1,8563.817,117
-1,8566.678,117
-1,8569.546,117
-1,8572.137,117
-1,8574.511,117
-1,8576.963,117
-1,8580.120,117
-1,8582.861,117
-1,8585.441,117
-1,8587.847,117
-1,8590.350,117
-1,8592.722,119
-1,8596.046,119
-1,8598.681,119
-1,8601.093,119
-1,8603.448,119
-1,8605.748,119
-1,8608.062,119
-1,8610.323,119
-1,8614.280,119
-1,8617.154,119
-1,8619.658,119
-1,8622.219,119
-1,8624.664,119
-1,8626.976,119
-1,8630.601,119
-1,8633.160,119
-1,8635.569,119
-1,8637.916,119
-1,8640.272,119
-1,8642.874,119
-1,8646.084,119
-1,8648.747,119
-1,8651.249,119
-1,8653.776,119
-1,8656.185,119
-1,8658.627,119
-1,8661.001,119
-1,8664.390,119
-1,8667.099,119
-1,8669.687,119
-1,8672.230,119
-1,8674.608,119
-1,8676.952,119
-1,8679.801,119
-1,8683.184,119
-1,8685.942,119
-1,8688.657,119
-1,8691.092,119
-1,8693.816,119
-1,8696.770,119
-1,8699.400,119
-1,8701.869,119
-1,8704.323,119
-1,8706.686,119
-1,8709.318,119
-1,8712.568,119
-1,8715.260,119
-1,8717.684,119
-1,8720.182,119
-1,8722.693,119
-1,8725.097,119
-1,8727.414,119
-1,8730.631,119
-1,8733.132,119
-1,8735.563,119
-1,8737.990,119
-1,8740.383,119
-1,8742.718,119
-1,8745.559,119
-1,8748.572,119
-1,8751.316,119
-1,8753.965,119
-1,8757.122,119
0,8759.626,0
0,8762.479,0
0,8764.931,0
0,8767.367,0
0,8769.783,0
0,8772.906,0
0,8775.432,0
0,8777.796,0
0,8780.395,0
0,8782.844,0
0,8785.578,0
0,8787.909,0
0,8790.457,0
0,8792.770,0
0,8795.822,0
0,8798.409,0
0,8800.778,0
0,8803.197,0
0,8805.473,0
0,8807.753,0
0,8810.003,0
0,8812.957,0
0,8815.381,0
0,8817.809,0
0,8820.249,0
0,8822.591,0
0,8825.071,0
0,8827.388,0
0,8830.528,0
0,8833.003,0
0,8835.499,0
0,8837.827,0
0,8840.374,0
0,8843.243,0
0,8846.099,0
0,8849.033,0
0,8851.406,0
0,8853.783,0
0,8856.162,0
0,8858.551,0
0,8861.142,0
0,8864.173,0
0,8866.734,0
0,8869.166,0
0,8871.465,0
0,8873.849,0
0,8876.189,0
0,8878.825,0
0,8881.683,0
0,8884.130,0
0,8886.530,0
0,8888.833,0
0,8891.114,0
0,8893.410,0
0,8896.453,0
0,8899.068,0
0,8901.357,0
0,8903.775,0
0,8906.156,0
0,8908.876,0
0,8911.590,0
0,8914.867,0
0,8917.675,0
0,8920.169,0
0,8922.680,0
0,8925.016,0
0,8927.389,0
0,8930.581,0
0,8933.035,0
0,8935.452,0
0,8937.810,0
0,8940.083,0
0,8942.682,0
0,8945.467,0
0,8947.969,0
0,8950.491,0
0,8952.933,0
0,8955.336,0
0,8957.625,0
0,8959.894,0
0,8962.993,0
0,8965.477,0
0,8967.865,0
0,8970.198,0
0,8972.613,0
0,8975.573,0
0,8978.392,0
0,8981.554,0
0,8984.175,0
0,8986.596,0
0,8988.887,0
0,8991.226,0
0,8993.489,0
0,8996.715,0
0,8999.360,0
0,9001.956,0
0,9004.425,0
0,9006.757,0
0,9009.347,0
0,9012.398,0
0,9014.902,0
0,9017.316,0
0,9019.749,0
0,9022.085,0
0,9024.351,0
0,9026.997,0
0,9030.277,0
0,9032.878,0
0,9035.385,0
0,9037.928,0
0,9040.487,0
0,9043.213,0
0,9046.436,0
0,9048.934,0
0,9051.312,0
0,9053.709,0
0,9056.270,0
0,9059.018,0
0,9061.509,0
0,9064.308,0
0,9066.760,0
0,9069.294,0
0,9071.684,0
0,9074.870,0
0,9077.355,0
0,9080.462,0
0,9083.192,0
0,9085.650,0
0,9088.028,0
0,9090.291,0
0,9092.633,0
0,9095.716,0
0,9098.642,0
0,9101.120,0
0,9103.827,0
0,9107.134,0
0,9109.709,0
0,9113.297,0
0,9116.519,0
0,9119.199,0
0,9121.575,0
0,9123.916,0
0,9126.251,0
0,9129.186,0
0,9131.682,0
0,9134.087,0
0,9136.378,0
0,9138.678,0
0,9141.053,0
0,9143.269,0
0,9146.786,0
0,9149.293,0
0,9151.620,0
0,9154.077,0
0,9156.355,0
0,9158.888,0
0,9161.268,0
0,9164.023,0
0,9166.557,0
0,9169.134,0
0,9171.743,0
0,9174.297,0
0,9176.670,0
0,9180.045,0
0,9182.754,0
0,9185.310,0
0,9187.772,0
0,9190.542,0
0,9193.312,0
0,9196.427,0
0,9199.510,0
0,9202.150,0
0,9204.521,0
0,9206.873,0
0,9213.791,0
0,9219.855,0
0,9223.841,0
0,9227.788,0
0,9231.041,0
0,9234.421,0
0,9237.700,0
0,9240.748,0
0,9243.568,0
0,9247.005,0
0,9250.812,0
0,9253.759,0
0,9256.446,0
0,9259.326,0
0,9261.921,3
0,9264.926,3
0,9267.925,3
0,9271.985,3
0,9274.933,3
0,9280.865,3
0,9287.016,3
0,9291.118,3
0,9294.514,3
0,9298.428,3
0,9302.792,3
0,9306.025,3
0,9309.246,3
0,9312.494,3
0,9315.735,3
0,9321.127,3
0,9325.187,3
0,9328.872,3
0,9332.638,3
0,9340.729,3
0,9344.349,3
0,9348.128,3
0,9352.349,3
0,9356.055,3
0,9359.087,3
0,9361.742,3
0,9364.549,3
0,9367.954,3
0,9371.323,3
0,9374.467,3
0,9378.408,3
0,9381.591,3
0,9384.744,3
0,9387.896,3
0,9390.632,3
0,9393.331,3
0,9396.259,3
0,9399.335,3
0,9403.264,3
0,9406.630,3
0,9409.777,3
0,9412.737,3
0,9415.700,3
0,9418.544,3
0,9421.120,3
0,9423.741,3
0,9426.282,5
0,9428.955,5
0,9432.051,5
0,9434.688,5
0,9437.903,5
0,9443.219,5
0,9448.214,5
0,9451.881,5
0,9455.896,5
0,9460.966,5
0,9463.632,5
0,9466.665,5
0,9469.720,5
0,9472.583,5
0,9475.309,5
0,9477.993,5
0,9481.388,5
0,9484.328,5
0,9487.025,5
0,9489.746,5
0,9492.523,5
0,9495.505,5
0,9498.990,5
0,9502.409,5
0,9505.125,5
0,9508.310,5
0,9510.907,5
0,9513.761,5
0,9516.368,5
0,9519.194,5
0,9522.013,5
0,9524.733,5
0,9527.372,5
0,9530.922,5
0,9533.609,5
0,9536.225,5
0,9538.790,5
0,9541.249,5
0,9543.934,5
0,9546.757,5
0,9549.568,5
0,9552.256,5
0,9555.023,5
0,9557.713,5
0,9560.297,5
0,9564.151,5
0,9567.293,5
0,9569.958,5
0,9572.867,5
0,9575.565,5
0,9578.164,5
0,9581.208,5
0,9583.848,5
0,9586.933,5
0,9589.599,5
0,9592.338,5
0,9595.857,7
0,9599.056,7
0,9602.162,7
0,9604.948,7
0,9607.482,7
0,9610.489,7
0,9613.416,7
0,9616.088,7
0,9619.185,7
0,9621.770,7
0,9624.689,7
0,9627.086,7
0,9630.578,7
0,9633.238,7
0,9635.931,7
0,9638.892,7
0,9641.279,7
0,9643.821,7
0,9647.601,7
0,9650.581,7
0,9653.248,7
0,9655.967,7
0,9658.763,7
0,9662.033,7
0,9665.465,7
0,9668.677,7
0,9671.765,7
0,9674.151,7
0,9676.660,7
0,9680.216,7
0,9683.021,7
0,9685.694,7
0,9688.650,7
0,9691.243,7
0,9693.914,7
0,9696.984,7
0,9699.676,7
0,9702.353,7
0,9704.964,7
0,9707.798,7
0,9710.249,7
0,9713.227,7
0,9716.024,7
0,9718.613,7
0,9721.404,7
0,9724.270,7
0,9726.872,7
0,9729.921,7
0,9732.588,7
0,9735.145,7
0,9738.211,7
0,9741.056,7
0,9743.729,7
0,9746.707,7
0,9749.569,7
0,9752.088,7
0,9754.566,7
0,9757.190,7
0,9759.504,9
0,9762.612,9
0,9765.327,9
0,9767.735,9
0,9770.250,9
0,9773.258,9
0,9776.012,9
0,9779.663,9
0,9782.390,9
0,9784.940,9
0,9787.829,9
0,9791.204,9
0,9793.787,9
0,9796.689,9
0,9799.433,9
0,9802.900,9
0,9805.495,9
0,9808.028,9
0,9810.572,9
0,9813.744,9
0,9816.519,9
0,9819.375,9
0,9821.991,9
0,9824.612,9
0,9827.081,9
0,9830.227,9
0,9832.916,9
0,9835.744,9
0,9838.379,9
0,9840.973,9
0,9843.521,9
0,9846.883,9
0,9849.716,9
0,9852.926,9
0,9855.625,9
0,9858.339,9
0,9860.898,9
0,9864.448,9
0,9867.121,9
0,9869.710,9
0,9872.239,9
0,9874.539,9
0,9877.112,9
0,9880.263,9
0,9883.011,9
0,9886.069,9
0,9889.257,9
0,9891.848,9
0,9894.248,9
0,9897.345,9
0,9900.438,9
0,9903.005,9
0,9905.725,9
0,9908.641,9
0,9911.082,9
0,9914.456,9
0,9917.649,9
0,9920.434,9
0,9923.291,9
0,9926.293,11
0,9930.159,11
0,9933.073,11
0,9935.531,11
0,9938.274,11
0,9941.199,11
0,9943.786,11
0,9946.910,11
0,9949.688,11
0,9952.708,11
0,9955.077,11
0,9957.550,11
0,9959.896,11
0,9963.257,11
0,9965.808,11
0,9968.531,11
0,9971.252,11
0,9973.830,11
0,9976.349,11
0,9979.585,11
0,9983.317,11
0,9986.482,11
0,9989.460,11
0,9992.312,11
0,9994.673,11
0,9998.042,11
0,10001.450,11
0,10004.187,11
0,10006.948,11
0,10009.502,11
0,10012.861,11
0,10015.730,11
0,10018.314,11
0,10020.943,11
0,10023.462,11
0,10026.581,11
0,10029.381,11
0,10032.105,11
0,10034.666,11
0,10037.275,11
0,10039.886,11
0,10042.415,11
0,10044.955,11
0,10048.102,11
0,10050.808,11
0,10053.488,11
0,10055.929,11
0,10058.448,11
0,10061.046,11
0,10064.164,11
0,10067.006,11
0,10069.680,11
0,10072.267,11
0,10074.709,11
0,10077.361,11
0,10080.194,11
0,10082.841,11
0,10085.656,11
0,10088.227,11
0,10090.953,11
0,10093.466,13
0,10096.626,13
0,10099.548,13
0,10102.092,13
0,10104.521,13
0,10107.182,13
0,10109.660,13
0,10112.712,13
0,10115.375,13
0,10118.415,13
0,10121.005,13
0,10123.523,13
0,10125.989,13
0,10129.648,13
0,10132.718,13
0,10135.582,13
0,10138.774,13
0,10141.310,13
0,10143.887,13
0,10147.547,13
0,10150.762,13
0,10153.555,13
0,10156.830,13
0,10159.423,13
0,10163.026,13
0,10165.706,13
0,10168.309,13
0,10170.960,13
0,10173.686,13
0,10176.108,13
0,10179.340,13
0,10182.029,13
0,10184.505,13
0,10187.122,13
0,10189.729,13
0,10192.362,13
0,10194.876,13
0,10198.411,13
0,10201.687,13
0,10204.122,13
0,10207.278,13
0,10209.800,13
0,10212.526,13
0,10215.022,13
0,10217.497,13
0,10219.905,13
0,10222.533,13
0,10225.017,13
0,10227.706,13
0,10231.147,13
0,10234.156,13
0,10236.666,13
0,10239.483,13
0,10242.126,13
0,10244.624,13
0,10248.535,13
0,10251.885,13
0,10254.673,13
0,10257.287,13
0,10259.744,15
0,10263.047,15
0,10266.570,15
0,10269.084,15
0,10271.693,15
0,10274.388,15
0,10276.956,15
0,10280.024,15
0,10282.889,15
0,10286.155,15
0,10288.796,15
0,10291.391,15
0,10294.199,15
0,10297.623,15
0,10300.626,15
0,10303.237,15
0,10305.736,15
0,10308.448,15
0,10311.695,15
0,10315.128,15
0,10317.830,15
0,10320.424,15
0,10323.117,15
0,10325.641,15
0,10328.463,15
0,10331.484,15
0,10334.513,15
0,10337.162,15
0,10339.882,15
0,10342.791,15
0,10345.415,15
0,10348.460,15
0,10351.820,15
0,10354.397,15
0,10357.160,15
0,10359.686,15
0,10362.845,15
0,10365.544,15
0,10368.081,15
0,10370.832,15
0,10373.404,15
0,10376.408,15
0,10379.912,15
0,10382.709,15
0,10385.450,15
0,10387.960,15
0,10390.419,15
0,10393.321,15
0,10397.098,15
0,10399.782,15
0,10402.751,15
0,10405.795,15
0,10408.718,15
0,10411.291,15
0,10414.397,15
0,10417.286,15
0,10419.851,15
0,10422.427,15
0,10424.986,15
0,10427.642,17
0,10430.910,17
0,10433.558,17
0,10436.116,17
0,10439.176,17
0,10441.834,17
0,10444.475,17
0,10447.943,17
0,10450.777,17
0,10453.374,17
0,10456.371,17
0,10459.471,17
0,10462.393,17
0,10465.857,17
0,10468.426,17
0,10471.293,17
0,10473.818,17
0,10476.882,17
0,10479.834,17
0,10482.367,17
0,10485.000,17
0,10487.626,17
0,10490.244,17
0,10492.798,17
0,10496.137,17
0,10498.890,17
0,10501.433,17
0,10503.859,17
0,10506.618,17
0,10509.526,17
0,10513.211,17
0,10516.271,17
0,10518.875,17
0,10521.956,17
0,10524.490,17
0,10527.224,17
0,10530.464,17
0,10533.306,17
0,10535.950,17
0,10538.536,17
0,10541.206,17
0,10544.021,17
0,10547.198,17
0,10549.938,17
0,10552.481,17
0,10555.190,17
0,10557.814,17
0,10560.344,17
0,10564.518,17
0,10567.291,17
0,10569.978,17
0,10573.184,17
0,10575.710,17
0,10578.351,17
0,10581.908,17
0,10584.562,17
0,10588.174,17
0,10591.487,17
0,10594.539,19
0,10598.217,19
0,10601.037,19
0,10604.282,19
0,10607.043,19
0,10609.608,19
0,10613.188,19
0,10615.914,19
0,10618.553,19
0,10621.275,19
0,10624.017,19
0,10626.555,19
0,10630.838,19
0,10633.445,19
0,10636.125,19
0,10639.202,19
0,10642.024,19
0,10645.080,19
0,10648.611,19
0,10651.639,19
0,10654.489,19
0,10657.459,19
0,10659.990,19
0,10663.063,19
0,10666.095,19
0,10669.399,19
0,10672.083,19
0,10674.685,19
0,10677.364,19
0,10680.424,19
0,10683.092,19
0,10685.871,19
0,10688.441,19
0,10691.067,19
0,10693.635,19
0,10697.229,19
0,10699.878,19
0,10702.776,19
0,10705.283,19
0,10707.620,19
0,10710.014,19
0,10713.321,19
0,10716.497,19
0,10719.638,19
0,10722.250,19
0,10724.819,19
0,10727.184,19
0,10730.715,19
0,10733.559,19
0,10736.337,19
0,10739.050,19
0,10742.146,19
0,10744.791,19
0,10747.596,19
0,10750.340,19
0,10752.724,19
0,10755.387,19
0,10757.912,19
0,10760.547,21
0,10763.562,21
0,10766.754,21
0,10769.328,21
0,10772.429,21
0,10774.849,21
0,10777.468,21
0,10780.439,21
0,10783.353,21
0,10786.052,21
0,10788.592,21
0,10791.117,21
0,10794.042,21
0,10796.944,21
0,10799.642,21
0,10802.356,21
0,10804.993,21
0,10807.510,21
0,10810.495,21
0,10813.996,21
0,10816.708,21
0,10819.773,21
0,10822.330,21
0,10825.143,21
0,10827.674,21
0,10830.787,21
0,10833.348,21
0,10835.934,21
0,10838.779,21
0,10841.387,21
0,10843.837,21
0,10847.738,21
0,10850.416,21
0,10853.057,21
0,10855.716,21
0,10858.515,21
0,10860.992,21
0,10864.710,21
0,10867.948,21
0,10870.743,21
0,10873.410,21
0,10876.009,21
0,10879.459,21
0,10882.173,21
0,10884.728,21
0,10887.571,21
0,10890.731,21
0,10893.514,21
0,10897.100,21
0,10900.298,21
0,10902.906,21
0,10905.450,21
0,10908.196,21
0,10910.674,21
0,10914.165,21
0,10917.160,21
0,10920.213,21
0,10922.826,21
0,10925.516,21
0,10928.593,23
0,10931.700,23
0,10934.598,23
0,10937.422,23
0,10940.583,23
0,10942.989,23
0,10945.472,23
0,10948.740,23
0,10951.408,23
0,10953.943,23
0,10956.506,23
0,10959.163,23
0,10961.743,23
0,10964.578,23
0,10967.304,23
0,10970.465,23
0,10973.184,23
0,10976.102,23
0,10978.569,23
0,10981.292,23
0,10984.231,23
0,10987.360,23
0,10990.676,23
0,10993.313,23
0,10996.543,23
0,10999.496,23
0,11002.504,23
0,11005.212,23
0,11007.784,23
0,11010.119,23
0,11013.638,23
0,11016.601,23
0,11019.381,23
0,11022.682,23
0,11025.209,23
0,11027.843,23
0,11032.287,23
0,11034.844,23
0,11037.626,23
0,11040.659,23
0,11043.702,23
0,11047.575,23
0,11050.261,23
0,11052.895,23
0,11055.571,23
0,11058.160,23
0,11060.664,23
0,11063.388,23
0,11066.180,23
0,11069.039,23
0,11071.686,23
0,11074.173,23
0,11076.685,23
0,11080.168,23
0,11083.240,23
0,11085.922,23
0,11088.411,23
0,11090.940,23
0,11093.423,25
0,11096.461,25
0,11099.105,25
0,11101.628,25
0,11104.229,25
0,11107.134,25
0,11109.622,25
0,11113.060,25
0,11115.964,25
0,11118.657,25
0,11121.362,25
0,11124.076,25
0,11126.949,25
0,11130.489,25
0,11133.414,25
0,11136.170,25
0,11138.880,25
0,11141.370,25
0,11144.345,25
0,11147.278,25
0,11150.346,25
0,11152.998,25
0,11155.585,25
0,11158.161,25
0,11160.859,25
0,11164.032,25
0,11167.248,25
0,11169.758,25
0,11172.765,25
0,11175.304,25
0,11177.749,25
0,11181.361,25
0,11184.228,25
0,11186.853,25
0,11189.576,25
0,11192.850,25
0,11196.471,25
0,11199.165,25
0,11202.244,25
0,11204.959,25
0,11207.675,25
0,11210.090,25
0,11213.666,25
0,11216.499,25
0,11219.546,25
0,11222.316,25
0,11224.845,25
0,11227.333,25
0,11230.514,25
0,11233.362,25
0,11236.488,25
0,11239.317,25
0,11242.452,25
0,11245.294,25
0,11248.042,25
0,11250.843,25
0,11253.401,25
0,11255.972,25
0,11258.504,25
0,11260.821,27
0,11264.271,27
0,11266.872,27
0,11269.975,27
0,11272.930,27
0,11275.698,27
0,11278.378,27
0,11281.172,27
0,11283.766,27
0,11286.281,27
0,11288.815,27
0,11291.364,27
0,11293.895,27
0,11297.463,27
0,11300.170,27
0,11302.772,27
0,11305.219,27
0,11307.733,27
0,11310.219,27
0,11313.708,27
0,11316.469,27
0,11319.362,27
0,11322.337,27
0,11324.766,27
0,11327.972,27
0,11330.757,27
0,11333.307,27
0,11335.907,27
0,11338.477,27
0,11340.983,27
0,11343.464,27
0,11345.958,27
0,11349.412,27
0,11352.194,27
0,11354.812,27
0,11357.247,27
0,11360.310,27
0,11363.129,27
0,11365.760,27
0,11368.322,27
0,11370.793,27
0,11373.317,27
0,11375.984,27
0,11378.626,27
0,11381.600,27
0,11384.349,27
0,11386.914,27
0,11389.521,27
0,11391.929,27
0,11394.444,27
0,11396.975,27
0,11399.868,27
0,11402.651,27
0,11405.251,27
0,11407.845,27
0,11410.345,27
0,11413.311,27
0,11416.117,27
0,11418.679,27
0,11421.380,27
0,11424.009,27
0,11426.642,30
0,11429.641,30
0,11432.354,30
0,11435.208,30
0,11437.714,30
0,11440.254,30
0,11442.798,30
0,11446.272,30
0,11449.096,30
0,11451.943,30
0,11454.581,30
0,11458.686,30
0,11461.353,30
0,11464.278,30
0,11466.987,30
0,11469.540,30
0,11472.419,30
0,11475.019,30
0,11477.389,30
0,11480.683,30
0,11483.333,30
0,11486.452,30
0,11489.066,30
0,11491.727,30
0,11494.966,30
0,11497.967,30
0,11500.807,30
0,11503.494,30
0,11506.129,30
0,11509.254,30
0,11511.784,30
0,11514.884,30
0,11517.545,30
0,11519.992,30
0,11523.006,30
0,11525.743,30
0,11528.501,30
0,11531.328,30
0,11533.853,30
0,11536.395,30
0,11538.945,30
0,11541.588,30
0,11544.174,30
0,11546.750,30
0,11549.835,30
0,11552.516,30
0,11555.200,30
0,11557.715,30
0,11560.606,30
0,11563.585,30
0,11566.744,30
0,11569.310,30
0,11571.796,30
0,11574.373,30
0,11576.958,30
0,11580.207,30
0,11582.978,30
0,11585.677,30
0,11588.680,30
0,11591.287,30
0,11593.822,32
0,11597.133,32
0,11599.766,32
0,11602.399,32
0,11604.957,32
0,11607.483,32
0,11610.408,32
0,11613.265,32
0,11615.948,32
0,11618.992,32
0,11621.549,32
0,11624.144,32
0,11626.566,32
0,11630.179,32
0,11632.903,32
0,11635.537,32
0,11638.078,32
0,11640.992,32
0,11643.486,32
0,11646.521,32
0,11649.276,32
0,11651.772,32
0,11654.292,32
0,11656.768,32
0,11660.804,32
0,11663.840,32
0,11666.552,32
0,11669.267,32
0,11671.784,32
0,11674.340,32
0,11677.359,32
0,11680.583,32
0,11683.325,32
0,11686.009,32
0,11688.624,32
0,11691.204,32
0,11694.071,32
0,11697.597,32
0,11700.567,32
0,11703.061,32
0,11706.187,32
0,11708.885,32
0,11711.253,32
0,11713.970,32
0,11717.367,32
0,11720.701,32
0,11723.595,32
0,11726.226,32
0,11729.564,32
0,11732.518,32
0,11735.132,32
0,11737.728,32
0,11740.198,32
0,11742.895,32
0,11745.999,32
0,11749.043,32
0,11752.265,32
0,11754.849,32
0,11757.625,32
0,11760.326,34
0,11763.533,34
0,11766.257,34
0,11769.011,34
0,11771.609,34
0,11774.409,34
0,11776.962,34
0,11780.240,34
0,11783.287,34
0,11786.060,34
0,11789.302,34
0,11791.858,34
0,11794.242,34
0,11798.128,34
0,11801.401,34
0,11803.954,34
0,11806.654,34
0,11809.442,34
0,11812.167,34
0,11815.763,34
0,11818.435,34
0,11821.059,34
0,11823.704,34
0,11826.275,34
0,11830.286,34
0,11833.006,34
0,11835.675,34
0,11838.262,34
0,11841.449,34
0,11843.933,34
0,11847.459,34
0,11850.413,34
0,11852.976,34
0,11855.646,34
0,11858.257,34
0,11860.880,34
0,11864.339,34
0,11867.088,34
0,11869.693,34
0,11872.466,34
0,11875.081,34
0,11877.655,34
0,11881.054,34
0,11883.814,34
0,11886.394,34
0,11888.944,34
0,11891.469,34
0,11894.187,34
0,11897.895,34
0,11900.685,34
0,11903.364,34
0,11906.575,34
0,11909.454,34
0,11912.200,34
0,11915.606,34
0,11918.679,34
0,11921.642,34
0,11924.166,34
0,11926.882,36
0,11930.770,36
0,11933.615,36
0,11936.690,36
0,11939.231,36
0,11941.886,36
0,11944.574,36
0,11947.961,36
0,11950.696,36
0,11953.385,36
0,11955.940,36
0,11958.827,36
0,11961.464,36
0,11964.472,36
0,11967.489,36
0,11970.180,36
0,11972.871,36
0,11975.573,36
0,11978.892,36
0,11982.759,36
0,11985.653,36
0,11988.303,36
0,11991.010,36
0,11993.525,36
0,11996.230,36
0,11999.467,36
0,12002.627,36
0,12005.247,36
0,12007.668,36
0,12010.373,36
0,12014.334,36
0,12017.258,36
0,12019.939,36
0,12022.624,36
0,12025.776,36
0,12028.525,36
0,12032.816,36
0,12035.777,36
0,12038.449,36
0,12041.299,36
0,12043.921,36
0,12047.109,36
0,12050.555,36
0,12053.693,36
0,12056.646,36
0,12059.490,36
0,12062.142,36
0,12065.316,36
0,12068.151,36
0,12070.806,36
0,12073.515,36
0,12076.362,36
0,12079.722,36
0,12082.881,36
0,12085.508,36
0,12088.500,36
0,12091.107,36
0,12093.507,38
0,12097.301,38
0,12101.172,38
0,12103.716,38
0,12106.395,38
0,12109.016,38
0,12111.781,38
0,12115.856,38
0,12118.582,38
0,12121.235,38
0,12123.948,38
0,12126.657,38
0,12129.441,38
0,12132.334,38
0,12135.278,38
0,12138.541,38
0,12141.062,38
0,12143.624,38
0,12147.130,38
0,12150.013,38
0,12152.841,38
0,12155.381,38
0,12157.904,38
0,12160.505,38
0,12164.316,38
0,12167.365,38
0,12170.518,38
0,12173.307,38
0,12176.241,38
0,12179.669,38
0,12182.386,38
0,12184.995,38
0,12187.624,38
0,12190.292,38
0,12192.826,38
0,12196.500,38
0,12199.639,38
0,12202.438,38
0,12204.864,38
0,12207.531,38
0,12210.039,38
0,12212.970,38
0,12215.605,38
0,12218.082,38
0,12220.798,38
0,12223.420,38
0,12226.177,38
0,12229.637,38
0,12232.781,38
0,12235.286,38
0,12237.737,38
0,12240.135,38
0,12243.139,38
0,12246.167,38
0,12249.191,38
0,12251.732,38
0,12254.305,38
0,12256.896,38
0,12259.689,40
0,12262.820,40
0,12266.120,40
0,12269.203,40
0,12271.765,40
0,12274.280,40
0,12276.800,40
0,12279.594,40
0,12282.290,40
0,12284.887,40
0,12287.472,40
0,12289.962,40
0,12292.919,40
0,12295.879,40
0,12298.909,40
0,12301.428,40
0,12304.034,40
0,12306.403,40
0,12309.043,40
0,12312.346,40
0,12315.048,40
0,12317.699,40
0,12320.193,40
0,12322.684,40
0,12325.215,40
0,12327.620,40
0,12330.090,40
0,12332.700,40
0,12335.443,40
0,12337.829,40
0,12340.583,40
0,12342.923,40
0,12346.200,40
0,12349.199,40
0,12351.743,40
0,12354.190,40
0,12357.071,40
0,12359.497,40
0,12362.412,40
0,12365.299,40
0,12367.890,40
0,12370.359,40
0,12372.904,40
0,12375.530,40
0,12378.542,40
0,12381.697,40
0,12384.323,40
0,12386.865,40
0,12389.419,40
0,12391.787,40
0,12394.457,40
0,12398.229,40
0,12401.557,40
0,12404.480,40
0,12407.067,40
0,12409.538,40
0,12412.395,40
0,12415.241,40
0,12417.751,40
0,12420.403,40
0,12423.024,40
0,12425.639,40
0,12428.140,42
0,12431.897,42
0,12434.495,42
0,12436.897,42
0,12439.991,42
0,12442.625,42
0,12445.206,42
0,12448.048,42
0,12451.080,42
0,12453.653,42
0,12456.593,42
0,12460.562,42
0,12463.604,42
0,12466.786,42
0,12470.194,42
0,12472.867,42
0,12475.338,42
0,12477.838,42
0,12480.446,42
0,12483.354,42
0,12486.076,42
0,12488.811,42
0,12491.451,42
0,12494.559,42
0,12497.656,42
0,12500.976,42
0,12503.828,42
0,12506.939,42
0,12509.479,42
0,12513.170,42
0,12515.952,42
0,12518.505,42
0,12521.131,42
0,12523.733,42
0,12526.413,42
0,12530.055,42
0,12532.992,42
0,12535.638,42
0,12538.227,42
0,12540.933,42
0,12543.454,42
0,12546.922,42
0,12549.690,42
0,12552.610,42
0,12555.167,42
0,12557.686,42
0,12560.248,42
0,12564.356,42
0,12567.530,42
0,12570.451,42
0,12573.023,42
0,12575.771,42
0,12578.468,42
0,12581.067,42
0,12583.756,42
0,12586.326,42
0,12588.736,42
0,12591.270,42
0,12593.577,44
0,12596.220,44
0,12599.002,44
0,12601.644,44
0,12604.224,44
0,12606.720,44
0,12609.515,44
0,12613.095,44
0,12615.914,44
0,12619.149,44
0,12621.682,44
0,12624.195,44
0,12626.721,44
0,12629.679,44
0,12632.833,44
0,12635.396,44
0,12637.928,44
0,12640.984,44
0,12643.492,44
0,12646.878,44
0,12649.427,44
0,12652.405,44
0,12654.799,44
0,12657.637,44
0,12660.336,44
0,12663.321,44
0,12666.026,44
0,12668.614,44
0,12671.218,44
0,12673.822,44
0,12676.184,44
0,12678.921,44
0,12681.891,44
0,12684.514,44
0,12687.242,44
0,12689.698,44
0,12692.557,44
0,12694.947,44
0,12698.276,44
0,12700.948,44
0,12704.227,44
0,12707.340,44
0,12709.900,44
0,12712.996,44
0,12715.639,44
0,12718.259,44
0,12720.760,44
0,12723.234,44
0,12726.123,44
0,12729.674,44
0,12732.326,44
0,12734.875,44
0,12737.609,44
0,12740.215,44
0,12742.664,44
0,12746.072,44
0,12749.028,44
0,12752.125,44
0,12754.613,44
0,12757.170,44
0,12760.185,46
0,12763.487,46
0,12766.023,46
0,12768.761,46
0,12771.331,46
0,12774.019,46
0,12776.512,46
0,12779.773,46
0,12782.825,46
0,12785.859,46
0,12788.450,46
0,12790.925,46
0,12793.406,46
0,12796.366,46
0,12799.309,46
0,12801.834,46
0,12804.343,46
0,12806.853,46
0,12809.443,46
0,12812.920,46
0,12815.673,46
0,12818.703,46
0,12821.066,46
0,12823.564,46
0,12826.451,46
0,12829.527,46
0,12832.177,46
0,12834.667,46
0,12837.285,46
0,12839.866,46
0,12842.876,46
0,12845.424,46
0,12848.340,46
0,12850.950,46
0,12853.349,46
0,12855.764,46
0,12858.190,46
0,12860.769,46
0,12864.490,46
0,12867.222,46
0,12869.702,46
0,12872.216,46
0,12874.668,46
0,12876.987,46
0,12880.031,46
0,12882.733,46
0,12885.344,46
0,12887.872,46
0,12890.323,46
0,12892.888,46
0,12896.018,46
0,12898.507,46
0,12901.344,46
0,12904.043,46
0,12906.580,46
0,12909.394,46
0,12912.843,46
0,12915.707,46
0,12918.392,46
0,12920.985,46
0,12923.323,46
0,12926.088,48
0,12929.450,48
0,12932.365,48
0,12934.926,48
0,12937.514,48
0,12939.881,48
0,12942.542,48
0,12945.858,48
0,12948.470,48
0,12950.973,48
0,12953.948,48
0,12956.487,48
0,12959.411,48
0,12962.335,48
0,12965.210,48
0,12968.216,48
0,12970.999,48
0,12973.568,48
0,12976.191,48
0,12979.224,48
0,12982.271,48
0,12984.780,48
0,12987.173,48
0,12989.678,48
0,12992.115,48
0,12994.604,48
0,12997.327,48
0,13000.054,48
0,13002.585,48
0,13005.769,48
0,13008.286,48
0,13010.956,48
0,13013.837,48
0,13016.513,48
0,13019.791,48
0,13022.462,48
0,13024.962,48
0,13027.497,48
0,13030.663,48
0,13033.399,48
0,13035.972,48
0,13038.265,48
0,13040.827,48
0,13043.859,48
0,13046.987,48
0,13049.403,48
0,13052.022,48
0,13054.483,48
0,13056.951,48
0,13059.434,48
0,13062.681,48
0,13065.451,48
0,13067.977,48
0,13070.641,48
0,13073.165,48
0,13075.824,48
0,13078.829,48
0,13082.364,48
0,13084.965,48
0,13087.509,48
0,13089.977,48
0,13092.457,50
0,13096.353,50
0,13099.363,50
0,13101.870,50
0,13104.327,50
0,13106.783,50
0,13109.228,50
0,13111.935,50
0,13114.707,50
0,13117.445,50
0,13119.961,50
0,13122.607,50
0,13124.971,50
0,13127.564,50
0,13131.071,50
0,13134.141,50
0,13136.729,50
0,13139.414,50
0,13142.103,50
0,13144.615,50
0,13147.649,50
0,13150.695,50
0,13153.284,50
0,13156.272,50
0,13158.952,50
0,13162.122,50
0,13164.948,50
0,13167.537,50
0,13170.061,50
0,13172.549,50
0,13174.995,50
0,13177.765,50
0,13181.519,50
0,13184.193,50
0,13186.784,50
0,13189.346,50
0,13191.935,50
0,13194.381,50
0,13197.505,50
0,13200.136,50
0,13202.595,50
0,13205.095,50
0,13207.672,50
0,13209.988,50
0,13213.227,50
0,13215.947,50
0,13218.399,50
0,13220.997,50
0,13223.519,50
0,13226.001,50
0,13228.922,50
0,13231.646,50
0,13234.146,50
0,13236.706,50
0,13239.175,50
0,13241.630,50
0,13244.260,50
0,13247.170,50
0,13249.916,50
0,13252.916,50
0,13255.493,50
0,13257.984,50
0,13260.428,52
0,13263.048,52
0,13265.858,52
0,13268.432,52
0,13271.018,52
0,13273.634,52
0,13276.100,52
0,13279.404,52
0,13282.172,52
0,13284.697,52
0,13287.362,52
0,13289.792,52
0,13292.407,52
0,13295.774,52
0,13298.663,52
0,13301.175,52
0,13303.829,52
0,13306.961,52
0,13309.423,52
0,13312.421,52
0,13314.925,52
0,13317.541,52
0,13320.572,52
0,13323.126,52
0,13325.752,52
0,13329.433,52
0,13332.096,52
0,13334.637,52
0,13337.427,52
0,13339.747,52
0,13342.845,52
0,13347.227,52
0,13349.967,52
0,13352.553,52
0,13355.010,52
0,13357.574,52
0,13360.119,52
0,13363.289,52
0,13366.002,52
0,13368.496,52
0,13371.097,52
0,13373.657,52
0,13376.147,52
0,13379.698,52
0,13382.352,52
0,13384.928,52
0,13387.498,52
0,13390.083,52
0,13392.671,52
0,13395.126,52
0,13398.322,52
0,13400.953,52
0,13403.501,52
0,13406.591,52
0,13409.214,52
0,13412.273,52
0,13415.226,52
0,13417.810,52
0,13420.446,52
0,13423.130,52
0,13425.716,52
0,13428.437,55
0,13431.240,55
0,13434.366,55
0,13437.458,55
0,13440.529,55
0,13442.999,55
0,13446.280,55
0,13448.889,55
0,13451.458,55
0,13454.123,55
0,13456.617,55
0,13459.490,55
0,13462.270,55
0,13464.980,55
0,13467.600,55
0,13469.974,55
0,13472.414,55
0,13474.879,55
0,13477.494,55
0,13480.887,55
0,13483.456,55
0,13486.046,55
0,13488.989,55
0,13491.814,55
0,13494.777,55
0,13498.368,55
0,13501.011,55
0,13503.581,55
0,13506.196,55
0,13508.746,55
0,13511.569,55
0,13514.441,55
0,13517.323,55
0,13519.777,55
0,13522.327,55
0,13524.746,55
0,13527.315,55
0,13529.897,55
0,13533.199,55
0,13535.821,55
0,13538.387,55
0,13541.170,55
0,13543.676,55
0,13546.225,55
0,13549.239,55
0,13551.843,55
0,13554.480,55
0,13557.061,55
0,13559.567,55
0,13562.954,55
0,13565.699,55
0,13568.108,55
0,13570.829,55
0,13573.371,55
0,13576.023,55
0,13579.518,55
0,13582.252,55
0,13584.898,55
0,13587.502,55
0,13590.165,55
0,13593.029,57
0,13596.865,57
0,13599.731,57
0,13602.477,57
0,13604.878,57
0,13608.328,57
0,13610.887,57
0,13614.688,57
0,13617.589,57
0,13620.221,57
0,13623.206,57
0,13626.061,57
0,13628.851,57
0,13632.257,57
0,13634.953,57
0,13638.154,57
0,13641.003,57
0,13643.478,57
0,13646.460,57
0,13649.165,57
0,13652.209,57
0,13655.184,57
0,13658.257,57
0,13660.773,57
0,13663.823,57
0,13666.506,57
0,13669.080,57
0,13671.639,57
0,13674.363,57
0,13676.704,57
0,13680.842,57
0,13683.376,57
0,13686.027,57
0,13689.037,57
0,13691.712,57
0,13694.841,57
0,13697.898,57
0,13700.529,57
0,13703.141,57
0,13705.771,57
0,13708.356,57
0,13710.952,57
0,13714.292,57
0,13717.346,57
0,13719.887,57
0,13722.606,57
0,13725.823,57
0,13728.432,57
0,13731.959,57
0,13734.648,57
0,13737.475,57
0,13740.088,57
0,13743.173,57
0,13746.685,57
0,13749.399,57
0,13751.985,57
0,13754.447,57
0,13757.023,57
0,13759.592,59
0,13763.280,59
0,13766.554,59
0,13769.194,59
0,13771.729,59
0,13774.335,59
0,13776.767,59
0,13780.199,59
0,13782.971,59
0,13785.406,59
0,13788.188,59
0,13790.793,59
0,13793.326,59
0,13796.860,59
0,13799.720,59
0,13802.339,59
0,13805.015,59
0,13807.676,59
0,13810.234,59
0,13813.095,59
0,13815.971,59
0,13818.550,59
0,13821.161,59
0,13823.745,59
0,13826.319,59
0,13829.492,59
0,13832.242,59
0,13834.807,59
0,13837.740,59
0,13840.619,59
0,13843.140,59
0,13846.950,59
0,13850.052,59
0,13852.611,59
0,13855.328,59
0,13857.918,59
0,13860.421,59
0,13863.524,59
0,13866.695,59
0,13869.724,59
0,13872.503,59
0,13875.101,59
0,13877.685,59
0,13882.039,59
0,13884.858,59
0,13887.572,59
0,13890.194,59
0,13893.133,59
0,13897.067,59
0,13900.004,59
0,13902.754,59
0,13905.377,59
0,13907.896,59
0,13911.218,59
0,13914.261,59
0,13916.856,59
0,13919.621,59
0,13922.333,59
0,13924.883,59
0,13927.321,61
0,13930.788,61
0,13933.495,61
0,13935.982,61
0,13938.459,61
0,13940.984,61
0,13943.424,61
0,13946.235,61
0,13949.117,61
0,13951.712,61
0,13954.286,61
0,13956.825,61
0,13959.384,61
0,13962.701,61
0,13965.384,61
0,13968.008,61
0,13970.586,61
0,13973.217,61
0,13975.898,61
0,13979.568,61
0,13982.479,61
0,13985.038,61
0,13987.604,61
0,13990.139,61
0,13993.357,61
0,13996.400,61
0,13998.943,61
0,14001.460,61
0,14004.053,61
0,14006.605,61
0,14009.247,61
0,14012.750,61
0,14015.969,61
0,14019.110,61
0,14021.891,61
0,14024.428,61
0,14026.984,61
0,14030.099,61
0,14032.802,61
0,14035.358,61
0,14037.865,61
0,14040.476,61
0,14042.974,61
0,14046.595,61
0,14049.129,61
0,14051.736,61
0,14054.161,61
0,14056.753,61
0,14059.342,61
0,14062.646,61
0,14065.340,61
0,14067.929,61
0,14070.924,61
0,14073.525,61
0,14076.147,61
0,14079.237,61
0,14081.971,61
0,14084.470,61
0,14087.088,61
0,14089.752,61
0,14092.497,61
0,14095.963,63
0,14099.263,63
0,14101.765,63
0,14104.164,63
0,14106.827,63
0,14109.266,63
0,14113.318,63
0,14116.023,63
0,14118.666,63
0,14121.390,63
0,14124.025,63
0,14126.518,63
0,14129.413,63
0,14132.086,63
0,14134.620,63
0,14137.246,63
0,14139.698,63
0,14142.304,63
0,14145.274,63
0,14148.265,63
0,14150.965,63
0,14153.889,63
0,14156.386,63
0,14159.332,63
0,14162.635,63
0,14165.390,63
0,14168.043,63
0,14170.754,63
0,14173.366,63
0,14176.124,63
0,14178.848,63
0,14181.717,63
0,14184.371,63
0,14187.143,63
0,14189.951,63
0,14192.955,63
0,14196.237,63
0,14198.873,63
0,14201.540,63
0,14204.180,63
0,14206.723,63
0,14209.538,63
0,14213.096,63
0,14215.542,63
0,14218.675,63
0,14221.069,63
0,14223.520,63
0,14226.382,63
0,14229.749,63
0,14232.330,63
0,14234.897,63
0,14237.464,63
0,14240.052,63
0,14242.962,63
0,14246.142,63
0,14248.850,63
0,14251.551,63
0,14254.553,63
0,14257.710,63
0,14260.214,65
0,14263.190,65
0,14265.874,65
0,14268.410,65
0,14271.117,65
0,14273.523,65
0,14276.132,65
0,14279.476,65
0,14282.487,65
0,14285.015,65
0,14287.726,65
0,14290.323,65
0,14293.255,65
0,14296.323,65
0,14299.037,65
0,14301.463,65
0,14304.100,65
0,14306.573,65
0,14309.185,65
0,14311.767,65
0,14315.037,65
0,14317.617,65
0,14320.129,65
0,14323.016,65
0,14325.591,65
0,14329.785,65
0,14332.549,65
0,14335.037,65
0,14337.618,65
0,14340.489,65
0,14343.196,65
0,14346.481,65
0,14349.240,65
0,14351.792,65
0,14354.377,65
0,14357.356,65
0,14360.250,65
0,14363.619,65
0,14366.231,65
0,14369.020,65
0,14372.108,65
0,14374.569,65
0,14377.305,65
0,14381.599,65
0,14384.418,65
0,14386.934,65
0,14389.680,65
0,14392.777,65
0,14395.512,65
0,14398.558,65
0,14401.070,65
0,14403.626,65
0,14405.991,65
0,14408.550,65
0,14411.693,65
0,14414.445,65
0,14417.828,65
0,14420.614,65
0,14423.236,65
0,14425.966,67
0,14428.493,67
0,14431.443,67
0,14434.219,67
0,14436.789,67
0,14439.308,67
0,14442.516,67
0,14445.236,67
0,14447.918,67
0,14451.501,67
0,14454.163,67
0,14456.778,67
0,14459.407,67
0,14462.943,67
0,14465.480,67
0,14468.018,67
0,14470.719,67
0,14473.304,67
0,14476.589,67
0,14479.633,67
0,14482.536,67
0,14485.079,67
0,14487.462,67
0,14490.369,67
0,14493.052,67
0,14496.779,67
0,14499.461,67
0,14501.788,67
0,14504.462,67
0,14506.927,67
0,14509.338,67
0,14512.474,67
0,14515.863,67
0,14518.480,67
0,14521.012,67
0,14523.290,67
0,14526.060,67
0,14529.784,67
0,14532.671,67
0,14535.231,67
0,14537.866,67
0,14540.414,67
0,14542.858,67
0,14546.033,67
0,14549.136,67
0,14551.533,67
0,14554.121,67
0,14556.682,67
0,14559.226,67
0,14562.372,67
0,14565.026,67
0,14567.468,67
0,14570.014,67
0,14572.944,67
0,14575.615,67
0,14578.144,67
0,14581.141,67
0,14584.283,67
0,14587.273,67
0,14590.011,67
0,14592.884,69
0,14595.679,69
0,14599.263,69
0,14601.954,69
0,14604.558,69
0,14607.147,69
0,14609.724,69
0,14613.173,69
0,14615.820,69
0,14618.388,69
0,14620.991,69
0,14623.332,69
0,14626.045,69
0,14629.883,69
0,14632.605,69
0,14635.208,69
0,14638.137,69
0,14641.341,69
0,14644.127,69
0,14647.020,69
0,14649.723,69
0,14652.518,69
0,14655.152,69
0,14657.762,69
0,14660.250,69
0,14662.913,69
0,14665.790,69
0,14669.150,69
0,14671.734,69
0,14674.800,69
0,14677.619,69
0,14680.398,69
0,14683.106,69
0,14685.883,69
0,14688.696,69
0,14692.073,69
0,14694.919,69
0,14698.476,69
0,14701.397,69
0,14704.077,69
0,14707.469,69
0,14710.221,69
0,14713.153,69
0,14716.221,69
0,14719.557,69
0,14722.172,69
0,14724.822,69
0,14727.386,69
0,14730.608,69
0,14733.358,69
0,14735.926,69
0,14738.841,69
0,14741.510,69
0,14743.981,69
0,14748.134,69
0,14750.879,69
0,14753.511,69
0,14756.137,69
0,14758.802,69
0,14761.554,71
0,14765.065,71
0,14768.304,71
0,14770.950,71
0,14773.995,71
0,14776.901,71
0,14779.734,71
0,14782.467,71
0,14785.072,71
0,14787.827,71
0,14790.786,71
0,14793.316,71
0,14796.461,71
0,14799.066,71
0,14801.562,71
0,14804.425,71
0,14807.008,71
0,14809.749,71
0,14812.643,71
0,14815.466,71
0,14818.931,71
0,14821.802,71
0,14824.502,71
0,14826.768,71
0,14829.581,71
0,14832.281,71
0,14834.928,71
0,14837.544,71
0,14839.957,71
0,14842.818,71
0,14845.430,71
0,14848.623,71
0,14851.225,71
0,14853.835,71
0,14856.468,71
0,14859.295,71
0,14862.899,71
0,14865.764,71
0,14868.595,71
0,14871.499,71
0,14874.292,71
0,14877.420,71
0,14880.270,71
0,14882.987,71
0,14885.625,71
0,14888.207,71
0,14891.030,71
0,14893.811,71
0,14896.987,71
0,14899.783,71
0,14902.399,71
0,14904.953,71
0,14907.699,71
0,14910.323,71
0,14914.253,71
0,14917.103,71
0,14919.710,71
0,14922.342,71
0,14924.854,71
0,14927.583,73
0,14930.956,73
0,14933.985,73
0,14936.612,73
0,14939.291,73
0,14942.413,73
0,14945.062,73
0,14947.959,73
0,14950.735,73
0,14953.329,73
0,14955.974,73
0,14959.019,73
0,14961.544,73
0,14964.440,73
0,14967.254,73
0,14969.958,73
0,14972.907,73
0,14975.673,73
0,14978.454,73
0,14981.225,73
0,14984.000,73
0,14987.143,73
0,14989.775,73
0,14992.468,73
0,14995.254,73
0,14998.851,73
0,15001.542,73
0,15004.883,73
0,15009.047,73
0,15013.665,73
0,15017.791,73
0,15021.098,73
0,15024.080,73
0,15026.652,73
0,15029.642,73
0,15032.831,73
0,15036.022,73
0,15038.755,73
0,15041.541,73
0,15044.257,73
0,15048.556,73
0,15052.131,73
0,15055.122,73
0,15057.752,73
0,15060.767,73
0,15064.318,73
0,15067.315,73
0,15070.430,73
0,15073.196,73
0,15076.149,73
0,15078.987,73
0,15083.558,73
0,15086.523,73
0,15089.253,73
0,15092.925,73
0,15096.336,75
0,15099.472,75
0,15102.852,75
0,15105.929,75
0,15109.284,75
0,15112.399,75
0,15115.569,75
0,15119.705,75
0,15124.401,75
0,15127.972,75
0,15131.582,75
0,15134.903,75
0,15137.820,75
0,15140.735,75
0,15145.260,75
0,15148.589,75
0,15151.582,75
0,15154.408,75
0,15157.868,75
0,15160.622,75
0,15164.015,75
0,15166.865,75
0,15169.737,75
0,15172.702,75
0,15175.708,75
0,15178.393,75
0,15182.772,75
0,15186.463,75
0,15189.714,75
0,15193.450,75
0,15196.415,75
0,15199.827,75
0,15202.728,75
0,15205.667,75
0,15208.598,75
0,15211.441,75
0,15214.707,75
0,15217.764,75
0,15220.565,75
0,15223.283,75
0,15226.149,75
0,15228.993,75
0,15232.025,75
0,15234.488,75
0,15236.949,75
0,15239.558,75
0,15242.289,75
0,15245.241,75
0,15248.797,75
0,15251.425,75
0,15254.150,75
0,15256.727,75
0,15259.477,77
0,15262.684,77
0,15265.481,77
0,15268.362,77
0,15271.049,77
0,15273.841,77
0,15276.439,77
0,15280.018,77
0,15283.193,77
0,15285.945,77
0,15288.580,77
0,15291.247,77
0,15293.706,77
0,15296.956,77
0,15299.736,77
0,15302.558,77
0,15305.190,77
0,15307.730,77
0,15310.444,77
0,15313.461,77
0,15316.206,77
0,15318.852,77
0,15321.522,77
0,15324.193,77
0,15326.761,77
0,15330.158,77
0,15332.946,77
0,15335.546,77
0,15338.550,77
0,15340.970,77
0,15344.066,77
0,15346.909,77
0,15349.819,77
0,15352.520,77
0,15355.450,77
0,15357.909,77
0,15360.856,77
0,15364.204,77
0,15366.910,77
0,15369.623,77
0,15372.262,77
0,15374.765,77
0,15377.424,77
0,15380.465,77
0,15383.262,77
0,15385.953,77
0,15389.002,77
0,15391.848,77
0,15394.326,77
0,15397.499,77
0,15400.776,77
0,15403.471,77
0,15406.133,77
0,15408.660,77
0,15411.155,77
0,15414.266,77
0,15417.115,77
0,15419.640,77
0,15422.464,77
0,15426.159,79
0,15428.849,79
0,15431.619,79
0,15434.252,79
0,15436.986,79
0,15439.630,79
0,15442.391,79
0,15444.970,79
0,15448.194,79
0,15450.907,79
0,15454.021,79
0,15456.616,79
0,15459.965,79
0,15462.714,79
0,15466.115,79
0,15469.304,79
0,15471.786,79
0,15474.443,79
0,15476.972,79
0,15479.674,79
0,15483.163,79
0,15486.361,79
0,15489.176,79
0,15491.731,79
0,15494.221,79
0,15496.806,79
0,15500.057,79
0,15503.127,79
0,15505.792,79
0,15509.098,79
0,15511.654,79
0,15514.247,79
0,15517.253,79
0,15519.939,79
0,15522.519,79
0,15525.084,79
0,15527.680,79
0,15530.938,79
0,15533.772,79
0,15536.225,79
0,15538.899,79
0,15541.432,79
0,15543.989,79
0,15547.162,79
0,15549.839,79
0,15552.535,79
0,15555.120,79
0,15557.594,79
0,15559.946,79
0,15563.428,79
0,15566.162,79
0,15568.922,79
0,15572.087,79
0,15574.587,79
0,15577.675,79
0,15580.642,79
0,15583.306,79
0,15586.136,79
0,15588.776,79
0,15591.262,79
0,15593.872,82
0,15598.045,82
0,15600.809,82
0,15603.426,82
0,15606.056,82
0,15608.712,82
0,15611.221,82
0,15614.454,82
0,15617.250,82
0,15619.850,82
0,15622.902,82
0,15625.534,82
0,15627.927,82
0,15630.807,82
0,15633.600,82
0,15636.061,82
0,15638.674,82
0,15641.098,82
0,15643.750,82
0,15646.530,82
0,15649.229,82
0,15651.732,82
0,15654.274,82
0,15656.848,82
0,15660.020,82
0,15662.914,82
0,15666.033,82
0,15668.626,82
0,15671.225,82
0,15673.838,82
0,15676.356,82
0,15679.353,82
0,15682.188,82
0,15684.715,82
0,15687.452,82
0,15690.530,82
0,15692.995,82
0,15695.985,82
0,15699.146,82
0,15701.749,82
0,15704.339,82
0,15706.853,82
0,15709.415,82
0,15712.611,82
0,15715.200,82
0,15717.866,82
0,15720.595,82
0,15723.298,82
0,15726.750,82
0,15730.355,82
0,15733.209,82
0,15735.928,82
0,15738.947,82
0,15741.470,82
0,15744.212,82
0,15749.004,82
0,15752.499,82
0,15755.472,82
0,15758.587,82
0,15761.223,84
0,15764.264,84
0,15767.013,84
0,15769.614,84
0,15772.067,84
0,15774.584,84
0,15777.052,84
0,15780.583,84
0,15783.320,84
0,15785.984,84
0,15788.977,84
0,15791.567,84
0,15794.311,84
0,15797.710,84
0,15800.418,84
0,15802.961,84
0,15805.637,84
0,15808.087,84
0,15810.706,84
0,15813.793,84
0,15816.591,84
0,15819.333,84
0,15821.991,84
0,15824.596,84
0,15827.442,84
0,15830.703,84
0,15833.267,84
0,15835.884,84
0,15838.878,84
0,15841.230,84
0,15843.763,84
0,15847.337,84
0,15850.041,84
0,15852.562,84
0,15855.249,84
0,15857.791,84
0,15860.368,84
0,15863.382,84
0,15866.783,84
0,15869.452,84
0,15872.178,84
0,15874.760,84
0,15877.597,84
0,15880.558,84
0,15883.790,84
0,15886.397,84
0,15889.403,84
0,15892.106,84
0,15894.626,84
0,15898.673,84
0,15901.419,84
0,15904.023,84
0,15906.594,84
0,15909.370,84
0,15912.985,84
0,15915.882,84
0,15919.008,84
0,15921.687,84
0,15924.355,84
0,15926.936,86
0,15929.987,86
0,15932.675,86
0,15935.453,86
0,15937.959,86
0,15940.726,86
0,15943.736,86
0,15946.627,86
0,15949.929,86
0,15952.607,86
0,15955.297,86
0,15957.801,86
0,15960.368,86
0,15963.293,86
0,15965.950,86
0,15968.471,86
0,15971.286,86
0,15974.062,86
0,15976.433,86
0,15979.291,86
0,15981.982,86
0,15984.902,86
0,15987.473,86
0,15990.092,86
0,15992.716,86
0,15995.912,86
0,15998.635,86
0,16001.157,86
0,16004.226,86
0,16006.726,86
0,16009.663,86
0,16012.797,86
0,16015.606,86
0,16018.164,86
0,16020.813,86
0,16023.365,86
0,16026.237,86
0,16029.717,86
0,16032.311,86
0,16034.973,86
0,16037.594,86
0,16040.014,86
0,16042.586,86
0,16046.013,86
0,16048.829,86
0,16052.004,86
0,16054.733,86
0,16057.560,86
0,16060.011,86
0,16063.247,86
0,16065.929,86
0,16068.532,86
0,16071.218,86
0,16073.786,86
0,16076.260,86
0,16079.099,86
0,16082.087,86
0,16084.797,86
0,16087.542,86
0,16090.038,86
0,16092.633,88
0,16095.850,88
0,16098.528,88
0,16101.038,88
0,16103.597,88
0,16106.701,88
0,16109.472,88
0,16112.232,88
0,16115.288,88
0,16117.977,88
0,16120.495,88
0,16123.020,88
0,16125.485,88
0,16128.800,88
0,16131.455,88
0,16134.139,88
0,16136.856,88
0,16139.450,88
0,16141.994,88
0,16144.667,88
0,16147.651,88
0,16150.336,88
0,16152.859,88
0,16155.392,88
0,16157.860,88
0,16160.425,88
0,16163.427,88
0,16166.416,88
0,16169.076,88
0,16171.764,88
0,16174.069,88
0,16176.811,88
0,16179.481,88
0,16182.210,88
0,16184.719,88
0,16187.281,88
0,16189.868,88
0,16192.753,88
0,16195.967,88
0,16198.779,88
0,16201.883,88
0,16204.473,88
0,16207.145,88
0,16209.654,88
0,16212.494,88
0,16215.093,88
0,16217.510,88
0,16220.173,88
0,16222.803,88
0,16225.827,88
0,16228.350,88
0,16231.364,88
0,16233.978,88
0,16236.563,88
0,16239.150,88
0,16241.661,88
0,16244.246,88
0,16247.280,88
0,16249.908,88
0,16252.465,88
0,16254.998,88
0,16257.514,88
0,16260.282,90
0,16263.132,90
0,16265.693,90
0,16268.091,90
0,16270.820,90
0,16273.365,90
0,16276.195,90
0,16279.085,90
0,16281.658,90
0,16284.187,90
0,16286.741,90
0,16289.300,90
0,16291.838,90
0,16294.345,90
0,16297.351,90
0,16300.027,90
0,16302.646,90
0,16305.241,90
0,16307.775,90
0,16310.033,90
0,16313.443,90
0,16316.083,90
0,16318.727,90
0,16321.258,90
0,16324.206,90
0,16326.785,90
0,16329.511,90
0,16333.119,90
0,16335.639,90
0,16338.136,90
0,16340.707,90
0,16343.124,90
0,16345.807,90
0,16348.651,90
0,16351.853,90
0,16354.435,90
0,16356.892,90
0,16359.337,90
0,16362.703,90
0,16365.444,90
0,16367.957,90
0,16370.557,90
0,16373.129,90
0,16375.920,90
0,16379.367,90
0,16381.922,90
0,16384.508,90
0,16387.044,90
0,16389.625,90
0,16392.164,90
0,16394.640,90
0,16397.559,90
0,16400.199,90
0,16402.935,90
0,16405.977,90
0,16408.938,90
0,16411.483,90
0,16415.328,90
0,16417.880,90
0,16420.512,90
0,16423.143,90
0,16425.915,92
0,16429.176,92
0,16431.810,92
0,16434.363,92
0,16437.548,92
0,16440.178,92
0,16443.174,92
0,16446.642,92
0,16449.148,92
0,16452.186,92
0,16454.731,92
0,16457.226,92
0,16459.822,92
0,16462.779,92
0,16465.493,92
0,16468.198,92
0,16470.831,92
0,16473.405,92
0,16476.234,92
0,16479.694,92
0,16482.403,92
0,16485.270,92
0,16487.868,92
0,16490.658,92
0,16493.141,92
0,16497.427,92
0,16500.248,92
0,16502.752,92
0,16505.348,92
0,16507.851,92
0,16510.258,92
0,16512.994,92
0,16515.651,92
0,16518.169,92
0,16521.171,92
0,16524.092,92
0,16526.561,92
0,16529.608,92
0,16532.156,92
0,16534.738,92
0,16537.204,92
0,16539.752,92
0,16542.268,92
0,16544.907,92
0,16547.778,92
0,16550.502,92
0,16553.052,92
0,16555.619,92
0,16558.252,92
0,16560.784,92
0,16563.649,92
0,16566.227,92
0,16569.413,92
0,16571.925,92
0,16574.526,92
0,16577.145,92
0,16579.994,92
0,16582.512,92
0,16584.976,92
0,16587.390,92
0,16589.983,92
0,16592.930,94
0,16596.095,94
0,16598.807,94
0,16602.139,94
0,16605.137,94
0,16607.691,94
0,16610.093,94
0,16613.148,94
0,16615.713,94
0,16618.873,94
0,16621.323,94
0,16623.830,94
0,16626.771,94
0,16629.771,94
0,16632.605,94
0,16636.305,94
0,16638.885,94
0,16641.515,94
0,16644.189,94
0,16646.917,94
0,16649.999,94
0,16652.515,94
0,16655.018,94
0,16657.539,94
0,16660.083,94
0,16663.011,94
0,16665.630,94
0,16668.446,94
0,16670.973,94
0,16673.521,94
0,16676.038,94
0,16679.338,94
0,16681.934,94
0,16684.451,94
0,16687.061,94
0,16689.687,94
0,16692.424,94
0,16696.097,94
0,16698.830,94
0,16701.968,94
0,16704.503,94
0,16707.012,94
0,16709.528,94
0,16713.106,94
0,16715.908,94
0,16718.597,94
0,16721.711,94
0,16724.243,94
0,16726.818,94
0,16729.903,94
0,16732.826,94
0,16735.450,94
0,16738.088,94
0,16740.789,94
0,16743.288,94
0,16746.653,94
0,16749.584,94
0,16752.461,94
0,16754.971,94
0,16757.555,94
0,16759.998,96
0,16762.838,96
0,16765.810,96
0,16768.356,96
0,16771.633,96
0,16774.210,96
0,16777.186,96
0,16780.683,96
0,16783.404,96
0,16786.512,96
0,16789.116,96
0,16791.646,96
0,16794.140,96
0,16796.997,96
0,16799.636,96
0,16802.285,96
0,16804.840,96
0,16807.504,96
0,16809.868,96
0,16812.441,96
0,16816.089,96
0,16819.016,96
0,16821.562,96
0,16824.599,96
0,16827.181,96
0,16830.712,96
0,16833.416,96
0,16835.966,96
0,16838.620,96
0,16841.206,96
0,16844.006,96
0,16846.865,96
0,16849.500,96
0,16852.339,96
0,16854.915,96
0,16857.535,96
0,16860.157,96
0,16863.088,96
0,16865.692,96
0,16868.253,96
0,16871.252,96
0,16874.264,96
0,16877.748,96
0,16880.785,96
0,16883.593,96
0,16886.224,96
0,16889.238,96
0,16891.682,96
0,16894.275,96
0,16897.203,96
0,16899.888,96
0,16902.431,96
0,16904.980,96
0,16908.017,96
0,16910.574,96
0,16913.862,96
0,16916.491,96
0,16919.119,96
0,16921.642,96
0,16924.117,96
0,16927.029,98
0,16930.556,98
0,16933.053,98
0,16935.678,98
0,16939.030,98
0,16942.033,98
0,16945.097,98
0,16947.862,98
0,16950.731,98
0,16953.343,98
0,16955.772,98
0,16958.478,98
0,16961.215,98
0,16964.301,98
0,16966.937,98
0,16969.571,98
0,16972.154,98
0,16974.573,98
0,16977.224,98
0,16980.248,98
0,16983.138,98
0,16985.782,98
0,16988.375,98
0,16990.914,98
0,16993.437,98
0,16996.198,98
0,16999.306,98
0,17002.319,98
0,17005.035,98
0,17007.760,98
0,17010.332,98
0,17013.399,98
0,17016.096,98
0,17018.602,98
0,17021.177,98
0,17023.887,98
0,17026.448,98
0,17030.212,98
0,17032.904,98
0,17035.715,98
0,17038.814,98
0,17041.835,98
0,17044.692,98
0,17047.477,98
0,17050.135,98
0,17052.832,98
0,17055.481,98
0,17058.629,98
0,17061.523,98
0,17064.542,98
0,17067.363,98
0,17070.529,98
0,17073.198,98
0,17076.038,98
0,17078.762,98
0,17081.912,98
0,17084.692,98
0,17087.549,98
0,17090.616,98
0,17093.175,100
0,17096.317,100
0,17099.091,100
0,17101.781,100
0,17104.494,100
0,17107.154,100
0,17110.186,100
0,17113.472,100
0,17116.137,100
0,17118.927,100
0,17121.611,100
0,17124.319,100
0,17127.131,100
0,17130.644,100
0,17133.615,100
0,17136.481,100
0,17139.141,100
0,17142.048,100
0,17144.887,100
0,17148.005,100
0,17150.929,100
0,17153.812,100
0,17156.464,100
0,17159.481,100
0,17162.241,100
0,17165.718,100
0,17168.520,100
0,17171.255,100
0,17173.852,100
0,17176.499,100
0,17179.202,100
0,17182.144,100
0,17184.791,100
0,17187.498,100
0,17190.452,100
0,17193.053,100
0,17195.822,100
0,17198.808,100
0,17201.485,100
0,17204.233,100
0,17207.168,100
0,17209.842,100
0,17212.951,100
0,17216.525,100
0,17219.556,100
0,17222.343,100
0,17225.137,100
0,17227.731,100
0,17231.529,100
0,17234.328,100
0,17237.032,100
0,17240.519,100
0,17243.387,100
0,17247.557,100
0,17250.437,100
0,17253.090,100
0,17255.817,100
0,17258.893,100
0,17261.690,102
0,17265.556,102
0,17268.337,102
0,17270.963,102
0,17273.479,102
0,17275.919,102
0,17279.615,102
0,17282.667,102
0,17285.339,102
0,17287.954,102
0,17290.523,102
0,17292.902,102
0,17296.537,102
0,17299.344,102
0,17302.431,102
0,17305.364,102
0,17308.014,102
0,17310.590,102
0,17314.451,102
0,17317.160,102
0,17319.814,102
0,17322.238,102
0,17324.791,102
0,17327.358,102
0,17330.637,102
0,17333.407,102
0,17335.976,102
0,17338.346,102
0,17340.925,102
0,17343.263,102
0,17346.397,102
0,17349.402,102
0,17351.915,102
0,17354.614,102
0,17356.911,102
0,17359.541,102
0,17363.033,102
0,17366.047,102
0,17368.953,102
0,17371.533,102
0,17374.301,102
0,17377.083,102
0,17380.728,102
0,17383.484,102
0,17386.228,102
0,17388.690,102
0,17391.289,102
0,17394.337,102
0,17397.291,102
0,17400.057,102
0,17402.644,102
0,17405.243,102
0,17407.856,102
0,17410.804,102
0,17414.137,102
0,17417.046,102
0,17419.538,102
0,17422.045,102
0,17424.585,102
0,17427.040,104
0,17430.898,104
0,17433.732,104
0,17436.385,104
0,17438.979,104
0,17441.666,104
0,17444.111,104
0,17447.678,104
0,17450.934,104
0,17453.642,104
0,17456.715,104
0,17459.550,104
0,17462.176,104
0,17465.113,104
0,17468.018,104
0,17470.502,104
0,17473.220,104
0,17476.205,104
0,17478.847,104
0,17481.757,104
0,17484.407,104
0,17486.810,104
0,17490.122,104
0,17492.916,104
0,17496.103,104
0,17499.507,104
0,17502.263,104
0,17504.862,104
0,17507.572,104
0,17509.994,104
0,17513.710,104
0,17516.513,104
0,17519.158,104
0,17521.741,104
0,17524.301,104
0,17526.860,104
0,17529.526,104
0,17532.719,104
0,17536.023,104
0,17538.728,104
0,17542.552,104
0,17545.129,104
0,17548.521,104
0,17551.782,104
0,17554.421,104
0,17557.333,104
0,17559.931,104
0,17563.049,104
0,17565.898,104
0,17569.002,104
0,17571.964,104
0,17574.496,104
0,17576.998,104
0,17580.706,104
0,17583.322,104
0,17585.952,104
0,17588.654,104
0,17591.180,104
0,17593.799,106
0,17596.590,106
0,17599.715,106
0,17602.473,106
0,17605.546,106
0,17608.241,106
0,17610.908,106
0,17614.835,106
0,17617.691,106
0,17620.614,106
0,17623.782,106
0,17626.834,106
0,17630.513,106
0,17633.360,106
0,17636.042,106
0,17639.205,106
0,17641.984,106
0,17644.647,106
0,17648.370,106
0,17651.216,106
0,17654.164,106
0,17656.970,106
0,17659.852,106
0,17663.060,106
0,17665.705,106
0,17668.923,106
0,17671.512,106
0,17674.506,106
0,17677.078,106
0,17680.554,106
0,17683.366,106
0,17686.430,106
0,17689.040,106
0,17691.672,106
0,17694.623,106
0,17698.205,106
0,17701.295,106
0,17704.539,106
0,17707.321,106
0,17710.320,106
0,17713.096,106
0,17715.837,106
0,17718.692,106
0,17722.097,106
0,17725.006,106
0,17728.198,106
0,17731.475,106
0,17734.321,106
0,17737.051,106
0,17739.661,106
0,17742.603,106
0,17745.320,106
0,17748.674,106
0,17751.379,106
0,17754.175,106
0,17756.714,106
0,17759.341,109
0,17761.812,109
0,17764.948,109
0,17767.643,109
0,17770.675,109
0,17773.496,109
0,17776.197,109
0,17778.718,109
0,17781.536,109
0,17784.633,109
0,17787.384,109
0,17790.515,109
0,17793.324,109
0,17796.300,109
0,17799.416,109
0,17802.194,109
0,17804.627,109
0,17807.100,109
0,17810.159,109
0,17813.274,109
0,17816.014,109
0,17818.573,109
0,17821.215,109
0,17823.934,109
0,17826.305,109
0,17830.418,109
0,17833.160,109
0,17835.787,109
0,17838.459,109
0,17841.531,109
0,17845.253,109
0,17848.774,109
0,17851.442,109
0,17854.127,109
0,17856.819,109
0,17859.474,109
0,17863.199,109
0,17865.790,109
0,17868.376,109
0,17870.990,109
0,17873.853,109
0,17876.318,109
0,17879.920,109
0,17883.158,109
0,17886.443,109
0,17889.647,109
0,17892.317,109
0,17894.942,109
0,17898.372,109
0,17901.027,109
0,17904.168,109
0,17906.859,109
0,17909.403,109
0,17912.560,109
0,17915.475,109
0,17918.081,109
0,17920.789,109
0,17923.511,109
0,17926.220,111
0,17928.871,111
0,17932.347,111
0,17934.939,111
0,17937.603,111
0,17940.167,111
0,17943.065,111
0,17946.796,111
0,17950.038,111
0,17952.896,111
0,17955.850,111
0,17958.342,111
0,17961.445,111
0,17964.456,111
0,17967.426,111
0,17970.514,111
0,17973.173,111
0,17976.084,111
0,17979.949,111
0,17982.660,111
0,17985.509,111
0,17988.117,111
0,17990.977,111
0,17993.517,111
0,17997.416,111
0,18000.404,111
0,18003.494,111
0,18006.352,111
0,18009.202,111
0,18012.478,111
0,18016.163,111
0,18019.032,111
0,18021.750,111
0,18024.467,111
0,18026.980,111
0,18029.553,111
0,18032.458,111
0,18035.141,111
0,18037.733,111
0,18040.861,111
0,18044.088,111
0,18047.997,111
0,18050.887,111
0,18053.514,111
0,18056.243,111
0,18059.500,111
0,18063.019,111
0,18066.279,111
0,18069.493,111
0,18072.477,111
0,18075.704,111
0,18078.167,111
0,18081.141,111
0,18083.947,111
0,18086.617,111
0,18089.300,111
0,18092.717,111
0,18095.592,113
0,18098.527,113
0,18101.223,113
0,18103.875,113
0,18106.963,113
0,18109.790,113
0,18113.517,113
0,18116.793,113
0,18119.475,113
0,18122.174,113
0,18125.115,113
0,18127.830,113
0,18131.402,113
0,18134.239,113
0,18136.812,113
0,18139.780,113
0,18142.939,113
0,18147.243,113
0,18150.091,113
0,18152.693,113
0,18155.313,113
0,18157.909,113
0,18160.580,113
0,18164.556,113
0,18167.348,113
0,18170.525,113
0,18173.186,113
0,18175.861,113
0,18178.365,113
0,18181.732,113
0,18184.524,113
0,18187.197,113
0,18189.810,113
0,18192.471,113
0,18195.112,113
0,18198.443,113
0,18201.458,113
0,18204.204,113
0,18206.747,113
0,18209.440,113
0,18212.128,113
0,18215.381,113
0,18218.039,113
0,18220.724,113
0,18223.289,113
0,18226.171,113
0,18228.776,113
0,18231.649,113
0,18234.352,113
0,18236.958,113
0,18239.635,113
0,18242.577,113
0,18245.462,113
0,18249.328,113
0,18252.099,113
0,18254.732,113
0,18257.783,113
0,18260.825,115
0,18263.986,115
0,18267.200,115
0,18269.821,115
0,18272.433,115
0,18275.014,115
0,18277.586,115
0,18281.036,115
0,18283.709,115
0,18286.373,115
0,18289.059,115
0,18292.137,115
0,18294.719,115
0,18298.318,115
0,18300.904,115
0,18303.612,115
0,18306.068,115
0,18308.737,115
0,18311.322,115
0,18314.860,115
0,18317.470,115
0,18320.527,115
0,18323.676,115
0,18326.730,115
0,18329.658,115
0,18332.334,115
0,18334.791,115
0,18337.446,115
0,18340.021,115
0,18343.045,115
0,18346.594,115
0,18349.806,115
0,18352.581,115
0,18355.145,115
0,18357.648,115
0,18360.216,115
0,18363.318,115
0,18366.213,115
0,18369.440,115
0,18372.677,115
0,18375.506,115
0,18378.130,115
0,18381.970,115
0,18384.740,115
0,18387.428,115
0,18389.988,115
0,18392.982,115
0,18396.621,115
0,18399.721,115
0,18402.490,115
0,18404.862,115
0,18407.478,115
0,18410.538,115
0,18413.720,115
0,18416.629,115
0,18419.701,115
0,18422.355,115
0,18424.877,115
0,18427.810,117
0,18431.444,117
0,18434.176,117
0,18436.846,117
0,18439.428,117
0,18441.986,117
0,18444.548,117
0,18448.392,117
0,18451.099,117
0,18454.033,117
0,18457.149,117
0,18459.514,117
0,18462.587,117
0,18465.636,117
0,18468.701,117
0,18471.292,117
0,18473.827,117
0,18477.124,117
0,18480.007,117
0,18482.808,117
0,18485.354,117
0,18488.013,117
0,18490.626,117
0,18492.984,117
0,18496.188,117
0,18498.878,117
0,18501.479,117
0,18504.239,117
0,18507.084,117
0,18509.644,117
0,18512.507,117
0,18515.085,117
0,18517.591,117
0,18520.089,117
0,18523.053,117
0,18525.730,117
0,18528.298,117
0,18531.947,117
0,18534.833,117
0,18537.562,117
0,18540.687,117
0,18543.228,117
0,18546.315,117
0,18549.217,117
0,18551.774,117
0,18554.252,117
0,18556.717,117
0,18559.136,117
0,18562.440,117
0,18565.598,117
0,18568.536,117
0,18571.347,117
0,18573.895,117
0,18576.898,117
0,18580.318,117
0,18582.965,117
0,18585.556,117
0,18588.060,117
0,18590.788,117
0,18593.289,119
0,18596.169,119
0,18598.862,119
0,18601.446,119
0,18604.012,119
0,18606.693,119
0,18609.416,119
0,18613.124,119
0,18615.843,119
0,18618.456,119
0,18620.989,119
0,18623.518,119
0,18626.043,119
0,18629.355,119
0,18632.776,119
0,18635.408,119
0,18638.545,119
0,18641.542,119
0,18644.156,119
0,18646.915,119
0,18649.543,119
0,18652.130,119
0,18654.726,119
0,18657.641,119
0,18660.097,119
0,18662.888,119
0,18665.691,119
0,18668.799,119
0,18671.587,119
0,18674.604,119
0,18677.271,119
0,18680.602,119
0,18683.300,119
0,18685.922,119
0,18688.503,119
0,18691.053,119
0,18693.591,119
0,18696.823,119
0,18699.526,119
0,18702.118,119
0,18704.666,119
0,18707.355,119
0,18709.800,119
0,18713.562,119
0,18716.308,119
0,18719.434,119
0,18722.053,119
0,18724.656,119
0,18727.253,119
0,18730.878,119
0,18733.687,119
0,18736.141,119
0,18738.807,119
0,18741.385,119
0,18743.911,119
0,18747.393,119
0,18750.913,119
0,18753.570,119
0,18756.110,119
0,18758.770,119
1,18761.272,0
1,18764.859,0
1,18768.141,0
1,18770.850,0
1,18773.397,0
1,18775.957,0
1,18779.430,0
1,18782.190,0
1,18784.784,0
1,18787.516,0
1,18790.191,0
1,18793.164,0
1,18796.323,0
1,18799.102,0
1,18801.617,0
1,18804.180,0
1,18806.802,0
1,18809.242,0
1,18812.606,0
1,18815.553,0
1,18817.984,0
1,18820.782,0
1,18823.261,0
1,18826.132,0
1,18829.808,0
1,18832.525,0
1,18835.375,0
1,18838.004,0
1,18840.899,0
1,18843.402,0
1,18846.273,0
1,18848.908,0
1,18851.393,0
1,18853.970,0
1,18856.674,0
1,18859.515,0
1,18863.670,0
1,18866.262,0
1,18868.915,0
1,18871.613,0
1,18874.213,0
1,18876.789,0
1,18879.869,0
1,18882.574,0
1,18885.269,0
1,18887.933,0
1,18890.519,0
1,18893.679,0
1,18896.603,0
1,18899.306,0
1,18902.064,0
1,18904.596,0
1,18907.068,0
1,18909.720,0
1,18913.370,0
1,18916.611,0
1,18919.540,0
1,18922.282,0
1,18924.714,0
1,18927.261,0
1,18930.537,0
1,18933.165,0
1,18935.722,0
1,18938.254,0
1,18941.018,0
1,18943.424,0
1,18946.851,0
1,18949.845,0
1,18952.559,0
1,18955.155,0
1,18957.666,0
1,18960.266,0
1,18963.448,0
1,18966.169,0
1,18968.740,0
1,18971.297,0
1,18973.806,0
1,18976.470,0
1,18979.580,0
1,18982.381,0
1,18984.964,0
1,18987.397,0
1,18989.997,0
1,18992.820,0
1,18996.399,0
1,18999.109,0
1,19001.677,0
1,19004.418,0
1,19006.973,0
1,19009.492,0
1,19012.880,0
1,19015.685,0
1,19018.346,0
1,19021.554,0
1,19024.153,0
1,19026.656,0
1,19029.812,0
1,19032.610,0
1,19035.213,0
1,19037.853,0
1,19040.360,0
1,19043.014,0
1,19046.276,0
1,19048.962,0
1,19052.407,0
1,19055.092,0
1,19057.650,0
1,19060.648,0
1,19063.564,0
1,19066.176,0
1,19068.810,0
1,19071.326,0
1,19073.785,0
1,19076.215,0
1,19079.321,0
1,19082.338,0
1,19084.891,0
1,19087.473,0
1,19090.086,0
1,19092.576,0
1,19095.101,0
1,19098.350,0
1,19100.863,0
1,19103.324,0
1,19105.980,0
1,19108.588,0
1,19111.120,0
1,19114.365,0
1,19117.012,0
1,19119.631,0
1,19122.049,0
1,19124.711,0
1,19127.236,0
1,19130.461,0
1,19133.247,0
1,19135.842,0
1,19138.258,0
1,19140.719,0
1,19143.267,0
1,19146.552,0
1,19149.707,0
1,19152.390,0
1,19154.929,0
1,19157.930,0
1,19160.426,0
1,19163.854,0
1,19166.602,0
1,19169.227,0
1,19171.716,0
1,19174.096,0
1,19176.985,0
1,19179.977,0
1,19182.793,0
1,19185.437,0
1,19187.998,0
1,19190.658,0
1,19193.059,0
1,19196.589,0
1,19199.247,0
1,19201.995,0
1,19204.468,0
1,19207.023,0
1,19209.556,0
1,19212.888,0
1,19215.641,0
1,19218.229,0
1,19221.146,0
1,19223.785,0
1,19226.289,0
1,19229.149,0
1,19231.614,0
1,19233.954,0
1,19236.485,0
1,19239.089,0
1,19241.603,0
1,19244.374,0
1,19248.060,0
1,19250.941,0
1,19253.842,0
1,19256.726,0
1,19259.310,3
1,19262.547,3
1,19265.265,3
1,19267.730,3
1,19270.409,3
1,19272.861,3
1,19275.435,3
1,19277.769,3
1,19281.387,3
1,19284.502,3
1,19287.405,3
1,19290.380,3
1,19292.870,3
1,19295.825,3
1,19298.373,3
1,19301.009,3
1,19303.867,3
1,19306.442,3
1,19309.232,3
1,19312.411,3
1,19315.324,3
1,19317.919,3
1,19320.589,3
1,19323.164,3
1,19326.017,3
1,19329.774,3
1,19332.448,3
1,19335.043,3
1,19337.720,3
1,19340.290,3
1,19342.752,3
1,19346.249,3
1,19348.982,3
1,19352.091,3
1,19355.334,3
1,19357.735,3
1,19360.220,3
1,19364.036,3
1,19367.151,3
1,19369.643,3
1,19372.101,3
1,19374.957,3
1,19377.581,3
1,19380.729,3
1,19383.589,3
1,19386.444,3
1,19389.478,3
1,19392.557,3
1,19394.851,3
1,19397.686,3
1,19400.339,3
1,19402.884,3
1,19405.485,3
1,19408.269,3
1,19410.839,3
1,19413.653,3
1,19416.314,3
1,19418.910,3
1,19421.456,3
1,19424.334,3
1,19426.747,5
1,19429.740,5
1,19432.361,5
1,19434.910,5
1,19437.495,5
1,19440.166,5
1,19442.958,5
1,19446.085,5
1,19448.692,5
1,19451.180,5
1,19453.777,5
1,19456.882,5
1,19459.469,5
1,19462.821,5
1,19465.631,5
1,19468.248,5
1,19470.734,5
1,19473.124,5
1,19475.687,5
1,19478.184,5
1,19481.106,5
1,19483.698,5
1,19486.182,5
1,19488.706,5
1,19491.235,5
1,19494.060,5
1,19496.989,5
1,19499.733,5
1,19502.335,5
1,19504.921,5
1,19507.562,5
1,19510.400,5
1,19513.274,5
1,19515.820,5
1,19518.207,5
1,19520.878,5
1,19523.980,5
1,19526.362,5
1,19529.842,5
1,19533.005,5
1,19535.619,5
1,19538.169,5
1,19540.736,5
1,19543.291,5
1,19546.259,5
1,19549.476,5
1,19552.401,5
1,19554.739,5
1,19557.512,5
1,19559.937,5
1,19562.944,5
1,19565.714,5
1,19568.334,5
1,19570.977,5
1,19573.514,5
1,19576.470,5
1,19579.538,5
1,19583.165,5
1,19585.864,5
1,19589.025,5
1,19591.564,5
1,19594.075,7
1,19597.120,7
1,19600.157,7
1,19602.972,7
1,19605.695,7
1,19608.313,7
1,19610.968,7
1,19613.574,7
1,19616.368,7
1,19619.408,7
1,19621.831,7
1,19624.328,7
1,19626.945,7
1,19629.771,7
1,19632.446,7
1,19635.024,7
1,19637.602,7
1,19640.711,7
1,19643.489,7
1,19646.660,7
1,19649.589,7
1,19652.372,7
1,19654.921,7
1,19658.047,7
1,19660.491,7
1,19663.973,7
1,19667.361,7
1,19670.410,7
1,19673.132,7
1,19675.687,7
1,19678.318,7
1,19681.102,7
1,19683.730,7
1,19686.228,7
1,19688.931,7
1,19691.662,7
1,19694.277,7
1,19697.152,7
1,19699.893,7
1,19702.581,7
1,19705.044,7
1,19707.642,7
1,19710.156,7
1,19713.325,7
1,19716.513,7
1,19719.157,7
1,19722.065,7
1,19724.799,7
1,19727.295,7
1,19730.252,7
1,19733.478,7
1,19735.963,7
1,19738.549,7
1,19741.107,7
1,19743.811,7
1,19746.683,7
1,19749.412,7
1,19752.187,7
1,19754.719,7
1,19757.784,7
1,19760.416,9
1,19763.447,9
1,19766.091,9
1,19768.810,9
1,19771.556,9
1,19774.386,9
1,19777.079,9
1,19779.923,9
1,19782.563,9
1,19785.086,9
1,19787.763,9
1,19790.384,9
1,19792.901,9
1,19796.082,9
1,19799.382,9
1,19802.005,9
1,19804.479,9
1,19807.263,9
1,19809.702,9
1,19812.504,9
1,19815.294,9
1,19817.867,9
1,19820.439,9
1,19823.023,9
1,19825.603,9
1,19828.094,9
1,19831.026,9
1,19833.595,9
1,19836.750,9
1,19839.384,9
1,19842.022,9
1,19844.399,9
1,19847.801,9
1,19850.562,9
1,19853.152,9
1,19856.167,9
1,19859.235,9
1,19861.579,9
1,19864.428,9
1,19867.582,9
1,19870.075,9
1,19872.764,9
1,19875.347,9
1,19877.856,9
1,19880.750,9
1,19883.428,9
1,19886.443,9
1,19889.419,9
1,19891.900,9
1,19894.442,9
1,19897.326,9
1,19900.222,9
1,19902.656,9
1,19905.150,9
1,19907.722,9
1,19910.613,9
1,19913.955,9
1,19917.106,9
1,19919.729,9
1,19922.341,9
1,19924.872,9
1,19927.419,11
1,19930.548,11
1,19933.213,11
1,19935.824,11
1,19938.243,11
1,19940.736,11
1,19943.310,11
1,19946.247,11
1,19949.037,11
1,19952.061,11
1,19954.548,11
1,19957.186,11
1,19960.403,11
1,19963.319,11
1,19966.469,11
1,19969.397,11
1,19972.516,11
1,19975.091,11
1,19977.544,11
1,19980.643,11
1,19983.458,11
1,19986.117,11
1,19988.771,11
1,19991.157,11
1,19993.635,11
1,19996.849,11
1,19999.651,11
1,20002.848,11
1,20005.277,11
1,20007.695,11
1,20010.251,11
1,20013.850,11
1,20017.036,11
1,20019.598,11
1,20022.413,11
1,20024.947,11
1,20027.465,11
1,20030.753,11
1,20033.331,11
1,20035.864,11
1,20038.453,11
1,20041.063,11
1,20043.640,11
1,20046.540,11
1,20049.212,11
1,20052.265,11
1,20054.688,11
1,20057.227,11
1,20059.682,11
1,20062.474,11
1,20065.102,11
1,20067.594,11
1,20070.341,11
1,20073.033,11
1,20075.680,11
1,20078.085,11
1,20081.055,11
1,20084.245,11
1,20086.966,11
1,20089.671,11
1,20092.147,11
1,20094.667,13
1,20097.410,13
1,20100.374,13
1,20102.873,13
1,20105.615,13
1,20108.071,13
1,20110.648,13
1,20113.353,13
1,20116.002,13
1,20118.625,13
1,20121.517,13
1,20124.055,13
1,20126.489,13
1,20129.512,13
1,20132.363,13
1,20134.780,13
1,20137.471,13
1,20140.010,13
1,20142.877,13
1,20146.598,13
1,20149.527,13
1,20152.248,13
1,20154.883,13
1,20157.223,13
1,20159.657,13
1,20162.667,13
1,20165.431,13
1,20167.870,13
1,20170.678,13
1,20173.458,13
1,20176.114,13
1,20178.919,13
1,20181.585,13
1,20184.134,13
1,20187.173,13
1,20189.722,13
1,20192.365,13
1,20195.286,13
1,20198.225,13
1,20201.322,13
1,20203.773,13
1,20206.470,13
1,20209.027,13
1,20212.833,13
1,20215.585,13
1,20218.120,13
1,20220.575,13
1,20223.152,13
1,20225.694,13
1,20227.993,13
1,20230.769,13
1,20233.340,13
1,20235.760,13
1,20238.201,13
1,20240.549,13
1,20242.903,13
1,20246.302,13
1,20248.813,13
1,20251.206,13
1,20253.625,13
1,20256.214,13
1,20258.856,13
1,20262.283,15
1,20264.959,15
1,20267.700,15
1,20270.166,15
1,20272.619,15
1,20275.032,15
1,20277.373,15
1,20280.759,15
1,20283.329,15
1,20285.685,15
1,20288.326,15
1,20290.858,15
1,20293.198,15
1,20296.201,15
1,20298.647,15
1,20300.948,15
1,20303.323,15
1,20305.566,15
1,20307.890,15
1,20310.118,15
1,20313.106,15
1,20315.621,15
1,20317.888,15
1,20320.176,15
1,20322.581,15
1,20324.782,15
1,20327.089,15
1,20330.284,15
1,20332.973,15
1,20335.398,15
1,20337.839,15
1,20340.488,15
1,20342.849,15
1,20345.969,15
1,20349.181,15
1,20352.175,15
1,20354.833,15
1,20357.491,15
1,20359.962,15
1,20363.179,15
1,20366.051,15
1,20369.242,15
1,20371.717,15
1,20374.223,15
1,20377.020,15
1,20380.141,15
1,20382.799,15
1,20385.490,15
1,20388.028,15
1,20390.803,15
1,20393.326,15
1,20397.329,15
1,20399.966,15
1,20402.754,15
1,20405.499,15
1,20408.092,15
1,20410.660,15
1,20413.783,15
1,20417.074,15
1,20419.783,15
1,20422.251,15
1,20424.684,15
1,20427.405,17
1,20430.173,17
1,20432.698,17
1,20435.380,17
1,20438.003,17
1,20441.269,17
1,20443.868,17
1,20447.150,17
1,20449.749,17
1,20452.404,17
1,20455.304,17
1,20458.150,17
1,20460.616,17
1,20463.586,17
1,20466.754,17
1,20469.662,17
1,20472.303,17
1,20474.851,17
1,20477.438,17
1,20480.616,17
1,20483.306,17
1,20485.861,17
1,20489.043,17
1,20491.923,17
1,20494.377,17
1,20497.819,17
1,20500.606,17
1,20503.193,17
1,20505.871,17
1,20508.415,17
1,20511.099,17
1,20513.835,17
1,20516.975,17
1,20519.497,17
1,20522.091,17
1,20524.481,17
1,20526.870,17
1,20529.623,17
1,20532.688,17
1,20535.419,17
1,20538.352,17
1,20540.917,17
1,20543.859,17
1,20546.935,17
1,20549.801,17
1,20552.408,17
1,20555.370,17
1,20557.925,17
1,20560.331,17
1,20563.756,17
1,20566.567,17
1,20569.185,17
1,20571.742,17
1,20574.387,17
1,20576.932,17
1,20579.608,17
1,20582.768,17
1,20585.383,17
1,20587.908,17
1,20590.411,17
1,20592.964,19
1,20595.447,19
1,20597.835,19
1,20600.492,19
1,20603.337,19
1,20606.644,19
1,20609.602,19
1,20612.663,19
1,20615.743,19
1,20618.431,19
1,20621.898,19
1,20624.569,19
1,20627.056,19
1,20629.835,19
1,20632.663,19
1,20635.431,19
1,20638.078,19
1,20640.661,19
1,20643.325,19
1,20645.978,19
1,20649.332,19
1,20652.051,19
1,20654.639,19
1,20657.233,19
1,20659.842,19
1,20662.504,19
1,20665.635,19
1,20668.371,19
1,20670.931,19
1,20673.774,19
1,20676.295,19
1,20678.871,19
1,20681.749,19
1,20684.441,19
1,20687.062,19
1,20689.715,19
1,20692.660,19
1,20695.284,19
1,20698.208,19
1,20700.833,19
1,20703.403,19
1,20705.975,19
1,20708.441,19
1,20710.741,19
1,20713.249,19
1,20716.219,19
1,20719.378,19
1,20722.100,19
1,20724.709,19
1,20727.287,19
1,20730.379,19
1,20732.959,19
1,20735.391,19
1,20737.815,19
1,20740.274,19
1,20742.953,19
1,20746.240,19
1,20748.760,19
1,20751.149,19
1,20753.582,19
1,20755.959,19
1,20758.299,19
1,20760.773,21
1,20764.031,21
1,20766.865,21
1,20769.560,21
1,20772.178,21
1,20774.710,21
1,20777.225,21
1,20780.907,21
1,20783.637,21
1,20786.188,21
1,20788.795,21
1,20791.421,21
1,20794.101,21
1,20797.125,21
1,20799.774,21
1,20802.358,21
1,20805.039,21
1,20807.499,21
1,20810.002,21
1,20813.352,21
1,20815.970,21
1,20818.475,21
1,20821.208,21
1,20823.812,21
1,20826.398,21
1,20829.588,21
1,20832.236,21
1,20834.634,21
1,20837.135,21
1,20839.555,21
1,20841.981,21
1,20844.451,21
1,20848.088,21
1,20850.870,21
1,20853.493,21
1,20856.091,21
1,20858.846,21
1,20861.389,21
1,20865.067,21
1,20867.740,21
1,20870.685,21
1,20873.151,21
1,20875.746,21
1,20879.294,21
1,20881.844,21
1,20884.358,21
1,20887.346,21
1,20889.979,21
1,20892.958,21
1,20896.232,21
1,20899.423,21
1,20901.857,21
1,20904.395,21
1,20907.282,21
1,20909.815,21
1,20912.846,21
1,20915.493,21
1,20918.044,21
1,20921.274,21
1,20924.179,21
1,20926.678,23
1,20929.735,23
1,20932.281,23
1,20934.703,23
1,20937.418,23
1,20939.995,23
1,20942.732,23
1,20946.028,23
1,20948.702,23
1,20951.629,23
1,20954.161,23
1,20956.492,23
1,20959.174,23
1,20962.694,23
1,20965.330,23
1,20967.860,23
1,20970.411,23
1,20972.955,23
1,20975.681,23
1,20978.230,23
1,20981.136,23
1,20983.991,23
1,20986.885,23
1,20989.700,23
1,20992.250,23
1,20994.839,23
1,20997.824,23
1,21000.445,23
1,21003.185,23
1,21005.637,23
1,21008.089,23
1,21010.588,23
1,21013.894,23
1,21016.513,23
1,21019.224,23
1,21021.789,23
1,21024.288,23
1,21026.847,23
1,21029.931,23
1,21033.099,23
1,21036.119,23
1,21038.464,23
1,21041.072,23
1,21043.664,23
1,21046.712,23
1,21049.620,23
1,21052.146,23
1,21054.637,23
1,21057.179,23
1,21059.642,23
1,21062.828,23
1,21065.484,23
1,21067.965,23
1,21070.690,23
1,21073.138,23
1,21075.936,23
1,21078.891,23
1,21081.744,23
1,21084.467,23
1,21086.842,23
1,21089.310,23
1,21091.688,23
1,21093.957,25
1,21097.125,25
1,21099.971,25
1,21102.579,25
1,21105.156,25
1,21107.678,25
1,21110.334,25
1,21113.377,25
1,21116.074,25
1,21118.687,25
1,21121.242,25
1,21123.667,25
1,21126.229,25
1,21129.825,25
1,21132.521,25
1,21135.195,25
1,21137.716,25
1,21140.369,25
1,21143.035,25
1,21146.171,25
1,21149.037,25
1,21151.592,25
1,21154.163,25
1,21156.914,25
1,21159.451,25
1,21162.528,25
1,21165.909,25
1,21168.471,25
1,21171.078,25
1,21173.589,25
1,21176.333,25
1,21179.242,25
1,21182.092,25
1,21184.543,25
1,21187.091,25
1,21189.744,25
1,21192.470,25
1,21194.926,25
1,21197.885,25
1,21200.699,25
1,21203.336,25
1,21205.933,25
1,21208.428,25
1,21210.885,25
1,21213.984,25
1,21216.566,25
1,21219.125,25
1,21221.613,25
1,21224.075,25
1,21226.411,25
1,21228.774,25
1,21231.633,25
1,21234.140,25
1,21236.711,25
1,21239.145,25
1,21241.542,25
1,21243.849,25
1,21246.350,25
1,21249.102,25
1,21251.544,25
1,21254.124,25
1,21256.608,25
1,21259.260,27
1,21262.655,27
1,21265.930,27
1,21268.456,27
1,21270.894,27
1,21273.214,27
1,21275.898,27
1,21278.299,27
1,21280.994,27
1,21283.502,27
1,21285.938,27
1,21288.335,27
1,21290.708,27
1,21292.991,27
1,21296.134,27
1,21298.641,27
1,21301.053,27
1,21303.625,27
1,21306.251,27
1,21308.903,27
1,21311.587,27
1,21314.819,27
1,21317.564,27
1,21320.164,27
1,21322.671,27
1,21325.179,27
1,21327.721,27
1,21331.159,27
1,21333.876,27
1,21336.271,27
1,21338.733,27
1,21341.287,27
1,21344.652,27
1,21347.571,27
1,21350.519,27
1,21353.127,27
1,21355.781,27
1,21358.780,27
1,21361.453,27
1,21365.233,27
1,21368.091,27
1,21370.868,27
1,21373.500,27
1,21376.442,27
1,21380.025,27
1,21382.878,27
1,21385.349,27
1,21387.783,27
1,21390.206,27
1,21392.616,27
1,21396.167,27
1,21398.856,27
1,21401.715,27
1,21404.240,27
1,21406.962,27
1,21409.549,27
1,21413.428,27
1,21415.993,27
1,21418.666,27
1,21421.206,27
1,21423.691,27
1,21426.275,30
1,21429.283,30
1,21432.191,30
1,21434.824,30
1,21437.332,30
1,21440.285,30
1,21442.751,30
1,21445.966,30
1,21448.591,30
1,21451.538,30
1,21454.103,30
1,21457.018,30
1,21459.557,30
1,21462.781,30
1,21465.506,30
1,21468.919,30
1,21471.539,30
1,21474.003,30
1,21476.584,30
1,21479.226,30
1,21482.348,30
1,21485.172,30
1,21487.811,30
1,21490.558,30
1,21493.626,30
1,21496.637,30
1,21499.288,30
1,21501.970,30
1,21504.525,30
1,21507.077,30
1,21509.678,30
1,21513.123,30
1,21515.896,30
1,21518.431,30
1,21521.415,30
1,21523.991,30
1,21526.525,30
1,21529.766,30
1,21532.629,30
1,21535.536,30
1,21538.264,30
1,21540.833,30
1,21543.331,30
1,21546.396,30
1,21549.034,30
1,21551.548,30
1,21554.178,30
1,21556.732,30
1,21559.225,30
1,21562.437,30
1,21565.342,30
1,21568.144,30
1,21570.772,30
1,21573.173,30
1,21576.130,30
1,21578.896,30
1,21581.853,30
1,21584.346,30
1,21586.998,30
1,21589.566,30
1,21592.148,30
1,21594.660,32
1,21597.490,32
1,21600.148,32
1,21602.799,32
1,21605.260,32
1,21607.827,32
1,21610.339,32
1,21613.382,32
1,21616.136,32
1,21618.929,32
1,21621.492,32
1,21624.221,32
1,21627.003,32
1,21629.827,32
1,21632.686,32
1,21635.396,32
1,21637.992,32
1,21640.597,32
1,21643.244,32
1,21646.828,32
1,21649.657,32
1,21652.251,32
1,21654.719,32
1,21657.470,32
1,21659.935,32
1,21662.839,32
1,21665.593,32
1,21668.489,32
1,21671.134,32
1,21673.638,32
1,21676.136,32
1,21679.171,32
1,21682.194,32
1,21684.761,32
1,21687.492,32
1,21690.043,32
1,21692.565,32
1,21695.517,32
1,21698.407,32
1,21700.953,32
1,21703.590,32
1,21706.127,32
1,21708.691,32
1,21711.279,32
1,21714.017,32
1,21716.670,32
1,21719.417,32
1,21722.112,32
1,21724.594,32
1,21727.026,32
1,21730.949,32
1,21733.776,32
1,21736.635,32
1,21739.250,32
1,21741.852,32
1,21744.830,32
1,21747.814,32
1,21750.553,32
1,21753.130,32
1,21755.757,32
1,21758.340,32
1,21760.903,34
1,21764.228,34
1,21766.970,34
1,21770.226,34
1,21772.868,34
1,21775.450,34
1,21778.363,34
1,21781.610,34
1,21784.281,34
1,21786.837,34
1,21789.686,34
1,21792.348,34
1,21794.990,34
1,21797.995,34
1,21800.599,34
1,21803.213,34
1,21805.729,34
1,21808.291,34
1,21810.830,34
1,21813.724,34
1,21816.400,34
1,21818.990,34
1,21821.579,34
1,21823.951,34
1,21826.232,34
1,21829.679,34
1,21832.605,34
1,21835.363,34
1,21837.987,34
1,21840.634,34
1,21843.225,34
1,21846.065,34
1,21848.619,34
1,21851.503,34
1,21854.401,34
1,21857.132,34
1,21859.746,34
1,21863.195,34
1,21865.892,34
1,21868.419,34
1,21870.991,34
1,21873.555,34
1,21876.227,34
1,21879.447,34
1,21882.082,34
1,21884.573,34
1,21887.165,34
1,21889.676,34
1,21892.246,34
1,21895.034,34
1,21897.882,34
1,21900.506,34
1,21903.051,34
1,21905.843,34
1,21908.610,34
1,21911.117,34
1,21914.229,34
1,21917.393,34
1,21919.926,34
1,21922.686,34
1,21925.179,34
1,21927.756,36
1,21930.588,36
1,21933.332,36
1,21936.394,36
1,21938.978,36
1,21941.311,36
1,21943.887,36
1,21946.341,36
1,21949.003,36
1,21951.970,36
1,21954.469,36
1,21957.025,36
1,21959.470,36
1,21962.449,36
1,21965.394,36
1,21968.053,36
1,21970.514,36
1,21973.120,36
1,21976.234,36
1,21979.309,36
1,21981.910,36
1,21984.531,36
1,21987.123,36
1,21989.836,36
1,21992.467,36
1,21995.166,36
1,21998.471,36
1,22000.954,36
1,22003.433,36
1,22005.823,36
1,22008.831,36
1,22011.497,36
1,22014.643,36
1,22017.322,36
1,22019.957,36
1,22022.647,36
1,22025.173,36
1,22027.754,36
1,22030.557,36
1,22033.168,36
1,22035.779,36
1,22038.149,36
1,22040.714,36
1,22043.036,36
1,22046.070,36
1,22048.663,36
1,22051.198,36
1,22053.724,36
1,22056.270,36
1,22058.927,36
1,22061.935,36
1,22064.924,36
1,22067.831,36
1,22071.291,36
1,22073.850,36
1,22076.349,36
1,22079.165,36
1,22081.743,36
1,22084.287,36
1,22087.157,36
1,22089.506,36
1,22092.105,36
1,22094.561,38
1,22097.538,38
1,22100.053,38
1,22102.587,38
1,22105.186,38
1,22108.031,38
1,22110.568,38
1,22113.437,38
1,22116.054,38
1,22118.661,38
1,22121.182,38
1,22124.203,38
1,22126.895,38
1,22129.785,38
1,22132.294,38
1,22135.193,38
1,22138.042,38
1,22140.759,38
1,22143.220,38
1,22146.804,38
1,22149.445,38
1,22152.257,38
1,22154.591,38
1,22156.896,38
1,22159.447,38
1,22162.528,38
1,22165.262,38
1,22167.793,38
1,22170.256,38
1,22172.830,38
1,22175.258,38
1,22177.938,38
1,22181.389,38
1,22184.157,38
1,22186.614,38
1,22189.273,38
1,22191.953,38
1,22194.577,38
1,22197.540,38
1,22200.784,38
1,22203.642,38
1,22206.693,38
1,22209.253,38
1,22212.304,38
1,22214.939,38
1,22217.521,38
1,22220.117,38
1,22222.810,38
1,22225.418,38
1,22227.902,38
1,22231.263,38
1,22234.064,38
1,22236.944,38
1,22239.667,38
1,22242.348,38
1,22245.214,38
1,22248.201,38
1,22250.758,38
1,22253.701,38
1,22256.217,38
1,22258.768,38
1,22261.448,40
1,22264.399,40
1,22267.134,40
1,22269.656,40
1,22272.294,40
1,22274.867,40
1,22277.385,40
1,22280.445,40
1,22282.981,40
1,22285.531,40
1,22288.370,40
1,22291.501,40
1,22294.234,40
1,22296.984,40
1,22299.701,40
1,22302.272,40
1,22304.711,40
1,22307.410,40
1,22309.734,40
1,22312.981,40
1,22315.773,40
1,22318.355,40
1,22320.816,40
1,22323.285,40
1,22326.098,40
1,22329.563,40
1,22332.225,40
1,22334.770,40
1,22337.446,40
1,22340.042,40
1,22342.581,40
1,22345.049,40
1,22347.754,40
1,22350.321,40
1,22352.789,40
1,22355.258,40
1,22357.715,40
1,22360.206,40
1,22363.435,40
1,22366.176,40
1,22368.740,40
1,22372.019,40
1,22374.454,40
1,22376.743,40
1,22379.668,40
1,22382.529,40
1,22385.171,40
1,22387.573,40
1,22390.503,40
1,22392.780,40
1,22396.128,40
1,22398.772,40
1,22401.566,40
1,22404.141,40
1,22406.850,40
1,22409.616,40
1,22412.538,40
1,22415.232,40
1,22417.788,40
1,22420.522,40
1,22423.179,40
1,22425.897,40
1,22428.999,42
1,22431.742,42
1,22434.087,42
1,22436.562,42
1,22439.513,42
1,22442.107,42
1,22445.207,42
1,22448.025,42
1,22450.666,42
1,22453.194,42
1,22456.336,42
1,22459.214,42
1,22462.335,42
1,22464.955,42
1,22467.431,42
1,22469.973,42
1,22472.842,42
1,22475.603,42
1,22478.004,42
1,22481.209,42
1,22483.913,42
1,22486.477,42
1,22489.408,42
1,22491.963,42
1,22494.512,42
1,22497.293,42
1,22500.456,42
1,22503.055,42
1,22505.721,42
1,22508.576,42
1,22510.997,42
1,22513.751,42
1,22516.186,42
1,22519.029,42
1,22521.540,42
1,22524.294,42
1,22526.730,42
1,22529.610,42
1,22532.442,42
1,22535.157,42
1,22537.660,42
1,22540.536,42
1,22543.070,42
1,22546.737,42
1,22549.363,42
1,22552.006,42
1,22554.475,42
1,22557.088,42
1,22559.658,42
1,22562.469,42
1,22565.361,42
1,22567.885,42
1,22570.367,42
1,22572.859,42
1,22575.571,42
1,22579.266,42
1,22581.922,42
1,22584.449,42
1,22587.120,42
1,22589.709,42
1,22592.337,42
1,22595.158,44
1,22598.431,44
1,22601.342,44
1,22604.150,44
1,22606.980,44
1,22609.481,44
1,22612.340,44
1,22615.229,44
1,22618.042,44
1,22620.663,44
1,22623.353,44
1,22626.021,44
1,22629.114,44
1,22631.738,44
1,22634.239,44
1,22636.808,44
1,22639.249,44
1,22641.879,44
1,22644.469,44
1,22647.503,44
1,22650.280,44
1,22652.936,44
1,22655.559,44
1,22658.074,44
1,22660.524,44
1,22663.617,44
1,22666.338,44
1,22668.801,44
1,22671.600,44
1,22674.600,44
1,22677.145,44
1,22680.302,44
1,22682.991,44
1,22685.807,44
1,22688.632,44
1,22690.978,44
1,22693.494,44
1,22696.382,44
1,22698.901,44
1,22701.666,44
1,22704.293,44
1,22706.829,44
1,22709.364,44
1,22712.507,44
1,22715.549,44
1,22718.073,44
1,22720.662,44
1,22723.254,44
1,22725.922,44
1,22728.362,44
1,22731.078,44
1,22733.716,44
1,22736.353,44
1,22739.397,44
1,22742.401,44
1,22745.611,44
1,22748.494,44
1,22751.022,44
1,22753.610,44
1,22756.227,44
1,22758.974,44
1,22762.102,46
1,22764.838,46
1,22767.371,46
1,22770.470,46
1,22772.991,46
1,22775.823,46
1,22778.911,46
1,22781.596,46
1,22784.196,46
1,22786.680,46
1,22789.382,46
1,22791.970,46
1,22794.518,46
1,22797.390,46
1,22800.276,46
1,22802.836,46
1,22805.240,46
1,22807.767,46
1,22810.292,46
1,22813.116,46
1,22815.776,46
1,22818.418,46
1,22820.986,46
1,22823.531,46
1,22826.262,46
1,22829.804,46
1,22832.936,46
1,22835.564,46
1,22838.129,46
1,22840.663,46
1,22843.215,46
1,22846.050,46
1,22849.045,46
1,22851.573,46
1,22854.085,46
1,22856.997,46
1,22859.514,46
1,22862.588,46
1,22865.506,46
1,22868.285,46
1,22871.117,46
1,22873.611,46
1,22876.541,46
1,22879.720,46
1,22882.732,46
1,22885.596,46
1,22888.662,46
1,22891.038,46
1,22893.476,46
1,22896.612,46
1,22899.502,46
1,22902.293,46
1,22905.037,46
1,22907.867,46
1,22910.365,46
1,22913.040,46
1,22915.508,46
1,22918.480,46
1,22920.992,46
1,22923.481,46
1,22926.127,48
1,22929.362,48
1,22932.498,48
1,22935.056,48
1,22937.696,48
1,22940.252,48
1,22942.661,48
1,22945.205,48
1,22947.990,48
1,22950.618,48
1,22953.212,48
1,22955.645,48
1,22958.309,48
1,22960.875,48
1,22963.512,48
1,22966.090,48
1,22968.449,48
1,22971.472,48
1,22974.038,48
1,22977.591,48
1,22980.562,48
1,22983.247,48
1,22986.054,48
1,22988.634,48
1,22990.995,48
1,22993.539,48
1,22996.912,48
1,22999.544,48
1,23002.102,48
1,23004.649,48
1,23007.182,48
1,23009.706,48
1,23012.892,48
1,23015.730,48
1,23018.255,48
1,23020.899,48
1,23023.295,48
1,23025.923,48
1,23029.125,48
1,23031.906,48
1,23034.382,48
1,23036.969,48
1,23039.593,48
1,23042.179,48
1,23045.099,48
1,23048.265,48
1,23050.899,48
1,23053.538,48
1,23056.061,48
1,23058.623,48
1,23061.443,48
1,23064.307,48
1,23067.407,48
1,23070.000,48
1,23072.499,48
1,23075.037,48
1,23077.602,48
1,23080.623,48
1,23083.360,48
1,23086.506,48
1,23089.030,48
1,23091.493,48
1,23093.848,50
1,23097.119,50
1,23099.798,50
1,23102.163,50
1,23104.640,50
1,23107.262,50
1,23109.725,50
1,23112.970,50
1,23115.484,50
1,23118.038,50
1,23120.760,50
1,23123.424,50
1,23125.834,50
1,23129.554,50
1,23132.655,50
1,23135.740,50
1,23138.253,50
1,23140.943,50
1,23143.838,50
1,23146.730,50
1,23149.871,50
1,23152.321,50
1,23154.660,50
1,23157.133,50
1,23159.605,50
1,23162.970,50
1,23165.775,50
1,23168.321,50
1,23170.899,50
1,23173.413,50
1,23175.905,50
1,23179.022,50
1,23181.679,50
1,23184.812,50
1,23187.281,50
1,23190.381,50
1,23192.850,50
1,23196.375,50
1,23199.359,50
1,23202.235,50
1,23204.802,50
1,23207.620,50
1,23210.515,50
1,23213.333,50
1,23215.891,50
1,23218.391,50
1,23221.166,50
1,23223.611,50
1,23225.930,50
1,23229.491,50
1,23232.435,50
1,23235.260,50
1,23237.692,50
1,23240.224,50
1,23242.842,50
1,23246.954,50
1,23249.439,50
1,23252.129,50
1,23254.669,50
1,23257.299,50
1,23259.757,52
1,23262.795,52
1,23265.384,52
1,23267.688,52
1,23270.037,52
1,23272.326,52
1,23274.657,52
1,23277.180,52
1,23280.645,52
1,23283.244,52
1,23285.818,52
1,23288.752,52
1,23291.156,52
1,23293.534,52
1,23296.471,52
1,23299.414,52
1,23302.014,52
1,23304.841,52
1,23307.664,52
1,23310.545,52
1,23313.276,52
1,23316.019,52
1,23319.328,52
1,23322.300,52
1,23324.621,52
1,23327.042,52
1,23330.053,52
1,23332.711,52
1,23335.444,52
1,23338.046,52
1,23340.564,52
1,23343.068,52
1,23345.728,52
1,23348.450,52
1,23351.551,52
1,23354.115,52
1,23356.650,52
1,23359.103,52
1,23362.187,52
1,23364.829,52
1,23367.352,52
1,23370.435,52
1,23373.497,52
1,23376.409,52
1,23379.269,52
1,23382.259,52
1,23384.781,52
1,23387.394,52
1,23390.526,52
1,23393.020,52
1,23395.796,52
1,23398.466,52
1,23401.174,52
1,23403.756,52
1,23406.860,52
1,23409.970,52
1,23412.912,52
1,23415.991,52
1,23418.421,52
1,23421.064,52
1,23423.661,52
1,23426.161,55
1,23429.266,55
1,23432.487,55
1,23435.229,55
1,23437.829,55
1,23440.497,55
1,23443.082,55
1,23446.336,55
1,23448.887,55
1,23451.563,55
1,23454.048,55
1,23456.939,55
1,23459.398,55
1,23462.205,55
1,23465.210,55
1,23467.751,55
1,23470.483,55
1,23472.800,55
1,23475.341,55
1,23477.852,55
1,23481.301,55
1,23484.053,55
1,23486.634,55
1,23489.593,55
1,23492.357,55
1,23494.923,55
1,23497.932,55
1,23501.031,55
1,23503.452,55
1,23506.480,55
1,23509.228,55
1,23512.347,55
1,23515.208,55
1,23517.835,55
1,23520.666,55
1,23523.186,55
1,23525.655,55
1,23528.142,55
1,23530.814,55
1,23533.383,55
1,23535.903,55
1,23538.540,55
1,23541.037,55
1,23543.772,55
1,23546.250,55
1,23549.169,55
1,23551.640,55
1,23554.007,55
1,23556.469,55
1,23559.547,55
1,23562.321,55
1,23565.282,55
1,23567.799,55
1,23570.188,55
1,23572.791,55
1,23575.404,55
1,23577.763,55
1,23580.905,55
1,23584.180,55
1,23586.724,55
1,23589.394,55
1,23591.810,55
1,23594.350,57
1,23597.327,57
1,23599.903,57
1,23602.468,57
1,23604.927,57
1,23607.463,57
1,23609.892,57
1,23613.003,57
1,23615.604,57
1,23618.154,57
1,23620.711,57
1,23623.230,57
1,23626.024,57
1,23629.166,57
1,23632.022,57
1,23634.380,57
1,23637.232,57
1,23639.822,57
1,23642.364,57
1,23645.228,57
1,23648.018,57
1,23650.662,57
1,23653.275,57
1,23656.265,57
1,23658.975,57
1,23662.204,57
1,23664.830,57
1,23667.473,57
1,23670.556,57
1,23673.232,57
1,23676.000,57
1,23679.240,57
1,23682.000,57
1,23684.480,57
1,23687.498,57
1,23690.111,57
1,23692.675,57
1,23696.599,57
1,23699.238,57
1,23701.765,57
1,23704.289,57
1,23707.284,57
1,23709.824,57
1,23712.564,57
1,23715.063,57
1,23718.017,57
1,23720.777,57
1,23723.163,57
1,23725.765,57
1,23729.069,57
1,23731.588,57
1,23734.100,57
1,23736.847,57
1,23739.623,57
1,23742.438,57
1,23745.048,57
1,23747.919,57
1,23750.432,57
1,23752.977,57
1,23755.844,57
1,23758.591,57
1,23761.026,59
1,23764.120,59
1,23766.930,59
1,23769.643,59
1,23772.385,59
1,23774.876,59
1,23777.389,59
1,23780.363,59
1,23783.067,59
1,23785.786,59
1,23788.478,59
1,23791.303,59
1,23793.830,59
1,23796.889,59
1,23799.791,59
1,23802.608,59
1,23805.349,59
1,23807.875,59
1,23810.388,59
1,23813.426,59
1,23816.118,59
1,23818.722,59
1,23821.121,59
1,23823.527,59
1,23825.951,59
1,23829.113,59
1,23831.545,59
1,23834.150,59
1,23836.756,59
1,23839.233,59
1,23841.793,59
1,23844.380,59
1,23847.290,59
1,23849.967,59
1,23852.465,59
1,23855.104,59
1,23857.687,59
1,23859.987,59
1,23863.506,59
1,23866.261,59
1,23868.803,59
1,23871.448,59
1,23874.088,59
1,23876.639,59
1,23879.889,59
1,23882.530,59
1,23885.829,59
1,23888.427,59
1,23890.902,59
1,23893.441,59
1,23897.035,59
1,23899.835,59
1,23902.445,59
1,23904.975,59
1,23907.563,59
1,23910.176,59
1,23913.395,59
1,23916.041,59
1,23918.723,59
1,23921.916,59
1,23924.697,59
1,23927.485,61
1,23930.887,61
1,23933.716,61
1,23936.203,61
1,23939.115,61
1,23941.624,61
1,23944.254,61
1,23946.863,61
1,23949.602,61
1,23952.290,61
1,23955.043,61
1,23957.436,61
1,23959.956,61
1,23962.818,61
1,23965.296,61
1,23967.776,61
1,23970.421,61
1,23972.895,61
1,23975.477,61
1,23977.948,61
1,23980.788,61
1,23983.555,61
1,23986.420,61
1,23988.940,61
1,23991.279,61
1,23993.799,61
1,23997.049,61
1,23999.798,61
1,24002.362,61
1,24004.899,61
1,24007.542,61
1,24010.105,61
1,24013.024,61
1,24015.570,61
1,24018.102,61
1,24020.658,61
1,24023.515,61
1,24026.078,61
1,24028.764,61
1,24031.556,61
1,24034.160,61
1,24036.797,61
1,24039.503,61
1,24042.119,61
1,24044.545,61
1,24047.748,61
1,24050.469,61
1,24053.270,61
1,24055.929,61
1,24058.694,61
1,24061.183,61
1,24064.526,61
1,24067.282,61
1,24069.924,61
1,24072.510,61
1,24075.435,61
1,24078.012,61
1,24080.788,61
1,24083.452,61
1,24086.125,61
1,24089.245,61
1,24091.802,61
1,24094.389,63
1,24097.654,63
1,24100.501,63
1,24103.099,63
1,24105.746,63
1,24108.345,63
1,24110.923,63
1,24113.751,63
1,24116.435,63
1,24119.249,63
1,24122.100,63
1,24124.631,63
1,24127.121,63
1,24129.971,63
1,24132.604,63
1,24135.463,63
1,24138.217,63
1,24140.680,63
1,24143.184,63
1,24146.558,63
1,24149.559,63
1,24152.297,63
1,24154.845,63
1,24157.597,63
1,24160.074,63
1,24162.764,63
1,24165.489,63
1,24168.136,63
1,24170.701,63
1,24173.490,63
1,24176.008,63
1,24179.128,63
1,24181.677,63
1,24184.219,63
1,24187.522,63
1,24190.422,63
1,24192.979,63
1,24195.771,63
1,24198.314,63
1,24200.970,63
1,24203.580,63
1,24206.048,63
1,24208.686,63
1,24211.182,63
1,24214.048,63
1,24216.852,63
1,24219.501,63
1,24222.680,63
1,24225.220,63
1,24227.905,63
1,24230.500,63
1,24233.096,63
1,24235.893,63
1,24238.948,63
1,24241.921,63
1,24244.897,63
1,24247.889,63
1,24250.595,63
1,24253.148,63
1,24255.872,63
1,24258.339,63
1,24260.908,65
1,24264.715,65
1,24267.481,65
1,24270.038,65
1,24272.666,65
1,24275.148,65
1,24277.659,65
1,24280.468,65
1,24283.144,65
1,24285.847,65
1,24288.364,65
1,24291.073,65
1,24293.612,65
1,24296.657,65
1,24299.154,65
1,24302.344,65
1,24304.866,65
1,24307.509,65
1,24309.726,65
1,24312.990,65
1,24315.585,65
1,24318.075,65
1,24320.620,65
1,24323.395,65
1,24326.143,65
1,24329.085,65
1,24332.014,65
1,24334.562,65
1,24337.048,65
1,24339.698,65
1,24342.336,65
1,24344.823,65
1,24347.710,65
1,24350.366,65
1,24352.918,65
1,24355.792,65
1,24358.390,65
1,24360.861,65
1,24363.939,65
1,24366.927,65
1,24369.542,65
1,24372.143,65
1,24374.583,65
1,24377.002,65
1,24379.863,65
1,24382.798,65
1,24385.296,65
1,24387.673,65
1,24390.433,65
1,24392.898,65
1,24396.799,65
1,24399.249,65
1,24401.843,65
1,24404.373,65
1,24407.235,65
1,24409.747,65
1,24412.477,65
1,24414.916,65
1,24417.437,65
1,24420.084,65
1,24422.663,65
1,24425.243,65
1,24427.624,67
1,24430.338,67
1,24432.874,67
1,24435.475,67
1,24437.839,67
1,24440.315,67
1,24443.017,67
1,24446.316,67
1,24448.924,67
1,24451.328,67
1,24453.739,67
1,24456.158,67
1,24458.656,67
1,24461.425,67
1,24464.965,67
1,24467.631,67
1,24470.284,67
1,24472.776,67
1,24475.269,67
1,24477.802,67
1,24481.315,67
1,24483.931,67
1,24486.502,67
1,24489.629,67
1,24492.235,67
1,24494.937,67
1,24497.697,67
1,24500.377,67
1,24502.802,67
1,24505.231,67
1,24507.778,67
1,24510.061,67
1,24512.689,67
1,24515.373,67
1,24517.790,67
1,24520.199,67
1,24522.710,67
1,24525.202,67
1,24527.961,67
1,24531.012,67
1,24534.326,67
1,24536.961,67
1,24539.692,67
1,24542.542,67
1,24545.256,67
1,24548.200,67
1,24550.858,67
1,24553.476,67
1,24556.080,67
1,24558.497,67
1,24561.196,67
1,24564.025,67
1,24566.878,67
1,24569.424,67
1,24571.887,67
1,24574.474,67
1,24576.832,67
1,24579.421,67
1,24582.760,67
1,24585.496,67
1,24588.120,67
1,24590.686,67
1,24593.170,69
1,24597.149,69
1,24599.835,69
1,24602.452,69
1,24605.172,69
1,24607.676,69
1,24610.200,69
1,24613.386,69
1,24616.129,69
1,24618.729,69
1,24621.504,69
1,24624.340,69
1,24626.705,69
1,24629.753,69
1,24632.709,69
1,24635.469,69
1,24638.154,69
1,24641.460,69
1,24644.057,69
1,24647.383,69
1,24650.505,69
1,24653.436,69
1,24656.562,69
1,24659.355,69
1,24661.967,69
1,24664.821,69
1,24667.300,69
1,24669.721,69
1,24672.187,69
1,24674.594,69
1,24677.209,69
1,24680.354,69
1,24682.915,69
1,24685.359,69
1,24688.063,69
1,24690.474,69
1,24692.858,69
1,24696.108,69
1,24699.250,69
1,24701.805,69
1,24704.291,69
1,24706.820,69
1,24709.314,69
1,24711.765,69
1,24714.990,69
1,24717.639,69
1,24720.185,69
1,24722.779,69
1,24725.355,69
1,24727.997,69
1,24731.148,69
1,24733.762,69
1,24736.071,69
1,24738.552,69
1,24740.997,69
1,24743.522,69
1,24746.362,69
1,24748.909,69
1,24751.402,69
1,24754.444,69
1,24757.147,69
1,24759.715,71
1,24762.498,71
1,24765.120,71
1,24767.644,71
1,24770.509,71
1,24773.211,71
1,24776.481,71
1,24779.808,71
1,24782.936,71
1,24785.694,71
1,24788.591,71
1,24791.840,71
1,24794.276,71
1,24797.030,71
1,24799.689,71
1,24802.730,71
1,24805.370,71
1,24807.878,71
1,24810.487,71
1,24813.278,71
1,24815.934,71
1,24818.494,71
1,24821.012,71
1,24823.557,71
1,24826.082,71
1,24829.889,71
1,24832.551,71
1,24835.334,71
1,24837.927,71
1,24840.463,71
1,24842.920,71
1,24845.616,71
1,24848.566,71
1,24850.912,71
1,24853.406,71
1,24856.446,71
1,24858.951,71
1,24861.348,71
1,24864.382,71
1,24866.879,71
1,24869.648,71
1,24872.265,71
1,24874.772,71
1,24877.692,71
1,24880.579,71
1,24883.194,71
1,24885.752,71
1,24888.071,71
1,24890.398,71
1,24892.855,71
1,24896.209,71
1,24898.771,71
1,24901.544,71
1,24903.983,71
1,24906.906,71
1,24909.468,71
1,24912.517,71
1,24915.404,71
1,24918.194,71
1,24920.932,71
1,24923.496,71
1,24926.060,73
1,24929.284,73
1,24932.425,73
1,24934.947,73
1,24937.590,73
1,24940.407,73
1,24942.677,73
1,24946.460,73
1,24949.546,73
1,24952.145,73
1,24954.962,73
1,24957.475,73
1,24960.021,73
1,24962.691,73
1,24965.231,73
1,24967.770,73
1,24970.394,73
1,24972.999,73
1,24975.686,73
1,24978.956,73
1,24981.565,73
1,24984.309,73
1,24987.236,73
1,24989.753,73
1,24992.183,73
1,24994.863,73
1,24997.985,73
1,25001.006,73
1,25003.422,73
1,25006.024,73
1,25008.644,73
1,25011.229,73
1,25014.361,73
1,25017.179,73
1,25019.767,73
1,25022.422,73
1,25024.890,73
1,25027.218,73
1,25030.301,73
1,25032.948,73
1,25035.514,73
1,25038.055,73
1,25040.605,73
1,25043.206,73
1,25046.310,73
1,25049.505,73
1,25052.455,73
1,25055.029,73
1,25057.506,73
1,25060.090,73
1,25063.484,73
1,25066.124,73
1,25068.639,73
1,25071.186,73
1,25073.750,73
1,25076.176,73
1,25080.003,73
1,25082.989,73
1,25085.591,73
1,25088.417,73
1,25090.798,73
1,25094.518,75
1,25097.544,75
1,25100.343,75
1,25102.728,75
1,25105.204,75
1,25107.537,75
1,25109.987,75
1,25113.710,75
1,25116.246,75
1,25118.921,75
1,25121.377,75
1,25124.133,75
1,25127.275,75
1,25130.177,75
1,25132.748,75
1,25135.386,75
1,25137.869,75
1,25140.428,75
1,25142.939,75
1,25145.777,75
1,25148.301,75
1,25151.071,75
1,25153.533,75
1,25156.075,75
1,25158.647,75
1,25161.586,75
1,25164.496,75
1,25167.133,75
1,25169.719,75
1,25172.345,75
1,25175.081,75
1,25177.602,75
1,25180.408,75
1,25183.042,75
1,25185.831,75
1,25188.303,75
1,25190.842,75
1,25193.497,75
1,25196.361,75
1,25198.960,75
1,25201.455,75
1,25204.192,75
1,25206.586,75
1,25209.290,75
1,25212.364,75
1,25215.442,75
1,25218.486,75
1,25221.029,75
1,25223.531,75
1,25225.914,75
1,25228.531,75
1,25231.311,75
1,25234.206,75
1,25236.665,75
1,25239.097,75
1,25241.561,75
1,25243.860,75
1,25247.168,75
1,25249.988,75
1,25253.004,75
1,25255.464,75
1,25258.232,75
1,25260.819,77
1,25263.616,77
1,25266.134,77
1,25268.632,77
1,25270.941,77
1,25273.306,77
1,25275.765,77
1,25278.093,77
1,25281.195,77
1,25283.699,77
1,25286.032,77
1,25288.392,77
1,25290.656,77
1,25292.848,77
1,25295.993,77
1,25298.489,77
1,25300.869,77
1,25303.496,77
1,25306.021,77
1,25308.611,77
1,25311.147,77
1,25314.274,77
1,25317.455,77
1,25320.131,77
1,25322.802,77
1,25325.367,77
1,25327.872,77
1,25330.856,77
1,25333.434,77
1,25335.952,77
1,25338.748,77
1,25341.329,77
1,25343.683,77
1,25346.931,77
1,25349.694,77
1,25352.331,77
1,25354.867,77
1,25357.603,77
1,25360.166,77
1,25362.956,77
1,25365.721,77
1,25368.249,77
1,25370.684,77
1,25373.691,77
1,25376.180,77
1,25379.681,77
1,25382.866,77
1,25385.621,77
1,25388.043,77
1,25390.603,77
1,25393.156,77
1,25396.699,77
1,25399.418,77
1,25402.062,77
1,25404.706,77
1,25407.597,77
1,25410.073,77
1,25413.507,77
1,25416.347,77
1,25419.269,77
1,25421.765,77
1,25424.648,77
1,25427.543,79
1,25430.968,79
1,25433.587,79
1,25436.803,79
1,25439.538,79
1,25442.745,79
1,25445.254,79
1,25448.476,79
1,25451.210,79
1,25453.867,79
1,25456.817,79
1,25459.128,79
1,25462.952,79
1,25465.847,79
1,25468.510,79
1,25471.072,79
1,25473.585,79
1,25476.099,79
1,25479.430,79
1,25482.128,79
1,25484.732,79
1,25487.389,79
1,25490.401,79
1,25493.005,79
1,25496.172,79
1,25498.997,79
1,25501.514,79
1,25504.073,79
1,25506.661,79
1,25509.567,79
1,25512.594,79
1,25515.580,79
1,25518.072,79
1,25520.695,79
1,25523.215,79
1,25525.757,79
1,25528.801,79
1,25531.799,79
1,25534.388,79
1,25536.868,79
1,25539.557,79
1,25542.132,79
1,25544.750,79
1,25547.502,79
1,25550.162,79
1,25552.776,79
1,25555.173,79
1,25557.746,79
1,25560.261,79
1,25563.467,79
1,25566.639,79
1,25569.451,79
1,25572.273,79
1,25574.778,79
1,25577.301,79
1,25580.165,79
1,25583.053,79
1,25585.827,79
1,25588.446,79
1,25591.033,79
1,25593.574,82
1,25597.266,82
1,25600.163,82
1,25602.698,82
1,25605.357,82
1,25607.912,82
1,25610.310,82
1,25613.403,82
1,25615.993,82
1,25618.603,82
1,25621.324,82
1,25624.122,82
1,25626.461,82
1,25629.590,82
1,25632.182,82
1,25634.678,82
1,25637.123,82
1,25639.646,82
1,25642.316,82
1,25644.892,82
1,25647.695,82
1,25650.243,82
1,25652.678,82
1,25655.088,82
1,25657.520,82
1,25659.831,82
1,25663.323,82
1,25665.927,82
1,25668.393,82
1,25670.839,82
1,25673.275,82
1,25675.976,82
1,25678.519,82
1,25681.285,82
1,25683.752,82
1,25686.240,82
1,25688.659,82
1,25691.105,82
1,25693.427,82
1,25696.834,82
1,25700.079,82
1,25702.522,82
1,25704.911,82
1,25707.500,82
1,25710.049,82
1,25712.767,82
1,25715.583,82
1,25719.179,82
1,25721.887,82
1,25724.528,82
1,25726.881,82
1,25729.417,82
1,25732.159,82
1,25734.743,82
1,25737.360,82
1,25739.950,82
1,25742.608,82
1,25745.251,82
1,25747.958,82
1,25750.480,82
1,25752.923,82
1,25755.412,82
1,25758.085,82
1,25760.407,84
1,25764.003,84
1,25766.574,84
1,25769.005,84
1,25771.445,84
1,25773.923,84
1,25776.453,84
1,25779.556,84
1,25782.232,84
1,25784.706,84
1,25787.231,84
1,25789.657,84
1,25792.204,84
1,25794.615,84
1,25797.151,84
1,25799.679,84
1,25802.060,84
1,25804.427,84
1,25806.825,84
1,25809.330,84
1,25812.893,84
1,25815.614,84
1,25818.414,84
1,25820.996,84
1,25823.675,84
1,25826.092,84
1,25829.445,84
1,25832.215,84
1,25835.285,84
1,25837.753,84
1,25840.190,84
1,25843.032,84
1,25847.009,84
1,25849.732,84
1,25852.187,84
1,25854.558,84
1,25857.092,84
1,25859.490,84
1,25862.199,84
1,25864.838,84
1,25867.566,84
1,25870.220,84
1,25872.697,84
1,25875.467,84
1,25877.967,84
1,25881.143,84
1,25884.259,84
1,25886.878,84
1,25889.291,84
1,25891.821,84
1,25894.370,84
1,25898.116,84
1,25901.128,84
1,25903.759,84
1,25906.235,84
1,25908.989,84
1,25911.507,84
1,25915.564,84
1,25918.313,84
1,25920.947,84
1,25923.390,84
1,25926.049,86
1,25928.770,86
1,25931.602,86
1,25934.270,86
1,25936.838,86
1,25939.661,86
1,25942.408,86
1,25945.063,86
1,25947.743,86
1,25950.374,86
1,25953.016,86
1,25955.785,86
1,25958.391,86
1,25960.918,86
1,25963.683,86
1,25966.416,86
1,25969.443,86
1,25971.978,86
1,25974.561,86
1,25977.041,86
1,25980.253,86
1,25982.975,86
1,25985.685,86
1,25988.697,86
1,25991.186,86
1,25993.597,86
1,25996.977,86
1,25999.745,86
1,26003.507,86
1,26006.051,86
1,26009.157,86
1,26011.606,86
1,26014.400,86
1,26017.363,86
1,26020.014,86
1,26022.735,86
1,26025.185,86
1,26027.743,86
1,26030.974,86
1,26033.576,86
1,26036.596,86
1,26039.380,86
1,26042.298,86
1,26044.778,86
1,26048.027,86
1,26050.725,86
1,26053.291,86
1,26055.818,86
1,26058.271,86
1,26060.842,86
1,26063.776,86
1,26066.583,86
1,26069.460,86
1,26072.388,86
1,26074.779,86
1,26077.388,86
1,26080.083,86
1,26082.655,86
1,26085.014,86
1,26087.508,86
1,26090.517,86
1,26092.892,88
1,26095.742,88
1,26098.636,88
1,26101.939,88
1,26104.354,88
1,26107.274,88
1,26109.917,88
1,26119.358,88
1,26122.642,88
1,26125.251,88
1,26127.781,88
1,26130.890,88
1,26133.503,88
1,26136.258,88
1,26138.642,88
1,26141.514,88
1,26144.135,88
1,26147.116,88
1,26149.763,88
1,26152.552,88
1,26155.232,88
1,26158.297,88
1,26160.965,88
1,26163.936,88
1,26166.835,88
1,26169.439,88
1,26172.155,88
1,26174.703,88
1,26177.282,88
1,26180.041,88
1,26182.736,88
1,26185.324,88
1,26187.851,88
1,26190.467,88
1,26192.974,88
1,26195.836,88
1,26198.486,88
1,26201.282,88
1,26203.869,88
1,26206.488,88
1,26209.193,88
1,26212.537,88
1,26215.276,88
1,26218.189,88
1,26220.807,88
1,26223.405,88
1,26226.200,88
1,26229.506,88
1,26232.390,88
1,26234.852,88
1,26237.453,88
1,26240.002,88
1,26242.868,88
1,26245.993,88
1,26248.594,88
1,26251.377,88
1,26254.029,88
1,26257.147,88
1,26259.724,90
1,26262.577,90
1,26265.455,90
1,26268.616,90
1,26271.826,90
1,26274.427,90
1,26276.729,90
1,26280.234,90
1,26283.328,90
1,26285.939,90
1,26289.253,90
1,26291.913,90
1,26294.382,90
1,26297.216,90
1,26299.768,90
1,26302.330,90
1,26305.418,90
1,26307.990,90
1,26310.566,90
1,26313.560,90
1,26316.507,90
1,26319.053,90
1,26321.572,90
1,26323.964,90
1,26326.365,90
1,26329.563,90
1,26332.769,90
1,26335.151,90
1,26337.768,90
1,26340.515,90
1,26342.904,90
1,26346.444,90
1,26349.194,90
1,26351.693,90
1,26354.299,90
1,26357.265,90
1,26359.782,90
1,26362.654,90
1,26365.250,90
1,26367.911,90
1,26370.514,90
1,26372.999,90
1,26376.025,90
1,26379.237,90
1,26381.839,90
1,26384.904,90
1,26387.520,90
1,26390.359,90
1,26392.736,90
1,26395.873,90
1,26398.597,90
1,26401.125,90
1,26403.696,90
1,26406.261,90
1,26408.944,90
1,26412.317,90
1,26414.911,90
1,26417.621,90
1,26420.474,90
1,26422.861,90
1,26425.439,90
1,26428.362,92
1,26431.150,92
1,26433.618,92
1,26436.166,92
1,26439.386,92
1,26441.970,92
1,26444.347,92
1,26447.468,92
1,26450.569,92
1,26453.450,92
1,26456.204,92
1,26459.031,92
1,26461.582,92
1,26464.462,92
1,26466.851,92
1,26469.466,92
1,26472.498,92
1,26474.994,92
1,26477.423,92
1,26480.283,92
1,26482.931,92
1,26485.662,92
1,26488.140,92
1,26491.064,92
1,26493.550,92
1,26496.430,92
1,26499.418,92
1,26502.394,92
1,26504.929,92
1,26507.488,92
1,26510.057,92
1,26512.869,92
1,26515.672,92
1,26518.088,92
1,26520.709,92
1,26523.192,92
1,26525.673,92
1,26528.146,92
1,26530.966,92
1,26533.456,92
1,26536.046,92
1,26538.598,92
1,26541.188,92
1,26543.724,92
1,26546.670,92
1,26549.350,92
1,26552.351,92
1,26554.725,92
1,26557.358,92
1,26559.780,92
1,26562.483,92
1,26565.039,92
1,26567.560,92
1,26570.495,92
1,26573.076,92
1,26575.574,92
1,26578.115,92
1,26580.807,92
1,26583.257,92
1,26586.324,92
1,26589.400,92
1,26592.501,92
1,26595.271,94
1,26598.436,94
1,26601.287,94
1,26603.612,94
1,26606.886,94
1,26609.534,94
1,26612.834,94
1,26615.354,94
1,26617.881,94
1,26620.671,94
1,26623.743,94
1,26626.276,94
1,26629.396,94
1,26632.240,94
1,26634.729,94
1,26637.297,94
1,26640.282,94
1,26642.842,94
1,26646.530,94
1,26649.197,94
1,26651.826,94
1,26654.679,94
1,26657.601,94
1,26659.879,94
1,26663.571,94
1,26666.290,94
1,26669.035,94
1,26671.996,94
1,26674.565,94
1,26677.193,94
1,26680.062,94
1,26682.593,94
1,26685.510,94
1,26687.977,94
1,26690.604,94
1,26693.098,94
1,26695.920,94
1,26698.476,94
1,26700.976,94
1,26703.643,94
1,26706.064,94
1,26708.556,94
1,26711.004,94
1,26714.112,94
1,26716.665,94
1,26719.391,94
1,26722.264,94
1,26724.872,94
1,26727.485,94
1,26730.132,94
1,26732.707,94
1,26735.446,94
1,26738.000,94
1,26740.712,94
1,26743.218,94
1,26746.099,94
1,26748.950,94
1,26751.492,94
1,26754.165,94
1,26756.636,94
1,26759.470,96
1,26762.645,96
1,26765.256,96
1,26768.174,96
1,26770.738,96
1,26773.381,96
1,26775.967,96
1,26778.927,96
1,26782.090,96
1,26784.974,96
1,26787.481,96
1,26790.443,96
1,26792.980,96
1,26795.772,96
1,26798.286,96
1,26800.831,96
1,26803.329,96
1,26806.286,96
1,26808.817,96
1,26811.374,96
1,26814.286,96
1,26816.829,96
1,26819.565,96
1,26822.182,96
1,26824.641,96
1,26827.225,96
1,26830.402,96
1,26833.015,96
1,26835.596,96
1,26838.514,96
1,26841.463,96
1,26844.097,96
1,26846.904,96
1,26849.713,96
1,26852.483,96
1,26855.207,96
1,26857.764,96
1,26860.392,96
1,26863.218,96
1,26865.832,96
1,26868.396,96
1,26870.918,96
1,26873.514,96
1,26876.460,96
1,26879.174,96
1,26881.638,96
1,26884.234,96
1,26887.053,96
1,26889.629,96
1,26892.128,96
1,26894.811,96
1,26897.712,96
1,26900.666,96
1,26903.302,96
1,26905.859,96
1,26909.556,96
1,26912.540,96
1,26915.112,96
1,26917.735,96
1,26920.319,96
1,26922.865,96
1,26925.307,96
1,26927.638,98
1,26930.985,98
1,26933.563,98
1,26936.286,98
1,26939.241,98
1,26942.274,98
1,26944.823,98
1,26947.423,98
1,26950.005,98
1,26952.736,98
1,26955.278,98
1,26958.175,98
1,26960.775,98
1,26963.357,98
1,26965.932,98
1,26968.546,98
1,26971.334,98
1,26973.816,98
1,26976.787,98
1,26979.431,98
1,26981.849,98
1,26984.736,98
1,26987.129,98
1,26989.652,98
1,26992.067,98
1,26994.591,98
1,26997.226,98
1,26999.709,98
1,27002.279,98
1,27004.615,98
1,27007.366,98
1,27009.896,98
1,27012.672,98
1,27015.472,98
1,27018.081,98
1,27020.663,98
1,27023.530,98
1,27025.863,98
1,27029.679,98
1,27032.173,98
1,27034.836,98
1,27037.387,98
1,27040.580,98
1,27042.861,98
1,27046.477,98
1,27049.214,98
1,27051.665,98
1,27054.147,98
1,27057.220,98
1,27059.788,98
1,27062.362,98
1,27065.154,98
1,27068.008,98
1,27070.689,98
1,27073.308,98
1,27075.993,98
1,27078.432,98
1,27080.996,98
1,27083.945,98
1,27086.846,98
1,27089.723,98
1,27092.649,98
1,27096.090,100
1,27098.753,100
1,27101.535,100
1,27104.098,100
1,27107.172,100
1,27109.608,100
1,27112.315,100
1,27114.881,100
1,27117.673,100
1,27120.260,100
1,27122.834,100
1,27125.455,100
1,27127.940,100
1,27131.368,100
1,27134.474,100
1,27137.045,100
1,27139.703,100
1,27142.374,100
1,27144.900,100
1,27147.689,100
1,27150.475,100
1,27152.979,100
1,27155.474,100
1,27158.019,100
1,27160.572,100
1,27163.958,100
1,27166.736,100
1,27169.671,100
1,27172.262,100
1,27174.642,100
1,27177.044,100
1,27180.263,100
1,27182.920,100
1,27185.604,100
1,27188.381,100
1,27190.745,100
1,27193.059,100
1,27196.310,100
1,27198.921,100
1,27201.573,100
1,27204.441,100
1,27207.033,100
1,27210.807,100
1,27214.052,100
1,27217.158,100
1,27219.763,100
1,27222.357,100
1,27224.724,100
1,27227.324,100
1,27230.835,100
1,27233.491,100
1,27236.563,100
1,27239.505,100
1,27242.037,100
1,27244.542,100
1,27247.834,100
1,27250.430,100
1,27252.975,100
1,27255.547,100
1,27258.224,100
1,27260.737,102
1,27263.641,102
1,27266.185,102
1,27269.296,102
1,27272.290,102
1,27274.813,102
1,27277.515,102
1,27280.187,102
1,27282.911,102
1,27285.541,102
1,27288.458,102
1,27291.089,102
1,27293.886,102
1,27296.921,102
1,27299.443,102
1,27302.063,102
1,27304.369,102
1,27306.774,102
1,27309.475,102
1,27312.503,102
1,27314.926,102
1,27317.646,102
1,27320.456,102
1,27323.455,102
1,27325.830,102
1,27329.512,102
1,27332.151,102
1,27334.703,102
1,27337.209,102
1,27340.024,102
1,27343.075,102
1,27346.193,102
1,27348.971,102
1,27351.544,102
1,27354.350,102
1,27357.416,102
1,27359.790,102
1,27362.440,102
1,27365.226,102
1,27368.169,102
1,27370.759,102
1,27373.274,102
1,27375.736,102
1,27378.512,102
1,27380.901,102
1,27383.627,102
1,27386.232,102
1,27388.917,102
1,27391.372,102
1,27393.836,102
1,27397.253,102
1,27399.727,102
1,27402.601,102
1,27405.180,102
1,27407.731,102
1,27410.242,102
1,27413.013,102
1,27415.608,102
1,27418.144,102
1,27420.634,102
1,27423.197,102
1,27426.035,104
1,27429.060,104
1,27431.630,104
1,27434.290,104
1,27436.868,104
1,27439.310,104
1,27441.986,104
1,27444.493,104
1,27447.853,104
1,27450.513,104
1,27453.118,104
1,27455.714,104
1,27458.258,104
1,27460.870,104
1,27463.813,104
1,27466.903,104
1,27469.658,104
1,27472.213,104
1,27474.837,104
1,27477.960,104
1,27480.741,104
1,27483.457,104
1,27486.574,104
1,27489.790,104
1,27492.440,104
1,27495.702,104
1,27498.913,104
1,27501.663,104
1,27504.208,104
1,27507.199,104
1,27510.112,104
1,27514.329,104
1,27517.031,104
1,27519.776,104
1,27522.323,104
1,27524.932,104
1,27527.568,104
1,27530.548,104
1,27533.215,104
1,27535.723,104
1,27538.939,104
1,27541.514,104
1,27544.041,104
1,27546.569,104
1,27549.351,104
1,27552.085,104
1,27554.653,104
1,27557.911,104
1,27560.348,104
1,27562.851,104
1,27565.972,104
1,27569.549,104
1,27572.311,104
1,27574.736,104
1,27577.346,104
1,27579.898,104
1,27582.689,104
1,27585.337,104
1,27587.928,104
1,27590.677,104
1,27593.130,106
1,27595.786,106
1,27598.378,106
1,27600.897,106
1,27603.395,106
1,27605.819,106
1,27608.454,106
1,27610.961,106
1,27613.528,106
1,27616.640,106
1,27619.195,106
1,27621.847,106
1,27624.936,106
1,27627.446,106
1,27629.975,106
1,27632.885,106
1,27635.527,106
1,27638.538,106
1,27640.980,106
1,27643.494,106
1,27646.010,106
1,27649.109,106
1,27652.124,106
1,27655.112,106
1,27657.597,106
1,27660.030,106
1,27662.474,106
1,27665.266,106
1,27668.283,106
1,27670.861,106
1,27673.477,106
1,27676.036,106
1,27678.674,106
1,27681.485,106
1,27684.044,106
1,27686.611,106
1,27689.218,106
1,27691.810,106
1,27694.342,106
1,27696.867,106
1,27699.579,106
1,27702.125,106
1,27704.659,106
1,27707.142,106
1,27709.653,106
1,27712.117,106
1,27714.753,106
1,27717.856,106
1,27720.391,106
1,27722.918,106
1,27725.734,106
1,27728.478,106
1,27731.275,106
1,27734.079,106
1,27736.901,106
1,27739.569,106
1,27742.292,106
1,27744.821,106
1,27747.546,106
1,27750.472,106
1,27753.162,106
1,27755.831,106
1,27758.589,106
1,27761.093,109
1,27763.444,109
1,27766.156,109
1,27768.891,109
1,27771.405,109
1,27774.095,109
1,27777.042,109
1,27779.762,109
1,27782.666,109
1,27785.733,109
1,27788.647,109
1,27791.231,109
1,27793.847,109
1,27796.459,109
1,27799.328,109
1,27801.972,109
1,27804.570,109
1,27807.365,109
1,27809.835,109
1,27812.207,109
1,27815.653,109
1,27818.275,109
1,27821.329,109
1,27824.088,109
1,27826.733,109
1,27829.374,109
1,27832.364,109
1,27834.895,109
1,27837.597,109
1,27840.497,109
1,27842.825,109
1,27845.435,109
1,27848.224,109
1,27851.354,109
1,27854.197,109
1,27857.265,109
1,27859.832,109
1,27862.391,109
1,27865.332,109
1,27867.848,109
1,27870.456,109
1,27872.996,109
1,27875.703,109
1,27878.614,109
1,27881.271,109
1,27883.913,109
1,27886.530,109
1,27889.375,109
1,27891.895,109
1,27894.329,109
1,27897.900,109
1,27900.861,109
1,27903.359,109
1,27905.934,109
1,27908.918,109
1,27911.910,109
1,27914.772,109
1,27917.459,109
1,27920.140,109
1,27922.696,109
1,27925.892,109
1,27928.324,111
1,27931.105,111
1,27933.744,111
1,27936.210,111
1,27938.750,111
1,27941.242,111
1,27943.776,111
1,27946.746,111
1,27949.751,111
1,27952.419,111
1,27954.935,111
1,27957.680,111
1,27960.281,111
1,27962.978,111
1,27965.609,111
1,27968.152,111
1,27970.658,111
1,27973.215,111
1,27976.068,111
1,27978.910,111
1,27981.532,111
1,27984.103,111
1,27986.641,111
1,27989.643,111
1,27992.210,111
1,27994.929,111
1,27997.517,111
1,28000.439,111
1,28002.732,111
1,28005.301,111
1,28007.769,111
1,28010.417,111
1,28013.337,111
1,28015.878,111
1,28018.686,111
1,28021.204,111
1,28023.526,111
1,28026.239,111
1,28029.668,111
1,28032.339,111
1,28034.836,111
1,28037.372,111
1,28040.446,111
1,28043.019,111
1,28046.408,111
1,28049.077,111
1,28051.663,111
1,28054.219,111
1,28057.167,111
1,28059.467,111
1,28062.123,111
1,28065.231,111
1,28067.801,111
1,28070.475,111
1,28073.172,111
1,28075.657,111
1,28078.199,111
1,28081.249,111
1,28083.689,111
1,28086.683,111
1,28089.616,111
1,28092.136,111
1,28094.694,113
1,28097.586,113
1,28100.527,113
1,28103.165,113
1,28105.815,113
1,28108.281,113
1,28110.791,113
1,28113.356,113
1,28117.050,113
1,28119.743,113
1,28122.161,113
1,28124.669,113
1,28127.339,113
1,28130.001,113
1,28132.859,113
1,28135.519,113
1,28138.087,113
1,28140.752,113
1,28143.219,113
1,28146.244,113
1,28149.690,113
1,28152.434,113
1,28155.278,113
1,28157.778,113
1,28160.360,113
1,28163.228,113
1,28165.804,113
1,28168.623,113
1,28171.113,113
1,28173.640,113
1,28176.117,113
1,28179.459,113
1,28182.394,113
1,28184.896,113
1,28187.359,113
1,28189.860,113
1,28192.589,113
1,28195.948,113
1,28199.185,113
1,28201.761,113
1,28204.413,113
1,28207.170,113
1,28209.641,113
1,28212.464,113
1,28215.098,113
1,28218.122,113
1,28220.770,113
1,28223.395,113
1,28225.950,113
1,28229.203,113
1,28232.233,113
1,28235.001,113
1,28237.611,113
1,28240.201,113
1,28242.709,113
1,28245.943,113
1,28248.499,113
1,28251.135,113
1,28253.721,113
1,28256.156,113
1,28258.644,113
1,28261.392,115
1,28264.634,115
1,28267.237,115
1,28269.776,115
1,28272.341,115
1,28274.822,115
1,28277.264,115
1,28280.306,115
1,28282.996,115
1,28285.432,115
1,28287.883,115
1,28290.446,115
1,28293.115,115
1,28295.688,115
1,28298.507,115
1,28300.997,115
1,28303.412,115
1,28305.817,115
1,28308.145,115
1,28310.491,115
1,28313.702,115
1,28316.272,115
1,28318.759,115
1,28321.276,115
1,28323.762,115
1,28326.304,115
1,28328.993,115
1,28331.954,115
1,28334.795,115
1,28337.413,115
1,28340.079,115
1,28342.770,115
1,28345.493,115
1,28348.503,115
1,28351.495,115
1,28354.180,115
1,28356.615,115
1,28359.405,115
1,28361.971,115
1,28364.748,115
1,28367.159,115
1,28369.644,115
1,28372.008,115
1,28374.580,115
1,28377.185,115
1,28380.516,115
1,28383.041,115
1,28385.681,115
1,28388.093,115
1,28390.605,115
1,28392.971,115
1,28395.624,115
1,28398.608,115
1,28401.186,115
1,28403.689,115
1,28406.342,115
1,28409.014,115
1,28411.895,115
1,28414.719,115
1,28418.441,115
1,28421.080,115
1,28423.884,115
1,28426.268,117
1,28428.801,117
1,28431.678,117
1,28434.229,117
1,28436.888,117
1,28439.461,117
1,28441.926,117
1,28444.213,117
1,28447.019,117
1,28449.548,117
1,28451.953,117
1,28454.311,117
1,28456.790,117
1,28459.618,117
1,28462.694,117
1,28465.743,117
1,28468.540,117
1,28471.207,117
1,28473.840,117
1,28476.176,117
1,28479.469,117
1,28482.122,117
1,28484.705,117
1,28487.359,117
1,28489.847,117
1,28492.542,117
1,28495.717,117
1,28498.517,117
1,28501.216,117
1,28503.878,117
1,28506.464,117
1,28509.298,117
1,28512.191,117
1,28514.873,117
1,28517.643,117
1,28520.643,117
1,28523.075,117
1,28525.595,117
1,28528.003,117
1,28530.678,117
1,28533.313,117
1,28535.861,117
1,28538.575,117
1,28541.167,117
1,28543.645,117
1,28547.199,117
1,28549.861,117
1,28552.598,117
1,28555.094,117
1,28557.640,117
1,28560.283,117
1,28563.087,117
1,28565.926,117
1,28568.240,117
1,28570.887,117
1,28573.444,117
1,28575.880,117
1,28578.510,117
1,28581.296,117
1,28584.326,117
1,28587.398,117
1,28589.865,117
1,28592.530,119
1,28596.323,119
1,28599.410,119
1,28601.949,119
1,28604.926,119
1,28607.428,119
1,28609.708,119
1,28613.052,119
1,28615.982,119
1,28618.925,119
1,28621.477,119
1,28624.032,119
1,28626.483,119
1,28629.071,119
1,28631.829,119
1,28634.389,119
1,28636.895,119
1,28639.632,119
1,28642.149,119
1,28644.572,119
1,28647.187,119
1,28649.961,119
1,28652.599,119
1,28655.402,119
1,28657.768,119
1,28660.241,119
1,28662.814,119
1,28665.712,119
1,28668.203,119
1,28670.707,119
1,28673.031,119
1,28675.624,119
1,28678.189,119
1,28681.012,119
1,28683.567,119
1,28686.393,119
1,28689.043,119
1,28691.558,119
1,28694.016,119
1,28697.693,119
1,28700.768,119
1,28703.358,119
1,28705.875,119
1,28708.379,119
1,28710.930,119
1,28714.288,119
1,28716.941,119
1,28719.974,119
1,28722.563,119
1,28725.675,119
1,28728.131,119
1,28731.484,119
1,28734.824,119
1,28737.443,119
1,28740.020,119
1,28742.787,119
1,28746.522,119
1,28749.545,119
1,28752.550,119
1,28755.275,119
1,28757.952,119
1,28760.657,120
1,28763.454,120
1,28766.033,120
1,28768.641,120
1,28771.219,120
1,28773.677,120
1,28775.943,120
1,28779.161,120
1,28782.007,120
1,28784.542,120
1,28787.131,120
1,28789.753,120
1,28792.969,120
1,28795.910,120
1,28798.991,120
1,28801.533,120
1,28804.113,120
1,28806.572,120
1,28809.300,120
1,28812.848,120
1,28815.465,120
1,28818.016,120
1,28820.806,120
1,28823.357,120
1,28826.605,120
1,28829.545,120
1,28832.343,120
1,28834.863,120
1,28837.271,120
1,28839.947,120
1,28842.591,120
1,28845.939,120
1,28848.736,120
1,28851.579,120
1,28854.126,120
1,28856.698,120
1,28859.436,120
1,28862.653,120
1,28865.301,120
1,28868.203,120
1,28870.720,120
1,28873.228,120
1,28876.182,120
1,28878.950,120
1,28881.537,120
1,28884.339,120
1,28887.049,120
1,28889.565,120
1,28892.067,120
1,28894.648,120
1,28897.439,120
1,28900.010,120
1,28902.930,120
1,28905.533,120
1,28908.193,120
1,28910.737,120
1,28914.004,120
1,28916.700,120
1,28919.664,120
1,28922.530,120
1,28925.091,120
2,28927.704,0
2,28930.616,0
2,28933.482,0
2,28936.497,0
2,28939.080,0
2,28941.653,0
2,28944.132,0
2,28946.661,0
2,28949.685,0
2,28952.370,0
2,28954.884,0
2,28957.419,0
2,28959.718,0
2,28962.314,0
2,28965.198,0
2,28967.824,0
2,28970.461,0
2,28973.449,0
2,28976.399,0
2,28978.804,0
2,28981.457,0
2,28984.136,0
2,28986.648,0
2,28989.528,0
2,28992.400,0
2,28995.406,0
2,28998.136,0
2,29001.342,0
2,29003.878,0
2,29006.518,0
2,29009.280,0
2,29012.339,0
2,29015.076,0
2,29017.968,0
2,29021.290,0
2,29023.950,0
2,29026.363,0
2,29028.815,0
2,29031.629,0
2,29034.551,0
2,29037.266,0
2,29039.678,0
2,29042.101,0
2,29044.760,0
2,29047.713,0
2,29050.337,0
2,29052.947,0
2,29055.470,0
2,29057.949,0
2,29060.434,0
2,29063.829,0
2,29066.459,0
2,29069.143,0
2,29071.588,0
2,29073.988,0
2,29078.760,0
2,29081.951,0
2,29085.173,0
2,29087.891,0
2,29090.327,0
2,29092.713,0
2,29096.012,0
2,29098.548,0
2,29101.386,0
2,29103.931,0
2,29106.395,0
2,29109.022,0
2,29111.511,0
2,29114.105,0
2,29116.615,0
2,29119.187,0
2,29121.719,0
2,29124.396,0
2,29127.167,0
2,29130.073,0
2,29132.706,0
2,29135.129,0
2,29137.788,0
2,29140.381,0
2,29143.045,0
2,29145.998,0
2,29148.442,0
2,29151.080,0
2,29153.500,0
2,29156.014,0
2,29158.705,0
2,29161.362,0
2,29164.282,0
2,29166.711,0
2,29169.370,0
2,29171.951,0
2,29174.179,0
2,29176.680,0
2,29179.808,0
2,29182.483,0
2,29185.031,0
2,29187.600,0
2,29190.016,0
2,29192.540,0
2,29196.032,0
2,29198.942,0
2,29201.506,0
2,29203.834,0
2,29206.253,0
2,29208.935,0
2,29212.165,0
2,29214.724,0
2,29217.475,0
2,29220.097,0
2,29222.582,0
2,29225.011,0
2,29227.348,0
2,29230.362,0
2,29232.863,0
2,29235.429,0
2,29238.070,0
2,29240.990,0
2,29243.899,0
2,29247.121,0
2,29249.685,0
2,29252.183,0
2,29255.206,0
2,29257.670,0
2,29260.188,3
2,29263.662,3
2,29266.353,3
2,29268.873,3
2,29271.466,3
2,29273.974,3
2,29276.860,3
2,29279.805,3
2,29282.818,3
2,29285.616,3
2,29288.220,3
2,29290.930,3
2,29293.499,3
2,29296.696,3
2,29299.683,3
2,29302.265,3
2,29304.811,3
2,29307.181,3
2,29309.607,3
2,29313.036,3
2,29315.660,3
2,29318.178,3
2,29320.721,3
2,29324.475,3
2,29327.014,3
2,29329.656,3
2,29332.214,3
2,29334.774,3
2,29337.144,3
2,29339.804,3
2,29342.235,3
2,29344.622,3
2,29347.492,3
2,29350.658,3
2,29353.278,3
2,29355.678,3
2,29358.202,3
2,29360.849,3
2,29363.605,3
2,29366.627,3
2,29369.202,3
2,29371.716,3
2,29374.323,3
2,29376.621,3
2,29379.585,3
2,29382.288,3
2,29384.809,3
2,29387.359,3
2,29390.410,3
2,29392.721,3
2,29395.649,3
2,29398.212,3
2,29400.955,3
2,29403.500,3
2,29406.483,3
2,29408.925,3
2,29411.478,3
2,29414.440,3
2,29416.954,3
2,29419.500,3
2,29422.379,3
2,29424.973,3
2,29427.464,5
2,29430.204,5
2,29432.626,5
2,29435.118,5
2,29437.737,5
2,29440.408,5
2,29442.957,5
2,29446.114,5
2,29448.829,5
2,29451.343,5
2,29454.362,5
2,29456.978,5
2,29459.533,5
2,29462.419,5
2,29465.068,5
2,29467.671,5
2,29470.192,5
2,29472.797,5
2,29475.367,5
2,29478.074,5
2,29480.775,5
2,29483.850,5
2,29486.908,5
2,29489.470,5
2,29492.551,5
2,29495.046,5
2,29497.830,5
2,29500.614,5
2,29503.202,5
2,29505.727,5
2,29508.401,5
2,29510.924,5
2,29513.827,5
2,29516.273,5
2,29518.737,5
2,29521.089,5
2,29523.653,5
2,29526.080,5
2,29529.122,5
2,29531.656,5
2,29534.176,5
2,29537.058,5
2,29539.785,5
2,29542.409,5
2,29544.860,5
2,29547.625,5
2,29550.075,5
2,29552.601,5
2,29555.800,5
2,29558.440,5
2,29560.881,5
2,29564.217,5
2,29566.768,5
2,29569.480,5
2,29571.923,5
2,29574.302,5
2,29576.917,5
2,29580.156,5
2,29582.721,5
2,29585.138,5
2,29587.609,5
2,29590.432,5
2,29592.804,7
2,29595.936,7
2,29598.456,7
2,29601.198,7
2,29603.676,7
2,29606.809,7
2,29609.404,7
2,29613.221,7
2,29615.927,7
2,29618.561,7
2,29621.183,7
2,29623.760,7
2,29626.974,7
2,29630.425,7
2,29633.015,7
2,29635.474,7
2,29637.991,7
2,29640.421,7
2,29642.995,7
2,29645.471,7
2,29648.154,7
2,29650.990,7
2,29653.565,7
2,29656.128,7
2,29658.731,7
2,29661.763,7
2,29664.878,7
2,29667.642,7
2,29670.252,7
2,29672.765,7
2,29675.445,7
2,29677.940,7
2,29680.477,7
2,29683.307,7
2,29686.375,7
2,29688.811,7
2,29691.176,7
2,29693.714,7
2,29696.117,7
2,29698.720,7
2,29701.368,7
2,29704.003,7
2,29706.468,7
2,29709.214,7
2,29711.541,7
2,29714.248,7
2,29716.723,7
2,29719.871,7
2,29722.360,7
2,29724.854,7
2,29727.416,7
2,29729.913,7
2,29732.496,7
2,29735.088,7
2,29737.600,7
2,29740.523,7
2,29743.112,7
2,29745.900,7
2,29748.604,7
2,29751.359,7
2,29754.098,7
2,29756.690,7
2,29759.352,9
2,29762.416,9
2,29764.989,9
2,29767.962,9
2,29770.562,9
2,29773.159,9
2,29775.682,9
2,29778.001,9
2,29781.742,9
2,29784.375,9
2,29787.411,9
2,29790.096,9
2,29792.585,9
2,29795.242,9
2,29798.160,9
2,29801.093,9
2,29803.749,9
2,29806.141,9
2,29808.764,9
2,29811.239,9
2,29814.624,9
2,29817.509,9
2,29820.264,9
2,29822.821,9
2,29825.339,9
2,29828.100,9
2,29830.921,9
2,29833.569,9
2,29836.203,9
2,29838.874,9
2,29841.298,9
2,29844.048,9
2,29846.953,9
2,29849.621,9
2,29852.234,9
2,29854.618,9
2,29857.039,9
2,29860.000,9
2,29862.974,9
2,29865.712,9
2,29868.659,9
2,29871.017,9
2,29873.394,9
2,29875.885,9
2,29878.360,9
2,29881.606,9
2,29884.488,9
2,29887.145,9
2,29889.568,9
2,29891.996,9
2,29894.633,9
2,29897.875,9
2,29900.724,9
2,29903.350,9
2,29905.992,9
2,29908.446,9
2,29910.937,9
2,29914.187,9
2,29916.870,9
2,29919.303,9
2,29921.790,9
2,29924.188,9
2,29926.605,11
2,29930.790,11
2,29933.362,11
2,29935.789,11
2,29938.214,11
2,29940.859,11
2,29943.144,11
2,29946.413,11
2,29948.929,11
2,29951.319,11
2,29953.785,11
2,29956.184,11
2,29958.605,11
2,29961.280,11
2,29964.356,11
2,29967.017,11
2,29969.531,11
2,29971.950,11
2,29974.410,11
2,29976.697,11
2,29979.914,11
2,29982.515,11
2,29985.079,11
2,29987.519,11
2,29989.907,11
2,29992.638,11
2,29995.140,11
2,29997.742,11
2,30000.147,11
2,30002.508,11
2,30005.134,11
2,30007.513,11
2,30010.008,11
2,30013.206,11
2,30016.281,11
2,30019.297,11
2,30026.956,11
2,30030.102,11
2,30033.797,11
2,30036.968,11
2,30039.906,11
2,30043.029,11
2,30046.159,11
2,30048.973,11
2,30051.681,11
2,30054.254,11
2,30056.858,11
2,30059.481,11
2,30062.319,11
2,30065.299,11
2,30068.197,11
2,30070.673,11
2,30073.368,11
2,30076.564,11
2,30079.815,11
2,30083.382,11
2,30086.194,11
2,30089.138,11
2,30092.139,11
2,30095.320,13
2,30098.638,13
2,30101.539,13
2,30104.361,13
2,30107.253,13
2,30111.268,13
2,30114.742,13
2,30118.242,13
2,30121.676,13
2,30124.711,13
2,30127.510,13
2,30132.152,13
2,30136.002,13
2,30139.801,13
2,30143.047,13
2,30149.097,13
2,30152.498,13
2,30155.147,13
2,30157.777,13
2,30160.229,13
2,30163.612,13
2,30166.316,13
2,30168.897,13
2,30171.344,13
2,30174.250,13
2,30177.763,13
2,30181.028,13
2,30184.975,13
2,30187.894,13
2,30191.251,13
2,30193.959,13
2,30197.325,13
2,30200.341,13
2,30203.071,13
2,30205.893,13
2,30208.719,13
2,30211.718,13
2,30214.895,13
2,30217.921,13
2,30220.671,13
2,30223.294,13
2,30226.144,13
2,30228.847,13
2,30232.843,13
2,30235.535,13
2,30238.652,13
2,30241.494,13
2,30243.905,13
2,30247.301,13
2,30250.019,13
2,30252.439,13
2,30254.947,13
2,30257.488,13
2,30259.916,15
2,30262.546,15
2,30265.702,15
2,30269.137,15
2,30271.800,15
2,30274.582,15
2,30277.212,15
2,30280.646,15
2,30283.516,15
2,30286.207,15
2,30289.617,15
2,30292.407,15
2,30295.014,15
2,30297.925,15
2,30301.277,15
2,30304.086,15
2,30306.718,15
2,30309.457,15
2,30312.355,15
2,30315.144,15
2,30317.820,15
2,30321.301,15
2,30324.411,15
2,30327.042,15
2,30330.476,15
2,30333.260,15
2,30335.842,15
2,30338.563,15
2,30341.123,15
2,30343.716,15
2,30346.746,15
2,30349.557,15
2,30352.031,15
2,30354.484,15
2,30357.495,15
2,30360.009,15
2,30363.003,15
2,30365.748,15
2,30368.401,15
2,30371.019,15
2,30374.067,15
2,30376.630,15
2,30379.548,15
2,30382.299,15
2,30385.167,15
2,30387.775,15
2,30390.373,15
2,30393.105,15
2,30396.228,15
2,30398.960,15
2,30401.500,15
2,30404.131,15
2,30406.701,15
2,30409.394,15
2,30412.590,15
2,30415.340,15
2,30417.890,15
2,30420.468,15
2,30423.082,15
2,30425.579,15
2,30428.114,17
2,30431.062,17
2,30434.284,17
2,30436.886,17
2,30439.480,17
2,30442.087,17
2,30444.628,17
2,30448.292,17
2,30451.025,17
2,30453.690,17
2,30456.390,17
2,30459.025,17
2,30462.316,17
2,30464.988,17
2,30467.569,17
2,30470.161,17
2,30472.737,17
2,30475.726,17
2,30478.239,17
2,30481.598,17
2,30484.359,17
2,30487.291,17
2,30489.806,17
2,30492.543,17
2,30495.619,17
2,30498.474,17
2,30501.097,17
2,30503.698,17
2,30506.100,17
2,30508.697,17
2,30511.267,17
2,30514.224,17
2,30517.214,17
2,30519.870,17
2,30522.604,17
2,30525.358,17
2,30527.958,17
2,30530.970,17
2,30534.526,17
2,30537.124,17
2,30539.703,17
2,30542.916,17
2,30546.123,17
2,30548.726,17
2,30551.467,17
2,30554.051,17
2,30556.530,17
2,30559.192,17
2,30562.618,17
2,30565.785,17
2,30568.562,17
2,30570.954,17
2,30573.597,17
2,30576.062,17
2,30578.987,17
2,30581.777,17
2,30584.792,17
2,30587.382,17
2,30590.054,17
2,30592.715,19
2,30595.387,19
2,30598.113,19
2,30600.739,19
2,30603.557,19
2,30606.143,19
2,30608.786,19
2,30611.889,19
2,30614.642,19
2,30617.507,19
2,30620.057,19
2,30622.537,19
2,30624.976,19
2,30627.587,19
2,30631.223,19
2,30633.878,19
2,30636.534,19
2,30639.539,19
2,30642.312,19
2,30644.926,19
2,30648.148,19
2,30650.792,19
2,30653.414,19
2,30655.956,19
2,30658.567,19
2,30661.102,19
2,30663.698,19
2,30666.230,19
2,30668.940,19
2,30671.374,19
2,30674.054,19
2,30676.629,19
2,30679.467,19
2,30682.187,19
2,30684.773,19
2,30687.550,19
2,30689.949,19
2,30692.844,19
2,30696.096,19
2,30698.814,19
2,30701.304,19
2,30704.608,19
2,30707.334,19
2,30709.895,19
2,30712.987,19
2,30715.588,19
2,30718.343,19
2,30720.803,19
2,30723.426,19
2,30725.903,19
2,30728.576,19
2,30731.359,19
2,30733.845,19
2,30736.559,19
2,30739.124,19
2,30741.623,19
2,30744.751,19
2,30747.849,19
2,30751.035,19
2,30753.836,19
2,30756.449,19
2,30759.299,19
2,30761.678,21
2,30764.717,21
2,30767.385,21
2,30770.316,21
2,30772.891,21
2,30776.019,21
2,30778.753,21
2,30782.064,21
2,30784.697,21
2,30787.233,21
2,30789.844,21
2,30793.160,21
2,30796.070,21
2,30799.260,21
2,30802.049,21
2,30804.435,21
2,30807.239,21
2,30810.299,21
2,30813.191,21
2,30815.915,21
2,30818.624,21
2,30821.216,21
2,30823.862,21
2,30828.091,21
2,30831.117,21
2,30834.328,21
2,30838.169,21
2,30840.888,21
2,30843.491,21
2,30846.401,21
2,30849.622,21
2,30852.249,21
2,30854.882,21
2,30857.875,21
2,30860.415,21
2,30863.327,21
2,30866.055,21
2,30869.033,21
2,30872.320,21
2,30875.064,21
2,30877.539,21
2,30881.200,21
2,30884.260,21
2,30887.165,21
2,30889.835,21
2,30892.562,21
2,30895.276,21
2,30898.470,21
2,30901.278,21
2,30903.839,21
2,30906.636,21
2,30909.260,21
2,30911.934,21
2,30914.934,21
2,30918.412,21
2,30920.893,21
2,30923.560,21
2,30926.203,23
2,30929.739,23
2,30932.853,23
2,30935.619,23
2,30938.403,23
2,30941.061,23
2,30943.617,23
2,30947.515,23
2,30950.161,23
2,30952.837,23
2,30956.007,23
2,30958.667,23
2,30961.476,23
2,30964.306,23
2,30967.223,23
2,30969.926,23
2,30972.490,23
2,30975.164,23
2,30978.178,23
2,30982.236,23
2,30985.112,23
2,30988.014,23
2,30990.653,23
2,30993.035,23
2,30996.453,23
2,30999.068,23
2,31001.716,23
2,31004.375,23
2,31007.080,23
2,31009.603,23
2,31013.065,23
2,31016.318,23
2,31018.977,23
2,31021.445,23
2,31024.052,23
2,31026.627,23
2,31029.627,23
2,31032.509,23
2,31035.922,23
2,31038.618,23
2,31041.210,23
2,31044.214,23
2,31047.006,23
2,31049.720,23
2,31052.344,23
2,31054.842,23
2,31057.577,23
2,31060.435,23
2,31063.317,23
2,31066.034,23
2,31068.780,23
2,31071.437,23
2,31074.023,23
2,31076.593,23
2,31079.812,23
2,31082.545,23
2,31085.152,23
2,31088.300,23
2,31090.892,23
2,31093.456,25
2,31096.984,25
2,31099.811,25
2,31102.504,25
2,31104.986,25
2,31107.619,25
2,31110.196,25
2,31114.439,25
2,31117.210,25
2,31119.885,25
2,31123.076,25
2,31125.797,25
2,31129.298,25
2,31132.264,25
2,31135.411,25
2,31138.665,25
2,31141.828,25
2,31144.626,25
2,31147.585,25
2,31150.204,25
2,31152.892,25
2,31155.400,25
2,31158.027,25
2,31160.679,25
2,31164.014,25
2,31167.082,25
2,31169.722,25
2,31172.412,25
2,31175.028,25
2,31177.569,25
2,31180.642,25
2,31183.406,25
2,31186.024,25
2,31188.643,25
2,31191.340,25
2,31194.190,25
2,31197.418,25
2,31200.579,25
2,31203.285,25
2,31205.909,25
2,31208.624,25
2,31211.364,25
2,31214.426,25
2,31217.226,25
2,31219.916,25
2,31223.001,25
2,31226.190,25
2,31228.905,25
2,31231.881,25
2,31234.823,25
2,31237.903,25
2,31240.550,25
2,31243.104,25
2,31245.801,25
2,31248.490,25
2,31251.549,25
2,31254.213,25
2,31256.888,25
2,31259.807,27
2,31263.030,27
2,31265.715,27
2,31268.838,27
2,31271.411,27
2,31274.214,27
2,31276.987,27
2,31279.872,27
2,31282.522,27
2,31285.193,27
2,31288.026,27
2,31290.887,27
2,31293.555,27
2,31297.030,27
2,31299.797,27
2,31303.017,27
2,31305.981,27
2,31308.531,27
2,31311.116,27
2,31314.966,27
2,31318.223,27
2,31320.981,27
2,31323.667,27
2,31326.250,27
2,31329.516,27
2,31332.339,27
2,31335.183,27
2,31337.657,27
2,31340.301,27
2,31343.090,27
2,31347.147,27
2,31349.977,27
2,31352.593,27
2,31355.696,27
2,31358.263,27
2,31361.254,27
2,31364.451,27
2,31367.044,27
2,31369.703,27
2,31372.509,27
2,31375.223,27
2,31378.238,27
2,31381.431,27
2,31384.248,27
2,31387.246,27
2,31389.872,27
2,31392.497,27
2,31395.043,27
2,31397.949,27
2,31400.723,27
2,31403.426,27
2,31406.037,27
2,31408.852,27
2,31411.418,27
2,31414.432,27
2,31417.312,27
2,31420.006,27
2,31422.487,27
2,31425.698,27
2,31428.487,30
2,31432.019,30
2,31434.981,30
2,31437.751,30
2,31441.195,30
2,31443.666,30
2,31446.871,30
2,31449.709,30
2,31452.370,30
2,31455.201,30
2,31459.557,30
2,31462.926,30
2,31465.976,30
2,31469.386,30
2,31472.098,30
2,31474.788,30
2,31477.410,30
2,31480.987,30
2,31483.747,30
2,31486.329,30
2,31488.861,30
2,31491.591,30
2,31494.234,30
2,31497.296,30
2,31500.152,30
2,31503.084,30
2,31505.882,30
2,31510.259,30
2,31513.157,30
2,31516.664,30
2,31519.757,30
2,31522.455,30
2,31525.036,30
2,31527.909,30
2,31531.050,30
2,31534.392,30
2,31537.194,30
2,31539.637,30
2,31542.404,30
2,31544.907,30
2,31548.257,30
2,31551.610,30
2,31554.220,30
2,31557.289,30
2,31560.359,30
2,31563.485,30
2,31566.056,30
2,31568.539,30
2,31571.142,30
2,31573.783,30
2,31576.343,30
2,31579.488,30
2,31582.400,30
2,31584.917,30
2,31587.447,30
2,31590.348,30
2,31592.897,32
2,31596.938,32
2,31599.765,32
2,31602.325,32
2,31605.009,32
2,31607.716,32
2,31610.297,32
2,31613.429,32
2,31616.196,32
2,31619.216,32
2,31622.149,32
2,31624.757,32
2,31627.320,32
2,31630.559,32
2,31633.229,32
2,31635.949,32
2,31638.790,32
2,31641.375,32
2,31643.938,32
2,31647.129,32
2,31649.754,32
2,31652.493,32
2,31655.127,32
2,31657.709,32
2,31660.250,32
2,31662.840,32
2,31665.644,32
2,31668.452,32
2,31671.701,32
2,31674.320,32
2,31677.096,32
2,31679.779,32
2,31683.329,32
2,31686.525,32
2,31689.130,32
2,31691.733,32
2,31694.720,32
2,31697.551,32
2,31700.253,32
2,31702.978,32
2,31705.563,32
2,31708.114,32
2,31710.660,32
2,31714.258,32
2,31717.556,32
2,31720.216,32
2,31723.055,32
2,31725.903,32
2,31728.575,32
2,31732.166,32
2,31735.036,32
2,31737.682,32
2,31740.309,32
2,31743.943,32
2,31746.843,32
2,31750.475,32
2,31753.700,32
2,31756.305,32
2,31759.295,32
2,31763.311,34
2,31766.496,34
2,31769.541,34
2,31772.185,34
2,31774.788,34
2,31777.759,34
2,31780.681,34
2,31783.401,34
2,31786.039,34
2,31789.149,34
2,31791.588,34
2,31794.679,34
2,31797.532,34
2,31800.792,34
2,31803.416,34
2,31806.029,34
2,31809.220,34
2,31812.133,34
2,31815.143,34
2,31817.841,34
2,31820.605,34
2,31823.646,34
2,31826.846,34
2,31830.480,34
2,31833.722,34
2,31836.412,34
2,31839.133,34
2,31842.159,34
2,31845.325,34
2,31848.140,34
2,31851.231,34
2,31853.928,34
2,31856.498,34
2,31859.456,34
2,31862.955,34
2,31865.780,34
2,31868.440,34
2,31871.728,34
2,31874.895,34
2,31877.558,34
2,31880.454,34
2,31883.169,34
2,31885.735,34
2,31888.411,34
2,31891.313,34
2,31893.956,34
2,31897.538,34
2,31900.204,34
2,31902.762,34
2,31905.350,34
2,31907.967,34
2,31910.644,34
2,31913.447,34
2,31916.041,34
2,31918.636,34
2,31921.139,34
2,31923.759,34
2,31926.625,36
2,31929.414,36
2,31932.054,36
2,31934.693,36
2,31937.208,36
2,31939.771,36
2,31942.452,36
2,31945.027,36
2,31947.683,36
2,31950.201,36
2,31952.742,36
2,31955.691,36
2,31958.179,36
2,31960.748,36
2,31963.517,36
2,31966.144,36
2,31969.032,36
2,31971.548,36
2,31974.153,36
2,31976.747,36
2,31980.095,36
2,31982.687,36
2,31985.341,36
2,31988.110,36
2,31991.185,36
2,31993.654,36
2,31997.466,36
2,32000.645,36
2,32003.297,36
2,32005.904,36
2,32008.568,36
2,32011.148,36
2,32013.859,36
2,32016.902,36
2,32019.534,36
2,32022.023,36
2,32024.628,36
2,32027.171,36
2,32030.314,36
2,32033.062,36
2,32035.658,36
2,32038.815,36
2,32041.359,36
2,32044.790,36
2,32047.888,36
2,32050.900,36
2,32053.519,36
2,32056.019,36
2,32058.609,36
2,32061.113,36
2,32064.153,36
2,32066.856,36
2,32069.408,36
2,32072.018,36
2,32074.524,36
2,32077.092,36
2,32079.916,36
2,32082.552,36
2,32084.942,36
2,32087.582,36
2,32090.076,36
2,32092.560,38
2,32095.479,38
2,32098.124,38
2,32101.067,38
2,32103.661,38
2,32106.256,38
2,32108.765,38
2,32112.269,38
2,32114.884,38
2,32117.473,38
2,32119.978,38
2,32122.440,38
2,32124.944,38
2,32127.524,38
2,32130.905,38
2,32133.510,38
2,32136.129,38
2,32138.723,38
2,32141.251,38
2,32143.903,38
2,32146.907,38
2,32149.721,38
2,32152.311,38
2,32154.745,38
2,32157.575,38
2,32160.588,38
2,32163.511,38
2,32166.219,38
2,32168.909,38
2,32171.325,38
2,32173.966,38
2,32176.579,38
2,32179.482,38
2,32182.681,38
2,32185.478,38
2,32188.035,38
2,32191.099,38
2,32193.787,38
2,32196.976,38
2,32199.656,38
2,32202.488,38
2,32204.987,38
2,32207.534,38
2,32210.418,38
2,32213.297,38
2,32215.895,38
2,32218.474,38
2,32221.024,38
2,32223.646,38
2,32226.776,38
2,32230.154,38
2,32232.960,38
2,32235.666,38
2,32238.270,38
2,32240.817,38
2,32243.341,38
2,32247.024,38
2,32249.638,38
2,32252.680,38
2,32255.320,38
2,32258.406,38
2,32261.395,40
2,32264.315,40
2,32266.971,40
2,32269.565,40
2,32272.282,40
2,32274.856,40
2,32277.394,40
2,32280.707,40
2,32283.415,40
2,32286.187,40
2,32288.975,40
2,32291.632,40
2,32294.232,40
2,32297.641,40
2,32300.365,40
2,32302.919,40
2,32305.583,40
2,32308.136,40
2,32310.746,40
2,32314.005,40
2,32316.729,40
2,32319.290,40
2,32322.419,40
2,32325.117,40
2,32327.815,40
2,32330.928,40
2,32333.595,40
2,32336.137,40
2,32339.320,40
2,32342.280,40
2,32345.685,40
2,32348.941,40
2,32351.528,40
2,32354.199,40
2,32356.744,40
2,32359.339,40
2,32362.589,40
2,32365.377,40
2,32368.236,40
2,32370.804,40
2,32373.488,40
2,32376.252,40
2,32379.712,40
2,32382.745,40
2,32385.425,40
2,32388.011,40
2,32390.696,40
2,32393.670,40
2,32396.903,40
2,32399.656,40
2,32402.644,40
2,32405.451,40
2,32408.011,40
2,32410.779,40
2,32413.770,40
2,32416.453,40
2,32419.114,40
2,32421.743,40
2,32424.451,40
2,32427.540,42
2,32430.408,42
2,32433.130,42
2,32435.666,42
2,32438.245,42
2,32441.144,42
2,32443.918,42
2,32446.889,42
2,32449.650,42
2,32452.852,42
2,32455.541,42
2,32458.208,42
2,32460.713,42
2,32464.422,42
2,32467.126,42
2,32469.883,42
2,32472.482,42
2,32475.040,42
2,32477.645,42
2,32480.570,42
2,32483.225,42
2,32485.945,42
2,32488.582,42
2,32491.830,42
2,32494.737,42
2,32497.620,42
2,32500.247,42
2,32503.262,42
2,32505.826,42
2,32508.813,42
2,32511.290,42
2,32514.263,42
2,32516.748,42
2,32519.719,42
2,32522.273,42
2,32524.851,42
2,32527.524,42
2,32530.291,42
2,32532.860,42
2,32535.627,42
2,32538.190,42
2,32540.697,42
2,32543.207,42
2,32546.563,42
2,32549.279,42
2,32551.848,42
2,32554.316,42
2,32556.925,42
2,32559.360,42
2,32562.904,42
2,32566.000,42
2,32568.798,42
2,32571.190,42
2,32573.829,42
2,32576.679,42
2,32579.504,42
2,32581.932,42
2,32584.551,42
2,32587.100,42
2,32589.608,42
2,32592.133,42
2,32594.635,44
2,32597.413,44
2,32599.878,44
2,32602.432,44
2,32604.981,44
2,32607.495,44
2,32610.057,44
2,32612.837,44
2,32615.423,44
2,32617.969,44
2,32620.586,44
2,32623.134,44
2,32625.929,44
2,32629.534,44
2,32632.202,44
2,32634.703,44
2,32637.393,44
2,32640.022,44
2,32642.976,44
2,32646.097,44
2,32649.422,44
2,32651.999,44
2,32654.826,44
2,32657.681,44
2,32660.561,44
2,32663.220,44
2,32665.804,44
2,32668.417,44
2,32671.052,44
2,32673.565,44
2,32676.061,44
2,32679.411,44
2,32682.005,44
2,32684.573,44
2,32687.277,44
2,32689.931,44
2,32692.875,44
2,32695.518,44
2,32698.322,44
2,32700.981,44
2,32703.441,44
2,32706.496,44
2,32709.176,44
2,32712.272,44
2,32715.178,44
2,32717.815,44
2,32720.513,44
2,32723.235,44
2,32726.056,44
2,32728.923,44
2,32731.761,44
2,32734.362,44
2,32737.312,44
2,32739.923,44
2,32742.723,44
2,32746.161,44
2,32748.943,44
2,32751.563,44
2,32754.194,44
2,32756.807,44
2,32759.451,46
2,32762.014,46
2,32764.913,46
2,32767.657,46
2,32770.293,46
2,32772.752,46
2,32775.345,46
2,32778.921,46
2,32782.263,46
2,32785.320,46
2,32787.868,46
2,32790.469,46
2,32792.955,46
2,32796.123,46
2,32798.902,46
2,32801.602,46
2,32804.218,46
2,32806.913,46
2,32810.168,46
2,32813.159,46
2,32815.904,46
2,32818.507,46
2,32821.014,46
2,32823.623,46
2,32826.580,46
2,32829.846,46
2,32832.568,46
2,32835.145,46
2,32837.670,46
2,32840.349,46
2,32843.125,46
2,32846.980,46
2,32849.934,46
2,32852.756,46
2,32855.295,46
2,32857.801,46
2,32860.387,46
2,32863.233,46
2,32865.920,46
2,32868.616,46
2,32871.225,46
2,32873.629,46
2,32876.632,46
2,32879.262,46
2,32881.878,46
2,32884.458,46
2,32887.050,46
2,32889.636,46
2,32892.693,46
2,32895.910,46
2,32898.554,46
2,32901.068,46
2,32904.028,46
2,32906.683,46
2,32909.246,46
2,32912.754,46
2,32915.393,46
2,32918.069,46
2,32920.789,46
2,32923.378,46
2,32926.565,48
2,32930.569,48
2,32933.321,48
2,32935.769,48
2,32938.161,48
2,32940.824,48
2,32943.323,48
2,32946.633,48
2,32949.619,48
2,32953.046,48
2,32955.627,48
2,32958.244,48
2,32960.855,48
2,32963.847,48
2,32966.598,48
2,32969.217,48
2,32971.852,48
2,32974.622,48
2,32977.108,48
2,32980.266,48
2,32982.964,48
2,32985.411,48
2,32988.090,48
2,32990.751,48
2,32993.283,48
2,32996.296,48
2,32998.989,48
2,33001.494,48
2,33004.080,48
2,33006.643,48
2,33009.404,48
2,33012.475,48
2,33014.899,48
2,33017.572,48
2,33020.261,48
2,33022.813,48
2,33025.567,48
2,33028.126,48
2,33030.963,48
2,33033.597,48
2,33036.205,48
2,33038.581,48
2,33040.996,48
2,33043.540,48
2,33046.609,48
2,33049.470,48
2,33052.135,48
2,33054.651,48
2,33057.213,48
2,33059.800,48
2,33063.414,48
2,33066.136,48
2,33068.727,48
2,33071.306,48
2,33073.946,48
2,33076.386,48
2,33079.443,48
2,33082.085,48
2,33084.688,48
2,33087.420,48
2,33089.864,48
2,33092.936,50
2,33096.060,50
2,33098.685,50
2,33101.200,50
2,33104.029,50
2,33106.741,50
2,33109.435,50
2,33112.772,50
2,33115.542,50
2,33118.161,50
2,33120.802,50
2,33123.365,50
2,33126.138,50
2,33129.234,50
2,33131.842,50
2,33134.259,50
2,33136.672,50
2,33139.175,50
2,33141.724,50
2,33144.622,50
2,33147.604,50
2,33150.308,50
2,33153.103,50
2,33155.695,50
2,33158.211,50
2,33160.814,50
2,33163.848,50
2,33166.769,50
2,33169.375,50
2,33171.939,50
2,33174.464,50
2,33176.925,50
2,33179.736,50
2,33182.399,50
2,33184.949,50
2,33187.430,50
2,33189.936,50
2,33193.164,50
2,33196.373,50
2,33199.042,50
2,33201.570,50
2,33204.516,50
2,33207.229,50
2,33209.716,50
2,33212.518,50
2,33215.158,50
2,33217.776,50
2,33220.382,50
2,33222.781,50
2,33225.381,50
2,33227.960,50
2,33231.043,50
2,33233.888,50
2,33236.458,50
2,33239.003,50
2,33241.484,50
2,33244.139,50
2,33246.922,50
2,33249.614,50
2,33252.145,50
2,33255.477,50
2,33258.050,50
2,33260.670,52
2,33263.463,52
2,33266.203,52
2,33268.791,52
2,33271.845,52
2,33274.374,52
2,33276.649,52
2,33279.890,52
2,33282.546,52
2,33285.530,52
2,33288.059,52
2,33290.657,52
2,33293.169,52
2,33296.812,52
2,33299.493,52
2,33301.947,52
2,33304.431,52
2,33309.242,52
2,33312.267,52
2,33314.951,52
2,33318.250,52
2,33322.809,52
2,33327.244,52
2,33329.954,52
2,33333.137,52
2,33335.620,52
2,33338.326,52
2,33340.796,52
2,33343.325,52
2,33347.271,52
2,33349.988,52
2,33352.564,52
2,33354.994,52
2,33357.649,52
2,33360.178,52
2,33362.967,52
2,33365.579,52
2,33368.545,52
2,33371.153,52
2,33373.795,52
2,33376.343,52
2,33379.375,52
2,33381.901,52
2,33384.522,52
2,33387.174,52
2,33389.773,52
2,33392.386,52
2,33394.910,52
2,33397.754,52
2,33400.509,52
2,33403.171,52
2,33405.626,52
2,33408.655,52
2,33411.117,52
2,33413.873,52
2,33416.580,52
2,33419.163,52
2,33421.670,52
2,33424.063,52
2,33426.432,55
2,33429.912,55
2,33432.755,55
2,33435.349,55
2,33438.452,55
2,33441.046,55
2,33443.417,55
2,33446.745,55
2,33449.492,55
2,33452.055,55
2,33454.406,55
2,33456.795,55
2,33459.418,55
2,33462.747,55
2,33465.399,55
2,33468.215,55
2,33470.835,55
2,33473.408,55
2,33476.070,55
2,33479.828,55
2,33482.420,55
2,33485.044,55
2,33487.643,55
2,33490.266,55
2,33492.771,55
2,33496.249,55
2,33498.764,55
2,33501.594,55
2,33504.346,55
2,33506.952,55
2,33509.521,55
2,33512.623,55
2,33515.357,55
2,33517.928,55
2,33520.719,55
2,33523.356,55
2,33526.005,55
2,33529.393,55
2,33532.148,55
2,33534.703,55
2,33537.387,55
2,33540.087,55
2,33542.890,55
2,33545.634,55
2,33548.468,55
2,33551.627,55
2,33554.194,55
2,33557.609,55
2,33560.183,55
2,33562.948,55
2,33565.615,55
2,33568.248,55
2,33570.715,55
2,33573.553,55
2,33576.472,55
2,33579.627,55
2,33582.312,55
2,33584.910,55
2,33587.565,55
2,33590.181,55
2,33592.723,57
2,33595.846,57
2,33598.550,57
2,33601.094,57
2,33604.034,57
2,33606.565,57
2,33609.480,57
2,33612.470,57
2,33615.150,57
2,33617.781,57
2,33620.435,57
2,33623.013,57
2,33625.754,57
2,33629.270,57
2,33631.795,57
2,33634.208,57
2,33636.841,57
2,33639.375,57
2,33641.855,57
2,33644.410,57
2,33647.682,57
2,33650.482,57
2,33652.901,57
2,33655.475,57
2,33657.847,57
2,33660.485,57
2,33663.445,57
2,33666.115,57
2,33668.963,57
2,33671.479,57
2,33673.992,57
2,33676.448,57
2,33679.146,57
2,33681.760,57
2,33684.663,57
2,33687.255,57
2,33689.938,57
2,33692.632,57
2,33695.619,57
2,33698.362,57
2,33700.929,57
2,33703.308,57
2,33705.856,57
2,33708.328,57
2,33711.152,57
2,33713.932,57
2,33716.451,57
2,33719.106,57
2,33721.659,57
2,33724.159,57
2,33726.752,57
2,33729.531,57
2,33732.177,57
2,33734.707,57
2,33737.602,57
2,33740.306,57
2,33743.325,57
2,33746.137,57
2,33748.835,57
2,33751.364,57
2,33754.108,57
2,33756.642,57
2,33759.367,59
2,33762.655,59
2,33765.394,59
2,33767.863,59
2,33770.475,59
2,33773.034,59
2,33775.660,59
2,33779.422,59
2,33781.914,59
2,33784.484,59
2,33787.488,59
2,33789.982,59
2,33792.671,59
2,33796.247,59
2,33798.976,59
2,33801.546,59
2,33804.167,59
2,33806.681,59
2,33809.314,59
2,33812.563,59
2,33815.311,59
2,33818.082,59
2,33820.493,59
2,33822.886,59
2,33825.464,59
2,33828.068,59
2,33832.146,59
2,33834.808,59
2,33837.486,59
2,33840.231,59
2,33842.775,59
2,33846.247,59
2,33848.918,59
2,33851.840,59
2,33854.334,59
2,33856.909,59
2,33860.306,59
2,33863.201,59
2,33865.851,59
2,33868.486,59
2,33870.894,59
2,33873.476,59
2,33876.217,59
2,33879.424,59
2,33882.159,59
2,33884.747,59
2,33887.469,59
2,33890.069,59
2,33892.744,59
2,33896.150,59
2,33898.833,59
2,33901.365,59
2,33903.800,59
2,33906.288,59
2,33909.020,59
2,33911.325,59
2,33914.045,59
2,33916.690,59
2,33919.339,59
2,33921.992,59
2,33924.904,59
2,33927.592,61
2,33930.378,61
2,33932.957,61
2,33935.976,61
2,33938.553,61
2,33941.471,61
2,33944.557,61
2,33948.084,61
2,33950.744,61
2,33953.345,61
2,33955.867,61
2,33958.537,61
2,33961.012,61
2,33964.389,61
2,33967.407,61
2,33970.017,61
2,33972.578,61
2,33975.155,61
2,33977.675,61
2,33980.586,61
2,33983.333,61
2,33985.897,61
2,33988.471,61
2,33990.784,61
2,33993.257,61
2,33996.713,61
2,33999.353,61
2,34001.879,61
2,34004.513,61
2,34007.206,61
2,34009.523,61
2,34012.947,61
2,34015.538,61
2,34018.345,61
2,34021.417,61
2,34023.862,61
2,34026.374,61
2,34029.418,61
2,34032.113,61
2,34034.748,61
2,34037.302,61
2,34039.993,61
2,34042.789,61
2,34046.085,61
2,34048.828,61
2,34051.479,61
2,34053.979,61
2,34056.439,61
2,34059.058,61
2,34062.205,61
2,34064.779,61
2,34067.532,61
2,34070.096,61
2,34072.657,61
2,34075.275,61
2,34077.797,61
2,34081.115,61
2,34083.930,61
2,34086.517,61
2,34088.963,61
2,34092.478,61
2,34095.142,63
2,34097.998,63
2,34100.740,63
2,34103.336,63
2,34105.770,63
2,34108.131,63
2,34111.481,63
2,34114.303,63
2,34116.919,63
2,34119.512,63
2,34121.875,63
2,34124.456,63
2,34126.974,63
2,34130.129,63
2,34132.839,63
2,34135.441,63
2,34137.784,63
2,34140.784,63
2,34143.365,63
2,34147.717,63
2,34150.617,63
2,34153.303,63
2,34155.812,63
2,34158.282,63
2,34161.732,63
2,34164.659,63
2,34167.256,63
2,34169.771,63
2,34172.363,63
2,34174.920,63
2,34177.568,63
2,34180.084,63
2,34182.713,63
2,34185.695,63
2,34188.200,63
2,34190.776,63
2,34193.384,63
2,34196.185,63
2,34198.845,63
2,34201.526,63
2,34204.017,63
2,34206.394,63
2,34208.894,63
2,34212.084,63
2,34214.539,63
2,34217.106,63
2,34219.683,63
2,34222.266,63
2,34225.168,63
2,34227.758,63
2,34230.534,63
2,34233.300,63
2,34235.850,63
2,34238.442,63
2,34241.064,63
2,34243.675,63
2,34246.581,63
2,34249.263,63
2,34251.816,63
2,34254.184,63
2,34256.851,63
2,34259.309,65
2,34262.480,65
2,34265.256,65
2,34267.943,65
2,34270.570,65
2,34273.014,65
2,34275.620,65
2,34278.600,65
2,34281.384,65
2,34284.088,65
2,34286.770,65
2,34289.327,65
2,34291.929,65
2,34294.362,65
2,34297.429,65
2,34299.976,65
2,34302.737,65
2,34305.469,65
2,34308.041,65
2,34310.745,65
2,34313.475,65
2,34316.294,65
2,34318.805,65
2,34321.111,65
2,34324.013,65
2,34326.623,65
2,34329.532,65
2,34331.996,65
2,34334.834,65
2,34337.352,65
2,34339.865,65
2,34342.474,65
2,34345.781,65
2,34348.474,65
2,34351.618,65
2,34354.384,65
2,34356.772,65
2,34359.251,65
2,34362.254,65
2,34365.197,65
2,34367.846,65
2,34370.419,65
2,34372.909,65
2,34375.547,65
2,34378.034,65
2,34380.891,65
2,34383.430,65
2,34386.205,65
2,34388.682,65
2,34391.290,65
2,34394.219,65
2,34397.234,65
2,34399.826,65
2,34402.772,65
2,34405.424,65
2,34407.906,65
2,34410.465,65
2,34413.391,65
2,34416.083,65
2,34418.679,65
2,34421.239,65
2,34423.784,65
2,34426.510,67
2,34429.497,67
2,34432.075,67
2,34434.666,67
2,34437.384,67
2,34439.916,67
2,34442.411,67
2,34444.894,67
2,34447.642,67
2,34450.267,67
2,34452.864,67
2,34455.516,67
2,34458.029,67
2,34460.580,67
2,34464.720,67
2,34467.455,67
2,34470.103,67
2,34472.540,67
2,34474.906,67
2,34477.587,67
2,34480.542,67
2,34483.160,67
2,34485.715,67
2,34488.254,67
2,34490.722,67
2,34493.262,67
2,34497.320,67
2,34500.138,67
2,34502.792,67
2,34505.352,67
2,34507.924,67
2,34511.083,67
2,34513.745,67
2,34516.282,67
2,34518.683,67
2,34521.116,67
2,34523.953,67
2,34526.955,67
2,34529.763,67
2,34532.608,67
2,34535.220,67
2,34538.202,67
2,34540.751,67
2,34543.353,67
2,34546.749,67
2,34549.412,67
2,34551.980,67
2,34554.494,67
2,34557.047,67
2,34559.556,67
2,34562.909,67
2,34565.613,67
2,34568.465,67
2,34571.007,67
2,34573.683,67
2,34576.089,67
2,34579.007,67
2,34581.587,67
2,34584.463,67
2,34587.447,67
2,34589.834,67
2,34592.565,69
2,34595.360,69
2,34598.070,69
2,34600.783,69
2,34603.464,69
2,34606.043,69
2,34609.030,69
2,34611.542,69
2,34614.418,69
2,34617.442,69
2,34620.002,69
2,34622.538,69
2,34625.227,69
2,34627.833,69
2,34630.618,69
2,34633.263,69
2,34635.828,69
2,34638.531,69
2,34641.055,69
2,34643.620,69
2,34646.427,69
2,34649.160,69
2,34652.369,69
2,34654.976,69
2,34657.467,69
2,34660.439,69
2,34663.365,69
2,34666.461,69
2,34669.097,69
2,34671.596,69
2,34674.128,69
2,34677.028,69
2,34679.842,69
2,34682.488,69
2,34685.277,69
2,34687.786,69
2,34690.384,69
2,34692.913,69
2,34695.519,69
2,34698.400,69
2,34700.961,69
2,34703.482,69
2,34705.955,69
2,34709.084,69
2,34711.587,69
2,34714.123,69
2,34716.736,69
2,34719.167,69
2,34721.776,69
2,34724.358,69
2,34726.972,69
2,34729.804,69
2,34732.433,69
2,34735.058,69
2,34737.602,69
2,34740.027,69
2,34742.658,69
2,34745.819,69
2,34748.362,69
2,34750.864,69
2,34753.406,69
2,34755.951,69
2,34758.594,69
2,34761.118,71
2,34764.164,71
2,34767.585,71
2,34770.008,71
2,34772.416,71
2,34774.792,71
2,34777.457,71
2,34780.315,71
2,34782.954,71
2,34785.484,71
2,34787.935,71
2,34790.471,71
2,34793.348,71
2,34796.221,71
2,34798.804,71
2,34803.684,71
2,34808.441,71
2,34811.176,71
2,34814.324,71
2,34816.883,71
2,34819.474,71
2,34821.989,71
2,34824.435,71
2,34827.050,71
2,34830.414,71
2,34833.080,71
2,34835.607,71
2,34838.192,71
2,34840.664,71
2,34843.167,71
2,34845.936,71
2,34848.639,71
2,34851.317,71
2,34853.992,71
2,34856.306,71
2,34859.003,71
2,34861.898,71
2,34864.438,71
2,34866.814,71
2,34869.178,71
2,34871.738,71
2,34874.256,71
2,34877.147,71
2,34880.001,71
2,34882.981,71
2,34885.583,71
2,34888.065,71
2,34890.713,71
2,34893.276,71
2,34896.135,71
2,34898.726,71
2,34901.208,71
2,34903.793,71
2,34906.333,71
2,34908.918,71
2,34911.369,71
2,34914.239,71
2,34916.637,71
2,34919.310,71
2,34921.958,71
2,34924.823,71
2,34927.416,73
2,34930.213,73
2,34933.115,73
2,34935.705,73
2,34938.049,73
2,34940.435,73
2,34942.950,73
2,34945.802,73
2,34948.825,73
2,34951.183,73
2,34953.736,73
2,34956.213,73
2,34958.866,73
2,34962.453,73
2,34964.956,73
2,34967.439,73
2,34970.088,73
2,34972.940,73
2,34975.491,73
2,34978.749,73
2,34981.338,73
2,34984.192,73
2,34986.836,73
2,34989.301,73
2,34991.927,73
2,34994.511,73
2,34997.630,73
2,35000.239,73
2,35002.818,73
2,35005.393,73
2,35007.951,73
2,35010.418,73
2,35013.300,73
2,35015.927,73
2,35018.529,73
2,35021.043,73
2,35023.669,73
2,35026.206,73
2,35029.565,73
2,35032.257,73
2,35034.941,73
2,35037.424,73
2,35039.946,73
2,35042.761,73
2,35045.726,73
2,35048.168,73
2,35050.865,73
2,35053.309,73
2,35055.804,73
2,35058.414,73
2,35061.149,73
2,35064.114,73
2,35066.738,73
2,35069.828,73
2,35072.756,73
2,35075.516,73
2,35078.154,73
2,35081.007,73
2,35083.400,73
2,35086.031,73
2,35088.630,73
2,35091.092,73
2,35093.694,75
2,35096.544,75
2,35099.204,75
2,35101.690,75
2,35104.194,75
2,35106.805,75
2,35109.301,75
2,35113.000,75
2,35115.514,75
2,35118.232,75
2,35120.752,75
2,35123.376,75
2,35126.091,75
2,35129.495,75
2,35132.230,75
2,35134.792,75
2,35137.394,75
2,35140.010,75
2,35142.699,75
2,35145.710,75
2,35148.536,75
2,35151.079,75
2,35153.883,75
2,35156.281,75
2,35159.035,75
2,35161.521,75
2,35164.429,75
2,35167.140,75
2,35169.819,75
2,35172.897,75
2,35175.350,75
2,35177.920,75
2,35180.392,75
2,35183.256,75
2,35186.242,75
2,35188.925,75
2,35191.548,75
2,35193.969,75
2,35196.418,75
2,35199.266,75
2,35201.817,75
2,35204.306,75
2,35206.871,75
2,35209.417,75
2,35211.973,75
2,35214.556,75
2,35216.943,75
2,35219.547,75
2,35222.414,75
2,35224.761,75
2,35227.460,75
2,35229.920,75
2,35232.835,75
2,35235.301,75
2,35237.822,75
2,35240.450,75
2,35243.074,75
2,35246.055,75
2,35249.209,75
2,35251.863,75
2,35254.439,75
2,35256.844,75
2,35259.832,77
2,35262.690,77
2,35265.406,77
2,35267.935,77
2,35270.609,77
2,35273.230,77
2,35276.601,77
2,35279.832,77
2,35282.561,77
2,35285.398,77
2,35288.070,77
2,35290.761,77
2,35293.278,77
2,35296.407,77
2,35299.039,77
2,35302.020,77
2,35304.617,77
2,35307.360,77
2,35310.017,77
2,35312.933,77
2,35315.612,77
2,35318.213,77
2,35320.655,77
2,35323.316,77
2,35326.412,77
2,35329.710,77
2,35332.914,77
2,35335.518,77
2,35338.147,77
2,35340.710,77
2,35343.209,77
2,35346.565,77
2,35349.231,77
2,35352.230,77
2,35355.053,77
2,35357.421,77
2,35359.904,77
2,35362.929,77
2,35365.475,77
2,35367.908,77
2,35371.262,77
2,35374.139,77
2,35376.732,77
2,35379.592,77
2,35382.335,77
2,35385.679,77
2,35388.417,77
2,35390.912,77
2,35393.375,77
2,35396.018,77
2,35398.925,77
2,35401.631,77
2,35404.194,77
2,35406.847,77
2,35409.532,77
2,35412.673,77
2,35415.374,77
2,35417.983,77
2,35421.006,77
2,35423.624,77
2,35426.266,79
2,35429.708,79
2,35432.551,79
2,35435.192,79
2,35437.978,79
2,35441.097,79
2,35443.702,79
2,35447.058,79
2,35449.639,79
2,35452.635,79
2,35455.279,79
2,35457.829,79
2,35460.382,79
2,35463.927,79
2,35466.470,79
2,35469.135,79
2,35471.608,79
2,35474.356,79
2,35477.424,79
2,35480.105,79
2,35482.754,79
2,35485.371,79
2,35487.938,79
2,35491.066,79
2,35493.681,79
2,35496.696,79
2,35499.784,79
2,35502.412,79
2,35505.090,79
2,35507.674,79
2,35510.261,79
2,35513.457,79
2,35516.646,79
2,35519.342,79
2,35522.020,79
2,35524.533,79
2,35527.128,79
2,35529.773,79
2,35532.546,79
2,35535.039,79
2,35537.608,79
2,35540.191,79
2,35542.798,79
2,35546.219,79
2,35548.956,79
2,35551.805,79
2,35554.412,79
2,35557.004,79
2,35559.607,79
2,35562.831,79
2,35565.656,79
2,35568.362,79
2,35570.822,79
2,35573.235,79
2,35576.010,79
2,35578.666,79
2,35581.501,79
2,35584.107,79
2,35586.524,79
2,35589.184,79
2,35591.531,79
2,35594.333,82
2,35597.626,82
2,35600.257,82
2,35603.062,82
2,35605.625,82
2,35608.123,82
2,35610.596,82
2,35613.295,82
2,35616.013,82
2,35618.637,82
2,35621.871,82
2,35624.927,82
2,35627.985,82
2,35631.528,82
2,35634.640,82
2,35637.389,82
2,35640.102,82
2,35643.092,82
2,35646.320,82
2,35649.285,82
2,35652.082,82
2,35654.758,82
2,35657.370,82
2,35661.665,82
2,35664.941,82
2,35667.720,82
2,35670.332,82
2,35673.566,82
2,35676.400,82
2,35679.046,82
2,35682.247,82
2,35685.150,82
2,35687.919,82
2,35690.520,82
2,35693.252,82
2,35696.447,82
2,35699.221,82
2,35701.760,82
2,35704.272,82
2,35706.781,82
2,35709.702,82
2,35712.486,82
2,35715.601,82
2,35718.137,82
2,35721.109,82
2,35724.561,82
2,35727.424,82
2,35730.243,82
2,35733.836,82
2,35736.533,82
2,35739.228,82
2,35741.900,82
2,35744.611,82
2,35748.424,82
2,35751.672,82
2,35754.973,82
2,35757.491,82
2,35760.081,84
2,35763.304,84
2,35766.168,84
2,35768.877,84
2,35771.461,84
2,35774.126,84
2,35776.696,84
2,35780.040,84
2,35782.813,84
2,35785.714,84
2,35788.388,84
2,35791.324,84
2,35793.864,84
2,35796.953,84
2,35799.650,84
2,35802.357,84
2,35804.951,84
2,35807.509,84
2,35810.061,84
2,35815.424,84
2,35818.479,84
2,35821.109,84
2,35823.622,84
2,35826.227,84
2,35829.651,84
2,35832.505,84
2,35835.588,84
2,35838.153,84
2,35840.896,84
2,35843.459,84
2,35847.448,84
2,35850.619,84
2,35853.659,84
2,35856.270,84
2,35859.098,84
2,35862.101,84
2,35865.313,84
2,35868.028,84
2,35870.647,84
2,35873.341,84
2,35876.266,84
2,35879.742,84
2,35882.501,84
2,35885.178,84
2,35887.805,84
2,35890.526,84
2,35893.039,84
2,35897.115,84
2,35899.861,84
2,35902.915,84
2,35905.662,84
2,35908.283,84
2,35910.896,84
2,35914.333,84
2,35916.983,84
2,35919.948,84
2,35922.919,84
2,35925.589,84
2,35928.439,86
2,35932.247,86
2,35935.047,86
2,35937.747,86
2,35940.468,86
2,35943.097,86
2,35946.640,86
2,35949.498,86
2,35952.355,86
2,35955.647,86
2,35958.453,86
2,35961.231,86
2,35964.636,86
2,35968.070,86
2,35970.903,86
2,35974.056,86
2,35977.993,86
2,35981.494,86
2,35985.183,86
2,35988.539,86
2,35991.399,86
2,35994.202,86
2,35997.836,86
2,36001.187,86
2,36003.999,86
2,36006.829,86
2,36010.193,86
2,36013.804,86
2,36016.725,86
2,36019.945,86
2,36023.073,86
2,36026.003,86
2,36028.851,86
2,36031.806,86
2,36034.554,86
2,36037.019,86
2,36039.533,86
2,36042.082,86
2,36044.654,86
2,36048.048,86
2,36050.857,86
2,36053.553,86
2,36056.608,86
2,36059.845,86
2,36063.605,86
2,36066.693,86
2,36070.190,86
2,36072.906,86
2,36075.552,86
2,36078.136,86
2,36080.853,86
2,36083.513,86
2,36085.934,86
2,36088.579,86
2,36091.161,86
2,36094.079,88
2,36096.907,88
2,36099.517,88
2,36102.173,88
2,36105.059,88
2,36107.712,88
2,36110.078,88
2,36113.178,88
2,36115.914,88
2,36118.509,88
2,36121.124,88
2,36123.717,88
2,36126.272,88
2,36129.858,88
2,36132.590,88
2,36135.323,88
2,36137.864,88
2,36140.605,88
2,36143.314,88
2,36146.183,88
2,36148.824,88
2,36151.249,88
2,36153.855,88
2,36156.401,88
2,36159.273,88
2,36162.798,88
2,36165.554,88
2,36167.983,88
2,36170.577,88
2,36173.226,88
2,36176.304,88
2,36180.358,88
2,36182.947,88
2,36185.406,88
2,36187.902,88
2,36190.486,88
2,36193.508,88
2,36196.560,88
2,36199.529,88
2,36202.533,88
2,36205.738,88
2,36208.093,88
2,36210.743,88
2,36213.647,88
2,36216.403,88
2,36219.376,88
2,36222.054,88
2,36224.590,88
2,36227.319,88
2,36230.156,88
2,36232.617,88
2,36235.256,88
2,36238.324,88
2,36240.829,88
2,36243.699,88
2,36247.025,88
2,36249.701,88
2,36252.418,88
2,36254.972,88
2,36257.516,88
2,36260.016,90
2,36262.910,90
2,36265.343,90
2,36268.769,90
2,36271.847,90
2,36274.495,90
2,36276.853,90
2,36280.370,90
2,36283.181,90
2,36285.720,90
2,36288.175,90
2,36291.037,90
2,36293.543,90
2,36296.252,90
2,36299.034,90
2,36301.604,90
2,36304.387,90
2,36307.044,90
2,36309.602,90
2,36312.733,90
2,36315.699,90
2,36318.676,90
2,36321.179,90
2,36323.674,90
2,36326.226,90
2,36328.829,90
2,36331.462,90
2,36334.470,90
2,36337.787,90
2,36340.223,90
2,36342.697,90
2,36346.119,90
2,36349.243,90
2,36351.952,90
2,36354.584,90
2,36357.243,90
2,36359.713,90
2,36362.503,90
2,36365.240,90
2,36367.787,90
2,36370.322,90
2,36372.800,90
2,36375.271,90
2,36378.213,90
2,36381.136,90
2,36383.700,90
2,36387.101,90
2,36389.692,90
2,36392.379,90
2,36394.965,90
2,36397.779,90
2,36400.677,90
2,36403.347,90
2,36406.018,90
2,36408.594,90
2,36411.101,90
2,36413.965,90
2,36416.783,90
2,36419.713,90
2,36422.402,90
2,36424.911,90
2,36427.450,92
2,36430.129,92
2,36432.734,92
2,36435.810,92
2,36438.505,92
2,36441.019,92
2,36443.501,92
2,36446.380,92
2,36449.343,92
2,36451.754,92
2,36454.291,92
2,36457.482,92
2,36460.084,92
2,36462.947,92
2,36465.629,92
2,36468.042,92
2,36470.459,92
2,36473.025,92
2,36475.739,92
2,36478.246,92
2,36481.100,92
2,36483.644,92
2,36486.134,92
2,36488.763,92
2,36491.249,92
2,36494.194,92
2,36497.048,92
2,36499.705,92
2,36502.266,92
2,36505.223,92
2,36508.079,92
2,36510.761,92
2,36513.860,92
2,36516.901,92
2,36519.533,92
2,36522.410,92
2,36525.042,92
2,36527.988,92
2,36530.805,92
2,36534.109,92
2,36536.738,92
2,36539.522,92
2,36542.340,92
2,36545.038,92
2,36547.842,92
2,36550.402,92
2,36552.958,92
2,36555.463,92
2,36557.962,92
2,36560.589,92
2,36563.434,92
2,36566.010,92
2,36568.679,92
2,36571.348,92
2,36574.079,92
2,36576.325,92
2,36579.363,92
2,36582.692,92
2,36585.268,92
2,36587.797,92
2,36590.393,92
2,36594.634,94
2,36597.589,94
2,36600.217,94
2,36602.627,94
2,36605.228,94
2,36607.724,94
2,36610.187,94
2,36613.300,94
2,36616.409,94
2,36618.930,94
2,36621.520,94
2,36624.021,94
2,36626.506,94
2,36629.084,94
2,36631.901,94
2,36634.509,94
2,36637.292,94
2,36639.918,94
2,36642.694,94
2,36645.323,94
2,36648.221,94
2,36650.881,94
2,36653.748,94
2,36656.410,94
2,36659.062,94
2,36661.737,94
2,36664.518,94
2,36667.099,94
2,36669.893,94
2,36672.476,94
2,36675.000,94
2,36677.516,94
2,36680.362,94
2,36682.970,94
2,36685.582,94
2,36688.367,94
2,36690.747,94
2,36693.261,94
2,36696.549,94
2,36699.272,94
2,36701.609,94
2,36704.143,94
2,36706.735,94
2,36709.260,94
2,36712.366,94
2,36714.928,94
2,36717.592,94
2,36720.176,94
2,36722.743,94
2,36725.316,94
2,36727.964,94
2,36730.920,94
2,36733.709,94
2,36736.356,94
2,36738.961,94
2,36741.402,94
2,36743.948,94
2,36746.802,94
2,36749.511,94
2,36752.549,94
2,36755.104,94
2,36757.464,94
2,36760.480,96
2,36763.249,96
2,36765.905,96
2,36768.490,96
2,36771.111,96
2,36773.710,96
2,36776.185,96
2,36779.014,96
2,36781.582,96
2,36784.430,96
2,36787.162,96
2,36789.832,96
2,36792.655,96
2,36795.786,96
2,36798.550,96
2,36801.134,96
2,36803.653,96
2,36806.260,96
2,36808.922,96
2,36811.472,96
2,36814.343,96
2,36816.812,96
2,36819.440,96
2,36822.111,96
2,36824.607,96
2,36827.207,96
2,36830.028,96
2,36832.510,96
2,36835.342,96
2,36837.667,96
2,36840.201,96
2,36842.668,96
2,36845.806,96
2,36848.671,96
2,36851.280,96
2,36854.039,96
2,36856.703,96
2,36859.552,96
2,36862.959,96
2,36865.768,96
2,36868.676,96
2,36871.364,96
2,36874.561,96
2,36877.103,96
2,36880.566,96
2,36884.216,96
2,36886.877,96
2,36889.667,96
2,36892.481,96
2,36895.475,96
2,36898.675,96
2,36901.471,96
2,36904.382,96
2,36907.108,96
2,36909.749,96
2,36913.416,96
2,36916.221,96
2,36918.921,96
2,36921.584,96
2,36924.248,96
2,36927.272,98
2,36930.223,98
2,36932.873,98
2,36935.618,98
2,36938.138,98
2,36940.938,98
2,36943.418,98
2,36946.561,98
2,36949.255,98
2,36951.837,98
2,36954.419,98
2,36957.291,98
2,36960.244,98
2,36963.193,98
2,36965.943,98
2,36968.584,98
2,36971.287,98
2,36974.020,98
2,36977.626,98
2,36980.939,98
2,36983.596,98
2,36986.103,98
2,36988.741,98
2,36991.176,98
2,36994.049,98
2,36997.067,98
2,36999.943,98
2,37002.648,98
2,37005.341,98
2,37007.862,98
2,37010.450,98
2,37013.524,98
2,37016.452,98
2,37019.671,98
2,37022.240,98
2,37024.852,98
2,37027.503,98
2,37030.160,98
2,37033.024,98
2,37035.804,98
2,37038.458,98
2,37040.902,98
2,37043.438,98
2,37045.960,98
2,37049.002,98
2,37051.793,98
2,37054.462,98
2,37057.077,98
2,37059.828,98
2,37062.929,98
2,37065.916,98
2,37068.753,98
2,37071.471,98
2,37074.161,98
2,37076.764,98
2,37079.434,98
2,37082.402,98
2,37085.411,98
2,37088.510,98
2,37091.340,98
2,37093.924,100
2,37096.546,100
2,37099.479,100
2,37102.028,100
2,37104.559,100
2,37107.066,100
2,37109.633,100
2,37112.383,100
2,37115.303,100
2,37118.284,100
2,37120.909,100
2,37123.571,100
2,37126.100,100
2,37128.895,100
2,37132.471,100
2,37135.338,100
2,37138.085,100
2,37140.805,100
2,37143.276,100
2,37146.332,100
2,37149.437,100
2,37152.344,100
2,37155.731,100
2,37159.176,100
2,37162.437,100
2,37165.852,100
2,37169.358,100
2,37172.151,100
2,37175.056,100
2,37177.521,100
2,37181.077,100
2,37183.766,100
2,37187.095,100
2,37189.698,100
2,37192.378,100
2,37195.092,100
2,37198.659,100
2,37201.495,100
2,37204.105,100
2,37206.872,100
2,37209.479,100
2,37212.835,100
2,37216.033,100
2,37218.848,100
2,37221.673,100
2,37224.508,100
2,37227.954,100
2,37231.014,100
2,37233.638,100
2,37236.312,100
2,37238.898,100
2,37241.466,100
2,37244.582,100
2,37247.715,100
2,37250.873,100
2,37253.572,100
2,37256.226,100
2,37258.842,100
2,37261.468,102
2,37264.551,102
2,37267.654,102
2,37270.590,102
2,37273.187,102
2,37276.029,102
2,37279.519,102
2,37282.228,102
2,37285.211,102
2,37287.751,102
2,37290.353,102
2,37293.433,102
2,37296.336,102
2,37299.005,102
2,37301.628,102
2,37304.424,102
2,37307.124,102
2,37309.622,102
2,37312.271,102
2,37315.281,102
2,37318.290,102
2,37321.044,102
2,37323.684,102
2,37326.532,102
2,37330.750,102
2,37333.920,102
2,37336.862,102
2,37339.603,102
2,37342.427,102
2,37345.195,102
2,37348.423,102
2,37351.198,102
2,37354.219,102
2,37356.964,102
2,37359.529,102
2,37362.721,102
2,37365.412,102
2,37368.101,102
2,37370.736,102
2,37373.328,102
2,37375.929,102
2,37379.407,102
2,37382.537,102
2,37385.245,102
2,37387.914,102
2,37390.600,102
2,37393.421,102
2,37396.262,102
2,37398.826,102
2,37401.395,102
2,37403.901,102
2,37406.465,102
2,37409.254,102
2,37412.256,102
2,37414.878,102
2,37417.917,102
2,37420.477,102
2,37423.046,102
2,37425.679,102
2,37428.183,104
2,37430.907,104
2,37433.245,104
2,37435.814,104
2,37438.364,104
2,37440.896,104
2,37443.482,104
2,37446.293,104
2,37449.319,104
2,37452.092,104
2,37454.705,104
2,37457.294,104
2,37459.721,104
2,37462.673,104
2,37465.902,104
2,37468.710,104
2,37471.285,104
2,37473.898,104
2,37476.351,104
2,37479.032,104
2,37481.889,104
2,37484.550,104
2,37488.467,104
2,37491.068,104
2,37493.704,104
2,37496.323,104
2,37499.120,104
2,37502.246,104
2,37504.827,104
2,37507.288,104
2,37509.760,104
2,37512.425,104
2,37515.364,104
2,37517.977,104
2,37520.664,104
2,37523.318,104
2,37525.990,104
2,37528.799,104
2,37531.671,104
2,37534.825,104
2,37537.558,104
2,37540.101,104
2,37543.048,104
2,37545.933,104
2,37549.228,104
2,37552.917,104
2,37555.873,104
2,37558.714,104
2,37561.324,104
2,37565.418,104
2,37569.065,104
2,37572.151,104
2,37575.626,104
2,37579.229,104
2,37583.189,104
2,37586.959,104
2,37590.339,104
2,37593.294,106
2,37596.867,106
2,37599.758,106
2,37602.579,106
2,37605.689,106
2,37608.469,106
2,37611.056,106
2,37613.652,106
2,37616.278,106
2,37619.207,106
2,37621.898,106
2,37624.516,106
2,37627.475,106
2,37630.872,106
2,37633.771,106
2,37636.808,106
2,37639.505,106
2,37642.317,106
2,37645.470,106
2,37649.302,106
2,37652.698,106
2,37655.395,106
2,37657.991,106
2,37660.764,106
2,37664.273,106
2,37667.568,106
2,37670.252,106
2,37672.870,106
2,37675.480,106
2,37678.630,106
2,37681.456,106
2,37684.333,106
2,37687.217,106
2,37690.422,106
2,37693.108,106
2,37695.816,106
2,37698.824,106
2,37702.307,106
2,37705.673,106
2,37708.731,106
2,37711.372,106
2,37714.848,106
2,37718.027,106
2,37720.692,106
2,37723.396,106
2,37726.191,106
2,37729.961,106
2,37733.279,106
2,37736.006,106
2,37739.081,106
2,37741.635,106
2,37744.271,106
2,37747.560,106
2,37750.856,106
2,37753.561,106
2,37756.174,106
2,37758.786,106
2,37761.838,109
2,37764.846,109
2,37767.531,109
2,37770.159,109
2,37772.693,109
2,37775.329,109
2,37778.031,109
2,37781.405,109
2,37784.014,109
2,37786.591,109
2,37789.920,109
2,37792.815,109
2,37796.329,109
2,37799.070,109
2,37801.724,109
2,37804.618,109
2,37807.444,109
2,37810.712,109
2,37813.630,109
2,37816.335,109
2,37818.951,109
2,37821.680,109
2,37824.313,109
2,37827.496,109
2,37830.450,109
2,37833.154,109
2,37835.815,109
2,37838.553,109
2,37841.221,109
2,37843.711,109
2,37847.122,109
2,37849.908,109
2,37852.558,109
2,37855.159,109
2,37857.722,109
2,37860.613,109
2,37864.210,109
2,37866.959,109
2,37869.723,109
2,37872.378,109
2,37875.017,109
2,37877.643,109
2,37880.925,109
2,37884.172,109
2,37886.909,109
2,37889.464,109
2,37892.006,109
2,37895.671,109
2,37898.723,109
2,37901.567,109
2,37904.133,109
2,37906.785,109
2,37910.058,109
2,37913.895,109
2,37916.719,109
2,37919.433,109
2,37922.098,109
2,37924.657,109
2,37927.261,111
2,37929.930,111
2,37932.842,111
2,37935.468,111
2,37937.889,111
2,37940.577,111
2,37943.461,111
2,37946.892,111
2,37950.123,111
2,37953.126,111
2,37955.983,111
2,37960.506,111
2,37963.376,111
2,37966.490,111
2,37969.289,111
2,37972.435,111
2,37975.443,111
2,37978.196,111
2,37981.339,111
2,37984.262,111
2,37986.951,111
2,37989.527,111
2,37992.199,111
2,37994.754,111
2,37997.714,111
2,38000.270,111
2,38003.799,111
2,38006.584,111
2,38009.752,111
2,38013.071,111
2,38015.778,111
2,38018.327,111
2,38020.740,111
2,38023.348,111
2,38025.995,111
2,38028.643,111
2,38031.488,111
2,38034.426,111
2,38037.322,111
2,38039.784,111
2,38042.940,111
2,38046.008,111
2,38048.717,111
2,38051.566,111
2,38054.184,111
2,38056.545,111
2,38059.301,111
2,38061.967,111
2,38064.860,111
2,38067.474,111
2,38070.107,111
2,38072.684,111
2,38075.372,111
2,38077.931,111
2,38081.126,111
2,38084.053,111
2,38087.305,111
2,38090.022,111
2,38093.436,113
2,38096.660,113
2,38099.456,113
2,38102.633,113
2,38105.562,113
2,38108.216,113
2,38110.944,113
2,38114.248,113
2,38116.879,113
2,38119.396,113
2,38122.285,113
2,38124.820,113
2,38127.408,113
2,38130.101,113
2,38132.923,113
2,38135.543,113
2,38138.086,113
2,38140.709,113
2,38143.285,113
2,38145.982,113
2,38148.828,113
2,38151.479,113
2,38154.192,113
2,38156.755,113
2,38159.380,113
2,38161.956,113
2,38164.796,113
2,38167.602,113
2,38170.470,113
2,38173.566,113
2,38177.135,113
2,38179.889,113
2,38182.868,113
2,38185.531,113
2,38188.181,113
2,38190.789,113
2,38193.311,113
2,38196.367,113
2,38199.106,113
2,38201.935,113
2,38204.600,113
2,38207.229,113
2,38210.005,113
2,38212.872,113
2,38215.637,113
2,38218.423,113
2,38221.026,113
2,38223.759,113
2,38226.353,113
2,38229.710,113
2,38232.456,113
2,38235.012,113
2,38237.605,113
2,38240.213,113
2,38242.886,113
2,38245.563,113
2,38248.280,113
2,38251.230,113
2,38254.242,113
2,38257.032,113
2,38259.700,115
2,38262.795,115
2,38265.544,115
2,38268.053,115
2,38270.682,115
2,38273.300,115
2,38276.171,115
2,38279.514,115
2,38282.816,115
2,38286.051,115
2,38289.516,115
2,38293.092,115
2,38296.697,115
2,38299.714,115
2,38303.105,115
2,38306.043,115
2,38308.791,115
2,38311.331,115
2,38314.535,115
2,38317.517,115
2,38320.147,115
2,38322.800,115
2,38325.416,115
2,38328.019,115
2,38330.883,115
2,38333.528,115
2,38336.079,115
2,38338.686,115
2,38341.235,115
2,38343.956,115
2,38346.914,115
2,38349.694,115
2,38353.020,115
2,38355.711,115
2,38358.345,115
2,38360.853,115
2,38365.651,115
2,38368.415,115
2,38372.007,115
2,38374.778,115
2,38377.495,115
2,38380.443,115
2,38383.354,115
2,38386.053,115
2,38388.821,115
2,38391.434,115
2,38394.849,115
2,38397.801,115
2,38401.006,115
2,38403.789,115
2,38406.489,115
2,38409.500,115
2,38412.680,115
2,38415.552,115
2,38418.246,115
2,38420.952,115
2,38423.592,115
2,38426.225,117
2,38429.954,117
2,38433.210,117
2,38435.896,117
2,38438.738,117
2,38441.393,117
2,38444.011,117
2,38447.417,117
2,38450.238,117
2,38452.884,117
2,38455.606,117
2,38458.323,117
2,38461.194,117
2,38464.224,117
2,38467.064,117
2,38469.956,117
2,38472.574,117
2,38475.519,117
2,38478.477,117
2,38482.683,117
2,38486.151,117
2,38489.151,117
2,38492.519,117
2,38495.896,117
2,38498.932,117
2,38502.418,117
2,38505.109,117
2,38507.930,117
2,38510.325,117
2,38513.522,117
2,38516.281,117
2,38518.761,117
2,38521.380,117
2,38524.086,117
2,38527.348,117
2,38530.697,117
2,38533.557,117
2,38536.248,117
2,38538.833,117
2,38541.504,117
2,38544.210,117
2,38547.261,117
2,38550.010,117
2,38552.764,117
2,38555.385,117
2,38558.134,117
2,38561.236,117
2,38564.430,117
2,38567.147,117
2,38569.761,117
2,38572.324,117
2,38574.994,117
2,38578.147,117
2,38581.199,117
2,38584.384,117
2,38587.056,117
2,38589.636,117
2,38592.231,117
2,38594.728,119
2,38597.704,119
2,38601.005,119
2,38603.988,119
2,38606.602,119
2,38609.331,119
2,38612.655,119
2,38615.311,119
2,38618.440,119
2,38621.105,119
2,38623.724,119
2,38626.315,119
2,38629.544,119
2,38632.189,119
2,38634.833,119
2,38637.451,119
2,38639.957,119
2,38643.208,119
2,38646.459,119
2,38649.205,119
2,38651.786,119
2,38654.739,119
2,38657.626,119
2,38660.153,119
2,38663.013,119
2,38665.692,119
2,38668.264,119
2,38670.885,119
2,38673.479,119
2,38676.195,119
2,38678.956,119
2,38681.615,119
2,38684.535,119
2,38687.045,119
2,38689.674,119
2,38692.332,119
2,38695.969,119
2,38698.724,119
2,38701.627,119
2,38704.315,119
2,38707.090,119
2,38709.723,119
2,38713.444,119
2,38716.247,119
2,38719.371,119
2,38721.983,119
2,38724.689,119
2,38727.455,119
2,38730.689,119
2,38733.441,119
2,38736.046,119
2,38738.842,119
2,38741.633,119
2,38744.238,119
2,38747.646,119
2,38750.416,119
2,38753.063,119
2,38755.905,119
2,38758.559,119
2,38761.249,120
2,38764.456,120
2,38767.259,120
2,38769.977,120
2,38772.713,120
2,38775.497,120
2,38778.136,120
2,38782.062,120
2,38785.061,120
2,38787.975,120
2,38790.699,120
2,38793.322,120
2,38796.953,120
2,38800.488,120
2,38803.247,120
2,38806.332,120
2,38808.969,120
2,38811.752,120
2,38815.041,120
2,38817.778,120
2,38820.455,120
2,38822.956,120
2,38825.629,120
2,38828.145,120
2,38830.921,120
2,38833.641,120
2,38836.267,120
2,38838.835,120
2,38841.390,120
2,38844.163,120
2,38847.806,120
2,38850.626,120
2,38853.288,120
2,38856.264,120
2,38858.965,120
2,38861.537,120
2,38864.385,120
2,38867.318,120
2,38869.959,120
2,38872.498,120
2,38875.089,120
2,38877.732,120
2,38880.241,120
2,38883.123,120
2,38885.733,120
2,38888.327,120
2,38890.847,120
2,38893.343,120
2,38896.914,120
2,38899.737,120
2,38902.299,120
2,38904.607,120
2,38907.419,120
2,38911.019,120
2,38914.165,120
2,38916.732,120
2,38919.361,120
2,38921.930,120
2,38924.500,120
3,38927.453,0
3,38930.777,0
3,38933.564,0
3,38936.272,0
3,38938.975,0
3,38941.614,0
3,38943.948,0
3,38947.214,0
3,38949.942,0
3,38952.548,0
3,38955.199,0
3,38957.802,0
3,38960.496,0
3,38963.385,0
3,38966.084,0
3,38968.873,0
3,38971.748,0
3,38974.331,0
3,38977.552,0
3,38980.461,0
3,38983.159,0
3,38985.736,0
3,38988.291,0
3,38991.094,0
3,38993.763,0
3,38997.455,0
3,39000.127,0
3,39002.759,0
3,39005.554,0
3,39008.080,0
3,39010.867,0
3,39014.939,0
3,39017.988,0
3,39020.670,0
3,39023.821,0
3,39026.461,0
3,39029.998,0
3,39033.947,0
3,39037.292,0
3,39040.083,0
3,39043.223,0
3,39045.969,0
3,39049.596,0
3,39052.494,0
3,39055.252,0
3,39057.916,0
3,39061.048,0
3,39063.984,0
3,39066.586,0
3,39069.591,0
3,39072.175,0
3,39075.347,0
3,39078.011,0
3,39081.227,0
3,39084.108,0
3,39086.812,0
3,39089.422,0
3,39092.318,0
3,39094.905,0
3,39097.793,0
3,39100.446,0
3,39103.122,0
3,39105.745,0
3,39108.425,0
3,39110.913,0
3,39114.241,0
3,39117.017,0
3,39119.683,0
3,39122.426,0
3,39124.774,0
3,39127.448,0
3,39130.698,0
3,39133.457,0
3,39136.080,0
3,39139.354,0
3,39141.946,0
3,39145.370,0
3,39148.351,0
3,39151.010,0
3,39153.652,0
3,39156.174,0
3,39158.746,0
3,39161.271,0
3,39164.555,0
3,39167.546,0
3,39170.230,0
3,39172.789,0
3,39175.426,0
3,39178.389,0
3,39181.519,0
3,39184.319,0
3,39187.010,0
3,39190.308,0
3,39193.807,0
3,39197.118,0
3,39199.962,0
3,39202.914,0
3,39205.706,0
3,39208.283,0
3,39211.001,0
3,39213.551,0
3,39216.479,0
3,39219.314,0
3,39222.389,0
3,39225.299,0
3,39228.147,0
3,39231.060,0
3,39233.772,0
3,39236.380,0
3,39239.133,0
3,39242.293,0
3,39245.030,0
3,39248.257,0
3,39251.386,0
3,39254.120,0
3,39256.783,0
3,39259.522,3
3,39263.004,3
3,39265.863,3
3,39268.555,3
3,39271.288,3
3,39273.954,3
3,39276.707,3
3,39280.163,3
3,39283.113,3
3,39285.805,3
3,39288.506,3
3,39291.423,3
3,39294.917,3
3,39299.002,3
3,39302.005,3
3,39304.695,3
3,39307.365,3
3,39310.289,3
3,39313.992,3
3,39317.003,3
3,39319.681,3
3,39322.320,3
3,39324.974,3
3,39327.872,3
3,39331.251,3
3,39334.018,3
3,39336.643,3
3,39339.187,3
3,39341.993,3
3,39344.760,3
3,39348.038,3
3,39351.300,3
3,39354.029,3
3,39356.806,3
3,39359.572,3
3,39362.775,3
3,39365.534,3
3,39368.298,3
3,39370.933,3
3,39373.557,3
3,39376.174,3
3,39378.706,3
3,39381.774,3
3,39384.975,3
3,39387.733,3
3,39390.503,3
3,39393.057,3
3,39396.075,3
3,39398.792,3
3,39401.490,3
3,39404.484,3
3,39407.101,3
3,39409.690,3
3,39413.030,3
3,39415.789,3
3,39418.782,3
3,39421.308,3
3,39423.898,3
3,39426.408,5
3,39429.403,5
3,39432.132,5
3,39434.916,5
3,39437.536,5
3,39440.240,5
3,39443.005,5
3,39446.142,5
3,39448.821,5
3,39451.883,5
3,39454.529,5
3,39458.898,5
3,39461.867,5
3,39464.688,5
3,39467.506,5
3,39470.616,5
3,39473.250,5
3,39476.106,5
3,39479.443,5
3,39482.210,5
3,39485.177,5
3,39488.751,5
3,39491.446,5
3,39494.585,5
3,39497.547,5
3,39500.312,5
3,39502.905,5
3,39505.566,5
3,39508.127,5
3,39511.114,5
3,39514.626,5
3,39517.288,5
3,39519.887,5
3,39522.682,5
3,39525.763,5
3,39528.598,5
3,39531.642,5
3,39534.358,5
3,39536.983,5
3,39539.668,5
3,39542.455,5
3,39545.272,5
3,39548.382,5
3,39551.133,5
3,39554.272,5
3,39556.868,5
3,39559.467,5
3,39562.340,5
3,39565.073,5
3,39567.905,5
3,39570.600,5
3,39573.247,5
3,39576.061,5
3,39579.666,5
3,39582.429,5
3,39584.887,5
3,39587.434,5
3,39590.099,5
3,39592.665,7
3,39595.858,7
3,39599.213,7
3,39601.810,7
3,39604.205,7
3,39606.866,7
3,39609.621,7
3,39612.815,7
3,39615.589,7
3,39618.291,7
3,39620.966,7
3,39624.177,7
3,39626.773,7
3,39630.625,7
3,39633.390,7
3,39636.341,7
3,39638.966,7
3,39641.505,7
3,39644.460,7
3,39647.405,7
3,39650.052,7
3,39652.746,7
3,39655.365,7
3,39658.026,7
3,39660.635,7
3,39663.814,7
3,39666.636,7
3,39669.395,7
3,39672.214,7
3,39675.582,7
3,39678.313,7
3,39681.157,7
3,39683.947,7
3,39686.512,7
3,39689.168,7
3,39691.822,7
3,39694.598,7
3,39697.486,7
3,39700.192,7
3,39702.946,7
3,39705.581,7
3,39708.031,7
3,39711.226,7
3,39714.231,7
3,39716.853,7
3,39719.525,7
3,39722.229,7
3,39724.871,7
3,39727.419,7
3,39730.419,7
3,39733.204,7
3,39735.870,7
3,39738.670,7
3,39741.401,7
3,39743.802,7
3,39746.692,7
3,39749.532,7
3,39752.110,7
3,39754.670,7
3,39758.079,7
3,39760.776,9
3,39763.812,9
3,39766.514,9
3,39769.184,9
3,39771.763,9
3,39774.657,9
3,39777.117,9
3,39780.361,9
3,39783.125,9
3,39785.902,9
3,39788.435,9
3,39791.032,9
3,39793.454,9
3,39796.481,9
3,39799.296,9
3,39801.999,9
3,39804.490,9
3,39807.099,9
3,39809.778,9
3,39812.944,9
3,39815.700,9
3,39818.640,9
3,39821.230,9
3,39823.888,9
3,39826.220,9
3,39829.415,9
3,39832.106,9
3,39834.756,9
3,39837.316,9
3,39840.044,9
3,39842.820,9
3,39845.709,9
3,39848.464,9
3,39851.039,9
3,39854.003,9
3,39856.681,9
3,39859.296,9
3,39862.586,9
3,39865.236,9
3,39868.062,9
3,39870.663,9
3,39873.060,9
3,39875.637,9
3,39878.319,9
3,39881.595,9
3,39884.477,9
3,39887.126,9
3,39889.737,9
3,39892.347,9
3,39894.998,9
3,39897.892,9
3,39901.458,9
3,39904.102,9
3,39906.678,9
3,39909.493,9
3,39912.193,9
3,39915.183,9
3,39918.002,9
3,39920.919,9
3,39923.666,9
3,39926.450,11
3,39930.182,11
3,39932.966,11
3,39935.621,11
3,39938.162,11
3,39940.961,11
3,39943.517,11
3,39946.427,11
3,39949.189,11
3,39951.776,11
3,39954.592,11
3,39957.498,11
3,39960.101,11
3,39962.986,11
3,39965.588,11
3,39968.167,11
3,39970.708,11
3,39973.316,11
3,39975.898,11
3,39978.224,11
3,39981.317,11
3,39984.026,11
3,39986.669,11
3,39989.226,11
3,39991.913,11
3,39994.635,11
3,39997.625,11
3,40000.343,11
3,40002.942,11
3,40005.572,11
3,40008.159,11
3,40010.718,11
3,40013.519,11
3,40016.176,11
3,40018.795,11
3,40021.395,11
3,40024.685,11
3,40027.329,11
3,40030.807,11
3,40033.636,11
3,40036.289,11
3,40038.973,11
3,40041.396,11
3,40044.291,11
3,40047.218,11
3,40049.927,11
3,40052.638,11
3,40055.843,11
3,40058.597,11
3,40061.217,11
3,40064.473,11
3,40067.226,11
3,40069.828,11
3,40072.429,11
3,40075.075,11
3,40078.135,11
3,40081.693,11
3,40084.590,11
3,40087.510,11
3,40090.150,11
3,40092.642,13
3,40096.080,13
3,40098.866,13
3,40101.679,13
3,40104.221,13
3,40106.806,13
3,40109.370,13
3,40113.173,13
3,40115.863,13
3,40118.395,13
3,40120.961,13
3,40123.531,13
3,40126.031,13
3,40129.302,13
3,40131.961,13
3,40134.709,13
3,40137.876,13
3,40140.590,13
3,40142.892,13
3,40146.093,13
3,40148.744,13
3,40151.158,13
3,40153.717,13
3,40156.294,13
3,40158.949,13
3,40161.618,13
3,40164.367,13
3,40166.903,13
3,40169.478,13
3,40172.122,13
3,40174.581,13
3,40177.166,13
3,40179.965,13
3,40182.543,13
3,40185.173,13
3,40187.680,13
3,40190.312,13
3,40192.875,13
3,40196.179,13
3,40198.865,13
3,40201.416,13
3,40204.618,13
3,40207.213,13
3,40209.696,13
3,40212.542,13
3,40215.181,13
3,40217.781,13
3,40220.409,13
3,40222.955,13
3,40225.759,13
3,40228.081,13
3,40230.979,13
3,40233.548,13
3,40236.082,13
3,40238.457,13
3,40240.844,13
3,40243.339,13
3,40246.268,13
3,40248.927,13
3,40251.529,13
3,40253.999,13
3,40256.613,13
3,40259.198,13
3,40262.329,15
3,40265.169,15
3,40267.544,15
3,40270.498,15
3,40273.014,15
3,40275.600,15
3,40278.775,15
3,40281.348,15
3,40283.882,15
3,40286.433,15
3,40289.050,15
3,40291.506,15
3,40294.219,15
3,40297.046,15
3,40299.750,15
3,40304.120,15
3,40306.902,15
3,40310.312,15
3,40313.267,15
3,40316.345,15
3,40319.007,15
3,40321.532,15
3,40324.070,15
3,40326.568,15
3,40329.472,15
3,40332.168,15
3,40334.747,15
3,40337.368,15
3,40339.981,15
3,40342.661,15
3,40345.855,15
3,40348.527,15
3,40351.718,15
3,40354.327,15
3,40356.873,15
3,40359.388,15
3,40362.793,15
3,40365.409,15
3,40367.954,15
3,40370.677,15
3,40373.294,15
3,40375.963,15
3,40379.378,15
3,40382.035,15
3,40384.656,15
3,40387.383,15
3,40389.772,15
3,40392.237,15
3,40394.513,15
3,40397.172,15
3,40399.808,15
3,40402.308,15
3,40405.100,15
3,40407.628,15
3,40410.168,15
3,40412.961,15
3,40415.594,15
3,40418.459,15
3,40421.009,15
3,40423.567,15
3,40426.018,17
3,40428.851,17
3,40431.428,17
3,40434.059,17
3,40436.495,17
3,40439.010,17
3,40441.541,17
3,40444.055,17
3,40447.172,17
3,40449.845,17
3,40452.540,17
3,40455.253,17
3,40458.723,17
3,40461.323,17
3,40464.182,17
3,40466.721,17
3,40469.286,17
3,40471.886,17
3,40474.381,17
3,40476.876,17
3,40479.671,17
3,40482.349,17
3,40484.976,17
3,40487.318,17
3,40489.942,17
3,40492.691,17
3,40496.469,17
3,40499.155,17
3,40501.509,17
3,40504.024,17
3,40507.399,17
3,40509.896,17
3,40512.815,17
3,40515.456,17
3,40518.011,17
3,40520.477,17
3,40523.033,17
3,40525.608,17
3,40527.969,17
3,40530.939,17
3,40533.541,17
3,40536.237,17
3,40538.869,17
3,40541.398,17
3,40543.969,17
3,40547.049,17
3,40549.738,17
3,40552.313,17
3,40554.911,17
3,40557.458,17
3,40559.992,17
3,40562.801,17
3,40565.545,17
3,40568.281,17
3,40570.893,17
3,40573.458,17
3,40575.940,17
3,40579.336,17
3,40582.028,17
3,40584.563,17
3,40587.327,17
3,40589.797,17
3,40592.290,17
3,40594.803,19
3,40597.595,19
3,40600.123,19
3,40602.821,19
3,40605.368,19
3,40607.732,19
3,40610.179,19
3,40613.301,19
3,40615.813,19
3,40618.385,19
3,40621.013,19
3,40623.647,19
3,40626.155,19
3,40628.764,19
3,40631.607,19
3,40634.230,19
3,40636.856,19
3,40639.428,19
3,40642.023,19
3,40644.325,19
3,40647.746,19
3,40651.207,19
3,40653.804,19
3,40656.684,19
3,40659.136,19
3,40662.809,19
3,40665.526,19
3,40668.098,19
3,40670.645,19
3,40673.297,19
3,40676.047,19
3,40678.703,19
3,40681.685,19
3,40684.396,19
3,40687.107,19
3,40689.764,19
3,40692.427,19
3,40695.688,19
3,40698.336,19
3,40700.921,19
3,40703.556,19
3,40706.156,19
3,40708.717,19
3,40711.302,19
3,40714.415,19
3,40717.012,19
3,40719.676,19
3,40722.130,19
3,40724.703,19
3,40727.300,19
3,40729.967,19
3,40732.682,19
3,40735.295,19
3,40737.908,19
3,40740.637,19
3,40743.134,19
3,40746.524,19
3,40749.236,19
3,40751.804,19
3,40754.385,19
3,40756.937,19
3,40759.493,21
3,40762.590,21
3,40765.269,21
3,40767.872,21
3,40770.451,21
3,40773.085,21
3,40775.648,21
3,40778.304,21
3,40781.101,21
3,40783.666,21
3,40786.282,21
3,40788.796,21
3,40791.255,21
3,40793.884,21
3,40797.017,21
3,40799.687,21
3,40802.210,21
3,40804.774,21
3,40808.032,21
3,40810.688,21
3,40813.579,21
3,40816.348,21
3,40818.993,21
3,40821.510,21
3,40824.110,21
3,40826.630,21
3,40830.140,21
3,40832.859,21
3,40835.370,21
3,40837.977,21
3,40840.657,21
3,40843.212,21
3,40846.088,21
3,40848.774,21
3,40851.790,21
3,40854.366,21
3,40856.993,21
3,40859.503,21
3,40862.490,21
3,40865.195,21
3,40867.760,21
3,40870.418,21
3,40873.459,21
3,40876.017,21
3,40879.255,21
3,40881.910,21
3,40884.515,21
3,40887.058,21
3,40889.691,21
3,40892.171,21
3,40894.721,21
3,40897.610,21
3,40900.249,21
3,40902.892,21
3,40905.446,21
3,40907.865,21
3,40910.400,21
3,40913.453,21
3,40916.115,21
3,40918.740,21
3,40921.290,21
3,40923.722,21
3,40926.200,23
3,40928.923,23
3,40931.704,23
3,40934.299,23
3,40936.911,23
3,40939.461,23
3,40942.016,23
3,40944.266,23
3,40946.801,23
3,40949.720,23
3,40952.338,23
3,40954.942,23
3,40957.497,23
3,40959.998,23
3,40962.602,23
3,40965.574,23
3,40968.427,23
3,40970.836,23
3,40973.445,23
3,40975.800,23
3,40978.368,23
3,40981.243,23
3,40983.800,23
3,40986.288,23
3,40988.881,23
3,40991.378,23
3,40994.031,23
3,40996.712,23
3,40999.582,23
3,41002.178,23
3,41004.794,23
3,41007.414,23
3,41009.862,23
3,41012.420,23
3,41015.279,23
3,41018.012,23
3,41020.726,23
3,41023.402,23
3,41025.907,23
3,41028.476,23
3,41031.337,23
3,41034.395,23
3,41037.077,23
3,41039.698,23
3,41042.339,23
3,41044.807,23
3,41047.725,23
3,41050.425,23
3,41053.047,23
3,41055.607,23
3,41058.188,23
3,41060.835,23
3,41063.397,23
3,41066.284,23
3,41068.927,23
3,41071.435,23
3,41074.076,23
3,41076.630,23
3,41079.176,23
3,41082.114,23
3,41085.065,23
3,41087.640,23
3,41090.257,23
3,41092.596,25
3,41095.265,25
3,41098.152,25
3,41100.695,25
3,41103.297,25
3,41105.849,25
3,41109.305,25
3,41112.196,25
3,41114.866,25
3,41117.381,25
3,41119.985,25
3,41122.596,25
3,41125.303,25
3,41127.890,25
3,41130.908,25
3,41133.717,25
3,41136.172,25
3,41138.880,25
3,41141.394,25
3,41143.990,25
3,41146.819,25
3,41149.493,25
3,41152.135,25
3,41154.787,25
3,41157.428,25
3,41159.978,25
3,41162.854,25
3,41165.453,25
3,41168.073,25
3,41170.634,25
3,41173.379,25
3,41175.990,25
3,41179.064,25
3,41181.751,25
3,41184.312,25
3,41187.019,25
3,41189.691,25
3,41192.314,25
3,41195.460,25
3,41198.156,25
3,41200.907,25
3,41203.363,25
3,41205.930,25
3,41208.533,25
3,41210.928,25
3,41213.817,25
3,41216.512,25
3,41219.153,25
3,41221.738,25
3,41224.117,25
3,41226.622,25
3,41229.783,25
3,41232.480,25
3,41235.214,25
3,41237.808,25
3,41240.456,25
3,41242.973,25
3,41245.762,25
3,41248.456,25
3,41250.922,25
3,41253.522,25
3,41256.050,25
3,41258.626,25
3,41261.176,27
3,41263.937,27
3,41266.517,27
3,41269.205,27
3,41271.826,27
3,41274.377,27
3,41276.965,27
3,41279.767,27
3,41282.413,27
3,41285.447,27
3,41288.061,27
3,41290.642,27
3,41293.160,27
3,41296.230,27
3,41298.886,27
3,41301.496,27
3,41304.125,27
3,41306.730,27
3,41309.352,27
3,41312.579,27
3,41315.482,27
3,41318.274,27
3,41320.959,27
3,41323.623,27
3,41326.121,27
3,41329.225,27
3,41331.939,27
3,41334.576,27
3,41337.288,27
3,41339.933,27
3,41343.060,27
3,41345.934,27
3,41348.502,27
3,41351.085,27
3,41353.669,27
3,41356.276,27
3,41359.533,27
3,41362.374,27
3,41365.062,27
3,41367.669,27
3,41370.517,27
3,41373.193,27
3,41375.890,27
3,41378.909,27
3,41381.568,27
3,41384.171,27
3,41387.029,27
3,41389.689,27
3,41392.257,27
3,41394.877,27
3,41397.794,27
3,41400.329,27
3,41402.906,27
3,41405.516,27
3,41408.110,27
3,41411.495,27
3,41414.570,27
3,41417.101,27
3,41419.728,27
3,41422.307,27
3,41424.917,27
3,41427.661,30
3,41430.792,30
3,41433.408,30
3,41436.057,30
3,41438.620,30
3,41441.334,30
3,41443.809,30
3,41447.446,30
3,41450.474,30
3,41453.374,30
3,41455.995,30
3,41458.662,30
3,41462.268,30
3,41465.164,30
3,41467.743,30
3,41470.372,30
3,41472.805,30
3,41475.344,30
3,41477.786,30
3,41480.936,30
3,41483.556,30
3,41486.184,30
3,41489.016,30
3,41491.588,30
3,41494.097,30
3,41497.674,30
3,41500.357,30
3,41503.011,30
3,41505.974,30
3,41508.687,30
3,41511.086,30
3,41513.815,30
3,41516.586,30
3,41519.503,30
3,41522.114,30
3,41524.416,30
3,41526.939,30
3,41529.803,30
3,41532.463,30
3,41535.096,30
3,41537.724,30
3,41540.285,30
3,41542.808,30
3,41545.747,30
3,41548.369,30
3,41551.247,30
3,41553.898,30
3,41556.612,30
3,41559.433,30
3,41562.300,30
3,41565.017,30
3,41568.075,30
3,41570.648,30
3,41573.221,30
3,41575.905,30
3,41579.179,30
3,41581.911,30
3,41584.349,30
3,41586.961,30
3,41589.522,30
3,41592.007,30
3,41594.503,32
3,41597.645,32
3,41600.237,32
3,41602.990,32
3,41605.639,32
3,41608.283,32
3,41610.758,32
3,41613.772,32
3,41616.494,32
3,41619.059,32
3,41621.650,32
3,41624.128,32
3,41626.715,32
3,41629.549,32
3,41632.258,32
3,41634.879,32
3,41637.479,32
3,41640.128,32
3,41642.876,32
3,41646.252,32
3,41649.010,32
3,41651.583,32
3,41654.114,32
3,41656.769,32
3,41660.246,32
3,41663.132,32
3,41665.777,32
3,41668.648,32
3,41671.227,32
3,41673.763,32
3,41676.252,32
3,41679.352,32
3,41682.089,32
3,41684.842,32
3,41687.450,32
3,41690.105,32
3,41692.771,32
3,41695.266,32
3,41698.181,32
3,41701.082,32
3,41703.717,32
3,41706.396,32
3,41709.019,32
3,41712.519,32
3,41715.106,32
3,41717.819,32
3,41720.629,32
3,41723.226,32
3,41725.913,32
3,41729.254,32
3,41732.408,32
3,41735.437,32
3,41738.143,32
3,41740.834,32
3,41743.242,32
3,41746.614,32
3,41750.023,32
3,41753.130,32
3,41755.730,32
3,41758.303,32
3,41761.010,34
3,41764.123,34
3,41766.705,34
3,41769.323,34
3,41771.734,34
3,41774.275,34
3,41776.802,34
3,41779.733,34
3,41782.456,34
3,41785.038,34
3,41787.445,34
3,41790.143,34
3,41792.707,34
3,41795.673,34
3,41798.312,34
3,41800.977,34
3,41803.572,34
3,41806.006,34
3,41808.652,34
3,41811.102,34
3,41814.238,34
3,41817.235,34
3,41819.919,34
3,41822.513,34
3,41825.077,34
3,41827.743,34
3,41830.647,34
3,41833.286,34
3,41835.987,34
3,41838.569,34
3,41841.147,34
3,41843.613,34
3,41846.521,34
3,41849.161,34
3,41851.747,34
3,41854.320,34
3,41856.820,34
3,41859.377,34
3,41862.450,34
3,41865.350,34
3,41867.963,34
3,41870.802,34
3,41873.174,34
3,41875.982,34
3,41878.987,34
3,41881.635,34
3,41884.264,34
3,41886.780,34
3,41889.347,34
3,41891.931,34
3,41894.228,34
3,41897.365,34
3,41900.054,34
3,41902.670,34
3,41905.245,34
3,41907.777,34
3,41910.347,34
3,41913.308,34
3,41915.942,34
3,41918.805,34
3,41921.334,34
3,41924.054,34
3,41926.544,36
3,41929.403,36
3,41932.051,36
3,41934.622,36
3,41937.180,36
3,41939.752,36
3,41942.263,36
3,41944.926,36
3,41947.590,36
3,41950.222,36
3,41952.806,36
3,41955.434,36
3,41958.058,36
3,41960.707,36
3,41963.451,36
3,41966.109,36
3,41968.757,36
3,41971.303,36
3,41973.967,36
3,41976.435,36
3,41979.472,36
3,41982.161,36
3,41984.758,36
3,41987.153,36
3,41989.686,36
3,41992.276,36
3,41995.348,36
3,41998.029,36
3,42000.726,36
3,42003.324,36
3,42005.958,36
3,42008.552,36
3,42011.283,36
3,42014.988,36
3,42017.758,36
3,42020.448,36
3,42023.102,36
3,42025.923,36
3,42029.064,36
3,42031.766,36
3,42034.539,36
3,42036.955,36
3,42039.560,36
3,42042.085,36
3,42044.402,36
3,42047.979,36
3,42051.515,36
3,42054.024,36
3,42056.645,36
3,42059.361,36
3,42062.646,36
3,42065.385,36
3,42068.054,36
3,42070.727,36
3,42073.390,36
3,42075.956,36
3,42079.488,36
3,42082.233,36
3,42084.814,36
3,42087.245,36
3,42089.894,36
3,42092.692,38
3,42096.026,38
3,42098.764,38
3,42101.642,38
3,42104.257,38
3,42106.913,38
3,42109.456,38
3,42112.546,38
3,42115.458,38
3,42117.906,38
3,42120.657,38
3,42123.276,38
3,42125.902,38
3,42129.142,38
3,42131.859,38
3,42134.496,38
3,42137.090,38
3,42139.692,38
3,42142.337,38
3,42144.583,38
3,42147.728,38
3,42150.315,38
3,42153.133,38
3,42155.710,38
3,42158.271,38
3,42160.951,38
3,42163.790,38
3,42166.396,38
3,42168.996,38
3,42171.523,38
3,42174.118,38
3,42176.703,38
3,42179.991,38
3,42182.646,38
3,42185.084,38
3,42187.765,38
3,42190.564,38
3,42193.064,38
3,42195.921,38
3,42198.644,38
3,42200.999,38
3,42203.571,38
3,42205.990,38
3,42208.601,38
3,42211.138,38
3,42213.964,38
3,42216.647,38
3,42219.230,38
3,42222.219,38
3,42224.908,38
3,42227.508,38
3,42230.489,38
3,42233.209,38
3,42235.827,38
3,42238.518,38
3,42241.071,38
3,42243.827,38
3,42246.583,38
3,42249.245,38
3,42251.825,38
3,42254.421,38
3,42257.142,38
3,42259.661,40
3,42262.492,40
3,42265.203,40
3,42267.819,40
3,42270.483,40
3,42273.047,40
3,42275.663,40
3,42278.115,40
3,42281.144,40
3,42283.672,40
3,42286.299,40
3,42289.415,40
3,42291.866,40
3,42294.384,40
3,42297.357,40
3,42299.965,40
3,42302.499,40
3,42305.140,40
3,42307.724,40
3,42310.622,40
3,42313.529,40
3,42316.821,40
3,42319.296,40
3,42322.194,40
3,42324.755,40
3,42327.371,40
3,42330.168,40
3,42332.873,40
3,42335.520,40
3,42337.942,40
3,42340.675,40
3,42343.243,40
3,42346.089,40
3,42348.749,40
3,42351.848,40
3,42354.491,40
3,42357.244,40
3,42359.890,40
3,42362.786,40
3,42365.385,40
3,42367.856,40
3,42370.656,40
3,42373.230,40
3,42375.816,40
3,42378.373,40
3,42381.208,40
3,42383.792,40
3,42386.490,40
3,42389.141,40
3,42391.737,40
3,42394.258,40
3,42397.508,40
3,42400.139,40
3,42402.747,40
3,42405.397,40
3,42407.972,40
3,42410.643,40
3,42413.381,40
3,42415.985,40
3,42418.828,40
3,42421.376,40
3,42423.996,40
3,42426.473,42
3,42429.292,42
3,42431.965,42
3,42434.486,42
3,42436.919,42
3,42439.584,42
3,42442.316,42
3,42444.886,42
3,42448.045,42
3,42451.020,42
3,42453.611,42
3,42456.173,42
3,42458.975,42
3,42462.141,42
3,42464.797,42
3,42467.429,42
3,42470.087,42
3,42472.658,42
3,42475.213,42
3,42477.725,42
3,42480.557,42
3,42483.257,42
3,42485.882,42
3,42488.788,42
3,42491.363,42
3,42493.986,42
3,42496.731,42
3,42499.732,42
3,42502.620,42
3,42505.287,42
3,42507.810,42
3,42510.815,42
3,42513.704,42
3,42516.325,42
3,42518.940,42
3,42521.460,42
3,42524.172,42
3,42526.720,42
3,42529.634,42
3,42532.079,42
3,42534.716,42
3,42537.298,42
3,42539.977,42
3,42542.772,42
3,42546.098,42
3,42548.750,42
3,42551.435,42
3,42553.969,42
3,42556.699,42
3,42559.750,42
3,42562.905,42
3,42565.674,42
3,42568.696,42
3,42571.258,42
3,42573.844,42
3,42576.330,42
3,42579.207,42
3,42581.828,42
3,42584.685,42
3,42587.371,42
3,42590.063,42
3,42592.956,44
3,42595.830,44
3,42598.426,44
3,42600.972,44
3,42603.540,44
3,42606.120,44
3,42608.628,44
3,42611.077,44
3,42614.179,44
3,42616.759,44
3,42620.196,44
3,42622.657,44
3,42625.231,44
3,42627.970,44
3,42631.322,44
3,42634.484,44
3,42636.947,44
3,42640.178,44
3,42642.973,44
3,42645.983,44
3,42649.616,44
3,42652.333,44
3,42655.358,44
3,42658.895,44
3,42663.132,44
3,42666.667,44
3,42669.146,44
3,42672.054,44
3,42674.994,44
3,42677.618,44
3,42680.679,44
3,42683.188,44
3,42686.099,44
3,42689.376,44
3,42692.419,44
3,42695.285,44
3,42698.407,44
3,42701.508,44
3,42704.560,44
3,42707.489,44
3,42710.070,44
3,42713.217,44
3,42716.448,44
3,42719.548,44
3,42722.202,44
3,42724.750,44
3,42727.272,44
3,42730.449,44
3,42733.736,44
3,42736.403,44
3,42739.049,44
3,42742.135,44
3,42744.669,44
3,42747.653,44
3,42750.481,44
3,42753.119,44
3,42755.788,44
3,42758.499,44
3,42761.038,46
3,42763.781,46
3,42766.327,46
3,42769.479,46
3,42772.469,46
3,42774.871,46
3,42777.374,46
3,42780.096,46
3,42782.660,46
3,42785.805,46
3,42788.440,46
3,42791.013,46
3,42793.972,46
3,42797.240,46
3,42800.274,46
3,42802.933,46
3,42805.397,46
3,42807.807,46
3,42810.268,46
3,42813.759,46
3,42816.753,46
3,42819.760,46
3,42822.195,46
3,42824.620,46
3,42827.288,46
3,42830.413,46
3,42833.226,46
3,42835.708,46
3,42838.822,46
3,42841.227,46
3,42843.708,46
3,42846.535,46
3,42849.767,46
3,42852.620,46
3,42855.693,46
3,42858.045,46
3,42860.614,46
3,42863.714,46
3,42866.373,46
3,42869.574,46
3,42872.199,46
3,42874.755,46
3,42877.339,46
3,42880.436,46
3,42883.207,46
3,42885.855,46
3,42888.530,46
3,42891.059,46
3,42893.770,46
3,42897.335,46
3,42900.300,46
3,42903.018,46
3,42906.248,46
3,42909.227,46
3,42912.268,46
3,42915.132,46
3,42918.145,46
3,42921.520,46
3,42924.220,46
3,42926.889,48
3,42930.025,48
3,42932.958,48
3,42935.660,48
3,42938.845,48
3,42941.451,48
3,42944.154,48
3,42947.308,48
3,42950.284,48
3,42953.520,48
3,42956.134,48
3,42958.980,48
3,42961.526,48
3,42964.891,48
3,42967.625,48
3,42970.586,48
3,42973.276,48
3,42976.029,48
3,42979.566,48
3,42982.455,48
3,42985.463,48
3,42988.290,48
3,42990.986,48
3,42993.552,48
3,42996.667,48
3,42999.518,48
3,43002.836,48
3,43005.568,48
3,43008.163,48
3,43010.796,48
3,43014.191,48
3,43016.885,48
3,43019.538,48
3,43022.349,48
3,43024.828,48
3,43027.479,48
3,43030.074,48
3,43032.897,48
3,43035.774,48
3,43038.319,48
3,43041.543,48
3,43044.235,48
3,43047.163,48
3,43050.343,48
3,43052.999,48
3,43055.990,48
3,43059.016,48
3,43061.608,48
3,43064.798,48
3,43067.623,48
3,43070.426,48
3,43073.562,48
3,43076.298,48
3,43079.731,48
3,43082.451,48
3,43085.068,48
3,43087.678,48
3,43090.257,48
3,43092.766,50
3,43095.458,50
3,43098.287,50
3,43101.472,50
3,43104.305,50
3,43106.956,50
3,43109.746,50
3,43113.236,50
3,43115.982,50
3,43119.321,50
3,43121.952,50
3,43124.546,50
3,43127.269,50
3,43130.955,50
3,43133.841,50
3,43136.428,50
3,43139.089,50
3,43142.104,50
3,43144.664,50
3,43147.745,50
3,43150.493,50
3,43153.000,50
3,43155.646,50
3,43158.242,50
3,43160.825,50
3,43164.231,50
3,43166.921,50
3,43169.563,50
3,43172.072,50
3,43174.680,50
3,43177.190,50
3,43180.463,50
3,43183.276,50
3,43185.900,50
3,43188.264,50
3,43190.793,50
3,43193.378,50
3,43196.557,50
3,43199.259,50
3,43201.597,50
3,43204.586,50
3,43207.242,50
3,43209.827,50
3,43212.751,50
3,43216.094,50
3,43218.687,50
3,43221.224,50
3,43224.831,50
3,43227.502,50
3,43230.597,50
3,43233.354,50
3,43236.015,50
3,43238.568,50
3,43241.153,50
3,43244.204,50
3,43246.976,50
3,43249.429,50
3,43252.275,50
3,43254.926,50
3,43257.459,50
3,43260.109,52
3,43263.083,52
3,43265.794,52
3,43268.724,52
3,43271.252,52
3,43273.906,52
3,43276.232,52
3,43280.297,52
3,43283.032,52
3,43285.700,52
3,43288.274,52
3,43290.868,52
3,43293.369,52
3,43296.406,52
3,43299.698,52
3,43302.811,52
3,43305.396,52
3,43308.040,52
3,43310.763,52
3,43313.856,52
3,43316.693,52
3,43319.485,52
3,43322.009,52
3,43324.571,52
3,43327.285,52
3,43330.198,52
3,43332.913,52
3,43335.511,52
3,43338.077,52
3,43340.732,52
3,43343.283,52
3,43346.652,52
3,43349.400,52
3,43351.787,52
3,43354.851,52
3,43357.360,52
3,43359.641,52
3,43363.010,52
3,43366.226,52
3,43369.110,52
3,43372.131,52
3,43374.932,52
3,43377.572,52
3,43380.935,52
3,43383.544,52
3,43386.217,52
3,43388.912,52
3,43391.534,52
3,43394.026,52
3,43397.338,52
3,43399.987,52
3,43402.521,52
3,43405.227,52
3,43407.684,52
3,43410.313,52
3,43413.579,52
3,43416.904,52
3,43419.602,52
3,43422.105,52
3,43424.651,52
3,43427.224,55
3,43430.569,55
3,43433.353,55
3,43435.831,55
3,43438.403,55
3,43441.212,55
3,43443.761,55
3,43446.869,55
3,43449.946,55
3,43452.691,55
3,43455.324,55
3,43457.880,55
3,43460.964,55
3,43464.021,55
3,43466.644,55
3,43469.586,55
3,43472.163,55
3,43474.700,55
3,43477.244,55
3,43480.489,55
3,43483.213,55
3,43485.859,55
3,43488.543,55
3,43491.136,55
3,43493.678,55
3,43496.730,55
3,43499.499,55
3,43502.068,55
3,43504.916,55
3,43507.504,55
3,43510.070,55
3,43512.938,55
3,43515.638,55
3,43518.498,55
3,43521.305,55
3,43523.885,55
3,43527.248,55
3,43530.135,55
3,43532.767,55
3,43535.325,55
3,43537.916,55
3,43540.555,55
3,43543.129,55
3,43546.361,55
3,43549.393,55
3,43552.020,55
3,43554.654,55
3,43557.298,55
3,43559.763,55
3,43562.547,55
3,43565.148,55
3,43567.715,55
3,43570.192,55
3,43572.613,55
3,43575.675,55
3,43578.226,55
3,43580.962,55
3,43583.549,55
3,43586.163,55
3,43588.949,55
3,43591.264,55
3,43593.695,57
3,43597.296,57
3,43600.025,57
3,43602.580,57
3,43605.277,57
3,43607.787,57
3,43610.349,57
3,43613.291,57
3,43616.379,57
3,43618.820,57
3,43621.104,57
3,43623.727,57
3,43626.343,57
3,43628.683,57
3,43631.876,57
3,43634.478,57
3,43637.090,57
3,43639.688,57
3,43642.711,57
3,43645.242,57
3,43648.023,57
3,43650.681,57
3,43653.338,57
3,43655.872,57
3,43658.237,57
3,43660.723,57
3,43663.871,57
3,43666.980,57
3,43670.138,57
3,43672.524,57
3,43675.087,57
3,43677.631,57
3,43680.482,57
3,43682.869,57
3,43685.198,57
3,43687.711,57
3,43690.283,57
3,43692.794,57
3,43696.484,57
3,43699.362,57
3,43701.782,57
3,43704.313,57
3,43706.929,57
3,43710.121,57
3,43713.005,57
3,43715.731,57
3,43718.258,57
3,43721.400,57
3,43724.033,57
3,43726.534,57
3,43729.846,57
3,43732.804,57
3,43735.607,57
3,43738.575,57
3,43741.049,57
3,43743.638,57
3,43746.651,57
3,43749.355,57
3,43751.913,57
3,43754.393,57
3,43757.124,57
3,43759.867,59
3,43762.614,59
3,43765.336,59
3,43768.000,59
3,43770.582,59
3,43773.124,59
3,43775.664,59
3,43778.498,59
3,43781.188,59
3,43783.959,59
3,43786.716,59
3,43789.349,59
3,43792.057,59
3,43794.706,59
3,43798.681,59
3,43801.552,59
3,43804.334,59
3,43806.880,59
3,43809.654,59
3,43813.709,59
3,43816.802,59
3,43819.904,59
3,43822.629,59
3,43825.729,59
3,43829.512,59
3,43832.711,59
3,43835.916,59
3,43838.704,59
3,43843.019,59
3,43847.071,59
3,43850.606,59
3,43853.991,59
3,43857.028,59
3,43859.882,59
3,43863.183,59
3,43866.155,59
3,43869.177,59
3,43872.280,59
3,43875.063,59
3,43877.660,59
3,43880.482,59
3,43883.542,59
3,43886.148,59
3,43888.818,59
3,43891.402,59
3,43894.035,59
3,43897.125,59
3,43899.830,59
3,43902.295,59
3,43904.961,59
3,43907.541,59
3,43910.092,59
3,43913.015,59
3,43915.621,59
3,43918.774,59
3,43921.530,59
3,43924.049,59
3,43926.857,61
3,43930.334,61
3,43933.113,61
3,43935.767,61
3,43938.333,61
3,43941.570,61
3,43944.165,61
3,43947.211,61
3,43950.203,61
3,43953.400,61
3,43957.835,61
3,43960.648,61
3,43963.948,61
3,43967.075,61
3,43969.753,61
3,43972.912,61
3,43975.661,61
3,43978.758,61
3,43982.386,61
3,43985.285,61
3,43988.001,61
3,43990.535,61
3,43993.175,61
3,43996.323,61
3,43999.264,61
3,44001.857,61
3,44004.474,61
3,44007.169,61
3,44009.775,61
3,44012.860,61
3,44015.978,61
3,44018.415,61
3,44021.767,61
3,44024.590,61
3,44027.289,61
3,44031.255,61
3,44034.042,61
3,44037.269,61
3,44039.781,61
3,44042.822,61
3,44045.414,61
3,44048.421,61
3,44051.484,61
3,44054.116,61
3,44056.762,61
3,44059.355,61
3,44062.285,61
3,44065.267,61
3,44067.913,61
3,44070.514,61
3,44073.055,61
3,44075.663,61
3,44078.456,61
3,44081.342,61
3,44083.986,61
3,44086.901,61
3,44089.774,61
3,44092.468,61
3,44095.583,63
3,44098.219,63
3,44101.419,63
3,44104.029,63
3,44106.608,63
3,44109.262,63
3,44112.476,63
3,44115.203,63
3,44118.012,63
3,44120.881,63
3,44123.541,63
3,44125.963,63
3,44128.699,63
3,44132.547,63
3,44135.051,63
3,44137.667,63
3,44140.221,63
3,44142.830,63
3,44145.552,63
3,44148.366,63
3,44151.032,63
3,44153.672,63
3,44156.140,63
3,44158.673,63
3,44161.391,63
3,44165.138,63
3,44167.817,63
3,44170.666,63
3,44173.623,63
3,44176.533,63
3,44180.016,63
3,44183.163,63
3,44185.962,63
3,44188.650,63
3,44191.383,63
3,44194.128,63
3,44197.197,63
3,44200.079,63
3,44202.609,63
3,44205.104,63
3,44207.806,63
3,44210.650,63
3,44213.424,63
3,44216.081,63
3,44218.681,63
3,44221.460,63
3,44224.068,63
3,44226.595,63
3,44229.360,63
3,44232.017,63
3,44234.644,63
3,44237.369,63
3,44240.520,63
3,44243.414,63
3,44246.615,63
3,44249.544,63
3,44252.283,63
3,44254.836,63
3,44257.406,63
3,44259.909,65
3,44263.111,65
3,44265.773,65
3,44268.538,65
3,44271.317,65
3,44273.898,65
3,44276.434,65
3,44279.230,65
3,44281.861,65
3,44284.537,65
3,44287.197,65
3,44289.670,65
3,44292.307,65
3,44294.721,65
3,44297.461,65
3,44300.289,65
3,44302.870,65
3,44305.824,65
3,44308.796,65
3,44311.382,65
3,44314.145,65
3,44316.893,65
3,44319.958,65
3,44322.387,65
3,44325.026,65
3,44327.859,65
3,44330.658,65
3,44333.351,65
3,44336.183,65
3,44339.277,65
3,44342.024,65
3,44344.288,65
3,44347.485,65
3,44350.093,65
3,44352.609,65
3,44355.222,65
3,44357.802,65
3,44360.518,65
3,44363.448,65
3,44366.100,65
3,44368.671,65
3,44371.609,65
3,44374.051,65
3,44376.633,65
3,44379.689,65
3,44382.322,65
3,44385.037,65
3,44387.682,65
3,44390.324,65
3,44393.006,65
3,44396.098,65
3,44398.817,65
3,44401.383,65
3,44404.042,65
3,44406.648,65
3,44409.439,65
3,44412.665,65
3,44415.359,65
3,44418.805,65
3,44421.330,65
3,44424.425,65
3,44427.379,67
3,44430.315,67
3,44433.702,67
3,44436.402,67
3,44439.413,67
3,44442.709,67
3,44445.313,67
3,44448.433,67
3,44451.053,67
3,44453.751,67
3,44456.682,67
3,44459.583,67
3,44462.858,67
3,44465.650,67
3,44468.258,67
3,44470.787,67
3,44473.337,67
3,44476.071,67
3,44479.260,67
3,44481.966,67
3,44484.521,67
3,44487.281,67
3,44489.983,67
3,44492.975,67
3,44496.688,67
3,44499.753,67
3,44502.411,67
3,44504.990,67
3,44507.498,67
3,44510.461,67
3,44513.324,67
3,44515.936,67
3,44519.091,67
3,44522.028,67
3,44524.580,67
3,44527.262,67
3,44530.023,67
3,44532.774,67
3,44535.380,67
3,44538.527,67
3,44541.198,67
3,44543.946,67
3,44546.794,67
3,44549.456,67
3,44552.446,67
3,44555.287,67
3,44557.863,67
3,44560.423,67
3,44563.296,67
3,44565.905,67
3,44568.687,67
3,44571.262,67
3,44573.815,67
3,44576.290,67
3,44579.496,67
3,44582.387,67
3,44585.002,67
3,44587.586,67
3,44590.038,67
3,44592.602,69
3,44595.497,69
3,44598.312,69
3,44600.933,69
3,44603.528,69
3,44606.606,69
3,44609.729,69
3,44613.026,69
3,44615.834,69
3,44618.505,69
3,44621.120,69
3,44623.672,69
3,44626.255,69
3,44629.406,69
3,44632.120,69
3,44635.097,69
3,44637.661,69
3,44640.182,69
3,44642.916,69
3,44646.293,69
3,44649.445,69
3,44652.278,69
3,44654.806,69
3,44657.417,69
3,44659.896,69
3,44663.328,69
3,44666.026,69
3,44668.656,69
3,44671.342,69
3,44673.704,69
3,44676.247,69
3,44679.471,69
3,44682.417,69
3,44685.133,69
3,44688.228,69
3,44690.969,69
3,44693.504,69
3,44697.330,69
3,44700.015,69
3,44702.632,69
3,44705.609,69
3,44708.157,69
3,44710.965,69
3,44713.931,69
3,44716.885,69
3,44719.472,69
3,44722.107,69
3,44724.826,69
3,44727.430,69
3,44730.153,69
3,44732.870,69
3,44736.780,69
3,44739.488,69
3,44742.054,69
3,44744.607,69
3,44747.690,69
3,44750.373,69
3,44753.187,69
3,44755.799,69
3,44758.440,69
3,44761.324,71
3,44764.529,71
3,44767.287,71
3,44769.888,71
3,44772.540,71
3,44775.304,71
3,44777.679,71
3,44780.879,71
3,44783.872,71
3,44786.581,71
3,44789.212,71
3,44791.703,71
3,44794.841,71
3,44797.686,71
3,44800.307,71
3,44803.006,71
3,44805.887,71
3,44809.141,71
3,44811.638,71
3,44814.480,71
3,44817.079,71
3,44819.596,71
3,44822.416,71
3,44824.952,71
3,44827.552,71
3,44830.346,71
3,44833.650,71
3,44836.365,71
3,44838.928,71
3,44841.516,71
3,44844.111,71
3,44846.566,71
3,44849.504,71
3,44852.225,71
3,44855.031,71
3,44858.075,71
3,44860.636,71
3,44863.457,71
3,44866.623,71
3,44869.536,71
3,44872.432,71
3,44875.009,71
3,44877.698,71
3,44880.663,71
3,44883.254,71
3,44885.814,71
3,44888.376,71
3,44891.258,71
3,44893.832,71
3,44896.705,71
3,44899.661,71
3,44902.216,71
3,44904.700,71
3,44907.452,71
3,44909.992,71
3,44912.666,71
3,44915.313,71
3,44918.006,71
3,44920.561,71
3,44923.227,71
3,44926.137,73
3,44929.417,73
3,44932.154,73
3,44935.253,73
3,44938.487,73
3,44941.568,73
3,44943.915,73
3,44946.853,73
3,44949.684,73
3,44952.437,73
3,44955.104,73
3,44957.792,73
3,44960.338,73
3,44963.517,73
3,44966.411,73
3,44969.307,73
3,44972.224,73
3,44974.781,73
3,44977.558,73
3,44980.685,73
3,44983.348,73
3,44985.911,73
3,44988.594,73
3,44991.189,73
3,44993.747,73
3,44996.718,73
3,44999.445,73
3,45002.750,73
3,45005.705,73
3,45008.332,73
3,45011.092,73
3,45013.940,73
3,45016.533,73
3,45019.486,73
3,45022.442,73
3,45025.362,73
3,45028.061,73
3,45030.988,73
3,45033.618,73
3,45036.955,73
3,45039.772,73
3,45042.494,73
3,45045.084,73
3,45047.977,73
3,45051.813,73
3,45054.466,73
3,45057.472,73
3,45060.018,73
3,45062.922,73
3,45066.206,73
3,45069.158,73
3,45071.790,73
3,45074.444,73
3,45077.028,73
3,45080.207,73
3,45083.001,73
3,45085.691,73
3,45088.240,73
3,45090.942,73
3,45093.512,75
3,45097.161,75
3,45100.253,75
3,45103.485,75
3,45106.141,75
3,45108.872,75
3,45111.470,75
3,45115.177,75
3,45118.097,75
3,45120.692,75
3,45123.375,75
3,45125.939,75
3,45129.296,75
3,45132.378,75
3,45134.995,75
3,45137.698,75
3,45140.378,75
3,45142.883,75
3,45146.357,75
3,45149.527,75
3,45152.471,75
3,45155.166,75
3,45158.340,75
3,45161.007,75
3,45164.146,75
3,45166.901,75
3,45169.666,75
3,45172.302,75
3,45174.886,75
3,45177.570,75
3,45180.549,75
3,45183.337,75
3,45185.964,75
3,45188.668,75
3,45191.901,75
3,45194.513,75
3,45197.417,75
3,45200.028,75
3,45202.665,75
3,45205.306,75
3,45207.897,75
3,45210.591,75
3,45213.133,75
3,45216.048,75
3,45218.587,75
3,45221.165,75
3,45223.988,75
3,45226.488,75
3,45229.190,75
3,45232.144,75
3,45234.793,75
3,45237.357,75
3,45240.545,75
3,45243.043,75
3,45246.256,75
3,45249.042,75
3,45251.921,75
3,45254.626,75
3,45257.507,75
3,45259.998,77
3,45262.785,77
3,45265.429,77
3,45268.550,77
3,45271.121,77
3,45273.792,77
3,45276.369,77
3,45279.269,77
3,45282.108,77
3,45284.795,77
3,45287.451,77
3,45290.815,77
3,45293.301,77
3,45296.342,77
3,45299.118,77
3,45301.751,77
3,45304.693,77
3,45307.345,77
3,45309.869,77
3,45312.840,77
3,45315.587,77
3,45318.679,77
3,45321.315,77
3,45324.093,77
3,45326.615,77
3,45330.256,77
3,45333.061,77
3,45336.057,77
3,45339.561,77
3,45342.705,77
3,45345.306,77
3,45348.181,77
3,45351.020,77
3,45353.691,77
3,45356.225,77
3,45359.086,77
3,45362.372,77
3,45365.139,77
3,45367.747,77
3,45370.526,77
3,45373.143,77
3,45375.844,77
3,45379.660,77
3,45382.553,77
3,45385.230,77
3,45387.904,77
3,45390.669,77
3,45393.212,77
3,45396.279,77
3,45398.927,77
3,45401.383,77
3,45403.901,77
3,45406.542,77
3,45409.422,77
3,45412.669,77
3,45415.426,77
3,45418.196,77
3,45420.802,77
3,45423.386,77
3,45426.149,79
3,45429.615,79
3,45432.344,79
3,45435.780,79
3,45438.540,79
3,45441.186,79
3,45443.688,79
3,45446.831,79
3,45449.621,79
3,45452.220,79
3,45455.148,79
3,45457.783,79
3,45460.434,79
3,45463.377,79
3,45466.096,79
3,45468.803,79
3,45471.401,79
3,45474.127,79
3,45476.741,79
3,45479.744,79
3,45482.486,79
3,45485.099,79
3,45487.711,79
3,45490.578,79
3,45493.254,79
3,45496.224,79
3,45498.970,79
3,45501.809,79
3,45504.493,79
3,45507.092,79
3,45509.665,79
3,45512.779,79
3,45515.498,79
3,45517.938,79
3,45520.600,79
3,45523.033,79
3,45525.673,79
3,45528.059,79
3,45531.550,79
3,45534.232,79
3,45537.058,79
3,45539.735,79
3,45542.350,79
3,45544.903,79
3,45547.702,79
3,45550.724,79
3,45553.224,79
3,45555.742,79
3,45558.429,79
3,45561.045,79
3,45564.562,79
3,45567.297,79
3,45570.006,79
3,45572.505,79
3,45575.238,79
3,45577.844,79
3,45580.667,79
3,45583.437,79
3,45586.050,79
3,45588.652,79
3,45591.188,79
3,45593.881,82
3,45596.655,82
3,45599.434,82
3,45602.431,82
3,45605.266,82
3,45608.923,82
3,45613.018,82
3,45616.950,82
3,45620.198,82
3,45622.679,82
3,45625.238,82
3,45628.152,82
3,45631.035,82
3,45633.704,82
3,45636.276,82
3,45638.789,82
3,45642.579,82
3,45645.273,82
3,45647.993,82
3,45650.658,82
3,45653.645,82
3,45656.172,82
3,45659.228,82
3,45661.495,82
3,45664.359,82
3,45667.068,82
3,45669.613,82
3,45672.037,82
3,45674.460,82
3,45676.989,82
3,45679.887,82
3,45682.636,82
3,45685.208,82
3,45687.778,82
3,45690.415,82
3,45692.980,82
3,45696.009,82
3,45698.753,82
3,45701.325,82
3,45703.906,82
3,45706.829,82
3,45709.368,82
3,45712.385,82
3,45715.066,82
3,45717.662,82
3,45720.417,82
3,45723.001,82
3,45725.756,82
3,45728.483,82
3,45731.265,82
3,45733.992,82
3,45736.612,82
3,45739.188,82
3,45741.845,82
3,45744.402,82
3,45747.655,82
3,45750.393,82
3,45752.943,82
3,45755.510,82
3,45758.398,82
3,45761.010,84
3,45764.356,84
3,45766.934,84
3,45769.680,84
3,45772.261,84
3,45774.713,84
3,45777.786,84
3,45780.704,84
3,45783.217,84
3,45785.711,84
3,45788.753,84
3,45791.116,84
3,45793.561,84
3,45796.713,84
3,45799.426,84
3,45802.095,84
3,45804.585,84
3,45807.253,84
3,45809.662,84
3,45812.287,84
3,45814.952,84
3,45817.651,84
3,45820.295,84
3,45822.867,84
3,45825.441,84
3,45827.933,84
3,45832.550,84
3,45835.566,84
3,45838.351,84
3,45841.098,84
3,45843.697,84
3,45846.606,84
3,45849.870,84
3,45852.305,84
3,45854.932,84
3,45857.632,84
3,45860.326,84
3,45863.273,84
3,45865.821,84
3,45868.373,84
3,45871.513,84
3,45874.296,84
3,45876.796,84
3,45879.840,84
3,45882.404,84
3,45885.090,84
3,45887.622,84
3,45890.162,84
3,45892.660,84
3,45895.781,84
3,45898.423,84
3,45901.646,84
3,45904.019,84
3,45906.763,84
3,45909.162,84
3,45912.383,84
3,45914.997,84
3,45917.662,84
3,45920.239,84
3,45922.934,84
3,45925.552,84
3,45927.990,86
3,45930.872,86
3,45933.469,86
3,45935.912,86
3,45938.940,86
3,45942.528,86
3,45946.145,86
3,45948.989,86
3,45951.548,86
3,45954.454,86
3,45957.536,86
3,45960.083,86
3,45963.156,86
3,45966.053,86
3,45969.145,86
3,45971.535,86
3,45974.290,86
3,45977.077,86
3,45979.958,86
3,45982.513,86
3,45985.454,86
3,45987.846,86
3,45990.451,86
3,45993.091,86
3,45995.886,86
3,45999.056,86
3,46001.625,86
3,46004.195,86
3,46006.612,86
3,46009.740,86
3,46012.647,86
3,46015.421,86
3,46018.003,86
3,46020.726,86
3,46023.121,86
3,46025.734,86
3,46028.285,86
3,46031.545,86
3,46034.430,86
3,46036.985,86
3,46040.186,86
3,46042.756,86
3,46045.802,86
3,46048.533,86
3,46051.497,86
3,46054.008,86
3,46057.032,86
3,46059.522,86
3,46062.408,86
3,46065.168,86
3,46067.711,86
3,46070.381,86
3,46072.980,86
3,46075.396,86
3,46077.854,86
3,46080.784,86
3,46083.403,86
3,46086.027,86
3,46088.671,86
3,46091.310,86
3,46093.855,88
3,46096.993,88
3,46099.653,88
3,46102.077,88
3,46104.581,88
3,46107.333,88
3,46109.958,88
3,46112.781,88
3,46115.323,88
3,46118.299,88
3,46120.893,88
3,46123.436,88
3,46126.007,88
3,46129.422,88
3,46132.639,88
3,46135.238,88
3,46137.760,88
3,46140.514,88
3,46142.902,88
3,46145.954,88
3,46149.022,88
3,46151.519,88
3,46154.102,88
3,46156.760,88
3,46159.950,88
3,46162.785,88
3,46165.414,88
3,46168.370,88
3,46171.154,88
3,46173.728,88
3,46176.108,88
3,46178.883,88
3,46181.719,88
3,46184.405,88
3,46187.050,88
3,46189.740,88
3,46192.323,88
3,46194.922,88
3,46197.848,88
3,46201.043,88
3,46203.489,88
3,46205.985,88
3,46209.022,88
3,46211.500,88
3,46214.268,88
3,46217.056,88
3,46220.089,88
3,46223.008,88
3,46225.623,88
3,46229.191,88
3,46232.120,88
3,46234.710,88
3,46237.157,88
3,46240.126,88
3,46242.612,88
3,46246.102,88
3,46249.746,88
3,46252.264,88
3,46254.790,88
3,46257.633,88
3,46260.290,90
3,46263.159,90
3,46265.800,90
3,46268.379,90
3,46271.401,90
3,46274.142,90
3,46276.617,90
3,46279.557,90
3,46282.267,90
3,46284.889,90
3,46287.340,90
3,46290.620,90
3,46293.387,90
3,46296.253,90
3,46299.428,90
3,46302.107,90
3,46304.675,90
3,46307.260,90
3,46309.615,90
3,46312.532,90
3,46315.295,90
3,46317.737,90
3,46320.496,90
3,46323.135,90
3,46325.791,90
3,46328.346,90
3,46331.105,90
3,46333.718,90
3,46336.351,90
3,46339.469,90
3,46342.066,90
3,46344.600,90
3,46347.547,90
3,46350.358,90
3,46352.925,90
3,46355.493,90
3,46358.232,90
3,46361.023,90
3,46363.854,90
3,46366.448,90
3,46369.470,90
3,46372.066,90
3,46374.397,90
3,46376.952,90
3,46380.223,90
3,46382.988,90
3,46385.723,90
3,46388.407,90
3,46391.101,90
3,46393.948,90
3,46396.773,90
3,46399.842,90
3,46402.442,90
3,46405.081,90
3,46407.744,90
3,46410.415,90
3,46413.219,90
3,46415.854,90
3,46418.259,90
3,46420.836,90
3,46423.427,90
3,46426.307,92
3,46431.909,92
3,46434.765,92
3,46437.341,92
3,46440.522,92
3,46444.479,92
3,46447.611,92
3,46451.216,92
3,46454.359,92
3,46457.834,92
3,46460.419,92
3,46463.298,92
3,46465.895,92
3,46468.578,92
3,46471.719,92
3,46474.317,92
3,46476.825,92
3,46479.747,92
3,46482.464,92
3,46485.177,92
3,46487.731,92
3,46490.507,92
3,46493.083,92
3,46496.324,92
3,46498.922,92
3,46502.171,92
3,46504.553,92
3,46507.615,92
3,46510.198,92
3,46512.930,92
3,46515.572,92
3,46518.050,92
3,46520.594,92
3,46523.183,92
3,46525.870,92
3,46528.849,92
3,46531.992,92
3,46534.637,92
3,46537.379,92
3,46540.087,92
3,46542.920,92
3,46546.490,92
3,46549.227,92
3,46552.414,92
3,46554.958,92
3,46557.841,92
3,46561.000,92
3,46563.982,92
3,46566.708,92
3,46569.224,92
3,46571.784,92
3,46574.317,92
3,46578.967,92
3,46581.922,92
3,46585.056,92
3,46587.616,92
3,46590.351,92
3,46592.844,94
3,46596.255,94
3,46599.030,94
3,46601.657,94
3,46604.252,94
3,46606.818,94
3,46609.705,94
3,46612.582,94
3,46615.282,94
3,46618.047,94
3,46620.606,94
3,46622.971,94
3,46625.707,94
3,46629.294,94
3,46632.366,94
3,46635.175,94
3,46637.810,94
3,46640.462,94
3,46643.172,94
3,46646.398,94
3,46649.127,94
3,46651.703,94
3,46654.123,94
3,46657.119,94
3,46659.654,94
3,46662.567,94
3,46665.304,94
3,46667.991,94
3,46670.570,94
3,46673.110,94
3,46675.726,94
3,46678.939,94
3,46681.507,94
3,46684.002,94
3,46686.700,94
3,46689.565,94
3,46692.194,94
3,46695.557,94
3,46698.547,94
3,46701.782,94
3,46704.735,94
3,46707.281,94
3,46709.863,94
3,46712.721,94
3,46715.859,94
3,46718.458,94
3,46721.029,94
3,46723.709,94
3,46726.238,94
3,46729.368,94
3,46732.562,94
3,46735.709,94
3,46738.320,94
3,46740.945,94
3,46743.393,94
3,46746.390,94
3,46749.001,94
3,46751.652,94
3,46754.516,94
3,46757.490,94
3,46760.189,96
3,46763.014,96
3,46765.532,96
3,46768.223,96
3,46770.724,96
3,46773.520,96
3,46776.060,96
3,46779.292,96
3,46782.157,96
3,46784.776,96
3,46787.302,96
3,46789.829,96
3,46792.988,96
3,46795.806,96
3,46798.389,96
3,46801.160,96
3,46803.782,96
3,46806.817,96
3,46809.512,96
3,46812.512,96
3,46815.755,96
3,46818.951,96
3,46821.595,96
3,46824.347,96
3,46826.962,96
3,46829.770,96
3,46832.377,96
3,46835.618,96
3,46838.037,96
3,46840.689,96
3,46843.306,96
3,46846.637,96
3,46849.768,96
3,46852.283,96
3,46855.481,96
3,46857.971,96
3,46860.597,96
3,46863.488,96
3,46866.190,96
3,46868.651,96
3,46871.178,96
3,46873.763,96
3,46876.296,96
3,46878.786,96
3,46881.679,96
3,46884.550,96
3,46887.281,96
3,46890.173,96
3,46892.737,96
3,46895.792,96
3,46898.883,96
3,46901.397,96
3,46904.161,96
3,46906.747,96
3,46909.354,96
3,46912.384,96
3,46915.107,96
3,46917.648,96
3,46920.256,96
3,46923.029,96
3,46925.507,96
3,46929.048,98
3,46931.674,98
3,46934.217,98
3,46936.768,98
3,46939.469,98
3,46942.071,98
3,46944.505,98
3,46947.711,98
3,46950.372,98
3,46952.942,98
3,46955.539,98
3,46958.075,98
3,46960.775,98
3,46963.702,98
3,46966.451,98
3,46969.094,98
3,46971.821,98
3,46975.043,98
3,46977.941,98
3,46980.859,98
3,46983.662,98
3,46986.417,98
3,46989.768,98
3,46992.558,98
3,46995.530,98
3,46998.364,98
3,47000.893,98
3,47003.597,98
3,47006.611,98
3,47009.267,98
3,47012.161,98
3,47014.706,98
3,47017.365,98
3,47020.443,98
3,47023.058,98
3,47025.644,98
3,47029.209,98
3,47032.122,98
3,47037.032,98
3,47040.228,98
3,47043.109,98
3,47046.334,98
3,47049.580,98
3,47052.156,98
3,47054.793,98
3,47057.730,98
3,47060.507,98
3,47063.159,98
3,47065.706,98
3,47068.260,98
3,47070.859,98
3,47073.540,98
3,47076.092,98
3,47079.223,98
3,47081.945,98
3,47084.474,98
3,47087.217,98
3,47089.938,98
3,47092.646,100
3,47095.897,100
3,47098.643,100
3,47101.096,100
3,47103.686,100
3,47106.528,100
3,47109.375,100
3,47112.546,100
3,47115.307,100
3,47117.926,100
3,47120.552,100
3,47123.623,100
3,47125.993,100
3,47128.794,100
3,47131.385,100
3,47134.409,100
3,47136.939,100
3,47139.497,100
3,47142.454,100
3,47144.755,100
3,47147.609,100
3,47150.514,100
3,47152.939,100
3,47155.630,100
3,47158.938,100
3,47161.648,100
3,47164.454,100
3,47167.472,100
3,47170.026,100
3,47172.548,100
3,47175.095,100
3,47177.671,100
3,47180.610,100
3,47183.478,100
3,47186.008,100
3,47188.635,100
3,47191.418,100
3,47193.967,100
3,47196.549,100
3,47199.382,100
3,47202.120,100
3,47204.645,100
3,47207.050,100
3,47209.754,100
3,47212.660,100
3,47215.391,100
3,47217.951,100
3,47220.436,100
3,47222.955,100
3,47225.977,100
3,47228.848,100
3,47231.586,100
3,47234.144,100
3,47237.170,100
3,47240.219,100
3,47242.692,100
3,47245.854,100
3,47248.692,100
3,47251.550,100
3,47254.015,100
3,47256.971,100
3,47259.652,102
3,47262.558,102
3,47265.668,102
3,47268.610,102
3,47271.675,102
3,47274.325,102
3,47276.634,102
3,47279.334,102
3,47282.314,102
3,47285.057,102
3,47287.659,102
3,47290.329,102
3,47292.844,102
3,47295.487,102
3,47298.273,102
3,47300.896,102
3,47303.596,102
3,47306.072,102
3,47308.651,102
3,47311.108,102
3,47313.620,102
3,47316.620,102
3,47319.044,102
3,47321.804,102
3,47324.411,102
3,47327.077,102
3,47329.714,102
3,47332.588,102
3,47335.529,102
3,47338.058,102
3,47341.033,102
3,47343.302,102
3,47347.803,102
3,47350.819,102
3,47353.829,102
3,47356.510,102
3,47359.518,102
3,47362.503,102
3,47365.276,102
3,47368.057,102
3,47370.689,102
3,47373.317,102
3,47375.867,102
3,47379.410,102
3,47382.077,102
3,47385.013,102
3,47387.536,102
3,47390.385,102
3,47393.335,102
3,47396.199,102
3,47399.216,102
3,47402.202,102
3,47404.860,102
3,47407.661,102
3,47410.076,102
3,47413.303,102
3,47415.848,102
3,47418.446,102
3,47421.529,102
3,47424.125,102
3,47426.647,104
3,47429.725,104
3,47432.290,104
3,47434.830,104
3,47437.446,104
3,47439.921,104
3,47442.592,104
3,47445.674,104
3,47448.729,104
3,47451.317,104
3,47453.886,104
3,47456.484,104
3,47459.744,104
3,47462.629,104
3,47465.197,104
3,47467.922,104
3,47470.549,104
3,47473.316,104
3,47475.917,104
3,47478.985,104
3,47481.688,104
3,47484.398,104
3,47487.035,104
3,47489.595,104
3,47492.256,104
3,47495.219,104
3,47498.498,104
3,47501.633,104
3,47504.114,104
3,47506.936,104
3,47509.623,104
3,47513.827,104
3,47516.606,104
3,47519.254,104
3,47522.169,104
3,47524.550,104
3,47527.156,104
3,47529.905,104
3,47532.608,104
3,47535.545,104
3,47538.140,104
3,47540.675,104
3,47542.936,104
3,47545.868,104
3,47548.564,104
3,47551.367,104
3,47553.870,104
3,47556.930,104
3,47559.435,104
3,47562.586,104
3,47565.299,104
3,47568.294,104
3,47570.881,104
3,47573.532,104
3,47576.130,104
3,47579.597,104
3,47582.289,104
3,47584.852,104
3,47587.280,104
3,47589.871,104
3,47592.453,104
3,47595.045,106
3,47597.858,106
3,47600.409,106
3,47603.059,106
3,47605.618,106
3,47608.125,106
3,47610.618,106
3,47613.476,106
3,47615.962,106
3,47618.886,106
3,47621.445,106
3,47623.955,106
3,47626.486,106
3,47629.318,106
3,47631.939,106
3,47634.747,106
3,47637.360,106
3,47640.037,106
3,47642.812,106
3,47646.292,106
3,47649.509,106
3,47652.453,106
3,47654.981,106
3,47657.559,106
3,47659.995,106
3,47663.724,106
3,47666.284,106
3,47668.812,106
3,47671.359,106
3,47675.183,106
3,47678.077,106
3,47681.508,106
3,47684.319,106
3,47686.700,106
3,47689.221,106
3,47692.301,106
3,47694.790,106
3,47697.697,106
3,47700.531,106
3,47703.571,106
3,47706.139,106
3,47708.575,106
3,47711.088,106
3,47713.758,106
3,47716.383,106
3,47719.363,106
3,47722.306,106
3,47724.876,106
3,47727.486,106
3,47730.395,106
3,47733.738,106
3,47736.548,106
3,47739.670,106
3,47742.568,106
3,47745.101,106
3,47747.856,106
3,47750.214,106
3,47752.822,106
3,47755.427,106
3,47757.956,106
3,47761.423,109
3,47764.473,109
3,47767.365,109
3,47770.050,109
3,47772.640,109
3,47775.220,109
3,47777.693,109
3,47780.966,109
3,47783.590,109
3,47786.737,109
3,47789.721,109
3,47792.904,109
3,47795.938,109
3,47798.555,109
3,47801.732,109
3,47804.451,109
3,47807.070,109
3,47809.589,109
3,47812.534,109
3,47815.345,109
3,47818.371,109
3,47820.926,109
3,47823.527,109
3,47826.471,109
3,47829.361,109
3,47832.162,109
3,47834.714,109
3,47837.252,109
3,47840.192,109
3,47842.990,109
3,47846.046,109
3,47848.727,109
3,47851.190,109
3,47853.751,109
3,47856.380,109
3,47858.969,109
3,47862.152,109
3,47864.724,109
3,47867.144,109
3,47870.032,109
3,47872.732,109
3,47875.700,109
3,47878.188,109
3,47882.888,109
3,47885.930,109
3,47890.116,109
3,47892.668,109
3,47896.421,109
3,47899.107,109
3,47902.120,109
3,47904.770,109
3,47907.607,109
3,47910.870,109
3,47913.627,109
3,47916.029,109
3,47918.801,109
3,47921.906,109
3,47924.690,109
3,47927.368,111
3,47930.778,111
3,47933.462,111
3,47936.316,111
3,47938.777,111
3,47941.297,111
3,47943.849,111
3,47946.781,111
3,47949.496,111
3,47952.051,111
3,47954.635,111
3,47957.275,111
3,47959.873,111
3,47962.799,111
3,47965.813,111
3,47968.371,111
3,47970.907,111
3,47973.504,111
3,47976.129,111
3,47979.665,111
3,47982.391,111
3,47985.422,111
3,47987.929,111
3,47990.636,111
3,47993.184,111
3,47996.021,111
3,47999.200,111
3,48001.873,111
3,48004.782,111
3,48007.362,111
3,48009.836,111
3,48012.794,111
3,48015.580,111
3,48018.054,111
3,48020.638,111
3,48023.154,111
3,48025.723,111
3,48028.277,111
3,48031.113,111
3,48033.856,111
3,48036.441,111
3,48038.876,111
3,48041.471,111
3,48044.020,111
3,48047.345,111
3,48050.120,111
3,48052.826,111
3,48055.501,111
3,48058.559,111
3,48061.056,111
3,48064.834,111
3,48067.499,111
3,48070.209,111
3,48072.834,111
3,48075.427,111
3,48078.019,111
3,48080.858,111
3,48083.486,111
3,48086.070,111
3,48090.771,111
3,48093.477,113
3,48096.324,113
3,48098.927,113
3,48102.162,113
3,48104.682,113
3,48107.475,113
3,48110.080,113
3,48112.925,113
3,48115.364,113
3,48118.178,113
3,48121.301,113
3,48123.943,113
3,48126.347,113
3,48129.508,113
3,48132.506,113
3,48135.071,113
3,48137.661,113
3,48140.529,113
3,48143.082,113
3,48145.934,113
3,48149.169,113
3,48151.714,113
3,48154.332,113
3,48157.006,113
3,48159.516,113
3,48162.574,113
3,48165.248,113
3,48167.927,113
3,48170.523,113
3,48173.454,113
3,48176.200,113
3,48179.096,113
3,48182.184,113
3,48184.825,113
3,48187.716,113
3,48190.380,113
3,48192.843,113
3,48195.729,113
3,48198.360,113
3,48201.003,113
3,48203.673,113
3,48206.142,113
3,48208.700,113
3,48211.179,113
3,48214.230,113
3,48217.049,113
3,48219.778,113
3,48222.371,113
3,48224.833,113
3,48227.387,113
3,48230.237,113
3,48232.940,113
3,48235.641,113
3,48238.801,113
3,48241.188,113
3,48243.698,113
3,48246.630,113
3,48249.655,113
3,48252.502,113
3,48255.075,113
3,48257.537,113
3,48260.059,115
3,48262.861,115
3,48265.923,115
3,48268.523,115
3,48271.238,115
3,48273.904,115
3,48276.390,115
3,48279.556,115
3,48282.215,115
3,48284.585,115
3,48287.769,115
3,48290.578,115
3,48293.492,115
3,48297.735,115
3,48300.501,115
3,48303.186,115
3,48306.424,115
3,48309.108,115
3,48311.564,115
3,48314.349,115
3,48316.891,115
3,48319.635,115
3,48322.221,115
3,48324.812,115
3,48327.463,115
3,48330.477,115
3,48333.032,115
3,48335.546,115
3,48338.050,115
3,48340.470,115
3,48343.116,115
3,48345.578,115
3,48348.397,115
3,48351.734,115
3,48354.251,115
3,48357.065,115
3,48359.569,115
3,48362.419,115
3,48365.771,115
3,48368.205,115
3,48370.713,115
3,48373.197,115
3,48376.035,115
3,48379.370,115
3,48382.280,115
3,48384.845,115
3,48387.413,115
3,48390.223,115
3,48392.767,115
3,48396.016,115
3,48398.678,115
3,48401.536,115
3,48404.154,115
3,48406.591,115
3,48409.523,115
3,48412.591,115
3,48415.492,115
3,48418.060,115
3,48421.124,115
3,48423.509,115
3,48426.089,117
3,48429.314,117
3,48432.121,117
3,48434.670,117
3,48437.247,117
3,48439.809,117
3,48442.336,117
3,48444.804,117
3,48447.735,117
3,48450.630,117
3,48453.870,117
3,48456.374,117
3,48458.997,117
3,48462.311,117
3,48465.003,117
3,48467.581,117
3,48470.335,117
3,48472.955,117
3,48475.625,117
3,48478.815,117
3,48481.526,117
3,48484.098,117
3,48486.822,117
3,48489.556,117
3,48492.419,117
3,48495.230,117
3,48498.213,117
3,48501.203,117
3,48504.421,117
3,48506.913,117
3,48509.535,117
3,48512.325,117
3,48514.788,117
3,48517.422,117
3,48520.350,117
3,48522.958,117
3,48526.053,117
3,48528.543,117
3,48531.114,117
3,48533.578,117
3,48536.190,117
3,48538.736,117
3,48541.213,117
3,48543.716,117
3,48546.842,117
3,48549.522,117
3,48552.044,117
3,48554.590,117
3,48557.052,117
3,48559.557,117
3,48562.687,117
3,48565.341,117
3,48568.006,117
3,48570.406,117
3,48572.957,117
3,48575.536,117
3,48579.164,117
3,48582.364,117
3,48585.075,117
3,48587.624,117
3,48589.987,117
3,48593.133,119
3,48596.542,119
3,48599.240,119
3,48602.060,119
3,48604.605,119
3,48607.349,119
3,48609.741,119
3,48612.896,119
3,48615.551,119
3,48618.187,119
3,48620.557,119
3,48623.129,119
3,48626.056,119
3,48629.174,119
3,48631.866,119
3,48634.508,119
3,48637.151,119
3,48639.626,119
3,48642.372,119
3,48645.705,119
3,48648.840,119
3,48651.187,119
3,48653.728,119
3,48656.251,119
3,48659.269,119
3,48662.143,119
3,48664.732,119
3,48667.898,119
3,48670.412,119
3,48672.974,119
3,48675.625,119
3,48678.815,119
3,48681.427,119
3,48684.128,119
3,48686.632,119
3,48689.427,119
3,48692.481,119
3,48695.041,119
3,48698.855,119
3,48702.000,119
3,48704.676,119
3,48707.264,119
3,48709.634,119
3,48712.504,119
3,48715.205,119
3,48717.811,119
3,48720.827,119
3,48723.412,119
3,48725.922,119
3,48728.915,119
3,48731.749,119
3,48734.319,119
3,48737.083,119
3,48739.866,119
3,48742.491,119
3,48745.746,119
3,48748.444,119
3,48750.975,119
3,48753.723,119
3,48756.121,119
3,48758.651,119
3,48761.143,120
3,48764.497,120
3,48767.185,120
3,48769.703,120
3,48772.262,120
3,48774.764,120
3,48777.263,120
3,48780.145,120
3,48782.710,120
3,48785.207,120
3,48787.774,120
3,48790.450,120
3,48792.945,120
3,48795.892,120
3,48799.058,120
3,48801.622,120
3,48804.056,120
3,48806.498,120
3,48809.390,120
3,48812.474,120
3,48815.193,120
3,48818.034,120
3,48820.599,120
3,48823.098,120
3,48825.805,120
3,48828.936,120
3,48831.615,120
3,48834.439,120
3,48837.094,120
3,48839.781,120
3,48842.910,120
3,48846.430,120
3,48849.642,120
3,48852.350,120
3,48854.908,120
3,48857.428,120
3,48859.988,120
3,48862.690,120
3,48865.332,120
3,48867.838,120
3,48870.636,120
3,48873.272,120
3,48876.342,120
3,48879.230,120
3,48881.885,120
3,48884.473,120
3,48887.296,120
3,48889.895,120
3,48892.852,120
3,48896.044,120
3,48898.877,120
3,48901.674,120
3,48904.164,120
3,48906.668,120
3,48909.320,120
3,48912.956,120
3,48915.684,120
3,48918.196,120
3,48920.551,120
3,48923.071,120
3,48925.959,120
4,48929.810,0
4,48932.819,0
4,48935.439,0
4,48938.068,0
4,48940.720,0
4,48943.161,0
4,48946.122,0
4,48949.330,0
4,48952.277,0
4,48954.837,0
4,48957.501,0
4,48960.030,0
4,48962.997,0
4,48965.665,0
4,48969.545,0
4,48972.126,0
4,48974.605,0
4,48977.243,0
4,48980.051,0
4,48982.597,0
4,48985.122,0
4,48987.618,0
4,48990.228,0
4,48992.759,0
4,48995.836,0
4,48998.411,0
4,49001.125,0
4,49003.785,0
4,49006.894,0
4,49009.402,0
4,49012.016,0
4,49015.117,0
4,49018.229,0
4,49020.769,0
4,49023.344,0
4,49026.162,0
4,49028.611,0
4,49031.450,0
4,49034.132,0
4,49036.740,0
4,49039.759,0
4,49042.472,0
4,49045.554,0
4,49048.198,0
4,49050.836,0
4,49053.527,0
4,49056.683,0
4,49059.111,0
4,49062.806,0
4,49065.554,0
4,49068.082,0
4,49070.587,0
4,49073.056,0
4,49075.703,0
4,49078.949,0
4,49081.506,0
4,49084.380,0
4,49086.819,0
4,49089.673,0
4,49092.290,0
4,49094.866,0
4,49097.773,0
4,49100.414,0
4,49103.044,0
4,49106.054,0
4,49108.562,0
4,49111.162,0
4,49114.117,0
4,49117.173,0
4,49119.860,0
4,49122.513,0
4,49125.553,0
4,49128.126,0
4,49131.039,0
4,49133.694,0
4,49136.592,0
4,49139.137,0
4,49141.689,0
4,49144.195,0
4,49146.944,0
4,49150.217,0
4,49153.101,0
4,49155.691,0
4,49158.293,0
4,49160.869,0
4,49164.034,0
4,49166.666,0
4,49169.595,0
4,49172.454,0
4,49174.970,0
4,49177.441,0
4,49180.533,0
4,49183.112,0
4,49185.639,0
4,49188.224,0
4,49190.743,0
4,49193.623,0
4,49196.576,0
4,49199.450,0
4,49202.078,0
4,49205.015,0
4,49207.403,0
4,49209.913,0
4,49212.719,0
4,49215.384,0
4,49218.356,0
4,49220.875,0
4,49223.651,0
4,49226.124,0
4,49229.407,0
4,49232.227,0
4,49235.230,0
4,49237.599,0
4,49240.449,0
4,49242.852,0
4,49246.081,0
4,49248.639,0
4,49251.166,0
4,49253.703,0
4,49256.499,0
4,49259.301,3
4,49262.200,3
4,49264.838,3
4,49267.361,3
4,49270.641,3
4,49273.188,3
4,49275.875,3
4,49278.565,3
4,49281.157,3
4,49284.001,3
4,49286.524,3
4,49289.454,3
4,49292.501,3
4,49294.950,3
4,49297.709,3
4,49300.415,3
4,49303.558,3
4,49306.052,3
4,49308.694,3
4,49311.192,3
4,49314.072,3
4,49316.885,3
4,49319.643,3
4,49322.397,3
4,49324.940,3
4,49327.593,3
4,49330.626,3
4,49333.276,3
4,49336.285,3
4,49339.324,3
4,49341.807,3
4,49344.255,3
4,49347.578,3
4,49350.190,3
4,49352.812,3
4,49355.399,3
4,49357.924,3
4,49360.556,3
4,49363.369,3
4,49366.184,3
4,49368.902,3
4,49371.461,3
4,49373.872,3
4,49376.377,3
4,49379.477,3
4,49382.299,3
4,49384.996,3
4,49387.535,3
4,49390.556,3
4,49392.916,3
4,49395.743,3
4,49398.394,3
4,49400.978,3
4,49403.621,3
4,49406.210,3
4,49408.781,3
4,49411.203,3
4,49414.190,3
4,49416.810,3
4,49419.688,3
4,49422.336,3
4,49424.697,3
4,49427.208,5
4,49430.549,5
4,49433.264,5
4,49435.695,5
4,49438.326,5
4,49441.005,5
4,49443.512,5
4,49446.442,5
4,49449.245,5
4,49452.380,5
4,49454.942,5
4,49457.527,5
4,49460.086,5
4,49462.954,5
4,49465.501,5
4,49468.100,5
4,49471.154,5
4,49473.761,5
4,49476.207,5
4,49479.675,5
4,49482.448,5
4,49485.192,5
4,49487.836,5
4,49490.368,5
4,49493.001,5
4,49496.119,5
4,49498.871,5
4,49501.982,5
4,49504.739,5
4,49507.313,5
4,49509.797,5
4,49512.780,5
4,49515.448,5
4,49517.896,5
4,49520.447,5
4,49522.928,5
4,49525.417,5
4,49527.885,5
4,49530.799,5
4,49533.445,5
4,49536.197,5
4,49539.135,5
4,49541.679,5
4,49544.137,5
4,49547.194,5
4,49549.897,5
4,49552.909,5
4,49555.433,5
4,49558.050,5
4,49560.702,5
4,49563.561,5
4,49566.309,5
4,49568.808,5
4,49572.475,5
4,49575.232,5
4,49577.750,5
4,49580.575,5
4,49583.269,5
4,49585.784,5
4,49588.517,5
4,49591.301,5
4,49593.939,7
4,49597.108,7
4,49600.040,7
4,49602.584,7
4,49605.129,7
4,49607.650,7
4,49610.143,7
4,49613.161,7
4,49616.139,7
4,49618.772,7
4,49621.286,7
4,49623.883,7
4,49626.351,7
4,49629.668,7
4,49632.356,7
4,49635.447,7
4,49638.435,7
4,49641.146,7
4,49643.869,7
4,49646.717,7
4,49649.308,7
4,49651.935,7
4,49654.465,7
4,49657.074,7
4,49659.510,7
4,49663.262,7
4,49665.925,7
4,49668.584,7
4,49670.969,7
4,49673.936,7
4,49676.430,7
4,49679.277,7
4,49681.847,7
4,49684.448,7
4,49687.199,7
4,49689.747,7
4,49692.217,7
4,49694.766,7
4,49697.578,7
4,49700.278,7
4,49702.963,7
4,49705.585,7
4,49708.187,7
4,49710.839,7
4,49713.901,7
4,49716.563,7
4,49719.764,7
4,49722.976,7
4,49725.800,7
4,49728.840,7
4,49731.827,7
4,49734.488,7
4,49737.638,7
4,49740.353,7
4,49742.745,7
4,49746.133,7
4,49748.867,7
4,49751.396,7
4,49753.970,7
4,49756.443,7
4,49759.318,9
4,49762.108,9
4,49765.248,9
4,49768.300,9
4,49771.461,9
4,49774.540,9
4,49777.471,9
4,49780.070,9
4,49783.053,9
4,49785.787,9
4,49788.496,9
4,49791.283,9
4,49793.875,9
4,49796.935,9
4,49800.418,9
4,49803.205,9
4,49805.857,9
4,49808.373,9
4,49810.831,9
4,49813.624,9
4,49816.548,9
4,49819.824,9
4,49822.474,9
4,49825.610,9
4,49828.393,9
4,49831.865,9
4,49834.727,9
4,49837.450,9
4,49839.922,9
4,49842.675,9
4,49845.435,9
4,49848.512,9
4,49851.078,9
4,49853.718,9
4,49856.385,9
4,49859.362,9
4,49862.559,9
4,49865.514,9
4,49868.837,9
4,49871.812,9
4,49875.552,9
4,49878.361,9
4,49881.826,9
4,49884.846,9
4,49887.492,9
4,49890.118,9
4,49892.863,9
4,49896.312,9
4,49899.104,9
4,49902.280,9
4,49904.863,9
4,49907.331,9
4,49909.922,9
4,49913.536,9
4,49916.258,9
4,49918.915,9
4,49921.478,9
4,49924.118,9
4,49926.710,11
4,49930.106,11
4,49932.779,11
4,49935.311,11
4,49937.979,11
4,49940.547,11
4,49943.163,11
4,49946.743,11
4,49949.727,11
4,49952.321,11
4,49954.821,11
4,49957.369,11
4,49959.691,11
4,49963.157,11
4,49965.849,11
4,49968.904,11
4,49971.563,11
4,49974.466,11
4,49977.104,11
4,49980.107,11
4,49982.872,11
4,49985.723,11
4,49988.157,11
4,49990.678,11
4,49993.246,11
4,49996.266,11
4,49999.415,11
4,50002.329,11
4,50004.931,11
4,50008.909,11
4,50011.793,11
4,50014.602,11
4,50017.245,11
4,50019.922,11
4,50022.521,11
4,50025.266,11
4,50027.846,11
4,50030.646,11
4,50033.351,11
4,50035.890,11
4,50038.925,11
4,50041.408,11
4,50043.938,11
4,50047.120,11
4,50049.885,11
4,50052.538,11
4,50055.270,11
4,50057.679,11
4,50060.241,11
4,50062.904,11
4,50065.818,11
4,50068.617,11
4,50071.266,11
4,50073.821,11
4,50076.337,11
4,50079.814,11
4,50082.652,11
4,50085.282,11
4,50087.893,11
4,50090.675,11
4,50093.107,13
4,50096.240,13
4,50099.077,13
4,50101.698,13
4,50104.196,13
4,50106.766,13
4,50109.552,13
4,50112.826,13
4,50115.622,13
4,50118.184,13
4,50120.800,13
4,50123.410,13
4,50126.046,13
4,50128.721,13
4,50132.071,13
4,50135.012,13
4,50137.748,13
4,50140.270,13
4,50143.191,13
4,50146.443,13
4,50149.447,13
4,50152.171,13
4,50154.719,13
4,50157.520,13
4,50160.015,13
4,50163.094,13
4,50165.868,13
4,50168.364,13
4,50170.944,13
4,50173.554,13
4,50176.982,13
4,50179.880,13
4,50182.504,13
4,50185.316,13
4,50187.950,13
4,50190.514,13
4,50193.051,13
4,50196.581,13
4,50199.823,13
4,50202.494,13
4,50205.149,13
4,50207.529,13
4,50210.088,13
4,50213.231,13
4,50215.934,13
4,50218.590,13
4,50221.138,13
4,50223.689,13
4,50226.212,13
4,50229.581,13
4,50232.369,13
4,50234.991,13
4,50237.580,13
4,50240.186,13
4,50242.879,13
4,50246.036,13
4,50249.470,13
4,50252.577,13
4,50255.419,13
4,50257.920,13
4,50260.521,15
4,50263.541,15
4,50266.241,15
4,50268.818,15
4,50271.408,15
4,50273.913,15
4,50276.906,15
4,50279.754,15
4,50282.482,15
4,50285.493,15
4,50288.148,15
4,50290.825,15
4,50293.289,15
4,50296.529,15
4,50299.517,15
4,50302.591,15
4,50305.176,15
4,50307.860,15
4,50310.498,15
4,50313.277,15
4,50316.394,15
4,50318.969,15
4,50321.544,15
4,50324.049,15
4,50326.606,15
4,50329.826,15
4,50332.553,15
4,50335.129,15
4,50337.729,15
4,50340.433,15
4,50342.832,15
4,50346.008,15
4,50348.691,15
4,50351.246,15
4,50354.391,15
4,50356.895,15
4,50359.409,15
4,50363.102,15
4,50366.034,15
4,50368.637,15
4,50371.808,15
4,50374.325,15
4,50377.069,15
4,50380.209,15
4,50383.523,15
4,50386.262,15
4,50389.155,15
4,50391.818,15
4,50394.377,15
4,50397.639,15
4,50400.571,15
4,50403.106,15
4,50405.783,15
4,50408.428,15
4,50410.859,15
4,50413.892,15
4,50416.622,15
4,50419.660,15
4,50422.346,15
4,50425.013,15
4,50427.598,17
4,50430.160,17
4,50432.901,17
4,50435.663,17
4,50438.354,17
4,50442.528,17
4,50445.826,17
4,50448.714,17
4,50451.231,17
4,50453.883,17
4,50456.737,17
4,50459.676,17
4,50462.899,17
4,50465.605,17
4,50468.249,17
4,50470.880,17
4,50473.318,17
4,50476.325,17
4,50479.828,17
4,50482.541,17
4,50485.268,17
4,50487.957,17
4,50490.578,17
4,50493.061,17
4,50496.602,17
4,50499.793,17
4,50502.458,17
4,50505.132,17
4,50507.623,17
4,50510.071,17
4,50513.467,17
4,50516.292,17
4,50518.800,17
4,50521.877,17
4,50524.438,17
4,50527.154,17
4,50529.901,17
4,50532.831,17
4,50535.530,17
4,50538.678,17
4,50541.601,17
4,50544.603,17
4,50547.797,17
4,50551.524,17
4,50554.604,17
4,50557.384,17
4,50560.242,17
4,50563.776,17
4,50567.160,17
4,50570.431,17
4,50573.274,17
4,50576.184,17
4,50579.632,17
4,50582.338,17
4,50585.016,17
4,50587.583,17
4,50590.232,17
4,50592.901,19
4,50596.512,19
4,50599.619,19
4,50602.239,19
4,50604.776,19
4,50607.341,19
4,50609.868,19
4,50613.076,19
4,50616.272,19
4,50619.299,19
4,50622.171,19
4,50624.724,19
4,50627.130,19
4,50630.384,19
4,50633.114,19
4,50635.736,19
4,50638.544,19
4,50641.231,19
4,50643.917,19
4,50646.725,19
4,50649.378,19
4,50651.880,19
4,50654.387,19
4,50656.988,19
4,50659.535,19
4,50662.373,19
4,50665.042,19
4,50667.817,19
4,50670.853,19
4,50673.454,19
4,50676.200,19
4,50679.166,19
4,50681.773,19
4,50685.085,19
4,50687.727,19
4,50691.628,19
4,50694.277,19
4,50698.575,19
4,50701.232,19
4,50704.083,19
4,50706.655,19
4,50709.436,19
4,50712.350,19
4,50715.113,19
4,50717.770,19
4,50720.609,19
4,50723.284,19
4,50726.042,19
4,50729.572,19
4,50732.357,19
4,50734.858,19
4,50737.397,19
4,50740.493,19
4,50742.857,19
4,50746.320,19
4,50749.350,19
4,50752.293,19
4,50754.837,19
4,50757.278,19
4,50759.905,21
4,50763.253,21
4,50765.828,21
4,50768.969,21
4,50771.664,21
4,50774.450,21
4,50776.966,21
4,50779.824,21
4,50783.320,21
4,50786.274,21
4,50788.971,21
4,50791.589,21
4,50794.152,21
4,50797.341,21
4,50800.096,21
4,50802.673,21
4,50805.346,21
4,50807.956,21
4,50810.609,21
4,50813.436,21
4,50816.362,21
4,50818.971,21
4,50821.989,21
4,50824.492,21
4,50827.558,21
4,50830.494,21
4,50833.137,21
4,50835.733,21
4,50838.321,21
4,50840.854,21
4,50843.328,21
4,50846.372,21
4,50849.046,21
4,50851.641,21
4,50854.226,21
4,50856.853,21
4,50859.479,21
4,50862.389,21
4,50865.058,21
4,50867.918,21
4,50870.608,21
4,50873.219,21
4,50876.483,21
4,50879.463,21
4,50882.137,21
4,50884.806,21
4,50887.390,21
4,50890.032,21
4,50892.656,21
4,50895.324,21
4,50898.243,21
4,50900.912,21
4,50903.497,21
4,50905.972,21
4,50908.573,21
4,50911.161,21
4,50914.363,21
4,50917.273,21
4,50920.428,21
4,50922.995,21
4,50925.680,21
4,50928.171,23
4,50930.982,23
4,50933.612,23
4,50936.213,23
4,50938.734,23
4,50941.139,23
4,50943.649,23
4,50947.021,23
4,50949.762,23
4,50952.212,23
4,50955.235,23
4,50957.721,23
4,50960.588,23
4,50963.529,23
4,50966.732,23
4,50969.304,23
4,50971.893,23
4,50974.414,23
4,50976.883,23
4,50979.743,23
4,50982.447,23
4,50985.029,23
4,50987.560,23
4,50990.238,23
4,50992.773,23
4,50995.828,23
4,50998.557,23
4,51000.930,23
4,51003.479,23
4,51006.049,23
4,51008.536,23
4,51010.975,23
4,51014.394,23
4,51017.053,23
4,51019.534,23
4,51022.381,23
4,51024.888,23
4,51027.584,23
4,51030.622,23
4,51033.233,23
4,51036.314,23
4,51039.185,23
4,51041.655,23
4,51044.192,23
4,51047.548,23
4,51050.157,23
4,51052.895,23
4,51055.645,23
4,51058.088,23
4,51062.281,23
4,51065.231,23
4,51068.086,23
4,51070.642,23
4,51073.233,23
4,51075.872,23
4,51079.114,23
4,51081.701,23
4,51085.182,23
4,51087.849,23
4,51090.575,23
4,51093.067,25
4,51096.356,25
4,51099.591,25
4,51102.173,25
4,51104.756,25
4,51107.138,25
4,51109.410,25
4,51112.959,25
4,51115.592,25
4,51118.175,25
4,51120.757,25
4,51123.428,25
4,51126.030,25
4,51128.427,25
4,51131.173,25
4,51133.710,25
4,51136.276,25
4,51139.506,25
4,51142.131,25
4,51144.678,25
4,51147.691,25
4,51150.431,25
4,51152.860,25
4,51155.443,25
4,51158.025,25
4,51160.644,25
4,51163.415,25
4,51166.669,25
4,51169.366,25
4,51172.296,25
4,51174.753,25
4,51177.322,25
4,51180.933,25
4,51183.511,25
4,51186.154,25
4,51188.924,25
4,51191.418,25
4,51193.903,25
4,51197.054,25
4,51199.736,25
4,51202.346,25
4,51204.971,25
4,51207.695,25
4,51210.352,25
4,51213.620,25
4,51216.348,25
4,51218.972,25
4,51221.365,25
4,51223.903,25
4,51226.452,25
4,51229.493,25
4,51232.133,25
4,51234.687,25
4,51237.195,25
4,51239.856,25
4,51243.005,25
4,51246.155,25
4,51248.753,25
4,51251.246,25
4,51253.683,25
4,51256.306,25
4,51258.961,25
4,51261.553,27
4,51264.406,27
4,51267.363,27
4,51270.025,27
4,51272.518,27
4,51275.244,27
4,51277.756,27
4,51280.859,27
4,51283.524,27
4,51286.135,27
4,51288.882,27
4,51291.680,27
4,51294.355,27
4,51297.462,27
4,51300.066,27
4,51302.668,27
4,51305.262,27
4,51308.064,27
4,51310.716,27
4,51313.567,27
4,51316.198,27
4,51319.358,27
4,51322.144,27
4,51324.864,27
4,51328.061,27
4,51331.514,27
4,51334.455,27
4,51336.951,27
4,51339.471,27
4,51342.193,27
4,51344.557,27
4,51347.543,27
4,51350.210,27
4,51352.818,27
4,51355.334,27
4,51357.831,27
4,51360.317,27
4,51363.543,27
4,51366.346,27
4,51368.899,27
4,51372.007,27
4,51374.578,27
4,51377.168,27
4,51379.975,27
4,51383.324,27
4,51387.169,27
4,51389.884,27
4,51392.638,27
4,51395.263,27
4,51398.182,27
4,51401.024,27
4,51403.696,27
4,51406.160,27
4,51408.876,27
4,51411.326,27
4,51415.168,27
4,51418.351,27
4,51420.985,27
4,51423.603,27
4,51426.064,30
4,51429.158,30
4,51432.162,30
4,51434.767,30
4,51437.345,30
4,51439.822,30
4,51442.482,30
4,51444.812,30
4,51447.780,30
4,51450.410,30
4,51453.057,30
4,51455.462,30
4,51458.085,30
4,51460.999,30
4,51463.900,30
4,51467.022,30
4,51470.129,30
4,51472.812,30
4,51475.731,30
4,51478.323,30
4,51481.673,30
4,51484.655,30
4,51487.120,30
4,51490.183,30
4,51493.226,30
4,51496.778,30
4,51499.603,30
4,51502.246,30
4,51504.775,30
4,51507.633,30
4,51510.342,30
4,51514.459,30
4,51517.425,30
4,51520.104,30
4,51522.696,30
4,51525.289,30
4,51527.568,30
4,51530.451,30
4,51533.253,30
4,51535.956,30
4,51538.580,30
4,51541.576,30
4,51544.240,30
4,51547.130,30
4,51550.139,30
4,51552.646,30
4,51555.186,30
4,51557.857,30
4,51560.876,30
4,51563.879,30
4,51566.520,30
4,51569.708,30
4,51572.378,30
4,51575.347,30
4,51577.861,30
4,51580.766,30
4,51583.354,30
4,51585.851,30
4,51588.441,30
4,51590.997,30
4,51593.634,32
4,51596.515,32
4,51599.408,32
4,51602.434,32
4,51605.131,32
4,51607.620,32
4,51610.316,32
4,51613.191,32
4,51615.788,32
4,51618.365,32
4,51620.762,32
4,51623.522,32
4,51626.139,32
4,51628.783,32
4,51631.541,32
4,51634.449,32
4,51636.973,32
4,51639.507,32
4,51642.073,32
4,51644.665,32
4,51647.796,32
4,51650.907,32
4,51653.840,32
4,51656.913,32
4,51659.925,32
4,51662.932,32
4,51665.572,32
4,51668.086,32
4,51670.635,32
4,51673.217,32
4,51676.007,32
4,51679.043,32
4,51682.092,32
4,51684.504,32
4,51687.605,32
4,51690.191,32
4,51692.749,32
4,51695.757,32
4,51698.546,32
4,51701.597,32
4,51704.064,32
4,51706.702,32
4,51709.262,32
4,51711.926,32
4,51714.687,32
4,51717.557,32
4,51720.837,32
4,51723.226,32
4,51726.495,32
4,51729.869,32
4,51733.221,32
4,51736.103,32
4,51739.205,32
4,51741.715,32
4,51744.285,32
4,51747.681,32
4,51750.391,32
4,51753.128,32
4,51755.753,32
4,51758.396,32
4,51761.082,34
4,51763.946,34
4,51766.553,34
4,51769.629,34
4,51772.691,34
4,51775.227,34
4,51777.684,34
4,51780.761,34
4,51783.551,34
4,51786.640,34
4,51789.543,34
4,51792.208,34
4,51794.717,34
4,51797.367,34
4,51799.790,34
4,51802.473,34
4,51805.044,34
4,51807.506,34
4,51810.047,34
4,51812.867,34
4,51815.581,34
4,51818.159,34
4,51820.683,34
4,51823.446,34
4,51826.165,34
4,51829.477,34
4,51832.114,34
4,51834.664,34
4,51837.497,34
4,51840.481,34
4,51843.185,34
4,51846.136,34
4,51849.411,34
4,51852.283,34
4,51854.848,34
4,51857.402,34
4,51859.924,34
4,51862.767,34
4,51865.375,34
4,51868.009,34
4,51870.642,34
4,51873.247,34
4,51875.989,34
4,51878.789,34
4,51881.410,34
4,51883.811,34
4,51886.405,34
4,51889.208,34
4,51891.866,34
4,51894.327,34
4,51897.882,34
4,51900.656,34
4,51903.263,34
4,51906.061,34
4,51908.753,34
4,51911.268,34
4,51914.069,34
4,51916.584,34
4,51919.129,34
4,51921.774,34
4,51924.288,34
4,51926.983,36
4,51929.742,36
4,51932.195,36
4,51934.672,36
4,51937.240,36
4,51939.875,36
4,51942.836,36
4,51945.743,36
4,51948.322,36
4,51950.876,36
4,51953.436,36
4,51955.923,36
4,51959.034,36
4,51961.650,36
4,51964.502,36
4,51967.209,36
4,51969.854,36
4,51972.349,36
4,51975.035,36
4,51977.485,36
4,51980.197,36
4,51982.651,36
4,51985.461,36
4,51988.569,36
4,51991.318,36
4,51993.876,36
4,51996.610,36
4,51999.201,36
4,52002.111,36
4,52005.201,36
4,52007.685,36
4,52010.138,36
4,52012.924,36
4,52015.627,36
4,52018.580,36
4,52021.664,36
4,52024.065,36
4,52026.965,36
4,52029.796,36
4,52032.391,36
4,52035.287,36
4,52038.292,36
4,52040.732,36
4,52043.415,36
4,52046.623,36
4,52049.831,36
4,52052.334,36
4,52055.099,36
4,52057.760,36
4,52060.762,36
4,52063.678,36
4,52066.305,36
4,52068.826,36
4,52071.343,36
4,52073.999,36
4,52076.622,36
4,52079.352,36
4,52081.994,36
4,52084.595,36
4,52087.189,36
4,52090.366,36
4,52092.783,38
4,52095.970,38
4,52098.730,38
4,52101.374,38
4,52103.879,38
4,52106.952,38
4,52109.514,38
4,52112.466,38
4,52115.146,38
4,52117.951,38
4,52120.620,38
4,52123.668,38
4,52126.187,38
4,52129.599,38
4,52132.260,38
4,52134.661,38
4,52137.562,38
4,52140.067,38
4,52142.706,38
4,52146.038,38
4,52149.274,38
4,52152.102,38
4,52154.654,38
4,52157.516,38
4,52160.363,38
4,52163.097,38
4,52165.708,38
4,52168.314,38
4,52170.899,38
4,52173.495,38
4,52176.070,38
4,52179.344,38
4,52182.079,38
4,52184.558,38
4,52187.191,38
4,52189.664,38
4,52192.153,38
4,52194.546,38
4,52197.407,38
4,52200.205,38
4,52202.813,38
4,52205.563,38
4,52208.049,38
4,52210.555,38
4,52213.527,38
4,52216.231,38
4,52218.700,38
4,52221.692,38
4,52224.268,38
4,52226.855,38
4,52229.771,38
4,52232.864,38
4,52235.437,38
4,52238.010,38
4,52240.535,38
4,52243.065,38
4,52246.128,38
4,52249.305,38
4,52251.934,38
4,52254.419,38
4,52257.061,38
4,52259.481,40
4,52262.558,40
4,52265.224,40
4,52267.781,40
4,52270.832,40
4,52273.364,40
4,52275.968,40
4,52279.093,40
4,52282.212,40
4,52284.824,40
4,52287.321,40
4,52290.691,40
4,52293.190,40
4,52296.278,40
4,52299.330,40
4,52301.745,40
4,52304.380,40
4,52306.952,40
4,52309.435,40
4,52312.429,40
4,52314.974,40
4,52317.575,40
4,52320.695,40
4,52323.260,40
4,52325.861,40
4,52329.184,40
4,52332.336,40
4,52334.849,40
4,52337.545,40
4,52339.991,40
4,52343.108,40
4,52345.903,40
4,52348.568,40
4,52351.893,40
4,52354.388,40
4,52356.923,40
4,52359.376,40
4,52362.559,40
4,52365.211,40
4,52367.880,40
4,52370.597,40
4,52373.198,40
4,52375.962,40
4,52379.377,40
4,52382.076,40
4,52385.016,40
4,52387.532,40
4,52390.331,40
4,52392.827,40
4,52396.220,40
4,52398.869,40
4,52401.443,40
4,52403.781,40
4,52406.269,40
4,52408.847,40
4,52411.923,40
4,52415.022,40
4,52417.645,40
4,52420.355,40
4,52425.253,40
4,52427.946,42
4,52430.759,42
4,52433.258,42
4,52435.993,42
4,52439.056,42
4,52441.569,42
4,52444.166,42
4,52447.799,42
4,52450.742,42
4,52453.264,42
4,52455.779,42
4,52458.399,42
4,52460.941,42
4,52463.763,42
4,52466.408,42
4,52468.983,42
4,52471.299,42
4,52473.729,42
4,52476.212,42
4,52479.134,42
4,52482.170,42
4,52484.742,42
4,52487.126,42
4,52489.676,42
4,52492.191,42
4,52494.515,42
4,52497.329,42
4,52499.938,42
4,52502.674,42
4,52505.283,42
4,52507.772,42
4,52510.485,42
4,52513.326,42
4,52516.367,42
4,52518.999,42
4,52522.018,42
4,52524.526,42
4,52527.101,42
4,52529.970,42
4,52533.087,42
4,52535.571,42
4,52538.371,42
4,52540.876,42
4,52543.378,42
4,52546.537,42
4,52549.245,42
4,52552.101,42
4,52554.552,42
4,52557.226,42
4,52559.753,42
4,52562.322,42
4,52565.059,42
4,52567.666,42
4,52570.419,42
4,52572.893,42
4,52575.663,42
4,52578.184,42
4,52581.548,42
4,52584.122,42
4,52586.604,42
4,52589.520,42
4,52592.795,44
4,52596.129,44
4,52598.847,44
4,52602.040,44
4,52604.543,44
4,52607.128,44
4,52609.622,44
4,52612.486,44
4,52615.150,44
4,52617.861,44
4,52620.591,44
4,52623.228,44
4,52626.120,44
4,52629.174,44
4,52632.367,44
4,52634.944,44
4,52637.555,44
4,52640.696,44
4,52643.308,44
4,52646.375,44
4,52649.019,44
4,52652.108,44
4,52655.061,44
4,52658.093,44
4,52660.650,44
4,52663.415,44
4,52666.036,44
4,52668.591,44
4,52671.080,44
4,52674.001,44
4,52676.538,44
4,52679.324,44
4,52681.903,44
4,52684.543,44
4,52687.400,44
4,52689.979,44
4,52692.673,44
4,52695.282,44
4,52697.950,44
4,52700.798,44
4,52703.405,44
4,52705.875,44
4,52708.427,44
4,52710.980,44
4,52714.292,44
4,52716.943,44
4,52719.947,44
4,52723.073,44
4,52725.719,44
4,52728.138,44
4,52731.017,44
4,52733.982,44
4,52736.777,44
4,52739.727,44
4,52742.741,44
4,52746.027,44
4,52748.768,44
4,52751.581,44
4,52754.626,44
4,52757.639,44
4,52760.133,46
4,52762.991,46
4,52766.126,46
4,52768.740,46
4,52771.280,46
4,52773.849,46
4,52776.839,46
4,52779.674,46
4,52782.775,46
4,52785.356,46
4,52787.991,46
4,52790.612,46
4,52793.087,46
4,52796.298,46
4,52799.035,46
4,52801.703,46
4,52804.272,46
4,52806.828,46
4,52809.684,46
4,52812.595,46
4,52815.303,46
4,52817.950,46
4,52820.618,46
4,52823.035,46
4,52825.711,46
4,52829.084,46
4,52831.755,46
4,52834.534,46
4,52837.178,46
4,52840.165,46
4,52842.766,46
4,52845.791,46
4,52848.523,46
4,52851.339,46
4,52853.874,46
4,52856.397,46
4,52859.239,46
4,52862.674,46
4,52865.386,46
4,52868.037,46
4,52870.630,46
4,52873.390,46
4,52876.103,46
4,52879.606,46
4,52882.346,46
4,52885.332,46
4,52888.325,46
4,52890.951,46
4,52894.468,46
4,52897.267,46
4,52899.795,46
4,52902.354,46
4,52905.346,46
4,52907.837,46
4,52910.452,46
4,52913.270,46
4,52915.819,46
4,52918.515,46
4,52920.898,46
4,52923.694,46
4,52926.180,48
4,52928.996,48
4,52931.698,48
4,52934.288,48
4,52936.832,48
4,52939.392,48
4,52941.945,48
4,52944.387,48
4,52947.556,48
4,52950.180,48
4,52952.760,48
4,52955.324,48
4,52957.954,48
4,52960.552,48
4,52963.823,48
4,52966.980,48
4,52969.873,48
4,52972.493,48
4,52975.439,48
4,52977.886,48
4,52980.798,48
4,52983.313,48
4,52986.126,48
4,52989.279,48
4,52991.691,48
4,52994.168,48
4,52997.055,48
4,52999.834,48
4,53002.292,48
4,53004.848,48
4,53007.605,48
4,53010.194,48
4,53013.019,48
4,53015.737,48
4,53018.474,48
4,53021.575,48
4,53024.374,48
4,53026.839,48
4,53029.626,48
4,53032.269,48
4,53034.809,48
4,53037.482,48
4,53040.472,48
4,53042.695,48
4,53045.959,48
4,53048.588,48
4,53051.718,48
4,53054.131,48
4,53056.675,48
4,53059.309,48
4,53062.339,48
4,53064.971,48
4,53067.586,48
4,53070.235,48
4,53072.652,48
4,53075.194,48
4,53077.729,48
4,53080.747,48
4,53083.384,48
4,53086.466,48
4,53089.260,48
4,53091.799,48
4,53094.385,50
4,53097.396,50
4,53100.220,50
4,53102.833,50
4,53105.577,50
4,53108.042,50
4,53110.567,50
4,53113.009,50
4,53115.850,50
4,53118.481,50
4,53121.095,50
4,53123.652,50
4,53126.095,50
4,53129.704,50
4,53132.365,50
4,53135.274,50
4,53137.687,50
4,53140.713,50
4,53143.561,50
4,53146.489,50
4,53149.165,50
4,53151.768,50
4,53154.709,50
4,53157.655,50
4,53160.153,50
4,53163.185,50
4,53165.740,50
4,53168.297,50
4,53171.252,50
4,53173.832,50
4,53176.494,50
4,53179.241,50
4,53182.286,50
4,53184.814,50
4,53187.450,50
4,53190.707,50
4,53193.247,50
4,53196.740,50
4,53199.783,50
4,53202.322,50
4,53205.211,50
4,53207.704,50
4,53210.557,50
4,53213.313,50
4,53215.934,50
4,53218.610,50
4,53221.039,50
4,53225.043,50
4,53227.721,50
4,53230.654,50
4,53235.137,50
4,53238.630,50
4,53242.822,50
4,53245.622,50
4,53248.709,50
4,53251.382,50
4,53254.124,50
4,53256.575,50
4,53259.661,52
4,53262.530,52
4,53265.086,52
4,53268.127,52
4,53270.644,52
4,53273.436,52
4,53276.317,52
4,53279.390,52
4,53282.135,52
4,53284.850,52
4,53287.613,52
4,53290.272,52
4,53292.584,52
4,53295.983,52
4,53298.666,52
4,53301.463,52
4,53303.967,52
4,53306.762,52
4,53309.403,52
4,53312.775,52
4,53315.925,52
4,53318.430,52
4,53320.864,52
4,53323.660,52
4,53326.193,52
4,53329.437,52
4,53332.512,52
4,53335.303,52
4,53337.964,52
4,53340.381,52
4,53342.813,52
4,53346.609,52
4,53349.267,52
4,53351.901,52
4,53354.466,52
4,53357.037,52
4,53359.651,52
4,53362.969,52
4,53365.716,52
4,53368.296,52
4,53370.902,52
4,53373.495,52
4,53376.019,52
4,53379.049,52
4,53381.718,52
4,53384.491,52
4,53387.263,52
4,53390.011,52
4,53392.913,52
4,53396.354,52
4,53398.959,52
4,53401.727,52
4,53404.253,52
4,53407.322,52
4,53409.925,52
4,53412.730,52
4,53415.476,52
4,53418.014,52
4,53420.609,52
4,53423.145,52
4,53425.755,52
4,53428.366,55
4,53431.318,55
4,53434.026,55
4,53436.661,55
4,53439.248,55
4,53441.822,55
4,53444.342,55
4,53448.430,55
4,53451.135,55
4,53453.856,55
4,53456.529,55
4,53459.383,55
4,53462.568,55
4,53465.213,55
4,53467.939,55
4,53470.557,55
4,53473.155,55
4,53475.986,55
4,53479.156,55
4,53481.887,55
4,53484.484,55
4,53487.225,55
4,53489.711,55
4,53492.961,55
4,53496.118,55
4,53499.392,55
4,53501.970,55
4,53504.510,55
4,53507.268,55
4,53509.533,55
4,53512.603,55
4,53515.254,55
4,53517.851,55
4,53520.505,55
4,53523.139,55
4,53525.832,55
4,53529.494,55
4,53532.228,55
4,53534.825,55
4,53537.233,55
4,53539.908,55
4,53542.558,55
4,53546.138,55
4,53548.803,55
4,53551.343,55
4,53554.498,55
4,53557.140,55
4,53559.587,55
4,53562.558,55
4,53565.231,55
4,53567.825,55
4,53570.528,55
4,53573.245,55
4,53575.988,55
4,53579.297,55
4,53581.927,55
4,53584.470,55
4,53587.139,55
4,53589.634,55
4,53592.314,55
4,53594.822,57
4,53597.678,57
4,53600.354,57
4,53603.015,57
4,53605.620,57
4,53608.576,57
4,53611.076,57
4,53613.709,57
4,53616.800,57
4,53619.625,57
4,53622.193,57
4,53624.573,57
4,53627.263,57
4,53630.025,57
4,53632.460,57
4,53635.034,57
4,53637.586,57
4,53640.175,57
4,53642.976,57
4,53646.135,57
4,53648.869,57
4,53651.517,57
4,53654.046,57
4,53656.634,57
4,53659.321,57
4,53662.774,57
4,53665.471,57
4,53668.447,57
4,53671.010,57
4,53673.634,57
4,53676.082,57
4,53679.294,57
4,53682.078,57
4,53684.613,57
4,53687.569,57
4,53689.940,57
4,53692.688,57
4,53695.551,57
4,53698.309,57
4,53700.808,57
4,53703.420,57
4,53705.989,57
4,53708.479,57
4,53710.956,57
4,53714.034,57
4,53716.619,57
4,53719.240,57
4,53721.858,57
4,53724.427,57
4,53727.091,57
4,53730.016,57
4,53732.683,57
4,53735.997,57
4,53738.958,57
4,53741.972,57
4,53744.698,57
4,53747.517,57
4,53750.109,57
4,53752.632,57
4,53755.259,57
4,53757.798,57
4,53760.200,59
4,53763.059,59
4,53765.569,59
4,53768.081,59
4,53770.616,59
4,53773.160,59
4,53775.899,59
4,53778.914,59
4,53781.478,59
4,53784.129,59
4,53786.732,59
4,53789.273,59
4,53791.841,59
4,53794.257,59
4,53797.191,59
4,53800.761,59
4,53803.383,59
4,53806.009,59
4,53808.519,59
4,53811.087,59
4,53814.160,59
4,53816.907,59
4,53819.614,59
4,53822.180,59
4,53824.709,59
4,53827.307,59
4,53830.083,59
4,53832.772,59
4,53835.368,59
4,53837.920,59
4,53840.586,59
4,53843.009,59
4,53845.999,59
4,53848.659,59
4,53851.189,59
4,53854.204,59
4,53856.805,59
4,53859.501,59
4,53862.516,59
4,53865.608,59
4,53868.192,59
4,53870.909,59
4,53873.596,59
4,53876.593,59
4,53879.468,59
4,53882.101,59
4,53884.693,59
4,53887.482,59
4,53890.119,59
4,53892.796,59
4,53896.804,59
4,53899.471,59
4,53902.257,59
4,53905.194,59
4,53907.647,59
4,53910.142,59
4,53913.016,59
4,53915.665,59
4,53918.352,59
4,53920.874,59
4,53923.839,59
4,53926.747,61
4,53929.739,61
4,53932.390,61
4,53935.135,61
4,53937.687,61
4,53940.200,61
4,53942.728,61
4,53946.551,61
4,53949.272,61
4,53952.263,61
4,53954.730,61
4,53957.197,61
4,53959.760,61
4,53963.274,61
4,53965.946,61
4,53968.547,61
4,53971.080,61
4,53973.763,61
4,53976.277,61
4,53978.726,61
4,53982.161,61
4,53984.700,61
4,53987.300,61
4,53990.460,61
4,53992.903,61
4,53995.624,61
4,53998.662,61
4,54001.201,61
4,54003.875,61
4,54006.457,61
4,54009.336,61
4,54012.803,61
4,54015.549,61
4,54018.018,61
4,54020.587,61
4,54023.251,61
4,54026.099,61
4,54029.413,61
4,54032.095,61
4,54034.697,61
4,54037.259,61
4,54040.414,61
4,54042.948,61
4,54045.961,61
4,54048.635,61
4,54051.188,61
4,54053.850,61
4,54056.907,61
4,54059.737,61
4,54062.622,61
4,54065.683,61
4,54068.569,61
4,54071.677,61
4,54074.219,61
4,54076.843,61
4,54079.478,61
4,54082.426,61
4,54085.188,61
4,54087.835,61
4,54090.352,61
4,54092.908,63
4,54095.895,63
4,54099.312,63
4,54102.884,63
4,54105.594,63
4,54108.282,63
4,54110.837,63
4,54113.855,63
4,54117.136,63
4,54119.744,63
4,54122.971,63
4,54125.526,63
4,54128.334,63
4,54131.658,63
4,54134.326,63
4,54137.032,63
4,54139.651,63
4,54142.266,63
4,54145.161,63
4,54148.006,63
4,54151.421,63
4,54154.106,63
4,54157.007,63
4,54159.527,63
4,54162.513,63
4,54165.140,63
4,54167.858,63
4,54170.535,63
4,54173.179,63
4,54176.204,63
4,54179.646,63
4,54182.447,63
4,54185.065,63
4,54187.581,63
4,54190.185,63
4,54192.707,63
4,54195.854,63
4,54198.514,63
4,54201.157,63
4,54203.962,63
4,54207.004,63
4,54209.575,63
4,54212.814,63
4,54215.571,63
4,54218.298,63
4,54220.793,63
4,54223.197,63
4,54225.801,63
4,54228.445,63
4,54231.325,63
4,54233.915,63
4,54237.070,63
4,54239.734,63
4,54242.498,63
4,54244.980,63
4,54247.628,63
4,54250.273,63
4,54252.994,63
4,54255.611,63
4,54258.169,63
4,54261.260,65
4,54265.302,65
4,54267.937,65
4,54270.638,65
4,54273.165,65
4,54275.971,65
4,54278.615,65
4,54281.381,65
4,54284.123,65
4,54286.907,65
4,54289.640,65
4,54292.390,65
4,54294.724,65
4,54297.468,65
4,54300.176,65
4,54302.741,65
4,54305.404,65
4,54307.955,65
4,54310.568,65
4,54313.529,65
4,54316.118,65
4,54318.668,65
4,54321.089,65
4,54323.854,65
4,54326.188,65
4,54329.653,65
4,54332.288,65
4,54335.523,65
4,54338.062,65
4,54340.734,65
4,54343.343,65
4,54346.590,65
4,54349.820,65
4,54352.383,65
4,54355.019,65
4,54357.648,65
4,54360.755,65
4,54363.272,65
4,54366.167,65
4,54369.213,65
4,54372.064,65
4,54374.660,65
4,54377.055,65
4,54380.035,65
4,54382.731,65
4,54385.838,65
4,54388.670,65
4,54391.270,65
4,54393.706,65
4,54396.997,65
4,54399.774,65
4,54402.416,65
4,54405.770,65
4,54408.432,65
4,54410.936,65
4,54414.349,65
4,54416.941,65
4,54419.585,65
4,54422.286,65
4,54424.857,65
4,54427.478,67
4,54430.663,67
4,54433.699,67
4,54436.862,67
4,54439.500,67
4,54442.122,67
4,54444.636,67
4,54447.725,67
4,54450.374,67
4,54453.041,67
4,54455.686,67
4,54458.189,67
4,54460.724,67
4,54463.585,67
4,54466.314,67
4,54468.952,67
4,54472.370,67
4,54474.810,67
4,54477.351,67
4,54480.618,67
4,54483.137,67
4,54485.780,67
4,54488.916,67
4,54491.567,67
4,54494.066,67
4,54496.721,67
4,54499.571,67
4,54502.225,67
4,54505.084,67
4,54507.615,67
4,54509.945,67
4,54513.241,67
4,54515.797,67
4,54518.336,67
4,54520.910,67
4,54523.500,67
4,54526.014,67
4,54529.418,67
4,54532.330,67
4,54535.170,67
4,54537.711,67
4,54540.404,67
4,54542.869,67
4,54545.988,67
4,54549.171,67
4,54552.276,67
4,54554.844,67
4,54557.370,67
4,54560.396,67
4,54563.215,67
4,54565.773,67
4,54568.434,67
4,54571.635,67
4,54574.341,67
4,54576.894,67
4,54580.694,67
4,54584.064,67
4,54586.767,67
4,54589.454,67
4,54592.192,67
4,54594.871,69
4,54598.340,69
4,54601.184,69
4,54604.229,69
4,54606.869,69
4,54609.412,69
4,54612.833,69
4,54615.781,69
4,54618.400,69
4,54621.013,69
4,54623.621,69
4,54626.126,69
4,54629.663,69
4,54632.332,69
4,54635.350,69
4,54638.349,69
4,54640.986,69
4,54643.965,69
4,54647.167,69
4,54650.000,69
4,54652.925,69
4,54655.472,69
4,54658.055,69
4,54660.590,69
4,54663.724,69
4,54666.444,69
4,54669.030,69
4,54671.703,69
4,54674.411,69
4,54676.831,69
4,54680.186,69
4,54683.050,69
4,54685.674,69
4,54688.302,69
4,54690.903,69
4,54693.480,69
4,54696.535,69
4,54699.271,69
4,54702.016,69
4,54704.652,69
4,54708.018,69
4,54710.868,69
4,54714.888,69
4,54717.775,69
4,54720.493,69
4,54723.090,69
4,54725.788,69
4,54728.698,69
4,54731.637,69
4,54734.458,69
4,54737.259,69
4,54740.029,69
4,54742.594,69
4,54745.116,69
4,54748.162,69
4,54751.875,69
4,54754.701,69
4,54757.286,69
4,54759.766,71
4,54763.228,71
4,54766.411,71
4,54769.497,71
4,54772.091,71
4,54774.729,71
4,54777.467,71
4,54780.641,71
4,54783.623,71
4,54786.692,71
4,54789.554,71
4,54792.357,71
4,54795.743,71
4,54798.337,71
4,54800.884,71
4,54803.565,71
4,54806.689,71
4,54809.694,71
4,54812.815,71
4,54815.486,71
4,54818.200,71
4,54820.797,71
4,54823.509,71
4,54825.981,71
4,54829.343,71
4,54832.484,71
4,54835.217,71
4,54837.746,71
4,54840.406,71
4,54843.069,71
4,54846.507,71
4,54849.186,71
4,54851.887,71
4,54854.465,71
4,54857.065,71
4,54859.564,71
4,54862.551,71
4,54865.170,71
4,54868.035,71
4,54870.732,71
4,54873.309,71
4,54876.073,71
4,54878.674,71
4,54881.358,71
4,54884.036,71
4,54886.665,71
4,54889.634,71
4,54892.351,71
4,54895.035,71
4,54899.283,71
4,54902.058,71
4,54904.648,71
4,54907.153,71
4,54910.306,71
4,54913.042,71
4,54915.778,71
4,54918.753,71
4,54921.872,71
4,54924.428,71
4,54927.031,73
4,54929.918,73
4,54932.694,73
4,54935.294,73
4,54937.950,73
4,54940.590,73
4,54943.223,73
4,54946.376,73
4,54949.665,73
4,54952.319,73
4,54955.057,73
4,54957.629,73
4,54960.263,73
4,54963.516,73
4,54966.154,73
4,54968.791,73
4,54971.193,73
4,54973.856,73
4,54976.454,73
4,54979.946,73
4,54982.854,73
4,54985.532,73
4,54988.400,73
4,54991.494,73
4,54994.061,73
4,54996.895,73
4,54999.855,73
4,55002.440,73
4,55005.230,73
4,55007.879,73
4,55011.596,73
4,55014.429,73
4,55017.240,73
4,55020.192,73
4,55022.773,73
4,55025.291,73
4,55027.799,73
4,55030.865,73
4,55033.538,73
4,55036.607,73
4,55039.216,73
4,55041.896,73
4,55044.458,73
4,55047.527,73
4,55050.130,73
4,55052.616,73
4,55055.777,73
4,55058.410,73
4,55060.973,73
4,55064.196,73
4,55067.011,73
4,55070.301,73
4,55073.003,73
4,55075.727,73
4,55078.256,73
4,55080.930,73
4,55083.593,73
4,55086.218,73
4,55089.245,73
4,55091.979,73
4,55094.884,75
4,55098.299,75
4,55101.033,75
4,55103.665,75
4,55106.244,75
4,55109.059,75
4,55112.362,75
4,55115.062,75
4,55117.814,75
4,55120.840,75
4,55123.604,75
4,55126.888,75
4,55129.865,75
4,55132.988,75
4,55135.579,75
4,55138.142,75
4,55140.852,75
4,55143.388,75
4,55146.524,75
4,55149.474,75
4,55152.608,75
4,55155.806,75
4,55158.684,75
4,55161.066,75
4,55164.260,75
4,55167.070,75
4,55169.880,75
4,55172.550,75
4,55175.212,75
4,55177.871,75
4,55180.819,75
4,55183.880,75
4,55186.482,75
4,55189.172,75
4,55191.931,75
4,55194.435,75
4,55197.646,75
4,55200.414,75
4,55202.971,75
4,55205.561,75
4,55208.122,75
4,55210.731,75
4,55213.691,75
4,55216.455,75
4,55219.565,75
4,55222.185,75
4,55224.662,75
4,55227.339,75
4,55230.860,75
4,55233.442,75
4,55236.018,75
4,55238.495,75
4,55240.980,75
4,55243.553,75
4,55246.873,75
4,55249.524,75
4,55252.030,75
4,55254.504,75
4,55257.238,75
4,55259.901,77
4,55264.209,77
4,55267.360,77
4,55270.153,77
4,55272.911,77
4,55275.679,77
4,55278.492,77
4,55282.369,77
4,55285.472,77
4,55288.236,77
4,55290.930,77
4,55293.438,77
4,55297.016,77
4,55299.810,77
4,55302.423,77
4,55305.002,77
4,55307.830,77
4,55310.422,77
4,55314.267,77
4,55317.031,77
4,55319.565,77
4,55322.820,77
4,55325.509,77
4,55328.001,77
4,55331.723,77
4,55334.711,77
4,55337.266,77
4,55340.150,77
4,55342.911,77
4,55345.522,77
4,55348.399,77
4,55351.760,77
4,55354.511,77
4,55357.252,77
4,55359.876,77
4,55362.862,77
4,55365.604,77
4,55368.782,77
4,55371.438,77
4,55374.106,77
4,55376.727,77
4,55379.391,77
4,55382.286,77
4,55385.354,77
4,55388.051,77
4,55390.743,77
4,55393.418,77
4,55396.836,77
4,55399.592,77
4,55402.366,77
4,55405.073,77
4,55407.807,77
4,55410.395,77
4,55413.626,77
4,55416.997,77
4,55419.570,77
4,55422.324,77
4,55425.279,77
4,55428.194,79
4,55431.869,79
4,55435.106,79
4,55437.730,79
4,55440.299,79
4,55442.792,79
4,55445.508,79
4,55448.391,79
4,55451.168,79
4,55454.136,79
4,55457.062,79
4,55459.762,79
4,55463.758,79
4,55466.653,79
4,55469.400,79
4,55472.225,79
4,55474.814,79
4,55477.623,79
4,55481.105,79
4,55484.119,79
4,55487.028,79
4,55490.223,79
4,55494.543,79
4,55498.137,79
4,55501.217,79
4,55504.183,79
4,55507.431,79
4,55510.147,79
4,55514.123,79
4,55517.576,79
4,55521.108,79
4,55524.131,79
4,55526.956,79
4,55530.363,79
4,55534.259,79
4,55537.185,79
4,55540.242,79
4,55542.993,79
4,55545.992,79
4,55549.475,79
4,55552.343,79
4,55554.958,79
4,55557.632,79
4,55560.267,79
4,55562.969,79
4,55565.894,79
4,55568.466,79
4,55571.139,79
4,55573.750,79
4,55576.169,79
4,55579.579,79
4,55582.979,79
4,55585.567,79
4,55588.045,79
4,55590.656,79
4,55593.048,82
4,55595.690,82
4,55598.615,82
4,55601.980,82
4,55604.608,82
4,55607.188,82
4,55609.695,82
4,55613.103,82
4,55616.352,82
4,55618.751,82
4,55621.262,82
4,55623.829,82
4,55626.324,82
4,55629.185,82
4,55631.803,82
4,55634.604,82
4,55637.272,82
4,55639.956,82
4,55642.652,82
4,55645.352,82
4,55648.197,82
4,55650.978,82
4,55653.621,82
4,55656.226,82
4,55658.792,82
4,55661.329,82
4,55664.505,82
4,55667.297,82
4,55669.910,82
4,55672.491,82
4,55675.190,82
4,55677.656,82
4,55681.011,82
4,55683.737,82
4,55686.319,82
4,55688.895,82
4,55692.003,82
4,55694.675,82
4,55697.321,82
4,55699.880,82
4,55702.473,82
4,55705.261,82
4,55707.785,82
4,55710.375,82
4,55713.139,82
4,55715.777,82
4,55718.392,82
4,55720.907,82
4,55723.958,82
4,55726.390,82
4,55729.527,82
4,55732.234,82
4,55734.813,82
4,55737.440,82
4,55740.073,82
4,55742.931,82
4,55746.625,82
4,55749.297,82
4,55751.878,82
4,55754.514,82
4,55757.145,82
4,55759.614,84
4,55763.148,84
4,55765.909,84
4,55768.589,84
4,55771.166,84
4,55773.783,84
4,55776.087,84
4,55779.413,84
4,55782.104,84
4,55784.741,84
4,55787.610,84
4,55790.228,84
4,55792.701,84
4,55795.983,84
4,55798.647,84
4,55801.236,84
4,55803.827,84
4,55806.555,84
4,55809.239,84
4,55812.630,84
4,55815.363,84
4,55818.051,84
4,55820.622,84
4,55823.195,84
4,55825.974,84
4,55828.612,84
4,55831.386,84
4,55834.034,84
4,55836.618,84
4,55839.115,84
4,55842.020,84
4,55844.471,84
4,55847.493,84
4,55850.351,84
4,55852.930,84
4,55855.501,84
4,55857.985,84
4,55860.725,84
4,55863.831,84
4,55866.264,84
4,55868.920,84
4,55871.432,84
4,55873.823,84
4,55876.177,84
4,55879.502,84
4,55882.156,84
4,55884.908,84
4,55887.762,84
4,55890.315,84
4,55892.765,84
4,55896.150,84
4,55898.833,84
4,55901.168,84
4,55903.751,84
4,55906.309,84
4,55908.928,84
4,55912.166,84
4,55914.826,84
4,55918.228,84
4,55920.836,84
4,55923.483,84
4,55926.183,86
4,55929.777,86
4,55932.504,86
4,55935.202,86
4,55937.788,86
4,55940.374,86
4,55942.851,86
4,55945.973,86
4,55948.644,86
4,55951.427,86
4,55954.065,86
4,55956.724,86
4,55959.366,86
4,55962.312,86
4,55965.009,86
4,55967.608,86
4,55970.161,86
4,55972.619,86
4,55975.186,86
4,55977.669,86
4,55980.874,86
4,55983.569,86
4,55986.165,86
4,55988.719,86
4,55991.259,86
4,55993.821,86
4,55996.781,86
4,55999.481,86
4,56002.049,86
4,56004.561,86
4,56007.168,86
4,56010.135,86
4,56013.007,86
4,56015.710,86
4,56018.321,86
4,56020.859,86
4,56023.483,86
4,56026.111,86
4,56029.305,86
4,56031.988,86
4,56034.535,86
4,56037.171,86
4,56040.221,86
4,56042.733,86
4,56045.820,86
4,56048.524,86
4,56051.089,86
4,56053.796,86
4,56056.176,86
4,56059.120,86
4,56062.218,86
4,56064.831,86
4,56067.856,86
4,56070.620,86
4,56073.263,86
4,56075.966,86
4,56079.283,86
4,56081.978,86
4,56084.501,86
4,56087.011,86
4,56089.621,86
4,56092.846,86
4,56096.005,88
4,56098.752,88
4,56101.167,88
4,56103.706,88
4,56106.213,88
4,56108.901,88
4,56111.486,88
4,56114.298,88
4,56117.208,88
4,56119.838,88
4,56122.478,88
4,56125.164,88
4,56127.775,88
4,56130.902,88
4,56133.986,88
4,56136.596,88
4,56139.130,88
4,56141.677,88
4,56144.150,88
4,56147.346,88
4,56150.034,88
4,56152.530,88
4,56154.962,88
4,56157.371,88
4,56159.960,88
4,56163.078,88
4,56165.797,88
4,56168.223,88
4,56170.914,88
4,56173.406,88
4,56175.999,88
4,56179.129,88
4,56181.843,88
4,56184.528,88
4,56187.228,88
4,56189.761,88
4,56192.402,88
4,56195.995,88
4,56198.685,88
4,56201.324,88
4,56203.866,88
4,56206.281,88
4,56209.433,88
4,56212.143,88
4,56214.837,88
4,56217.384,88
4,56220.819,88
4,56223.329,88
4,56225.848,88
4,56229.004,88
4,56231.736,88
4,56234.566,88
4,56237.175,88
4,56239.734,88
4,56242.340,88
4,56244.838,88
4,56247.643,88
4,56250.185,88
4,56252.543,88
4,56255.302,88
4,56257.852,88
4,56260.507,90
4,56263.928,90
4,56266.482,90
4,56269.036,90
4,56271.612,90
4,56273.995,90
4,56276.486,90
4,56279.344,90
4,56281.934,90
4,56284.578,90
4,56287.151,90
4,56289.714,90
4,56292.736,90
4,56296.181,90
4,56299.115,90
4,56301.703,90
4,56304.225,90
4,56306.765,90
4,56309.345,90
4,56312.462,90
4,56315.218,90
4,56318.276,90
4,56320.933,90
4,56323.458,90
4,56326.011,90
4,56329.135,90
4,56331.825,90
4,56334.503,90
4,56337.232,90
4,56339.912,90
4,56342.777,90
4,56345.817,90
4,56348.489,90
4,56350.858,90
4,56353.462,90
4,56356.021,90
4,56358.637,90
4,56361.018,90
4,56364.135,90
4,56366.946,90
4,56369.643,90
4,56372.227,90
4,56374.685,90
4,56377.274,90
4,56380.430,90
4,56383.264,90
4,56385.959,90
4,56388.557,90
4,56390.924,90
4,56393.502,90
4,56396.461,90
4,56399.151,90
4,56401.732,90
4,56404.756,90
4,56407.289,90
4,56409.816,90
4,56412.860,90
4,56415.517,90
4,56418.444,90
4,56421.105,90
4,56423.666,90
4,56426.356,92
4,56429.340,92
4,56432.072,92
4,56434.902,92
4,56437.500,92
4,56440.348,92
4,56442.758,92
4,56445.380,92
4,56448.516,92
4,56451.151,92
4,56453.794,92
4,56456.370,92
4,56459.035,92
4,56462.363,92
4,56465.130,92
4,56467.803,92
4,56470.302,92
4,56472.855,92
4,56475.594,92
4,56478.224,92
4,56481.522,92
4,56484.152,92
4,56487.217,92
4,56489.891,92
4,56492.712,92
4,56496.376,92
4,56499.347,92
4,56501.874,92
4,56504.489,92
4,56507.283,92
4,56509.597,92
4,56512.775,92
4,56515.457,92
4,56517.912,92
4,56520.569,92
4,56524.106,92
4,56526.755,92
4,56529.701,92
4,56532.335,92
4,56534.934,92
4,56537.550,92
4,56540.364,92
4,56542.907,92
4,56546.228,92
4,56549.433,92
4,56552.062,92
4,56554.590,92
4,56557.211,92
4,56559.618,92
4,56562.428,92
4,56565.117,92
4,56567.977,92
4,56570.618,92
4,56573.198,92
4,56575.860,92
4,56579.016,92
4,56581.651,92
4,56584.249,92
4,56586.846,92
4,56589.397,92
4,56592.035,92
4,56594.696,94
4,56597.618,94
4,56600.982,94
4,56603.605,94
4,56606.035,94
4,56608.631,94
4,56611.146,94
4,56614.376,94
4,56617.538,94
4,56620.230,94
4,56622.805,94
4,56625.556,94
4,56628.681,94
4,56631.337,94
4,56633.977,94
4,56636.613,94
4,56639.265,94
4,56641.901,94
4,56644.431,94
4,56647.387,94
4,56650.264,94
4,56652.758,94
4,56655.287,94
4,56657.804,94
4,56662.250,94
4,56665.604,94
4,56668.442,94
4,56670.866,94
4,56673.507,94
4,56676.535,94
4,56679.388,94
4,56682.140,94
4,56684.892,94
4,56687.432,94
4,56690.065,94
4,56692.601,94
4,56695.955,94
4,56698.701,94
4,56701.546,94
4,56703.924,94
4,56706.517,94
4,56709.378,94
4,56712.915,94
4,56715.735,94
4,56718.333,94
4,56720.921,94
4,56723.712,94
4,56726.659,94
4,56729.623,94
4,56732.351,94
4,56735.001,94
4,56737.599,94
4,56740.145,94
4,56742.804,94
4,56746.156,94
4,56748.859,94
4,56751.445,94
4,56754.193,94
4,56756.789,94
4,56759.234,96
4,56762.399,96
4,56765.259,96
4,56768.452,96
4,56771.060,96
4,56773.643,96
4,56776.404,96
4,56779.359,96
4,56782.055,96
4,56784.690,96
4,56787.238,96
4,56789.829,96
4,56792.987,96
4,56795.882,96
4,56798.470,96
4,56801.198,96
4,56803.871,96
4,56806.297,96
4,56808.932,96
4,56812.189,96
4,56814.971,96
4,56817.597,96
4,56820.219,96
4,56822.834,96
4,56826.041,96
4,56829.747,96
4,56832.917,96
4,56835.544,96
4,56838.189,96
4,56840.786,96
4,56843.339,96
4,56846.266,96
4,56848.839,96
4,56851.568,96
4,56854.132,96
4,56856.775,96
4,56859.166,96
4,56862.946,96
4,56865.709,96
4,56868.339,96
4,56870.940,96
4,56873.349,96
4,56875.880,96
4,56879.030,96
4,56881.735,96
4,56884.726,96
4,56887.313,96
4,56890.022,96
4,56892.444,96
4,56895.925,96
4,56898.594,96
4,56901.151,96
4,56903.570,96
4,56906.111,96
4,56908.706,96
4,56910.970,96
4,56914.206,96
4,56916.998,96
4,56919.609,96
4,56922.254,96
4,56924.807,96
4,56927.455,98
4,56930.957,98
4,56933.777,98
4,56936.401,98
4,56939.007,98
4,56942.242,98
4,56944.926,98
4,56947.461,98
4,56949.947,98
4,56952.425,98
4,56955.020,98
4,56957.583,98
4,56959.852,98
4,56963.238,98
4,56965.937,98
4,56969.076,98
4,56971.992,98
4,56974.544,98
4,56977.439,98
4,56980.350,98
4,56982.883,98
4,56985.483,98
4,56987.836,98
4,56990.555,98
4,56993.046,98
4,56996.247,98
4,56998.922,98
4,57001.510,98
4,57004.067,98
4,57006.692,98
4,57009.188,98
4,57012.673,98
4,57015.389,98
4,57017.940,98
4,57020.572,98
4,57023.119,98
4,57025.894,98
4,57029.071,98
4,57031.737,98
4,57034.411,98
4,57036.995,98
4,57039.516,98
4,57042.088,98
4,57044.319,98
4,57047.516,98
4,57050.228,98
4,57052.854,98
4,57055.448,98
4,57057.976,98
4,57060.555,98
4,57063.295,98
4,57065.932,98
4,57068.622,98
4,57071.193,98
4,57073.852,98
4,57076.331,98
4,57079.338,98
4,57082.093,98
4,57084.800,98
4,57087.324,98
4,57089.766,98
4,57092.659,100
4,57096.100,100
4,57098.750,100
4,57101.725,100
4,57104.583,100
4,57107.295,100
4,57109.832,100
4,57112.623,100
4,57115.561,100
4,57118.672,100
4,57121.018,100
4,57123.542,100
4,57126.725,100
4,57130.193,100
4,57132.858,100
4,57135.553,100
4,57138.291,100
4,57140.842,100
4,57143.399,100
4,57145.983,100
4,57148.842,100
4,57151.308,100
4,57153.831,100
4,57156.361,100
4,57159.370,100
4,57161.933,100
4,57164.782,100
4,57167.467,100
4,57170.076,100
4,57172.650,100
4,57175.291,100
4,57177.655,100
4,57180.175,100
4,57183.858,100
4,57186.476,100
4,57189.047,100
4,57192.045,100
4,57194.556,100
4,57197.478,100
4,57200.047,100
4,57202.643,100
4,57205.232,100
4,57207.760,100
4,57210.506,100
4,57213.433,100
4,57216.088,100
4,57218.685,100
4,57221.052,100
4,57223.796,100
4,57226.126,100
4,57229.202,100
4,57231.887,100
4,57234.459,100
4,57236.948,100
4,57239.544,100
4,57242.141,100
4,57244.958,100
4,57247.942,100
4,57250.818,100
4,57253.424,100
4,57255.994,100
4,57258.620,100
4,57261.134,102
4,57264.111,102
4,57266.730,102
4,57269.326,102
4,57271.930,102
4,57274.666,102
4,57277.263,102
4,57280.082,102
4,57282.775,102
4,57285.465,102
4,57288.019,102
4,57290.594,102
4,57293.096,102
4,57296.285,102
4,57298.851,102
4,57301.295,102
4,57303.789,102
4,57306.908,102
4,57309.531,102
4,57312.629,102
4,57315.341,102
4,57318.468,102
4,57321.533,102
4,57324.106,102
4,57326.384,102
4,57329.785,102
4,57332.395,102
4,57335.040,102
4,57337.436,102
4,57339.913,102
4,57342.653,102
4,57345.904,102
4,57348.579,102
4,57351.198,102
4,57353.851,102
4,57356.456,102
4,57359.314,102
4,57363.461,102
4,57366.162,102
4,57369.260,102
4,57371.833,102
4,57374.178,102
4,57376.647,102
4,57379.853,102
4,57382.548,102
4,57385.217,102
4,57387.759,102
4,57390.249,102
4,57392.633,102
4,57396.081,102
4,57398.783,102
4,57401.393,102
4,57403.788,102
4,57406.355,102
4,57409.043,102
4,57411.584,102
4,57414.494,102
4,57417.541,102
4,57420.141,102
4,57422.774,102
4,57425.863,102
4,57429.294,104
4,57432.270,104
4,57435.393,104
4,57438.485,104
4,57441.086,104
4,57443.678,104
4,57446.898,104
4,57449.694,104
4,57452.331,104
4,57454.732,104
4,57457.348,104
4,57459.817,104
4,57463.018,104
4,57465.702,104
4,57468.397,104
4,57470.918,104
4,57473.519,104
4,57476.021,104
4,57479.868,104
4,57482.680,104
4,57485.289,104
4,57488.224,104
4,57490.858,104
4,57493.162,104
4,57496.806,104
4,57499.600,104
4,57502.158,104
4,57504.764,104
4,57507.419,104
4,57510.223,104
4,57513.235,104
4,57516.117,104
4,57518.729,104
4,57521.363,104
4,57523.945,104
4,57526.496,104
4,57529.455,104
4,57532.155,104
4,57534.731,104
4,57537.282,104
4,57539.970,104
4,57542.696,104
4,57546.049,104
4,57548.768,104
4,57551.363,104
4,57553.938,104
4,57556.531,104
4,57559.244,104
4,57562.997,104
4,57565.696,104
4,57568.965,104
4,57571.948,104
4,57574.536,104
4,57577.250,104
4,57579.818,104
4,57582.741,104
4,57585.434,104
4,57588.033,104
4,57590.610,104
4,57593.121,106
4,57596.012,106
4,57598.882,106
4,57601.458,106
4,57603.853,106
4,57606.471,106
4,57609.270,106
4,57611.785,106
4,57614.733,106
4,57617.268,106
4,57619.920,106
4,57622.464,106
4,57625.020,106
4,57627.940,106
4,57630.352,106
4,57633.164,106
4,57635.793,106
4,57638.718,106
4,57641.366,106
4,57644.064,106
4,57647.130,106
4,57649.886,106
4,57652.652,106
4,57655.598,106
4,57658.209,106
4,57660.813,106
4,57664.122,106
4,57667.158,106
4,57669.723,106
4,57672.328,106
4,57674.971,106
4,57677.583,106
4,57680.906,106
4,57683.753,106
4,57686.364,106
4,57688.962,106
4,57691.538,106
4,57694.037,106
4,57697.056,106
4,57700.480,106
4,57703.188,106
4,57705.805,106
4,57708.466,106
4,57711.037,106
4,57714.128,106
4,57716.821,106
4,57719.595,106
4,57722.169,106
4,57724.801,106
4,57727.385,106
4,57731.286,106
4,57734.515,106
4,57737.293,106
4,57739.968,106
4,57743.577,106
4,57746.565,106
4,57749.308,106
4,57751.816,106
4,57754.389,106
4,57757.160,106
4,57759.575,109
4,57762.891,109
4,57765.631,109
4,57768.197,109
4,57770.814,109
4,57773.468,109
4,57776.220,109
4,57779.362,109
4,57781.967,109
4,57784.569,109
4,57787.143,109
4,57789.674,109
4,57792.787,109
4,57795.313,109
4,57798.143,109
4,57800.884,109
4,57803.510,109
4,57806.149,109
4,57808.797,109
4,57811.375,109
4,57814.594,109
4,57817.342,109
4,57819.986,109
4,57822.427,109
4,57824.813,109
4,57827.352,109
4,57830.711,109
4,57833.742,109
4,57836.368,109
4,57838.851,109
4,57841.363,109
4,57843.898,109
4,57847.209,109
4,57849.915,109
4,57852.488,109
4,57855.168,109
4,57857.673,109
4,57860.115,109
4,57863.111,109
4,57865.711,109
4,57868.276,109
4,57870.804,109
4,57873.340,109
4,57876.102,109
4,57879.431,109
4,57882.121,109
4,57884.716,109
4,57887.783,109
4,57890.354,109
4,57892.802,109
4,57895.887,109
4,57898.577,109
4,57901.157,109
4,57903.729,109
4,57906.787,109
4,57909.638,109
4,57913.009,109
4,57915.679,109
4,57918.288,109
4,57920.851,109
4,57923.432,109
4,57926.086,111
4,57929.193,111
4,57931.865,111
4,57934.414,111
4,57937.000,111
4,57939.587,111
4,57942.257,111
4,57945.910,111
4,57948.575,111
4,57951.481,111
4,57953.804,111
4,57956.506,111
4,57959.339,111
4,57962.552,111
4,57965.136,111
4,57967.912,111
4,57970.463,111
4,57973.098,111
4,57976.114,111
4,57979.504,111
4,57982.203,111
4,57984.835,111
4,57987.417,111
4,57990.034,111
4,57992.548,111
4,57996.050,111
4,57998.791,111
4,58001.165,111
4,58003.871,111
4,58006.417,111
4,58009.084,111
4,58012.603,111
4,58015.266,111
4,58017.851,111
4,58020.911,111
4,58023.419,111
4,58025.909,111
4,58029.190,111
4,58032.465,111
4,58035.060,111
4,58037.670,111
4,58040.397,111
4,58042.906,111
4,58046.143,111
4,58048.858,111
4,58051.705,111
4,58054.797,111
4,58057.351,111
4,58059.781,111
4,58062.968,111
4,58066.074,111
4,58068.609,111
4,58071.231,111
4,58073.927,111
4,58076.460,111
4,58079.226,111
4,58082.343,111
4,58085.510,111
4,58087.961,111
4,58090.618,111
4,58093.006,113
4,58095.725,113
4,58098.601,113
4,58101.687,113
4,58104.202,113
4,58107.128,113
4,58109.603,113
4,58112.957,113
4,58115.659,113
4,58118.512,113
4,58121.037,113
4,58123.755,113
4,58126.777,113
4,58129.643,113
4,58132.278,113
4,58134.854,113
4,58137.241,113
4,58139.817,113
4,58142.679,113
4,58145.832,113
4,58148.610,113
4,58151.348,113
4,58154.149,113
4,58156.831,113
4,58159.337,113
4,58162.531,113
4,58165.175,113
4,58168.008,113
4,58170.597,113
4,58173.304,113
4,58176.251,113
4,58179.376,113
4,58182.096,113
4,58184.633,113
4,58187.053,113
4,58189.663,113
4,58192.311,113
4,58194.881,113
4,58197.621,113
4,58200.389,113
4,58202.871,113
4,58205.465,113
4,58208.007,113
4,58210.744,113
4,58213.673,113
4,58216.406,113
4,58218.996,113
4,58221.539,113
4,58224.068,113
4,58226.759,113
4,58230.122,113
4,58232.884,113
4,58235.464,113
4,58237.982,113
4,58240.536,113
4,58243.065,113
4,58246.210,113
4,58248.928,113
4,58251.842,113
4,58254.417,113
4,58256.943,113
4,58259.778,115
4,58262.357,115
4,58265.168,115
4,58269.375,115
4,58271.865,115
4,58274.299,115
4,58276.741,115
4,58279.954,115
4,58282.689,115
4,58285.652,115
4,58288.198,115
4,58290.429,115
4,58292.924,115
4,58296.054,115
4,58298.786,115
4,58301.349,115
4,58304.023,115
4,58306.664,115
4,58309.526,115
4,58312.964,115
4,58315.667,115
4,58318.294,115
4,58320.802,115
4,58323.199,115
4,58325.726,115
4,58328.859,115
4,58331.403,115
4,58334.936,115
4,58337.435,115
4,58340.054,115
4,58342.583,115
4,58345.907,115
4,58348.650,115
4,58351.200,115
4,58353.709,115
4,58356.214,115
4,58358.747,115
4,58361.164,115
4,58364.054,115
4,58367.031,115
4,58369.594,115
4,58372.116,115
4,58374.656,115
4,58377.264,115
4,58380.105,115
4,58382.899,115
4,58385.510,115
4,58388.154,115
4,58390.685,115
4,58393.025,115
4,58396.172,115
4,58398.859,115
4,58401.353,115
4,58403.854,115
4,58406.441,115
4,58409.248,115
4,58412.532,115
4,58415.256,115
4,58418.009,115
4,58420.563,115
4,58423.103,115
4,58425.957,117
4,58428.771,117
4,58431.383,117
4,58433.914,117
4,58436.517,117
4,58439.102,117
4,58442.171,117
4,58444.737,117
4,58447.666,117
4,58450.442,117
4,58452.995,117
4,58455.552,117
4,58458.014,117
4,58460.627,117
4,58463.380,117
4,58466.041,117
4,58468.616,117
4,58471.150,117
4,58473.812,117
4,58476.210,117
4,58479.080,117
4,58482.177,117
4,58484.710,117
4,58487.278,117
4,58489.759,117
4,58492.864,117
4,58496.035,117
4,58498.670,117
4,58501.198,117
4,58503.798,117
4,58506.405,117
4,58508.976,117
4,58511.651,117
4,58514.383,117
4,58517.052,117
4,58519.691,117
4,58522.207,117
4,58524.684,117
4,58527.238,117
4,58530.224,117
4,58532.845,117
4,58535.428,117
4,58537.986,117
4,58540.567,117
4,58543.020,117
4,58546.136,117
4,58548.803,117
4,58551.375,117
4,58553.894,117
4,58556.552,117
4,58559.232,117
4,58562.748,117
4,58565.358,117
4,58567.908,117
4,58570.476,117
4,58572.882,117
4,58575.352,117
4,58577.877,117
4,58580.697,117
4,58583.271,117
4,58585.880,117
4,58588.452,117
4,58591.139,117
4,58593.732,119
4,58596.509,119
4,58599.181,119
4,58601.697,119
4,58604.277,119
4,58607.252,119
4,58609.833,119
4,58613.010,119
4,58615.609,119
4,58618.024,119
4,58620.566,119
4,58623.127,119
4,58625.946,119
4,58629.159,119
4,58631.806,119
4,58634.348,119
4,58637.679,119
4,58640.473,119
4,58642.964,119
4,58645.828,119
4,58648.483,119
4,58651.047,119
4,58653.706,119
4,58656.315,119
4,58658.825,119
4,58661.276,119
4,58664.061,119
4,58666.586,119
4,58669.118,119
4,58671.758,119
4,58674.603,119
4,58677.077,119
4,58679.917,119
4,58682.378,119
4,58684.779,119
4,58687.393,119
4,58690.090,119
4,58692.415,119
4,58695.084,119
4,58697.851,119
4,58700.881,119
4,58703.918,119
4,58706.513,119
4,58709.276,119
4,58712.859,119
4,58715.571,119
4,58718.231,119
4,58720.751,119
4,58723.540,119
4,58725.996,119
4,58728.618,119
4,58731.446,119
4,58734.398,119
4,58736.943,119
4,58739.626,119
4,58742.323,119
4,58744.834,119
4,58747.625,119
4,58750.600,119
4,58753.208,119
4,58755.738,119
4,58758.104,119
4,58760.701,120
4,58763.819,120
4,58766.488,120
4,58769.081,120
4,58771.838,120
4,58774.336,120
4,58776.847,120
4,58779.716,120
4,58782.535,120
4,58785.110,120
4,58787.558,120
4,58790.269,120
4,58792.515,120
4,58796.075,120
4,58798.752,120
4,58801.263,120
4,58803.692,120
4,58806.319,120
4,58808.765,120
4,58811.149,120
4,58813.988,120
4,58816.571,120
4,58818.954,120
4,58821.443,120
4,58823.802,120
4,58826.254,120
4,58829.388,120
4,58832.092,120
4,58834.673,120
4,58837.121,120
4,58839.438,120
4,58841.995,120
4,58844.494,120
4,58847.994,120
4,58851.171,120
4,58853.738,120
4,58856.275,120
4,58858.890,120
4,58862.101,120
4,58864.837,120
4,58867.585,120
4,58870.194,120
4,58872.776,120
4,58875.365,120
4,58877.957,120
4,58880.765,120
4,58883.365,120
4,58885.942,120
4,58888.472,120
4,58890.967,120
4,58893.547,120
4,58896.589,120
4,58899.252,120
4,58901.791,120
4,58904.415,120
4,58907.200,120
4,58909.694,120
4,58913.002,120
4,58915.852,120
4,58918.400,120
4,58920.911,120
4,58923.475,120
5,58925.986,0
5,58929.385,0
5,58932.092,0
5,58934.646,0
5,58937.196,0
5,58940.256,0
5,58942.904,0
5,58946.825,0
5,58949.545,0
5,58951.872,0
5,58954.363,0
5,58957.150,0
5,58959.677,0
5,58962.483,0
5,58965.122,0
5,58967.809,0
5,58970.348,0
5,58972.909,0
5,58975.558,0
5,58978.133,0
5,58980.931,0
5,58983.881,0
5,58986.505,0
5,58989.042,0
5,58991.597,0
5,58994.172,0
5,58997.269,0
5,58999.916,0
5,59002.516,0
5,59005.176,0
5,59007.798,0
5,59010.523,0
5,59013.330,0
5,59015.998,0
5,59018.557,0
5,59021.253,0
5,59023.966,0
5,59026.314,0
5,59029.189,0
5,59031.781,0
5,59034.664,0
5,59037.159,0
5,59039.878,0
5,59042.707,0
5,59045.660,0
5,59048.344,0
5,59050.888,0
5,59053.983,0
5,59056.626,0
5,59059.424,0
5,59062.847,0
5,59065.533,0
5,59068.011,0
5,59070.415,0
5,59072.973,0
5,59075.539,0
5,59078.337,0
5,59081.249,0
5,59083.876,0
5,59086.540,0
5,59089.159,0
5,59091.755,0
5,59094.253,0
5,59097.599,0
5,59100.432,0
5,59103.102,0
5,59106.172,0
5,59108.695,0
5,59111.248,0
5,59114.416,0
5,59116.983,0
5,59119.624,0
5,59122.095,0
5,59124.594,0
5,59127.169,0
5,59130.350,0
5,59132.980,0
5,59135.565,0
5,59138.088,0
5,59140.697,0
5,59143.154,0
5,59146.125,0
5,59148.899,0
5,59151.210,0
5,59153.766,0
5,59156.081,0
5,59159.152,0
5,59161.691,0
5,59164.447,0
5,59167.354,0
5,59169.962,0
5,59172.306,0
5,59174.780,0
5,59177.326,0
5,59180.112,0
5,59182.861,0
5,59185.555,0
5,59188.069,0
5,59190.582,0
5,59193.613,0
5,59196.537,0
5,59199.151,0
5,59201.648,0
5,59204.133,0
5,59206.662,0
5,59209.317,0
5,59212.854,0
5,59215.512,0
5,59217.941,0
5,59220.951,0
5,59223.425,0
5,59225.964,0
5,59229.276,0
5,59231.913,0
5,59234.433,0
5,59237.156,0
5,59239.793,0
5,59243.317,0
5,59246.182,0
5,59248.847,0
5,59251.337,0
5,59253.851,0
5,59256.369,0
5,59259.463,0
5,59262.859,3
5,59265.487,3
5,59268.433,3
5,59270.963,3
5,59273.516,3
5,59275.917,3
5,59279.016,3
5,59281.661,3
5,59284.176,3
5,59286.754,3
5,59289.238,3
5,59291.848,3
5,59294.318,3
5,59297.024,3
5,59299.729,3
5,59302.119,3
5,59304.629,3
5,59307.153,3
5,59309.588,3
5,59312.910,3
5,59315.515,3
5,59318.249,3
5,59320.633,3
5,59323.564,3
5,59326.028,3
5,59328.922,3
5,59331.496,3
5,59334.149,3
5,59336.717,3
5,59339.173,3
5,59341.702,3
5,59344.218,3
5,59347.320,3
5,59349.982,3
5,59352.630,3
5,59355.343,3
5,59357.840,3
5,59360.442,3
5,59363.149,3
5,59365.769,3
5,59368.349,3
5,59370.883,3
5,59373.396,3
5,59376.067,3
5,59379.044,3
5,59381.704,3
5,59384.393,3
5,59386.813,3
5,59389.336,3
5,59391.904,3
5,59394.454,3
5,59397.678,3
5,59400.331,3
5,59402.941,3
5,59405.514,3
5,59408.044,3
5,59410.721,3
5,59413.481,3
5,59416.063,3
5,59418.408,3
5,59421.002,3
5,59423.578,3
5,59426.096,5
5,59429.032,5
5,59431.640,5
5,59434.146,5
5,59436.625,5
5,59439.154,5
5,59441.880,5
5,59444.373,5
5,59448.867,5
5,59452.450,5
5,59455.224,5
5,59458.068,5
5,59460.655,5
5,59463.443,5
5,59466.054,5
5,59468.406,5
5,59470.907,5
5,59473.456,5
5,59476.000,5
5,59479.000,5
5,59481.626,5
5,59484.588,5
5,59487.233,5
5,59489.558,5
5,59492.110,5
5,59494.586,5
5,59498.706,5
5,59501.362,5
5,59504.034,5
5,59506.783,5
5,59509.391,5
5,59512.349,5
5,59515.488,5
5,59518.055,5
5,59520.606,5
5,59523.223,5
5,59526.092,5
5,59529.560,5
5,59532.304,5
5,59534.882,5
5,59537.484,5
5,59539.990,5
5,59542.654,5
5,59546.258,5
5,59548.885,5
5,59551.471,5
5,59553.965,5
5,59556.537,5
5,59559.581,5
5,59562.819,5
5,59565.432,5
5,59568.212,5
5,59570.731,5
5,59573.244,5
5,59575.937,5
5,59579.448,5
5,59582.117,5
5,59584.498,5
5,59587.099,5
5,59589.638,5
5,59592.158,5
5,59594.754,7
5,59597.609,7
5,59600.259,7
5,59603.188,7
5,59605.749,7
5,59608.270,7
5,59610.769,7
5,59613.754,7
5,59616.384,7
5,59618.936,7
5,59621.431,7
5,59624.132,7
5,59626.672,7
5,59629.497,7
5,59632.097,7
5,59634.730,7
5,59637.262,7
5,59639.945,7
5,59642.725,7
5,59647.335,7
5,59649.950,7
5,59652.584,7
5,59655.189,7
5,59659.030,7
5,59661.752,7
5,59664.608,7
5,59667.323,7
5,59669.919,7
5,59672.397,7
5,59674.801,7
5,59677.378,7
5,59680.864,7
5,59683.454,7
5,59686.067,7
5,59688.590,7
5,59691.095,7
5,59693.921,7
5,59696.989,7
5,59699.584,7
5,59702.088,7
5,59704.857,7
5,59707.349,7
5,59709.682,7
5,59712.766,7
5,59715.471,7
5,59718.213,7
5,59720.812,7
5,59723.252,7
5,59726.003,7
5,59728.996,7
5,59731.728,7
5,59734.583,7
5,59737.181,7
5,59739.914,7
5,59742.820,7
5,59745.575,7
5,59748.413,7
5,59751.390,7
5,59753.930,7
5,59756.330,7
5,59758.936,7
5,59762.418,9
5,59765.176,9
5,59767.761,9
5,59770.482,9
5,59773.146,9
5,59775.862,9
5,59779.438,9
5,59782.109,9
5,59784.709,9
5,59787.272,9
5,59789.882,9
5,59792.570,9
5,59796.028,9
5,59798.760,9
5,59801.291,9
5,59803.838,9
5,59806.309,9
5,59808.898,9
5,59811.444,9
5,59814.295,9
5,59816.972,9
5,59819.422,9
5,59822.071,9
5,59824.420,9
5,59826.927,9
5,59829.979,9
5,59832.675,9
5,59835.245,9
5,59837.787,9
5,59840.394,9
5,59842.929,9
5,59845.954,9
5,59849.397,9
5,59852.123,9
5,59854.787,9
5,59857.450,9
5,59860.293,9
5,59863.030,9
5,59865.679,9
5,59868.340,9
5,59870.981,9
5,59874.037,9
5,59876.553,9
5,59879.216,9
5,59881.879,9
5,59884.473,9
5,59887.097,9
5,59889.683,9
5,59892.311,9
5,59894.840,9
5,59897.698,9
5,59900.238,9
5,59903.039,9
5,59905.672,9
5,59908.708,9
5,59911.303,9
5,59914.145,9
5,59916.737,9
5,59919.212,9
5,59921.939,9
5,59924.482,9
5,59927.022,11
5,59930.148,11
5,59932.679,11
5,59935.361,11
5,59937.965,11
5,59940.536,11
5,59943.035,11
5,59945.982,11
5,59948.699,11
5,59951.243,11
5,59953.774,11
5,59956.372,11
5,59958.908,11
5,59961.467,11
5,59964.044,11
5,59966.578,11
5,59969.225,11
5,59971.778,11
5,59974.311,11
5,59976.812,11
5,59979.808,11
5,59982.637,11
5,59985.218,11
5,59988.245,11
5,59990.759,11
5,59993.252,11
5,59996.200,11
5,59998.950,11
5,60001.374,11
5,60003.901,11
5,60006.512,11
5,60009.498,11
5,60013.008,11
5,60015.735,11
5,60018.303,11
5,60020.641,11
5,60023.269,11
5,60026.199,11
5,60029.819,11
5,60032.988,11
5,60035.662,11
5,60038.417,11
5,60040.981,11
5,60043.499,11
5,60046.440,11
5,60049.195,11
5,60051.721,11
5,60054.404,11
5,60056.937,11
5,60059.471,11
5,60063.029,11
5,60065.676,11
5,60068.461,11
5,60070.835,11
5,60073.453,11
5,60076.283,11
5,60078.931,11
5,60081.789,11
5,60084.418,11
5,60087.050,11
5,60089.656,11
5,60092.557,11
5,60095.955,13
5,60098.770,13
5,60101.482,13
5,60104.202,13
5,60106.784,13
5,60109.138,13
5,60112.080,13
5,60114.888,13
5,60117.599,13
5,60120.229,13
5,60122.753,13
5,60125.519,13
5,60127.983,13
5,60131.551,13
5,60134.209,13
5,60137.053,13
5,60139.678,13
5,60142.769,13
5,60145.974,13
5,60148.603,13
5,60151.890,13
5,60154.425,13
5,60157.081,13
5,60159.466,13
5,60162.357,13
5,60165.112,13
5,60168.093,13
5,60170.646,13
5,60173.255,13
5,60176.018,13
5,60179.722,13
5,60182.253,13
5,60184.878,13
5,60187.468,13
5,60190.059,13
5,60192.620,13
5,60195.797,13
5,60198.489,13
5,60201.100,13
5,60203.565,13
5,60205.856,13
5,60208.422,13
5,60210.965,13
5,60214.054,13
5,60217.011,13
5,60219.611,13
5,60222.135,13
5,60224.573,13
5,60227.092,13
5,60229.835,13
5,60232.472,13
5,60235.259,13
5,60237.805,13
5,60240.513,13
5,60243.239,13
5,60246.135,13
5,60248.766,13
5,60251.491,13
5,60253.961,13
5,60256.306,13
5,60259.322,13
5,60262.337,15
5,60264.986,15
5,60267.687,15
5,60270.221,15
5,60273.002,15
5,60275.606,15
5,60278.637,15
5,60281.234,15
5,60283.768,15
5,60286.320,15
5,60288.892,15
5,60291.370,15
5,60293.925,15
5,60296.923,15
5,60299.632,15
5,60301.990,15
5,60304.394,15
5,60307.076,15
5,60309.555,15
5,60312.945,15
5,60315.592,15
5,60318.140,15
5,60320.643,15
5,60323.206,15
5,60325.870,15
5,60328.978,15
5,60331.752,15
5,60334.206,15
5,60336.872,15
5,60339.341,15
5,60341.966,15
5,60344.880,15
5,60347.677,15
5,60350.068,15
5,60352.684,15
5,60355.568,15
5,60358.574,15
5,60361.000,15
5,60363.914,15
5,60366.488,15
5,60368.840,15
5,60371.115,15
5,60373.541,15
5,60376.063,15
5,60378.858,15
5,60381.458,15
5,60384.035,15
5,60386.590,15
5,60388.915,15
5,60391.159,15
5,60393.797,15
5,60396.312,15
5,60399.206,15
5,60401.671,15
5,60404.182,15
5,60406.635,15
5,60409.215,15
5,60412.301,15
5,60414.965,15
5,60417.551,15
5,60420.028,15
5,60423.069,15
5,60425.822,17
5,60428.874,17
5,60431.448,17
5,60434.379,17
5,60437.052,17
5,60439.687,17
5,60442.209,17
5,60444.690,17
5,60447.619,17
5,60450.185,17
5,60453.651,17
5,60456.720,17
5,60459.690,17
5,60462.976,17
5,60465.607,17
5,60468.468,17
5,60470.989,17
5,60473.568,17
5,60476.098,17
5,60478.841,17
5,60481.249,17
5,60483.735,17
5,60486.767,17
5,60489.327,17
5,60491.942,17
5,60494.573,17
5,60497.931,17
5,60500.908,17
5,60503.382,17
5,60505.919,17
5,60508.477,17
5,60510.882,17
5,60513.787,17
5,60516.413,17
5,60519.426,17
5,60522.118,17
5,60524.600,17
5,60526.985,17
5,60529.871,17
5,60533.156,17
5,60535.696,17
5,60538.719,17
5,60541.222,17
5,60543.660,17
5,60547.414,17
5,60550.079,17
5,60552.503,17
5,60555.135,17
5,60557.628,17
5,60560.189,17
5,60563.071,17
5,60565.752,17
5,60568.317,17
5,60570.894,17
5,60573.385,17
5,60575.924,17
5,60579.237,17
5,60581.931,17
5,60584.295,17
5,60586.793,17
5,60589.119,17
5,60591.788,17
5,60594.107,19
5,60597.571,19
5,60600.285,19
5,60602.813,19
5,60605.238,19
5,60607.709,19
5,60610.224,19
5,60613.419,19
5,60616.087,19
5,60618.446,19
5,60621.034,19
5,60623.682,19
5,60626.203,19
5,60629.506,19
5,60632.192,19
5,60634.579,19
5,60637.215,19
5,60639.927,19
5,60642.973,19
5,60645.983,19
5,60648.680,19
5,60651.428,19
5,60653.928,19
5,60656.469,19
5,60659.349,19
5,60662.948,19
5,60665.623,19
5,60668.268,19
5,60670.751,19
5,60673.450,19
5,60675.842,19
5,60678.855,19
5,60681.471,19
5,60684.392,19
5,60686.978,19
5,60689.293,19
5,60691.882,19
5,60694.323,19
5,60697.167,19
5,60699.819,19
5,60702.457,19
5,60704.788,19
5,60707.263,19
5,60709.857,19
5,60712.702,19
5,60715.264,19
5,60717.829,19
5,60720.450,19
5,60723.026,19
5,60725.635,19
5,60728.652,19
5,60731.510,19
5,60734.411,19
5,60737.161,19
5,60739.806,19
5,60742.450,19
5,60745.085,19
5,60747.786,19
5,60750.285,19
5,60752.755,19
5,60756.121,19
5,60758.745,19
5,60761.125,21
5,60764.263,21
5,60766.857,21
5,60769.552,21
5,60772.050,21
5,60774.515,21
5,60777.509,21
5,60780.273,21
5,60782.867,21
5,60785.439,21
5,60788.000,21
5,60790.557,21
5,60793.113,21
5,60796.119,21
5,60798.746,21
5,60801.445,21
5,60803.958,21
5,60806.489,21
5,60809.354,21
5,60812.637,21
5,60815.299,21
5,60817.880,21
5,60820.484,21
5,60823.079,21
5,60825.859,21
5,60830.548,21
5,60833.362,21
5,60836.033,21
5,60838.537,21
5,60841.004,21
5,60843.463,21
5,60846.671,21
5,60849.344,21
5,60851.920,21
5,60854.260,21
5,60856.985,21
5,60859.487,21
5,60862.623,21
5,60865.355,21
5,60867.914,21
5,60871.051,21
5,60873.631,21
5,60876.149,21
5,60879.147,21
5,60881.850,21
5,60884.512,21
5,60887.188,21
5,60889.790,21
5,60893.042,21
5,60895.833,21
5,60898.471,21
5,60901.107,21
5,60903.867,21
5,60906.488,21
5,60909.408,21
5,60912.943,21
5,60915.634,21
5,60918.489,21
5,60921.088,21
5,60923.662,21
5,60926.303,23
5,60930.194,23
5,60932.923,23
5,60935.419,23
5,60938.024,23
5,60940.391,23
5,60943.269,23
5,60946.460,23
5,60949.214,23
5,60951.770,23
5,60954.140,23
5,60956.744,23
5,60959.249,23
5,60962.834,23
5,60965.488,23
5,60968.325,23
5,60970.839,23
5,60973.516,23
5,60976.088,23
5,60979.437,23
5,60982.091,23
5,60984.666,23
5,60987.655,23
5,60990.380,23
5,60993.126,23
5,60996.035,23
5,60998.729,23
5,61001.283,23
5,61003.798,23
5,61006.367,23
5,61008.970,23
5,61012.805,23
5,61015.453,23
5,61018.147,23
5,61020.552,23
5,61023.130,23
5,61025.827,23
5,61028.687,23
5,61031.503,23
5,61034.060,23
5,61036.707,23
5,61039.209,23
5,61041.819,23
5,61044.382,23
5,61047.728,23
5,61050.718,23
5,61053.373,23
5,61055.890,23
5,61059.255,23
5,61062.759,23
5,61065.483,23
5,61068.028,23
5,61070.610,23
5,61073.136,23
5,61075.911,23
5,61079.080,23
5,61081.867,23
5,61084.674,23
5,61087.273,23
5,61089.868,23
5,61092.786,25
5,61096.289,25
5,61099.008,25
5,61101.681,25
5,61104.313,25
5,61106.704,25
5,61109.376,25
5,61112.852,25
5,61115.551,25
5,61118.264,25
5,61120.780,25
5,61123.351,25
5,61126.956,25
5,61129.872,25
5,61132.524,25
5,61135.110,25
5,61137.658,25
5,61140.203,25
5,61142.837,25
5,61146.316,25
5,61149.105,25
5,61151.696,25
5,61154.275,25
5,61156.936,25
5,61159.474,25
5,61163.066,25
5,61165.733,25
5,61168.266,25
5,61170.831,25
5,61173.392,25
5,61176.220,25
5,61179.275,25
5,61181.989,25
5,61184.555,25
5,61187.129,25
5,61189.785,25
5,61192.547,25
5,61195.893,25
5,61198.622,25
5,61201.202,25
5,61203.752,25
5,61206.111,25
5,61208.510,25
5,61210.968,25
5,61214.076,25
5,61216.876,25
5,61219.665,25
5,61222.230,25
5,61224.590,25
5,61227.592,25
5,61230.682,25
5,61233.184,25
5,61235.768,25
5,61238.432,25
5,61240.834,25
5,61243.394,25
5,61246.327,25
5,61249.019,25
5,61251.619,25
5,61254.221,25
5,61257.032,25
5,61259.522,27
5,61262.838,27
5,61265.482,27
5,61268.158,27
5,61270.800,27
5,61273.384,27
5,61275.652,27
5,61278.937,27
5,61281.497,27
5,61284.414,27
5,61286.916,27
5,61289.413,27
5,61291.987,27
5,61294.464,27
5,61297.588,27
5,61300.185,27
5,61302.735,27
5,61305.300,27
5,61307.797,27
5,61310.320,27
5,61313.675,27
5,61316.328,27
5,61318.894,27
5,61321.452,27
5,61323.986,27
5,61326.296,27
5,61329.264,27
5,61331.969,27
5,61334.629,27
5,61337.146,27
5,61339.555,27
5,61342.116,27
5,61344.533,27
5,61347.676,27
5,61350.691,27
5,61353.313,27
5,61355.702,27
5,61358.417,27
5,61361.696,27
5,61364.524,27
5,61367.166,27
5,61369.824,27
5,61372.219,27
5,61374.915,27
5,61377.397,27
5,61380.605,27
5,61383.347,27
5,61385.891,27
5,61388.434,27
5,61391.066,27
5,61393.695,27
5,61396.543,27
5,61399.205,27
5,61401.756,27
5,61404.094,27
5,61406.651,27
5,61409.269,27
5,61412.663,27
5,61415.335,27
5,61417.860,27
5,61420.419,27
5,61422.796,27
5,61425.454,27
5,61427.931,30
5,61430.728,30
5,61433.309,30
5,61435.874,30
5,61438.324,30
5,61440.857,30
5,61443.849,30
5,61446.750,30
5,61449.351,30
5,61452.180,30
5,61454.758,30
5,61457.242,30
5,61459.891,30
5,61462.678,30
5,61465.305,30
5,61467.654,30
5,61470.145,30
5,61472.646,30
5,61475.264,30
5,61477.704,30
5,61481.128,30
5,61484.137,30
5,61486.767,30
5,61489.285,30
5,61491.867,30
5,61494.402,30
5,61497.204,30
5,61499.809,30
5,61502.343,30
5,61504.914,30
5,61507.417,30
5,61509.913,30
5,61512.982,30
5,61516.107,30
5,61518.654,30
5,61521.245,30
5,61523.602,30
5,61526.027,30
5,61529.271,30
5,61531.934,30
5,61534.495,30
5,61537.248,30
5,61539.890,30
5,61542.622,30
5,61545.610,30
5,61548.072,30
5,61550.928,30
5,61553.369,30
5,61555.894,30
5,61558.543,30
5,61561.035,30
5,61564.000,30
5,61566.620,30
5,61569.255,30
5,61571.878,30
5,61574.370,30
5,61577.110,30
5,61580.027,30
5,61582.596,30
5,61585.329,30
5,61587.873,30
5,61590.408,30
5,61592.932,32
5,61596.214,32
5,61598.880,32
5,61601.298,32
5,61603.781,32
5,61606.343,32
5,61608.932,32
5,61612.082,32
5,61614.699,32
5,61617.259,32
5,61619.699,32
5,61622.765,32
5,61625.482,32
5,61628.906,32
5,61631.569,32
5,61634.156,32
5,61636.555,32
5,61639.111,32
5,61641.643,32
5,61644.157,32
5,61647.483,32
5,61650.146,32
5,61652.767,32
5,61655.447,32
5,61657.956,32
5,61660.563,32
5,61664.214,32
5,61666.789,32
5,61669.334,32
5,61671.866,32
5,61674.121,32
5,61678.171,32
5,61681.120,32
5,61683.730,32
5,61686.269,32
5,61688.922,32
5,61691.369,32
5,61693.800,32
5,61697.122,32
5,61699.717,32
5,61702.775,32
5,61705.335,32
5,61707.819,32
5,61710.425,32
5,61713.157,32
5,61715.745,32
5,61718.288,32
5,61720.831,32
5,61723.380,32
5,61725.872,32
5,61729.086,32
5,61731.780,32
5,61734.408,32
5,61737.467,32
5,61740.063,32
5,61742.703,32
5,61746.160,32
5,61748.844,32
5,61751.227,32
5,61753.602,32
5,61756.123,32
5,61758.673,32
5,61761.182,34
5,61764.058,34
5,61766.693,34
5,61769.350,34
5,61771.737,34
5,61774.283,34
5,61776.647,34
5,61780.661,34
5,61783.520,34
5,61786.174,34
5,61788.858,34
5,61791.507,34
5,61793.937,34
5,61796.974,34
5,61799.614,34
5,61802.036,34
5,61804.612,34
5,61807.215,34
5,61809.688,34
5,61812.250,34
5,61815.845,34
5,61819.040,34
5,61821.718,34
5,61824.083,34
5,61826.324,34
5,61829.853,34
5,61832.519,34
5,61835.081,34
5,61837.437,34
5,61840.064,34
5,61843.120,34
5,61846.067,34
5,61848.731,34
5,61851.302,34
5,61853.794,34
5,61856.342,34
5,61858.924,34
5,61861.480,34
5,61864.299,34
5,61866.950,34
5,61869.366,34
5,61871.873,34
5,61874.356,34
5,61876.930,34
5,61879.960,34
5,61882.723,34
5,61885.282,34
5,61887.639,34
5,61890.324,34
5,61892.884,34
5,61895.729,34
5,61898.414,34
5,61901.012,34
5,61904.063,34
5,61906.630,34
5,61909.285,34
5,61913.193,34
5,61915.863,34
5,61918.506,34
5,61921.006,34
5,61923.604,34
5,61926.101,36
5,61928.935,36
5,61931.688,36
5,61934.149,36
5,61937.255,36
5,61939.880,36
5,61942.771,36
5,61945.700,36
5,61948.401,36
5,61950.970,36
5,61953.476,36
5,61956.016,36
5,61958.641,36
5,61961.114,36
5,61964.289,36
5,61967.997,36
5,61970.424,36
5,61973.017,36
5,61975.641,36
5,61978.701,36
5,61982.002,36
5,61984.900,36
5,61987.262,36
5,61989.945,36
5,61992.755,36
5,61995.392,36
5,61998.167,36
5,62000.730,36
5,62003.204,36
5,62005.700,36
5,62008.835,36
5,62011.429,36
5,62014.221,36
5,62016.919,36
5,62019.527,36
5,62022.097,36
5,62024.604,36
5,62027.534,36
5,62030.890,36
5,62035.275,36
5,62037.998,36
5,62040.527,36
5,62043.312,36
5,62048.270,36
5,62051.350,36
5,62054.005,36
5,62056.604,36
5,62059.422,36
5,62062.595,36
5,62065.145,36
5,62067.758,36
5,62070.324,36
5,62073.004,36
5,62076.393,36
5,62079.258,36
5,62081.865,36
5,62084.477,36
5,62087.109,36
5,62089.699,36
5,62092.146,36
5,62094.685,38
5,62097.544,38
5,62100.039,38
5,62102.628,38
5,62105.298,38
5,62107.853,38
5,62110.251,38
5,62113.313,38
5,62116.020,38
5,62118.630,38
5,62121.096,38
5,62123.663,38
5,62126.173,38
5,62129.063,38
5,62131.786,38
5,62134.475,38
5,62137.120,38
5,62139.765,38
5,62142.349,38
5,62144.898,38
5,62147.673,38
5,62150.196,38
5,62152.901,38
5,62155.302,38
5,62157.907,38
5,62160.934,38
5,62163.850,38
5,62166.537,38
5,62169.152,38
5,62171.745,38
5,62174.250,38
5,62176.940,38
5,62180.044,38
5,62182.759,38
5,62185.360,38
5,62187.729,38
5,62190.323,38
5,62192.762,38
5,62195.847,38
5,62198.521,38
5,62201.065,38
5,62203.607,38
5,62206.231,38
5,62209.451,38
5,62212.893,38
5,62215.618,38
5,62218.183,38
5,62220.763,38
5,62223.402,38
5,62226.009,38
5,62229.488,38
5,62232.219,38
5,62235.576,38
5,62238.368,38
5,62240.978,38
5,62243.543,38
5,62246.846,38
5,62249.555,38
5,62252.105,38
5,62254.693,38
5,62257.239,38
5,62259.515,40
5,62263.130,40
5,62265.836,40
5,62268.948,40
5,62271.747,40
5,62274.247,40
5,62276.851,40
5,62279.658,40
5,62282.821,40
5,62285.428,40
5,62288.023,40
5,62290.437,40
5,62292.938,40
5,62296.720,40
5,62299.514,40
5,62302.065,40
5,62304.617,40
5,62307.167,40
5,62309.744,40
5,62312.565,40
5,62315.181,40
5,62317.833,40
5,62320.449,40
5,62322.904,40
5,62325.391,40
5,62327.856,40
5,62331.598,40
5,62334.713,40
5,62337.406,40
5,62340.057,40
5,62342.862,40
5,62346.450,40
5,62349.249,40
5,62351.650,40
5,62354.239,40
5,62356.990,40
5,62359.500,40
5,62362.843,40
5,62365.444,40
5,62368.068,40
5,62370.631,40
5,62373.293,40
5,62375.879,40
5,62379.476,40
5,62382.143,40
5,62384.832,40
5,62387.367,40
5,62389.969,40
5,62392.690,40
5,62395.420,40
5,62398.310,40
5,62400.926,40
5,62403.536,40
5,62406.025,40
5,62408.669,40
5,62411.158,40
5,62414.471,40
5,62417.279,40
5,62420.670,40
5,62423.255,40
5,62426.129,42
5,62428.759,42
5,62431.657,42
5,62434.545,42
5,62437.019,42
5,62439.746,42
5,62442.441,42
5,62445.037,42
5,62447.899,42
5,62450.703,42
5,62453.355,42
5,62455.748,42
5,62458.337,42
5,62460.866,42
5,62464.311,42
5,62467.256,42
5,62470.435,42
5,62472.888,42
5,62475.852,42
5,62478.302,42
5,62481.540,42
5,62484.251,42
5,62486.929,42
5,62489.540,42
5,62492.261,42
5,62494.900,42
5,62497.899,42
5,62500.954,42
5,62503.603,42
5,62506.385,42
5,62509.002,42
5,62511.599,42
5,62514.432,42
5,62517.064,42
5,62519.764,42
5,62522.893,42
5,62525.704,42
5,62528.940,42
5,62531.587,42
5,62534.147,42
5,62536.688,42
5,62539.547,42
5,62542.068,42
5,62544.596,42
5,62548.247,42
5,62550.924,42
5,62553.346,42
5,62555.919,42
5,62558.563,42
5,62561.027,42
5,62564.163,42
5,62567.368,42
5,62570.577,42
5,62573.163,42
5,62575.949,42
5,62579.470,42
5,62582.207,42
5,62584.639,42
5,62587.210,42
5,62589.755,42
5,62592.358,42
5,62595.010,44
5,62597.787,44
5,62600.411,44
5,62603.224,44
5,62607.174,44
5,62609.598,44
5,62612.316,44
5,62615.221,44
5,62617.929,44
5,62620.558,44
5,62623.401,44
5,62626.048,44
5,62628.793,44
5,62631.527,44
5,62634.569,44
5,62637.255,44
5,62640.043,44
5,62642.642,44
5,62645.301,44
5,62648.132,44
5,62650.757,44
5,62653.391,44
5,62656.027,44
5,62658.908,44
5,62661.749,44
5,62665.141,44
5,62668.175,44
5,62670.838,44
5,62673.483,44
5,62676.023,44
5,62678.722,44
5,62681.651,44
5,62684.201,44
5,62686.694,44
5,62689.279,44
5,62691.678,44
5,62694.137,44
5,62697.597,44
5,62700.208,44
5,62702.898,44
5,62705.478,44
5,62707.966,44
5,62710.526,44
5,62713.431,44
5,62716.045,44
5,62718.697,44
5,62721.284,44
5,62724.120,44
5,62726.774,44
5,62729.449,44
5,62732.822,44
5,62735.545,44
5,62738.160,44
5,62740.807,44
5,62743.349,44
5,62746.743,44
5,62749.465,44
5,62752.097,44
5,62754.486,44
5,62757.185,44
5,62759.653,46
5,62762.740,46
5,62765.428,46
5,62768.415,46
5,62771.048,46
5,62773.590,46
5,62776.448,46
5,62779.474,46
5,62782.208,46
5,62784.877,46
5,62787.456,46
5,62790.064,46
5,62792.737,46
5,62796.055,46
5,62798.823,46
5,62801.377,46
5,62803.932,46
5,62806.478,46
5,62809.316,46
5,62813.059,46
5,62815.808,46
5,62818.402,46
5,62821.086,46
5,62823.826,46
5,62826.910,46
5,62830.339,46
5,62833.122,46
5,62835.896,46
5,62838.912,46
5,62841.304,46
5,62844.521,46
5,62847.935,46
5,62851.149,46
5,62854.107,46
5,62856.815,46
5,62859.475,46
5,62863.043,46
5,62865.729,46
5,62868.394,46
5,62871.865,46
5,62874.436,46
5,62877.146,46
5,62880.267,46
5,62882.944,46
5,62885.447,46
5,62888.017,46
5,62890.579,46
5,62893.082,46
5,62895.764,46
5,62898.714,46
5,62901.371,46
5,62903.995,46
5,62906.590,46
5,62909.473,46
5,62913.062,46
5,62915.959,46
5,62918.558,46
5,62921.567,46
5,62924.107,46
5,62926.591,48
5,62929.685,48
5,62932.379,48
5,62935.026,48
5,62937.588,48
5,62940.364,48
5,62942.938,48
5,62945.792,48
5,62948.419,48
5,62951.020,48
5,62954.047,48
5,62956.628,48
5,62959.202,48
5,62962.965,48
5,62965.648,48
5,62968.404,48
5,62970.811,48
5,62973.399,48
5,62976.105,48
5,62979.402,48
5,62982.034,48
5,62984.813,48
5,62987.335,48
5,62989.907,48
5,62992.494,48
5,62995.129,48
5,62997.941,48
5,63000.503,48
5,63003.110,48
5,63005.653,48
5,63008.564,48
5,63011.142,48
5,63013.935,48
5,63016.528,48
5,63019.093,48
5,63021.651,48
5,63024.231,48
5,63026.813,48
5,63030.690,48
5,63033.521,48
5,63036.202,48
5,63038.786,48
5,63041.133,48
5,63043.617,48
5,63046.181,48
5,63049.081,48
5,63051.791,48
5,63054.322,48
5,63056.841,48
5,63059.270,48
5,63062.827,48
5,63066.018,48
5,63068.450,48
5,63071.016,48
5,63073.612,48
5,63076.171,48
5,63079.415,48
5,63082.921,48
5,63085.641,48
5,63088.358,48
5,63090.981,48
5,63094.555,50
5,63097.717,50
5,63101.100,50
5,63103.873,50
5,63106.560,50
5,63109.452,50
5,63112.193,50
5,63115.233,50
5,63118.558,50
5,63121.137,50
5,63123.759,50
5,63126.377,50
5,63129.844,50
5,63132.551,50
5,63135.156,50
5,63137.782,50
5,63140.465,50
5,63142.955,50
5,63146.523,50
5,63149.321,50
5,63151.884,50
5,63154.310,50
5,63157.289,50
5,63159.877,50
5,63162.896,50
5,63165.585,50
5,63168.656,50
5,63171.307,50
5,63174.702,50
5,63177.602,50
5,63180.576,50
5,63183.298,50
5,63185.916,50
5,63188.795,50
5,63191.189,50
5,63194.123,50
5,63196.973,50
5,63199.691,50
5,63202.325,50
5,63204.976,50
5,63207.606,50
5,63210.141,50
5,63213.322,50
5,63216.080,50
5,63218.748,50
5,63221.235,50
5,63223.868,50
5,63226.351,50
5,63229.931,50
5,63232.664,50
5,63235.240,50
5,63237.852,50
5,63240.328,50
5,63242.882,50
5,63246.522,50
5,63249.220,50
5,63251.897,50
5,63254.538,50
5,63257.105,50
5,63259.637,52
5,63262.881,52
5,63265.548,52
5,63268.062,52
5,63270.571,52
5,63273.160,52
5,63276.114,52
5,63279.560,52
5,63282.824,52
5,63285.475,52
5,63288.100,52
5,63290.638,52
5,63293.703,52
5,63296.577,52
5,63299.285,52
5,63301.665,52
5,63304.272,52
5,63306.976,52
5,63309.451,52
5,63312.902,52
5,63315.542,52
5,63318.091,52
5,63320.685,52
5,63323.215,52
5,63325.796,52
5,63329.011,52
5,63331.652,52
5,63334.214,52
5,63336.842,52
5,63339.502,52
5,63342.077,52
5,63344.403,52
5,63347.204,52
5,63350.003,52
5,63352.711,52
5,63355.375,52
5,63357.833,52
5,63360.391,52
5,63363.347,52
5,63366.527,52
5,63369.086,52
5,63372.043,52
5,63374.596,52
5,63377.243,52
5,63380.038,52
5,63382.784,52
5,63385.437,52
5,63387.853,52
5,63390.417,52
5,63392.775,52
5,63395.502,52
5,63398.165,52
5,63400.600,52
5,63403.211,52
5,63405.795,52
5,63408.370,52
5,63410.887,52
5,63413.737,52
5,63416.374,52
5,63418.965,52
5,63421.412,52
5,63423.895,52
5,63426.579,55
5,63430.448,55
5,63433.287,55
5,63435.956,55
5,63438.614,55
5,63441.240,55
5,63444.080,55
5,63447.131,55
5,63449.788,55
5,63452.510,55
5,63455.087,55
5,63457.908,55
5,63460.548,55
5,63464.041,55
5,63466.847,55
5,63469.404,55
5,63471.980,55
5,63474.516,55
5,63478.177,55
5,63481.158,55
5,63484.037,55
5,63486.840,55
5,63489.543,55
5,63492.180,55
5,63494.880,55
5,63498.339,55
5,63501.025,55
5,63503.826,55
5,63506.533,55
5,63509.641,55
5,63513.059,55
5,63516.022,55
5,63518.690,55
5,63521.046,55
5,63523.549,55
5,63526.149,55
5,63528.785,55
5,63531.823,55
5,63534.564,55
5,63537.215,55
5,63539.816,55
5,63542.373,55
5,63545.083,55
5,63547.909,55
5,63550.530,55
5,63553.213,55
5,63555.927,55
5,63558.568,55
5,63561.499,55
5,63564.423,55
5,63567.166,55
5,63569.763,55
5,63572.839,55
5,63575.496,55
5,63578.469,55
5,63581.376,55
5,63584.033,55
5,63586.650,55
5,63589.272,55
5,63591.723,55
5,63594.196,57
5,63596.917,57
5,63599.792,57
5,63602.765,57
5,63605.599,57
5,63608.166,57
5,63610.818,57
5,63614.172,57
5,63616.981,57
5,63619.615,57
5,63622.174,57
5,63624.551,57
5,63627.169,57
5,63630.012,57
5,63632.696,57
5,63635.256,57
5,63637.627,57
5,63640.279,57
5,63642.753,57
5,63646.584,57
5,63649.234,57
5,63651.829,57
5,63654.219,57
5,63657.270,57
5,63660.323,57
5,63663.091,57
5,63665.747,57
5,63668.483,57
5,63671.042,57
5,63673.629,57
5,63676.183,57
5,63679.612,57
5,63682.186,57
5,63684.606,57
5,63687.180,57
5,63689.829,57
5,63692.746,57
5,63695.853,57
5,63698.536,57
5,63701.060,57
5,63703.730,57
5,63706.334,57
5,63708.975,57
5,63711.559,57
5,63714.856,57
5,63717.523,57
5,63720.410,57
5,63723.046,57
5,63726.276,57
5,63729.722,57
5,63732.557,57
5,63735.215,57
5,63738.067,57
5,63740.696,57
5,63743.266,57
5,63746.458,57
5,63749.194,57
5,63751.775,57
5,63754.372,57
5,63757.059,57
5,63759.898,59
5,63762.837,59
5,63765.585,59
5,63768.632,59
5,63771.295,59
5,63773.895,59
5,63776.480,59
5,63780.153,59
5,63782.783,59
5,63785.818,59
5,63788.437,59
5,63791.267,59
5,63793.842,59
5,63797.184,59
5,63799.869,59
5,63802.542,59
5,63805.099,59
5,63807.688,59
5,63810.356,59
5,63813.343,59
5,63816.017,59
5,63818.717,59
5,63821.265,59
5,63823.945,59
5,63826.258,59
5,63828.916,59
5,63831.804,59
5,63834.511,59
5,63836.973,59
5,63839.557,59
5,63842.372,59
5,63844.842,59
5,63847.736,59
5,63851.223,59
5,63853.822,59
5,63856.467,59
5,63859.336,59
5,63862.823,59
5,63865.494,59
5,63868.031,59
5,63870.655,59
5,63873.176,59
5,63875.839,59
5,63878.467,59
5,63881.215,59
5,63883.893,59
5,63886.975,59
5,63889.574,59
5,63892.266,59
5,63894.765,59
5,63897.411,59
5,63900.069,59
5,63902.637,59
5,63905.195,59
5,63907.770,59
5,63910.299,59
5,63913.994,59
5,63916.702,59
5,63919.202,59
5,63921.861,59
5,63924.370,59
5,63927.048,61
5,63930.052,61
5,63932.990,61
5,63935.579,61
5,63938.120,61
5,63940.687,61
5,63943.617,61
5,63947.584,61
5,63950.425,61
5,63953.021,61
5,63955.628,61
5,63958.233,61
5,63960.726,61
5,63963.928,61
5,63966.934,61
5,63969.615,61
5,63972.205,61
5,63974.734,61
5,63977.269,61
5,63980.321,61
5,63982.910,61
5,63985.522,61
5,63988.516,61
5,63991.071,61
5,63993.731,61
5,63996.562,61
5,63999.241,61
5,64001.721,61
5,64004.361,61
5,64006.914,61
5,64009.445,61
5,64012.348,61
5,64015.029,61
5,64018.022,61
5,64020.618,61
5,64023.185,61
5,64025.957,61
5,64029.511,61
5,64032.095,61
5,64034.896,61
5,64037.425,61
5,64039.961,61
5,64042.686,61
5,64046.118,61
5,64049.090,61
5,64051.669,61
5,64054.194,61
5,64056.745,61
5,64059.443,61
5,64062.896,61
5,64065.446,61
5,64067.999,61
5,64070.585,61
5,64073.086,61
5,64075.679,61
5,64078.929,61
5,64082.240,61
5,64084.821,61
5,64087.416,61
5,64090.030,61
5,64092.417,63
5,64095.788,63
5,64098.467,63
5,64101.347,63
5,64103.962,63
5,64106.664,63
5,64109.253,63
5,64112.613,63
5,64115.243,63
5,64118.060,63
5,64120.594,63
5,64123.452,63
5,64125.745,63
5,64129.223,63
5,64131.921,63
5,64134.408,63
5,64136.993,63
5,64139.518,63
5,64141.995,63
5,64144.429,63
5,64147.500,63
5,64150.311,63
5,64152.963,63
5,64155.626,63
5,64158.270,63
5,64160.800,63
5,64163.668,63
5,64166.376,63
5,64168.868,63
5,64171.490,63
5,64173.993,63
5,64176.525,63
5,64179.816,63
5,64182.459,63
5,64185.024,63
5,64187.563,63
5,64190.122,63
5,64192.702,63
5,64195.360,63
5,64198.175,63
5,64200.747,63
5,64203.439,63
5,64206.095,63
5,64208.462,63
5,64210.990,63
5,64214.108,63
5,64216.814,63
5,64219.561,63
5,64222.133,63
5,64224.674,63
5,64227.275,63
5,64230.257,63
5,64233.040,63
5,64235.616,63
5,64238.270,63
5,64240.819,63
5,64243.322,63
5,64246.280,63
5,64248.885,63
5,64251.272,63
5,64253.794,63
5,64256.075,63
5,64258.664,63
5,64261.112,65
5,64264.330,65
5,64267.064,65
5,64269.688,65
5,64272.078,65
5,64274.575,65
5,64277.170,65
5,64279.962,65
5,64282.626,65
5,64285.243,65
5,64287.799,65
5,64290.434,65
5,64293.004,65
5,64295.973,65
5,64298.684,65
5,64301.276,65
5,64303.809,65
5,64306.417,65
5,64309.014,65
5,64312.545,65
5,64315.253,65
5,64318.126,65
5,64320.733,65
5,64323.406,65
5,64326.056,65
5,64328.859,65
5,64331.903,65
5,64334.959,65
5,64337.633,65
5,64340.321,65
5,64343.063,65
5,64346.601,65
5,64349.353,65
5,64352.067,65
5,64354.671,65
5,64357.177,65
5,64361.152,65
5,64364.263,65
5,64366.912,65
5,64369.553,65
5,64372.366,65
5,64375.201,65
5,64377.835,65
5,64380.941,65
5,64385.044,65
5,64387.757,65
5,64390.445,65
5,64393.365,65
5,64397.142,65
5,64400.382,65
5,64403.061,65
5,64405.546,65
5,64407.986,65
5,64411.016,65
5,64414.690,65
5,64417.379,65
5,64420.056,65
5,64422.563,65
5,64425.186,65
5,64427.737,67
5,64430.955,67
5,64434.094,67
5,64436.808,67
5,64439.468,67
5,64442.142,67
5,64444.527,67
5,64448.052,67
5,64450.774,67
5,64453.581,67
5,64456.430,67
5,64459.272,67
5,64462.631,67
5,64465.376,67
5,64468.302,67
5,64470.913,67
5,64473.548,67
5,64476.014,67
5,64478.695,67
5,64481.646,67
5,64484.332,67
5,64486.965,67
5,64489.631,67
5,64492.497,67
5,64495.459,67
5,64498.539,67
5,64501.528,67
5,64504.191,67
5,64506.736,67
5,64509.327,67
5,64513.064,67
5,64515.844,67
5,64518.425,67
5,64521.012,67
5,64523.518,67
5,64526.037,67
5,64529.464,67
5,64532.552,67
5,64535.132,67
5,64538.008,67
5,64540.579,67
5,64543.086,67
5,64546.202,67
5,64548.964,67
5,64552.051,67
5,64554.596,67
5,64557.135,67
5,64560.221,67
5,64563.218,67
5,64565.944,67
5,64568.428,67
5,64570.943,67
5,64573.615,67
5,64576.266,67
5,64579.550,67
5,64582.392,67
5,64585.028,67
5,64587.717,67
5,64590.386,67
5,64592.862,69
5,64595.544,69
5,64598.258,69
5,64601.206,69
5,64604.052,69
5,64606.662,69
5,64609.442,69
5,64612.735,69
5,64615.614,69
5,64618.187,69
5,64620.779,69
5,64623.421,69
5,64626.244,69
5,64629.394,69
5,64632.129,69
5,64634.790,69
5,64637.362,69
5,64639.819,69
5,64643.013,69
5,64646.774,69
5,64649.567,69
5,64652.192,69
5,64654.739,69
5,64657.324,69
5,64659.908,69
5,64662.610,69
5,64665.169,69
5,64667.954,69
5,64670.447,69
5,64673.034,69
5,64677.102,69
5,64680.175,69
5,64682.919,69
5,64686.301,69
5,64688.879,69
5,64691.751,69
5,64694.281,69
5,64697.288,69
5,64699.971,69
5,64702.584,69
5,64705.202,69
5,64707.743,69
5,64710.506,69
5,64713.559,69
5,64716.209,69
5,64719.149,69
5,64721.821,69
5,64724.484,69
5,64727.192,69
5,64730.648,69
5,64733.464,69
5,64736.100,69
5,64738.802,69
5,64741.401,69
5,64743.994,69
5,64747.846,69
5,64750.694,69
5,64753.392,69
5,64755.987,69
5,64759.029,69
5,64761.789,71
5,64766.153,71
5,64769.462,71
5,64772.104,71
5,64774.680,71
5,64777.620,71
5,64780.970,71
5,64783.885,71
5,64786.547,71
5,64789.169,71
5,64791.760,71
5,64794.248,71
5,64797.621,71
5,64800.592,71
5,64803.119,71
5,64805.728,71
5,64808.339,71
5,64810.879,71
5,64814.626,71
5,64817.371,71
5,64820.050,71
5,64822.766,71
5,64825.447,71
5,64828.116,71
5,64831.935,71
5,64834.671,71
5,64837.267,71
5,64839.909,71
5,64843.496,71
5,64846.426,71
5,64849.206,71
5,64851.792,71
5,64854.344,71
5,64856.913,71
5,64859.411,71
5,64862.788,71
5,64865.521,71
5,64868.211,71
5,64870.853,71
5,64873.544,71
5,64876.315,71
5,64878.989,71
5,64882.034,71
5,64884.732,71
5,64887.400,71
5,64890.021,71
5,64892.641,71
5,64895.258,71
5,64898.141,71
5,64901.172,71
5,64903.753,71
5,64906.400,71
5,64908.971,71
5,64911.458,71
5,64914.265,71
5,64916.897,71
5,64919.472,71
5,64922.048,71
5,64924.586,71
5,64927.224,73
5,64930.580,73
5,64933.376,73
5,64936.030,73
5,64938.607,73
5,64941.136,73
5,64943.739,73
5,64946.933,73
5,64949.730,73
5,64952.441,73
5,64955.068,73
5,64957.629,73
5,64960.125,73
5,64963.596,73
5,64966.489,73
5,64969.003,73
5,64971.829,73
5,64974.420,73
5,64977.069,73
5,64979.895,73
5,64982.829,73
5,64985.493,73
5,64988.869,73
5,64991.402,73
5,64993.848,73
5,64997.326,73
5,64999.930,73
5,65002.341,73
5,65005.607,73
5,65008.214,73
5,65010.826,73
5,65013.805,73
5,65016.425,73
5,65019.067,73
5,65021.958,73
5,65024.562,73
5,65027.500,73
5,65030.389,73
5,65032.993,73
5,65035.577,73
5,65038.214,73
5,65040.541,73
5,65043.018,73
5,65046.261,73
5,65049.061,73
5,65051.800,73
5,65054.425,73
5,65057.151,73
5,65059.716,73
5,65062.681,73
5,65065.757,73
5,65068.584,73
5,65071.343,73
5,65074.150,73
5,65077.857,73
5,65081.260,73
5,65084.098,73
5,65086.726,73
5,65089.358,73
5,65092.028,73
5,65094.874,75
5,65097.688,75
5,65100.463,75
5,65103.469,75
5,65106.005,75
5,65108.583,75
5,65110.874,75
5,65113.629,75
5,65116.527,75
5,65119.087,75
5,65121.846,75
5,65124.370,75
5,65126.897,75
5,65130.286,75
5,65132.920,75
5,65135.373,75
5,65137.890,75
5,65140.404,75
5,65142.937,75
5,65146.803,75
5,65149.533,75
5,65152.107,75
5,65154.639,75
5,65157.194,75
5,65159.690,75
5,65162.953,75
5,65165.676,75
5,65168.258,75
5,65170.690,75
5,65173.285,75
5,65176.042,75
5,65179.396,75
5,65182.060,75
5,65184.457,75
5,65187.234,75
5,65189.779,75
5,65192.657,75
5,65195.623,75
5,65198.492,75
5,65201.110,75
5,65203.608,75
5,65206.175,75
5,65208.834,75
5,65211.692,75
5,65215.179,75
5,65218.535,75
5,65221.291,75
5,65223.986,75
5,65227.426,75
5,65231.335,75
5,65234.232,75
5,65237.191,75
5,65239.903,75
5,65242.943,75
5,65246.090,75
5,65249.132,75
5,65251.833,75
5,65254.653,75
5,65257.494,75
5,65260.364,77
5,65263.707,77
5,65266.732,77
5,65269.712,77
5,65272.914,77
5,65275.834,77
5,65278.633,77
5,65282.240,77
5,65285.179,77
5,65287.820,77
5,65291.186,77
5,65293.885,77
5,65297.037,77
5,65299.947,77
5,65303.466,77
5,65306.352,77
5,65309.785,77
5,65312.593,77
5,65315.699,77
5,65318.645,77
5,65321.442,77
5,65324.263,77
5,65326.919,77
5,65329.752,77
5,65332.862,77
5,65335.728,77
5,65339.083,77
5,65342.060,77
5,65344.998,77
5,65349.131,77
5,65352.148,77
5,65354.952,77
5,65357.659,77
5,65360.236,77
5,65363.032,77
5,65366.020,77
5,65368.876,77
5,65371.777,77
5,65374.641,77
5,65377.388,77
5,65380.174,77
5,65383.083,77
5,65386.371,77
5,65389.145,77
5,65391.843,77
5,65394.778,77
5,65398.659,77
5,65401.916,77
5,65404.547,77
5,65407.332,77
5,65409.875,77
5,65412.946,77
5,65415.813,77
5,65418.725,77
5,65421.441,77
5,65424.259,77
5,65427.014,79
5,65430.675,79
5,65434.040,79
5,65437.997,79
5,65441.146,79
5,65444.459,79
5,65449.280,79
5,65452.291,79
5,65455.010,79
5,65457.626,79
5,65460.207,79
5,65462.933,79
5,65465.788,79
5,65468.586,79
5,65471.653,79
5,65474.332,79
5,65477.023,79
5,65480.411,79
5,65483.177,79
5,65485.841,79
5,65488.558,79
5,65491.175,79
5,65493.747,79
5,65497.218,79
5,65500.012,79
5,65502.711,79
5,65505.562,79
5,65508.338,79
5,65511.077,79
5,65515.129,79
5,65517.924,79
5,65520.590,79
5,65523.250,79
5,65526.036,79
5,65528.763,79
5,65531.691,79
5,65534.857,79
5,65537.482,79
5,65540.366,79
5,65542.731,79
5,65545.388,79
5,65548.290,79
5,65551.227,79
5,65553.990,79
5,65556.770,79
5,65559.528,79
5,65562.520,79
5,65566.186,79
5,65568.951,79
5,65571.799,79
5,65574.534,79
5,65577.262,79
5,65581.141,79
5,65583.928,79
5,65586.674,79
5,65589.357,79
5,65593.780,82
5,65597.313,82
5,65600.669,82
5,65603.408,82
5,65605.961,82
5,65608.696,82
5,65611.306,82
5,65614.613,82
5,65617.347,82
5,65619.883,82
5,65622.566,82
5,65625.246,82
5,65627.975,82
5,65631.172,82
5,65634.202,82
5,65637.447,82
5,65640.731,82
5,65643.530,82
5,65646.448,82
5,65649.256,82
5,65652.582,82
5,65655.337,82
5,65657.970,82
5,65660.628,82
5,65663.857,82
5,65667.345,82
5,65670.621,82
5,65673.283,82
5,65676.670,82
5,65680.116,82
5,65683.563,82
5,65686.408,82
5,65689.136,82
5,65691.978,82
5,65694.515,82
5,65697.974,82
5,65700.787,82
5,65703.689,82
5,65706.424,82
5,65708.967,82
5,65712.044,82
5,65714.961,82
5,65718.137,82
5,65720.764,82
5,65723.515,82
5,65726.041,82
5,65728.707,82
5,65732.115,82
5,65734.989,82
5,65737.748,82
5,65741.014,82
5,65743.667,82
5,65746.767,82
5,65749.528,82
5,65752.186,82
5,65754.816,82
5,65757.433,82
5,65760.212,84
5,65764.090,84
5,65766.778,84
5,65769.509,84
5,65772.199,84
5,65774.952,84
5,65778.005,84
5,65781.757,84
5,65784.999,84
5,65787.698,84
5,65790.387,84
5,65793.421,84
5,65796.775,84
5,65799.740,84
5,65802.696,84
5,65805.504,84
5,65808.244,84
5,65811.212,84
5,65814.641,84
5,65817.766,84
5,65820.603,84
5,65823.620,84
5,65826.309,84
5,65829.046,84
5,65832.092,84
5,65835.050,84
5,65837.746,84
5,65840.457,84
5,65843.053,84
5,65846.379,84
5,65849.853,84
5,65852.494,84
5,65855.069,84
5,65857.745,84
5,65860.624,84
5,65863.742,84
5,65866.651,84
5,65869.145,84
5,65871.781,84
5,65874.529,84
5,65877.378,84
5,65880.875,84
5,65884.410,84
5,65887.410,84
5,65890.217,84
5,65893.894,84
5,65896.821,84
5,65899.537,84
5,65902.094,84
5,65904.736,84
5,65907.190,84
5,65909.705,84
5,65913.230,84
5,65915.999,84
5,65918.692,84
5,65921.336,84
5,65924.172,84
5,65926.816,86
5,65930.061,86
5,65933.234,86
5,65935.897,86
5,65939.009,86
5,65941.674,86
5,65944.242,86
5,65947.671,86
5,65950.487,86
5,65953.119,86
5,65955.651,86
5,65958.444,86
5,65961.184,86
5,65964.048,86
5,65966.750,86
5,65969.416,86
5,65972.095,86
5,65975.947,86
5,65978.702,86
5,65981.592,86
5,65984.837,86
5,65987.459,86
5,65990.494,86
5,65993.151,86
5,65995.939,86
5,65999.195,86
5,66001.992,86
5,66004.720,86
5,66007.806,86
5,66010.628,86
5,66014.033,86
5,66017.345,86
5,66020.060,86
5,66022.694,86
5,66025.344,86
5,66028.346,86
5,66031.594,86
5,66034.602,86
5,66037.531,86
5,66040.271,86
5,66043.654,86
5,66046.636,86
5,66049.469,86
5,66052.268,86
5,66055.030,86
5,66057.684,86
5,66060.342,86
5,66063.456,86
5,66066.816,86
5,66069.480,86
5,66072.177,86
5,66074.755,86
5,66077.389,86
5,66080.713,86
5,66083.463,86
5,66086.158,86
5,66089.272,86
5,66091.961,86
5,66094.783,88
5,66098.110,88
5,66101.091,88
5,66103.816,88
5,66106.600,88
5,66110.010,88
5,66114.224,88
5,66118.165,88
5,66120.999,88
5,66123.667,88
5,66126.530,88
5,66130.887,88
5,66133.895,88
5,66136.703,88
5,66139.380,88
5,66142.095,88
5,66144.911,88
5,66147.948,88
5,66150.756,88
5,66153.458,88
5,66156.088,88
5,66158.790,88
5,66161.596,88
5,66165.226,88
5,66167.973,88
5,66170.795,88
5,66173.745,88
5,66176.657,88
5,66180.010,88
5,66182.815,88
5,66185.603,88
5,66188.317,88
5,66191.043,88
5,66195.015,88
5,66197.886,88
5,66201.098,88
5,66203.793,88
5,66206.481,88
5,66209.221,88
5,66211.991,88
5,66215.039,88
5,66217.732,88
5,66221.038,88
5,66223.729,88
5,66226.175,88
5,66229.466,88
5,66232.213,88
5,66235.185,88
5,66237.890,88
5,66240.758,88
5,66243.528,88
5,66247.300,88
5,66250.138,88
5,66252.893,88
5,66256.072,88
5,66258.717,88
5,66261.341,90
5,66264.135,90
5,66267.126,90
5,66270.057,90
5,66272.755,90
5,66275.455,90
5,66278.768,90
5,66282.405,90
5,66285.287,90
5,66288.447,90
5,66291.069,90
5,66293.791,90
5,66297.894,90
5,66300.728,90
5,66303.871,90
5,66306.635,90
5,66309.551,90
5,66313.078,90
5,66315.934,90
5,66318.585,90
5,66321.243,90
5,66323.843,90
5,66326.633,90
5,66329.834,90
5,66332.592,90
5,66335.268,90
5,66337.948,90
5,66340.581,90
5,66343.347,90
5,66346.484,90
5,66349.339,90
5,66352.245,90
5,66354.763,90
5,66357.866,90
5,66360.629,90
5,66363.698,90
5,66366.977,90
5,66369.640,90
5,66372.321,90
5,66375.013,90
5,66378.376,90
5,66381.276,90
5,66384.046,90
5,66387.077,90
5,66389.812,90
5,66392.552,90
5,66395.335,90
5,66398.498,90
5,66401.508,90
5,66404.145,90
5,66406.840,90
5,66409.412,90
5,66412.179,90
5,66415.717,90
5,66418.379,90
5,66420.988,90
5,66423.636,90
5,66426.343,92
5,66429.831,92
5,66433.293,92
5,66436.024,92
5,66438.747,92
5,66441.377,92
5,66443.980,92
5,66447.473,92
5,66450.249,92
5,66454.100,92
5,66458.125,92
5,66460.900,92
5,66464.505,92
5,66467.308,92
5,66470.050,92
5,66472.887,92
5,66475.616,92
5,66478.344,92
5,66481.754,92
5,66484.575,92
5,66487.321,92
5,66490.150,92
5,66493.274,92
5,66497.295,92
5,66500.218,92
5,66502.912,92
5,66505.648,92
5,66508.424,92
5,66512.546,92
5,66515.652,92
5,66518.620,92
5,66521.834,92
5,66524.575,92
5,66527.183,92
5,66530.939,92
5,66533.917,92
5,66537.109,92
5,66539.834,92
5,66542.678,92
5,66545.436,92
5,66548.448,92
5,66551.173,92
5,66553.815,92
5,66556.530,92
5,66559.364,92
5,66562.804,92
5,66565.559,92
5,66568.895,92
5,66571.577,92
5,66574.531,92
5,66577.191,92
5,66580.597,92
5,66583.851,92
5,66586.579,92
5,66589.124,92
5,66591.777,92
5,66594.671,94
5,66598.311,94
5,66601.557,94
5,66604.357,94
5,66607.223,94
5,66609.742,94
5,66613.312,94
5,66616.055,94
5,66618.723,94
5,66621.419,94
5,66624.205,94
5,66626.906,94
5,66630.081,94
5,66632.824,94
5,66635.689,94
5,66638.266,94
5,66640.941,94
5,66643.428,94
5,66646.926,94
5,66649.664,94
5,66652.233,94
5,66654.881,94
5,66657.655,94
5,66660.210,94
5,66663.541,94
5,66666.587,94
5,66671.393,94
5,66676.004,94
5,66680.544,94
5,66683.830,94
5,66686.836,94
5,66689.585,94
5,66692.793,94
5,66695.550,94
5,66698.925,94
5,66702.489,94
5,66705.266,94
5,66708.490,94
5,66711.352,94
5,66714.436,94
5,66717.227,94
5,66720.189,94
5,66723.020,94
5,66725.844,94
5,66729.069,94
5,66732.305,94
5,66735.512,94
5,66738.380,94
5,66741.383,94
5,66744.054,94
5,66747.540,94
5,66750.301,94
5,66753.111,94
5,66755.735,94
5,66758.730,94
5,66761.788,96
5,66764.820,96
5,66767.562,96
5,66770.360,96
5,66773.328,96
5,66776.683,96
5,66779.558,96
5,66782.336,96
5,66785.064,96
5,66787.797,96
5,66790.492,96
5,66793.331,96
5,66796.727,96
5,66800.228,96
5,66802.886,96
5,66805.558,96
5,66808.077,96
5,66810.768,96
5,66814.217,96
5,66817.170,96
5,66819.918,96
5,66822.487,96
5,66825.678,96
5,66828.460,96
5,66831.935,96
5,66834.616,96
5,66837.519,96
5,66840.121,96
5,66843.080,96
5,66845.887,96
5,66848.842,96
5,66852.008,96
5,66854.727,96
5,66857.474,96
5,66860.399,96
5,66864.258,96
5,66867.064,96
5,66869.927,96
5,66872.546,96
5,66875.164,96
5,66877.895,96
5,66881.069,96
5,66884.340,96
5,66887.043,96
5,66889.702,96
5,66892.628,96
5,66895.407,96
5,66898.347,96
5,66901.872,96
5,66904.554,96
5,66907.350,96
5,66910.004,96
5,66913.278,96
5,66916.104,96
5,66918.771,96
5,66921.885,96
5,66924.669,96
5,66927.894,98
5,66931.853,98
5,66934.918,98
5,66937.663,98
5,66941.374,98
5,66945.210,98
5,66949.332,98
5,66952.439,98
5,66955.545,98
5,66958.369,98
5,66961.609,98
5,66964.950,98
5,66967.825,98
5,66970.737,98
5,66973.511,98
5,66976.462,98
5,66980.215,98
5,66982.984,98
5,66985.815,98
5,66988.986,98
5,66991.864,98
5,66994.565,98
5,66998.737,98
5,67001.964,98
5,67004.765,98
5,67007.528,98
5,67010.881,98
5,67014.303,98
5,67017.308,98
5,67020.047,98
5,67023.332,98
5,67026.795,98
5,67030.051,98
5,67033.672,98
5,67036.468,98
5,67039.307,98
5,67042.338,98
5,67045.096,98
5,67048.563,98
5,67051.778,98
5,67054.558,98
5,67057.470,98
5,67060.205,98
5,67064.310,98
5,67067.316,98
5,67070.105,98
5,67072.857,98
5,67075.732,98
5,67078.494,98
5,67081.593,98
5,67084.373,98
5,67087.602,98
5,67090.486,98
5,67093.194,100
5,67097.518,100
5,67102.264,100
5,67105.990,100
5,67109.928,100
5,67113.080,100
5,67118.522,100
5,67121.561,100
5,67124.776,100
5,67128.711,100
5,67132.705,100
5,67135.599,100
5,67139.000,100
5,67141.695,100
5,67144.924,100
5,67148.064,100
5,67150.874,100
5,67153.626,100
5,67156.529,100
5,67159.899,100
5,67163.135,100
5,67165.977,100
5,67169.158,100
5,67171.978,100
5,67174.760,100
5,67177.991,100
5,67180.947,100
5,67183.762,100
5,67186.577,100
5,67189.254,100
5,67191.991,100
5,67194.917,100
5,67198.577,100
5,67201.470,100
5,67204.161,100
5,67206.833,100
5,67209.752,100
5,67212.889,100
5,67216.272,100
5,67219.021,100
5,67222.026,100
5,67224.689,100
5,67227.919,100
5,67230.959,100
5,67233.704,100
5,67236.440,100
5,67239.236,100
5,67241.889,100
5,67244.640,100
5,67247.843,100
5,67250.689,100
5,67253.325,100
5,67255.908,100
5,67258.470,100
5,67261.837,102
5,67264.810,102
5,67267.641,102
5,67270.367,102
5,67273.018,102
5,67275.736,102
5,67278.517,102
5,67281.376,102
5,67284.491,102
5,67287.348,102
5,67290.104,102
5,67293.271,102
5,67297.099,102
5,67299.969,102
5,67302.774,102
5,67305.325,102
5,67307.808,102
5,67310.517,102
5,67313.209,102
5,67316.120,102
5,67319.256,102
5,67322.059,102
5,67324.689,102
5,67327.268,102
5,67330.344,102
5,67333.436,102
5,67336.197,102
5,67338.748,102
5,67341.720,102
5,67344.656,102
5,67347.714,102
5,67350.626,102
5,67353.401,102
5,67356.060,102
5,67358.730,102
5,67361.338,102
5,67364.787,102
5,67367.520,102
5,67370.272,102
5,67373.215,102
5,67376.035,102
5,67380.001,102
5,67383.450,102
5,67386.867,102
5,67389.538,102
5,67392.330,102
5,67395.231,102
5,67398.864,102
5,67402.770,102
5,67405.604,102
5,67408.591,102
5,67411.169,102
5,67414.692,102
5,67417.630,102
5,67420.671,102
5,67423.861,102
5,67426.511,104
5,67429.537,104
5,67432.320,104
5,67435.013,104
5,67437.696,104
5,67440.551,104
5,67443.170,104
5,67446.434,104
5,67449.238,104
5,67452.296,104
5,67455.342,104
5,67458.637,104
5,67461.460,104
5,67464.480,104
5,67467.309,104
5,67470.268,104
5,67472.867,104
5,67475.630,104
5,67478.222,104
5,67481.177,104
5,67483.987,104
5,67487.055,104
5,67489.796,104
5,67492.530,104
5,67495.283,104
5,67498.406,104
5,67501.085,104
5,67503.781,104
5,67506.399,104
5,67509.017,104
5,67511.787,104
5,67514.677,104
5,67517.328,104
5,67519.954,104
5,67522.689,104
5,67525.507,104
5,67528.350,104
5,67531.731,104
5,67534.858,104
5,67537.533,104
5,67540.298,104
5,67543.125,104
5,67545.935,104
5,67548.827,104
5,67552.079,104
5,67554.737,104
5,67557.449,104
5,67560.136,104
5,67564.310,104
5,67567.222,104
5,67569.811,104
5,67572.815,104
5,67575.633,104
5,67578.261,104
5,67581.658,104
5,67584.609,104
5,67587.327,104
5,67590.279,104
5,67592.840,106
5,67595.586,106
5,67598.312,106
5,67600.859,106
5,67603.972,106
5,67606.628,106
5,67609.482,106
5,67612.666,106
5,67615.717,106
5,67618.416,106
5,67621.385,106
5,67623.932,106
5,67627.011,106
5,67629.985,106
5,67633.105,106
5,67635.698,106
5,67638.265,106
5,67640.890,106
5,67643.514,106
5,67646.721,106
5,67649.455,106
5,67652.050,106
5,67654.577,106
5,67658.171,106
5,67660.835,106
5,67664.370,106
5,67667.572,106
5,67671.613,106
5,67674.413,106
5,67677.129,106
5,67680.479,106
5,67683.583,106
5,67686.438,106
5,67689.156,106
5,67691.633,106
5,67694.173,106
5,67696.862,106
5,67699.752,106
5,67703.201,106
5,67706.360,106
5,67709.099,106
5,67711.675,106
5,67714.592,106
5,67717.357,106
5,67719.994,106
5,67723.027,106
5,67725.604,106
5,67728.090,106
5,67731.061,106
5,67733.880,106
5,67736.659,106
5,67739.387,106
5,67742.100,106
5,67744.663,106
5,67748.311,106
5,67751.082,106
5,67753.870,106
5,67756.587,106
5,67759.362,109
5,67762.866,109
5,67765.723,109
5,67768.431,109
5,67771.056,109
5,67773.735,109
5,67776.297,109
5,67779.285,109
5,67782.095,109
5,67784.729,109
5,67787.462,109
5,67790.272,109
5,67793.194,109
5,67797.217,109
5,67800.197,109
5,67803.132,109
5,67805.716,109
5,67808.373,109
5,67810.979,109
5,67814.187,109
5,67816.969,109
5,67819.757,109
5,67822.956,109
5,67825.520,109
5,67828.081,109
5,67831.097,109
5,67833.887,109
5,67836.555,109
5,67839.153,109
5,67841.825,109
5,67844.390,109
5,67847.726,109
5,67850.855,109
5,67853.549,109
5,67856.185,109
5,67858.932,109
5,67861.566,109
5,67865.360,109
5,67868.228,109
5,67870.850,109
5,67873.515,109
5,67875.975,109
5,67879.375,109
5,67882.215,109
5,67884.924,109
5,67887.598,109
5,67890.183,109
5,67892.831,109
5,67895.494,109
5,67898.403,109
5,67901.111,109
5,67903.714,109
5,67906.286,109
5,67909.045,109
5,67912.132,109
5,67915.002,109
5,67917.750,109
5,67920.251,109
5,67923.188,109
5,67925.808,109
5,67928.816,111
5,67932.143,111
5,67934.706,111
5,67937.685,111
5,67940.465,111
5,67943.252,111
5,67946.110,111
5,67949.014,111
5,67952.270,111
5,67955.219,111
5,67957.982,111
5,67960.663,111
5,67963.661,111
5,67966.363,111
5,67968.920,111
5,67972.091,111
5,67974.481,111
5,67977.722,111
5,67980.886,111
5,67983.466,111
5,67986.589,111
5,67989.167,111
5,67991.840,111
5,67994.213,111
5,67997.741,111
5,68000.929,111
5,68004.531,111
5,68007.141,111
5,68009.860,111
5,68012.537,111
5,68015.425,111
5,68018.146,111
5,68020.644,111
5,68023.275,111
5,68026.076,111
5,68029.502,111
5,68032.791,111
5,68035.499,111
5,68038.041,111
5,68040.645,111
5,68043.595,111
5,68046.713,111
5,68050.212,111
5,68053.493,111
5,68056.241,111
5,68059.166,111
5,68061.982,111
5,68065.045,111
5,68067.744,111
5,68071.183,111
5,68073.835,111
5,68076.989,111
5,68080.034,111
5,68082.795,111
5,68085.386,111
5,68088.051,111
5,68090.653,111
5,68093.162,113
5,68096.583,113
5,68099.330,113
5,68101.938,113
5,68104.508,113
5,68107.145,113
5,68109.775,113
5,68113.457,113
5,68116.292,113
5,68119.049,113
5,68121.738,113
5,68124.410,113
5,68127.263,113
5,68130.735,113
5,68133.657,113
5,68136.396,113
5,68139.016,113
5,68141.736,113
5,68144.629,113
5,68147.728,113
5,68151.200,113
5,68153.862,113
5,68156.371,113
5,68159.132,113
5,68161.813,113
5,68165.125,113
5,68168.476,113
5,68171.187,113
5,68173.958,113
5,68177.271,113
5,68180.212,113
5,68183.358,113
5,68185.985,113
5,68188.648,113
5,68191.412,113
5,68194.197,113
5,68197.362,113
5,68200.148,113
5,68204.287,113
5,68207.102,113
5,68209.779,113
5,68213.197,113
5,68215.986,113
5,68218.631,113
5,68221.227,113
5,68223.918,113
5,68227.236,113
5,68230.722,113
5,68233.555,113
5,68236.277,113
5,68239.604,113
5,68242.910,113
5,68245.570,113
5,68248.555,113
5,68252.057,113
5,68254.693,113
5,68257.410,113
5,68260.223,115
5,68263.779,115
5,68266.697,115
5,68269.487,115
5,68272.205,115
5,68274.962,115
5,68277.864,115
5,68280.878,115
5,68283.627,115
5,68286.901,115
5,68289.557,115
5,68292.439,115
5,68295.217,115
5,68298.640,115
5,68301.749,115
5,68304.452,115
5,68307.966,115
5,68311.689,115
5,68314.792,115
5,68318.776,115
5,68321.445,115
5,68324.178,115
5,68326.791,115
5,68330.802,115
5,68333.795,115
5,68336.947,115
5,68339.648,115
5,68342.529,115
5,68345.283,115
5,68348.722,115
5,68351.509,115
5,68354.873,115
5,68357.571,115
5,68360.224,115
5,68363.789,115
5,68366.775,115
5,68369.610,115
5,68372.361,115
5,68375.475,115
5,68378.580,115
5,68381.727,115
5,68384.592,115
5,68387.785,115
5,68390.956,115
5,68393.830,115
5,68397.131,115
5,68400.098,115
5,68402.751,115
5,68405.527,115
5,68408.350,115
5,68411.178,115
5,68414.582,115
5,68417.398,115
5,68420.180,115
5,68422.958,115
5,68426.041,115
5,68428.804,117
5,68432.179,117
5,68434.886,117
5,68437.460,117
5,68440.168,117
5,68443.724,117
5,68447.227,117
5,68450.121,117
5,68452.931,117
5,68455.821,117
5,68459.050,117
5,68461.852,117
5,68465.256,117
5,68468.245,117
5,68471.034,117
5,68474.460,117
5,68477.335,117
5,68480.171,117
5,68483.002,117
5,68486.356,117
5,68489.178,117
5,68491.829,117
5,68494.778,117
5,68497.828,117
5,68500.978,117
5,68503.750,117
5,68506.266,117
5,68508.974,117
5,68511.594,117
5,68514.943,117
5,68518.007,117
5,68520.916,117
5,68523.512,117
5,68526.057,117
5,68528.680,117
5,68531.617,117
5,68534.523,117
5,68536.979,117
5,68539.618,117
5,68542.418,117
5,68544.969,117
5,68547.813,117
5,68550.451,117
5,68553.279,117
5,68555.878,117
5,68558.361,117
5,68560.949,117
5,68564.252,117
5,68567.308,117
5,68570.203,117
5,68573.257,117
5,68576.051,117
5,68578.771,117
5,68581.582,117
5,68584.194,117
5,68586.764,117
5,68589.318,117
5,68591.941,117
5,68594.461,119
5,68597.040,119
5,68600.343,119
5,68602.843,119
5,68606.141,119
5,68609.672,119
5,68612.551,119
5,68615.027,119
5,68617.843,119
5,68620.637,119
5,68623.298,119
5,68626.103,119
5,68629.249,119
5,68632.149,119
5,68634.794,119
5,68637.475,119
5,68640.047,119
5,68642.818,119
5,68646.357,119
5,68649.448,119
5,68652.122,119
5,68654.713,119
5,68657.374,119
5,68659.980,119
5,68662.800,119
5,68665.393,119
5,68667.965,119
5,68670.511,119
5,68672.979,119
5,68675.708,119
5,68678.994,119
5,68681.719,119
5,68684.558,119
5,68687.228,119
5,68689.812,119
5,68692.310,119
5,68694.896,119
5,68697.614,119
5,68700.301,119
5,68702.894,119
5,68705.428,119
5,68707.913,119
5,68710.556,119
5,68713.314,119
5,68715.989,119
5,68719.029,119
5,68721.807,119
5,68724.447,119
5,68727.111,119
5,68730.179,119
5,68732.896,119
5,68735.569,119
5,68738.452,119
5,68741.152,119
5,68743.801,119
5,68746.787,119
5,68749.560,119
5,68752.193,119
5,68754.714,119
5,68757.237,119
5,68760.118,120
5,68763.045,120
5,68765.643,120
5,68768.686,120
5,68771.079,120
5,68773.811,120
5,68776.411,120
5,68779.658,120
5,68782.380,120
5,68785.048,120
5,68787.837,120
5,68790.481,120
5,68793.012,120
5,68796.052,120
5,68798.761,120
5,68801.352,120
5,68803.819,120
5,68806.823,120
5,68809.744,120
5,68813.020,120
5,68816.239,120
5,68818.931,120
5,68821.899,120
5,68824.408,120
5,68827.395,120
5,68830.568,120
5,68833.206,120
5,68835.796,120
5,68838.205,120
5,68840.731,120
5,68843.338,120
5,68846.617,120
5,68849.244,120
5,68851.849,120
5,68854.358,120
5,68856.970,120
5,68859.554,120
5,68862.569,120
5,68865.742,120
5,68868.131,120
5,68870.683,120
5,68873.292,120
5,68876.455,120
5,68879.830,120
5,68882.507,120
5,68885.109,120
5,68887.636,120
5,68890.306,120
5,68892.823,120
5,68895.897,120
5,68898.560,120
5,68901.371,120
5,68903.961,120
5,68906.517,120
5,68909.118,120
5,68912.682,120
5,68915.725,120
5,68918.456,120
5,68920.992,120
5,68923.853,120
6,68926.743,0
6,68930.491,0
6,68933.200,0
6,68935.888,0
6,68938.465,0
6,68940.980,0
6,68943.502,0
6,68947.103,0
6,68949.879,0
6,68953.074,0
6,68956.134,0
6,68959.573,0
6,68965.512,0
6,68968.402,0
6,68970.985,0
6,68973.663,0
6,68976.508,0
6,68980.149,0
6,68983.015,0
6,68985.504,0
6,68988.071,0
6,68990.625,0
6,68993.279,0
6,68996.058,0
6,68998.777,0
6,69001.412,0
6,69003.939,0
6,69006.459,0
6,69009.514,0
6,69012.611,0
6,69015.326,0
6,69017.905,0
6,69020.441,0
6,69023.024,0
6,69025.851,0
6,69029.268,0
6,69031.887,0
6,69034.660,0
6,69037.228,0
6,69039.734,0
6,69042.485,0
6,69045.130,0
6,69048.096,0
6,69050.638,0
6,69053.239,0
6,69055.750,0
6,69058.302,0
6,69060.923,0
6,69064.119,0
6,69067.128,0
6,69069.655,0
6,69072.223,0
6,69074.560,0
6,69077.608,0
6,69080.460,0
6,69083.222,0
6,69085.977,0
6,69088.763,0
6,69091.127,0
6,69093.863,0
6,69096.973,0
6,69099.690,0
6,69102.513,0
6,69105.164,0
6,69107.799,0
6,69110.399,0
6,69113.308,0
6,69115.839,0
6,69118.418,0
6,69121.041,0
6,69123.706,0
6,69126.105,0
6,69129.371,0
6,69132.045,0
6,69134.677,0
6,69137.338,0
6,69139.945,0
6,69142.978,0
6,69146.482,0
6,69148.986,0
6,69151.624,0
6,69154.173,0
6,69156.776,0
6,69159.259,0
6,69161.817,0
6,69164.597,0
6,69167.301,0
6,69169.785,0
6,69172.232,0
6,69174.703,0
6,69177.255,0
6,69180.665,0
6,69183.377,0
6,69186.058,0
6,69188.689,0
6,69191.227,0
6,69193.891,0
6,69197.028,0
6,69199.617,0
6,69202.649,0
6,69205.714,0
6,69208.291,0
6,69210.971,0
6,69214.584,0
6,69217.208,0
6,69220.028,0
6,69222.625,0
6,69225.258,0
6,69228.028,0
6,69231.651,0
6,69234.902,0
6,69237.702,0
6,69240.454,0
6,69243.004,0
6,69247.165,0
6,69250.272,0
6,69253.067,0
6,69255.802,0
6,69258.623,0
6,69262.794,3
6,69265.791,3
6,69268.649,3
6,69271.347,3
6,69274.625,3
6,69277.145,3
6,69280.055,3
6,69282.925,3
6,69285.552,3
6,69288.129,3
6,69290.762,3
6,69293.751,3
6,69296.984,3
6,69300.124,3
6,69303.111,3
6,69305.977,3
6,69308.669,3
6,69311.726,3
6,69314.463,3
6,69317.229,3
6,69320.010,3
6,69322.653,3
6,69325.310,3
6,69328.431,3
6,69331.639,3
6,69334.429,3
6,69337.332,3
6,69340.000,3
6,69343.303,3
6,69346.989,3
6,69349.799,3
6,69352.595,3
6,69355.637,3
6,69358.564,3
6,69361.787,3
6,69365.628,3
6,69368.354,3
6,69371.057,3
6,69374.020,3
6,69376.858,3
6,69380.946,3
6,69385.058,3
6,69387.865,3
6,69390.556,3
6,69393.292,3
6,69396.855,3
6,69399.673,3
6,69402.442,3
6,69405.563,3
6,69408.710,3
6,69411.291,3
6,69414.530,3
6,69418.058,3
6,69420.974,3
6,69424.332,3
6,69427.905,5
6,69431.193,5
6,69434.278,5
6,69437.487,5
6,69440.816,5
6,69443.944,5
6,69447.878,5
6,69451.526,5
6,69454.678,5
6,69457.634,5
6,69460.284,5
6,69464.332,5
6,69467.781,5
6,69470.543,5
6,69473.261,5
6,69476.855,5
6,69480.057,5
6,69483.071,5
6,69485.808,5
6,69488.657,5
6,69491.371,5
6,69494.018,5
6,69496.722,5
6,69500.273,5
6,69503.118,5
6,69506.326,5
6,69509.113,5
6,69512.226,5
6,69516.290,5
6,69519.091,5
6,69521.874,5
6,69525.112,5
6,69527.881,5
6,69531.147,5
6,69533.976,5
6,69536.927,5
6,69539.561,5
6,69542.492,5
6,69545.132,5
6,69549.196,5
6,69552.144,5
6,69555.019,5
6,69558.005,5
6,69560.752,5
6,69564.754,5
6,69568.183,5
6,69570.927,5
6,69573.575,5
6,69576.227,5
6,69580.054,5
6,69583.002,5
6,69585.761,5
6,69588.927,5
6,69591.803,5
6,69594.868,7
6,69598.550,7
6,69602.080,7
6,69604.859,7
6,69607.591,7
6,69610.378,7
6,69613.463,7
6,69616.292,7
6,69619.212,7
6,69623.917,7
6,69627.343,7
6,69630.966,7
6,69635.640,7
6,69638.926,7
6,69641.741,7
6,69645.148,7
6,69648.356,7
6,69651.945,7
6,69654.900,7
6,69657.619,7
6,69660.521,7
6,69663.898,7
6,69666.887,7
6,69669.506,7
6,69672.182,7
6,69674.855,7
6,69677.529,7
6,69680.827,7
6,69683.722,7
6,69686.459,7
6,69689.173,7
6,69691.787,7
6,69694.720,7
6,69698.411,7
6,69701.454,7
6,69704.138,7
6,69706.963,7
6,69709.593,7
6,69712.783,7
6,69715.650,7
6,69718.392,7
6,69721.186,7
6,69724.359,7
6,69727.091,7
6,69730.026,7
6,69733.085,7
6,69736.059,7
6,69738.827,7
6,69741.482,7
6,69744.183,7
6,69748.724,7
6,69752.478,7
6,69755.305,7
6,69758.013,7
6,69760.773,9
6,69763.886,9
6,69767.243,9
6,69770.140,9
6,69772.998,9
6,69775.775,9
6,69778.407,9
6,69781.116,9
6,69784.560,9
6,69787.239,9
6,69789.917,9
6,69793.373,9
6,69796.821,9
6,69799.937,9
6,69802.590,9
6,69805.178,9
6,69807.744,9
6,69810.493,9
6,69813.891,9
6,69817.825,9
6,69821.205,9
6,69823.945,9
6,69826.333,9
6,69829.902,9
6,69832.797,9
6,69835.543,9
6,69838.181,9
6,69841.032,9
6,69843.691,9
6,69847.170,9
6,69849.927,9
6,69852.603,9
6,69855.572,9
6,69858.209,9
6,69861.428,9
6,69864.819,9
6,69867.405,9
6,69870.135,9
6,69872.762,9
6,69875.824,9
6,69878.555,9
6,69881.405,9
6,69884.112,9
6,69887.102,9
6,69889.782,9
6,69892.955,9
6,69896.368,9
6,69899.113,9
6,69902.062,9
6,69904.847,9
6,69907.587,9
6,69910.428,9
6,69914.270,9
6,69917.559,9
6,69920.642,9
6,69923.472,9
6,69926.983,11
6,69930.544,11
6,69933.880,11
6,69936.882,11
6,69939.527,11
6,69942.651,11
6,69945.188,11
6,69948.215,11
6,69951.371,11
6,69954.262,11
6,69956.958,11
6,69959.632,11
6,69962.960,11
6,69966.517,11
6,69969.242,11
6,69972.668,11
6,69975.524,11
6,69978.141,11
6,69981.969,11
6,69984.736,11
6,69987.395,11
6,69989.842,11
6,69992.833,11
6,69996.243,11
6,69998.997,11
6,70001.629,11
6,70004.159,11
6,70007.165,11
6,70009.801,11
6,70012.793,11
6,70016.095,11
6,70018.878,11
6,70021.400,11
6,70024.008,11
6,70026.932,11
6,70030.422,11
6,70033.045,11
6,70035.652,11
6,70038.310,11
6,70040.866,11
6,70043.418,11
6,70046.471,11
6,70049.932,11
6,70052.689,11
6,70055.350,11
6,70058.021,11
6,70061.008,11
6,70064.162,11
6,70067.127,11
6,70069.904,11
6,70072.545,11
6,70075.671,11
6,70078.683,11
6,70081.285,11
6,70084.601,11
6,70087.787,11
6,70091.151,11
6,70094.421,13
6,70097.672,13
6,70101.030,13
6,70103.687,13
6,70106.350,13
6,70109.560,13
6,70112.323,13
6,70115.330,13
6,70119.149,13
6,70122.013,13
6,70125.126,13
6,70127.910,13
6,70130.434,13
6,70133.194,13
6,70135.932,13
6,70138.603,13
6,70141.146,13
6,70144.201,13
6,70146.812,13
6,70150.432,13
6,70153.680,13
6,70156.456,13
6,70159.340,13
6,70162.224,13
6,70166.391,13
6,70169.310,13
6,70172.132,13
6,70174.865,13
6,70177.500,13
6,70180.309,13
6,70183.673,13
6,70186.697,13
6,70189.446,13
6,70192.137,13
6,70195.017,13
6,70198.755,13
6,70201.628,13
6,70204.671,13
6,70207.408,13
6,70209.905,13
6,70213.485,13
6,70216.727,13
6,70219.506,13
6,70222.214,13
6,70224.918,13
6,70228.292,13
6,70231.383,13
6,70234.089,13
6,70236.777,13
6,70239.437,13
6,70242.103,13
6,70244.934,13
6,70248.519,13
6,70252.242,13
6,70254.966,13
6,70257.968,13
6,70262.049,15
6,70265.246,15
6,70268.439,15
6,70271.433,15
6,70274.265,15
6,70276.977,15
6,70280.508,15
6,70283.992,15
6,70286.682,15
6,70289.419,15
6,70292.093,15
6,70294.945,15
6,70299.087,15
6,70303.146,15
6,70306.707,15
6,70309.498,15
6,70313.393,15
6,70316.264,15
6,70319.040,15
6,70321.606,15
6,70324.447,15
6,70327.977,15
6,70331.508,15
6,70334.401,15
6,70337.052,15
6,70340.107,15
6,70342.822,15
6,70345.564,15
6,70348.711,15
6,70351.476,15
6,70354.569,15
6,70357.062,15
6,70359.553,15
6,70362.180,15
6,70365.097,15
6,70368.103,15
6,70371.148,15
6,70373.609,15
6,70376.241,15
6,70378.987,15
6,70381.911,15
6,70384.522,15
6,70387.265,15
6,70389.993,15
6,70393.484,15
6,70397.257,15
6,70400.169,15
6,70403.003,15
6,70405.747,15
6,70408.520,15
6,70411.247,15
6,70414.554,15
6,70417.662,15
6,70421.321,15
6,70424.189,15
6,70426.639,17
6,70430.171,17
6,70433.505,17
6,70436.393,17
6,70439.275,17
6,70442.307,17
6,70445.551,17
6,70449.182,17
6,70452.825,17
6,70456.132,17
6,70459.000,17
6,70461.715,17
6,70464.661,17
6,70467.605,17
6,70470.928,17
6,70473.714,17
6,70477.262,17
6,70480.103,17
6,70482.815,17
6,70486.141,17
6,70488.783,17
6,70491.396,17
6,70494.017,17
6,70497.373,17
6,70500.148,17
6,70503.220,17
6,70505.926,17
6,70508.621,17
6,70511.967,17
6,70514.951,17
6,70517.776,17
6,70520.457,17
6,70523.105,17
6,70525.890,17
6,70528.600,17
6,70531.536,17
6,70534.154,17
6,70536.858,17
6,70539.957,17
6,70542.927,17
6,70546.210,17
6,70549.194,17
6,70552.113,17
6,70555.227,17
6,70557.898,17
6,70560.472,17
6,70563.752,17
6,70567.081,17
6,70570.252,17
6,70573.321,17
6,70576.484,17
6,70579.985,17
6,70583.192,17
6,70586.361,17
6,70589.222,17
6,70591.999,17
6,70594.592,19
6,70598.007,19
6,70601.326,19
6,70603.989,19
6,70607.511,19
6,70610.027,19
6,70613.096,19
6,70617.759,19
6,70620.605,19
6,70623.383,19
6,70626.094,19
6,70628.790,19
6,70632.419,19
6,70635.243,19
6,70637.832,19
6,70640.455,19
6,70643.224,19
6,70645.996,19
6,70648.981,19
6,70651.696,19
6,70654.378,19
6,70657.129,19
6,70660.024,19
6,70663.277,19
6,70666.054,19
6,70668.729,19
6,70671.339,19
6,70673.894,19
6,70676.479,19
6,70679.919,19
6,70683.177,19
6,70685.936,19
6,70688.829,19
6,70691.914,19
6,70694.432,19
6,70698.461,19
6,70702.051,19
6,70704.732,19
6,70707.788,19
6,70711.519,19
6,70715.443,19
6,70718.902,19
6,70722.861,19
6,70725.584,19
6,70728.259,19
6,70731.435,19
6,70735.174,19
6,70738.068,19
6,70740.730,19
6,70743.292,19
6,70746.679,19
6,70749.492,19
6,70752.099,19
6,70754.856,19
6,70757.508,19
6,70760.543,21
6,70763.450,21
6,70766.223,21
6,70768.927,21
6,70771.657,21
6,70775.204,21
6,70777.885,21
6,70781.242,21
6,70784.132,21
6,70787.412,21
6,70790.366,21
6,70793.015,21
6,70796.078,21
6,70799.100,21
6,70802.188,21
6,70805.518,21
6,70808.488,21
6,70811.153,21
6,70813.942,21
6,70817.041,21
6,70820.574,21
6,70823.525,21
6,70826.596,21
6,70829.591,21
6,70832.716,21
6,70835.595,21
6,70838.423,21
6,70841.301,21
6,70844.343,21
6,70847.912,21
6,70851.019,21
6,70854.187,21
6,70857.007,21
6,70859.977,21
6,70863.536,21
6,70866.935,21
6,70869.710,21
6,70873.094,21
6,70876.316,21
6,70879.230,21
6,70882.302,21
6,70885.183,21
6,70887.967,21
6,70892.168,21
6,70895.009,21
6,70898.561,21
6,70901.657,21
6,70904.400,21
6,70908.393,21
6,70911.545,21
6,70914.698,21
6,70917.391,21
6,70919.990,21
6,70922.600,21
6,70925.295,21
6,70928.308,23
6,70931.146,23
6,70933.819,23
6,70936.347,23
6,70938.918,23
6,70941.610,23
6,70944.112,23
6,70947.357,23
6,70950.098,23
6,70953.160,23
6,70955.756,23
6,70958.392,23
6,70960.975,23
6,70964.100,23
6,70966.746,23
6,70969.460,23
6,70972.076,23
6,70974.626,23
6,70977.245,23
6,70980.155,23
6,70982.892,23
6,70985.499,23
6,70987.961,23
6,70990.494,23
6,70992.991,23
6,70996.282,23
6,70998.950,23
6,71001.444,23
6,71003.960,23
6,71006.460,23
6,71009.110,23
6,71012.661,23
6,71015.381,23
6,71018.007,23
6,71020.418,23
6,71023.759,23
6,71026.336,23
6,71029.117,23
6,71032.049,23
6,71034.624,23
6,71037.200,23
6,71039.862,23
6,71042.475,23
6,71045.265,23
6,71048.427,23
6,71051.056,23
6,71053.681,23
6,71056.097,23
6,71058.684,23
6,71061.600,23
6,71064.287,23
6,71067.472,23
6,71070.133,23
6,71072.723,23
6,71075.176,23
6,71077.786,23
6,71081.608,23
6,71084.588,23
6,71087.280,23
6,71089.957,23
6,71092.786,25
6,71095.499,25
6,71098.342,25
6,71101.999,25
6,71104.594,25
6,71107.182,25
6,71109.664,25
6,71112.780,25
6,71115.580,25
6,71118.224,25
6,71120.831,25
6,71123.362,25
6,71126.562,25
6,71129.604,25
6,71132.390,25
6,71134.948,25
6,71137.575,25
6,71140.117,25
6,71142.608,25
6,71145.317,25
6,71148.103,25
6,71150.952,25
6,71153.908,25
6,71156.568,25
6,71161.217,25
6,71164.175,25
6,71166.757,25
6,71169.569,25
6,71172.255,25
6,71175.059,25
6,71177.522,25
6,71181.454,25
6,71184.321,25
6,71186.971,25
6,71189.633,25
6,71192.388,25
6,71195.187,25
6,71198.108,25
6,71200.627,25
6,71203.274,25
6,71205.870,25
6,71208.550,25
6,71211.332,25
6,71214.721,25
6,71217.907,25
6,71220.563,25
6,71223.199,25
6,71226.102,25
6,71229.628,25
6,71232.785,25
6,71235.429,25
6,71238.065,25
6,71241.144,25
6,71243.704,25
6,71246.588,25
6,71249.830,25
6,71252.456,25
6,71255.067,25
6,71257.785,25
6,71260.341,27
6,71264.342,27
6,71267.207,27
6,71269.991,27
6,71272.558,27
6,71275.163,27
6,71277.930,27
6,71281.418,27
6,71283.984,27
6,71286.931,27
6,71289.504,27
6,71292.093,27
6,71295.011,27
6,71298.637,27
6,71301.447,27
6,71304.096,27
6,71306.782,27
6,71310.006,27
6,71313.146,27
6,71316.202,27
6,71319.503,27
6,71322.198,27
6,71325.929,27
6,71329.244,27
6,71333.169,27
6,71336.174,27
6,71339.508,27
6,71342.268,27
6,71344.908,27
6,71347.735,27
6,71350.424,27
6,71353.134,27
6,71355.714,27
6,71358.920,27
6,71361.422,27
6,71364.412,27
6,71367.061,27
6,71369.723,27
6,71372.343,27
6,71374.999,27
6,71377.925,27
6,71380.956,27
6,71383.792,27
6,71386.858,27
6,71389.500,27
6,71392.176,27
6,71394.881,27
6,71398.825,27
6,71402.164,27
6,71405.074,27
6,71407.659,27
6,71410.364,27
6,71413.545,27
6,71416.357,27
6,71418.962,27
6,71421.575,27
6,71424.051,27
6,71426.760,30
6,71429.743,30
6,71432.536,30
6,71435.239,30
6,71438.338,30
6,71441.279,30
6,71444.110,30
6,71449.152,30
6,71452.029,30
6,71456.428,30
6,71459.293,30
6,71462.778,30
6,71465.399,30
6,71467.963,30
6,71471.141,30
6,71473.831,30
6,71476.337,30
6,71478.944,30
6,71482.010,30
6,71485.080,30
6,71487.718,30
6,71490.440,30
6,71493.593,30
6,71496.082,30
6,71499.238,30
6,71502.326,30
6,71505.230,30
6,71508.281,30
6,71510.943,30
6,71514.455,30
6,71517.655,30
6,71520.436,30
6,71523.238,30
6,71525.808,30
6,71528.431,30
6,71531.376,30
6,71533.894,30
6,71536.624,30
6,71539.221,30
6,71541.707,30
6,71544.460,30
6,71547.267,30
6,71550.330,30
6,71553.145,30
6,71555.827,30
6,71558.483,30
6,71561.234,30
6,71564.185,30
6,71566.617,30
6,71569.231,30
6,71571.887,30
6,71574.488,30
6,71577.385,30
6,71580.209,30
6,71582.827,30
6,71585.997,30
6,71588.844,30
6,71591.599,30
6,71594.250,32
6,71597.867,32
6,71600.737,32
6,71603.519,32
6,71606.937,32
6,71610.114,32
6,71613.062,32
6,71615.767,32
6,71618.389,32
6,71620.925,32
6,71623.650,32
6,71627.142,32
6,71629.961,32
6,71632.673,32
6,71635.538,32
6,71638.160,32
6,71640.788,32
6,71643.281,32
6,71646.766,32
6,71650.886,32
6,71653.855,32
6,71656.535,32
6,71662.087,32
6,71665.136,32
6,71668.898,32
6,71671.967,32
6,71674.868,32
6,71677.420,32
6,71680.316,32
6,71682.952,32
6,71685.788,32
6,71688.390,32
6,71691.105,32
6,71693.822,32
6,71696.985,32
6,71699.746,32
6,71702.900,32
6,71705.463,32
6,71707.948,32
6,71710.568,32
6,71713.352,32
6,71716.001,32
6,71718.817,32
6,71721.384,32
6,71723.967,32
6,71726.502,32
6,71729.637,32
6,71732.683,32
6,71735.422,32
6,71738.533,32
6,71741.779,32
6,71744.778,32
6,71747.571,32
6,71751.046,32
6,71753.939,32
6,71756.659,32
6,71759.583,34
6,71763.273,34
6,71766.175,34
6,71768.788,34
6,71771.690,34
6,71774.539,34
6,71777.181,34
6,71779.934,34
6,71783.243,34
6,71786.021,34
6,71789.408,34
6,71792.218,34
6,71794.959,34
6,71798.337,34
6,71801.515,34
6,71804.255,34
6,71806.872,34
6,71809.536,34
6,71812.386,34
6,71815.237,34
6,71818.100,34
6,71820.978,34
6,71823.713,34
6,71826.238,34
6,71829.479,34
6,71832.658,34
6,71835.491,34
6,71838.195,34
6,71840.742,34
6,71843.278,34
6,71845.912,34
6,71848.413,34
6,71851.279,34
6,71853.927,34
6,71856.564,34
6,71859.422,34
6,71862.653,34
6,71865.785,34
6,71868.494,34
6,71871.387,34
6,71873.958,34
6,71876.542,34
6,71880.051,34
6,71882.792,34
6,71885.470,34
6,71888.037,34
6,71890.921,34
6,71893.446,34
6,71897.266,34
6,71899.851,34
6,71902.261,34
6,71904.765,34
6,71907.312,34
6,71910.004,34
6,71913.075,34
6,71915.778,34
6,71918.288,34
6,71920.841,34
6,71923.476,34
6,71926.684,36
6,71930.371,36
6,71933.270,36
6,71935.927,36
6,71938.474,36
6,71941.405,36
6,71943.988,36
6,71947.224,36
6,71949.804,36
6,71952.473,36
6,71955.286,36
6,71957.901,36
6,71960.935,36
6,71964.121,36
6,71966.698,36
6,71969.299,36
6,71971.878,36
6,71974.422,36
6,71977.516,36
6,71980.887,36
6,71983.678,36
6,71986.228,36
6,71989.141,36
6,71991.732,36
6,71994.179,36
6,71997.703,36
6,72000.448,36
6,72003.211,36
6,72005.801,36
6,72008.409,36
6,72011.933,36
6,72016.140,36
6,72018.835,36
6,72021.395,36
6,72023.997,36
6,72026.570,36
6,72029.800,36
6,72032.411,36
6,72035.000,36
6,72037.594,36
6,72040.175,36
6,72042.932,36
6,72045.622,36
6,72048.591,36
6,72051.081,36
6,72053.725,36
6,72056.269,36
6,72058.824,36
6,72061.284,36
6,72064.310,36
6,72067.260,36
6,72069.967,36
6,72072.515,36
6,72075.045,36
6,72077.612,36
6,72080.770,36
6,72083.748,36
6,72086.386,36
6,72089.563,36
6,72092.231,36
6,72095.169,38
6,72098.106,38
6,72101.206,38
6,72103.954,38
6,72106.537,38
6,72109.376,38
6,72112.827,38
6,72116.070,38
6,72118.845,38
6,72121.516,38
6,72124.146,38
6,72126.631,38
6,72129.784,38
6,72132.308,38
6,72134.899,38
6,72137.385,38
6,72139.971,38
6,72142.767,38
6,72146.017,38
6,72148.546,38
6,72151.062,38
6,72153.899,38
6,72156.486,38
6,72159.186,38
6,72162.503,38
6,72165.190,38
6,72167.743,38
6,72170.192,38
6,72172.731,38
6,72175.370,38
6,72177.853,38
6,72180.735,38
6,72183.491,38
6,72186.089,38
6,72188.816,38
6,72191.296,38
6,72193.945,38
6,72197.113,38
6,72199.736,38
6,72202.244,38
6,72204.765,38
6,72207.403,38
6,72209.917,38
6,72212.826,38
6,72215.921,38
6,72218.919,38
6,72221.396,38
6,72224.005,38
6,72226.599,38
6,72229.509,38
6,72232.677,38
6,72235.208,38
6,72237.987,38
6,72240.645,38
6,72243.214,38
6,72246.227,38
6,72248.907,38
6,72251.666,38
6,72254.014,38
6,72256.583,38
6,72259.504,40
6,72262.595,40
6,72265.247,40
6,72268.138,40
6,72271.298,40
6,72273.714,40
6,72276.671,40
6,72279.313,40
6,72281.909,40
6,72285.018,40
6,72287.678,40
6,72290.418,40
6,72292.948,40
6,72296.208,40
6,72298.969,40
6,72301.576,40
6,72304.202,40
6,72306.921,40
6,72309.424,40
6,72312.924,40
6,72315.552,40
6,72318.057,40
6,72320.667,40
6,72323.129,40
6,72325.952,40
6,72329.703,40
6,72332.284,40
6,72335.206,40
6,72337.767,40
6,72340.412,40
6,72342.998,40
6,72346.131,40
6,72348.837,40
6,72351.485,40
6,72354.013,40
6,72356.618,40
6,72359.845,40
6,72362.524,40
6,72365.237,40
6,72367.892,40
6,72370.452,40
6,72373.051,40
6,72375.946,40
6,72379.440,40
6,72382.282,40
6,72384.917,40
6,72387.495,40
6,72390.106,40
6,72393.042,40
6,72396.411,40
6,72399.147,40
6,72402.259,40
6,72404.885,40
6,72407.410,40
6,72409.841,40
6,72413.094,40
6,72415.783,40
6,72418.368,40
6,72420.992,40
6,72423.370,40
6,72425.792,42
6,72429.161,42
6,72431.866,42
6,72434.636,42
6,72437.189,42
6,72439.807,42
6,72442.464,42
6,72445.050,42
6,72448.197,42
6,72451.543,42
6,72454.094,42
6,72456.996,42
6,72459.517,42
6,72462.807,42
6,72465.590,42
6,72468.028,42
6,72470.550,42
6,72473.233,42
6,72475.826,42
6,72479.414,42
6,72482.855,42
6,72486.053,42
6,72488.692,42
6,72491.206,42
6,72493.776,42
6,72497.799,42
6,72500.591,42
6,72503.386,42
6,72506.040,42
6,72508.624,42
6,72511.232,42
6,72514.191,42
6,72516.788,42
6,72519.894,42
6,72522.517,42
6,72524.969,42
6,72527.631,42
6,72530.939,42
6,72535.139,42
6,72538.108,42
6,72540.694,42
6,72543.165,42
6,72545.975,42
6,72548.612,42
6,72551.331,42
6,72553.687,42
6,72556.260,42
6,72559.029,42
6,72561.489,42
6,72564.354,42
6,72566.959,42
6,72569.582,42
6,72572.073,42
6,72574.557,42
6,72577.106,42
6,72580.143,42
6,72583.353,42
6,72585.990,42
6,72588.632,42
6,72591.169,42
6,72593.734,44
6,72596.927,44
6,72599.995,44
6,72602.514,44
6,72605.104,44
6,72607.750,44
6,72610.279,44
6,72613.819,44
6,72617.006,44
6,72619.656,44
6,72622.679,44
6,72625.334,44
6,72627.971,44
6,72631.137,44
6,72634.629,44
6,72637.344,44
6,72640.636,44
6,72643.288,44
6,72646.054,44
6,72649.873,44
6,72652.607,44
6,72655.441,44
6,72658.493,44
6,72661.655,44
6,72664.755,44
6,72667.749,44
6,72670.693,44
6,72673.408,44
6,72676.028,44
6,72678.784,44
6,72682.297,44
6,72685.403,44
6,72688.075,44
6,72690.603,44
6,72693.325,44
6,72696.604,44
6,72699.717,44
6,72702.757,44
6,72705.778,44
6,72708.363,44
6,72711.061,44
6,72714.608,44
6,72717.412,44
6,72720.514,44
6,72723.257,44
6,72726.136,44
6,72728.813,44
6,72731.874,44
6,72734.689,44
6,72737.125,44
6,72739.879,44
6,72742.749,44
6,72746.683,44
6,72749.608,44
6,72752.220,44
6,72754.707,44
6,72757.052,44
6,72759.598,46
6,72762.160,46
6,72765.032,46
6,72767.982,46
6,72770.680,46
6,72773.082,46
6,72775.971,46
6,72778.661,46
6,72781.533,46
6,72784.290,46
6,72787.062,46
6,72789.766,46
6,72792.556,46
6,72795.133,46
6,72798.207,46
6,72801.020,46
6,72803.611,46
6,72806.185,46
6,72808.935,46
6,72811.561,46
6,72815.127,46
6,72817.998,46
6,72820.697,46
6,72823.364,46
6,72826.035,46
6,72828.678,46
6,72831.463,46
6,72834.752,46
6,72838.210,46
6,72841.236,46
6,72843.760,46
6,72847.383,46
6,72850.067,46
6,72852.656,46
6,72855.513,46
6,72858.051,46
6,72860.960,46
6,72863.963,46
6,72867.304,46
6,72869.822,46
6,72872.360,46
6,72874.930,46
6,72877.643,46
6,72880.800,46
6,72883.302,46
6,72886.399,46
6,72889.015,46
6,72891.565,46
6,72894.218,46
6,72897.587,46
6,72900.368,46
6,72903.104,46
6,72905.813,46
6,72908.488,46
6,72911.083,46
6,72914.949,46
6,72917.897,46
6,72920.982,46
6,72923.945,46
6,72926.499,48
6,72930.140,48
6,72932.966,48
6,72935.643,48
6,72938.340,48
6,72940.925,48
6,72943.410,48
6,72947.368,48
6,72950.338,48
6,72953.025,48
6,72955.604,48
6,72958.265,48
6,72960.860,48
6,72964.017,48
6,72966.761,48
6,72969.829,48
6,72972.984,48
6,72975.825,48
6,72978.504,48
6,72981.395,48
6,72984.088,48
6,72986.730,48
6,72989.246,48
6,72991.753,48
6,72994.507,48
6,72997.536,48
6,73000.170,48
6,73002.611,48
6,73005.140,48
6,73007.698,48
6,73010.184,48
6,73013.269,48
6,73015.841,48
6,73018.428,48
6,73020.947,48
6,73023.472,48
6,73025.987,48
6,73029.409,48
6,73032.145,48
6,73034.721,48
6,73037.317,48
6,73039.970,48
6,73042.764,48
6,73045.912,48
6,73049.200,48
6,73051.815,48
6,73054.357,48
6,73057.150,48
6,73059.996,48
6,73062.973,48
6,73065.671,48
6,73068.253,48
6,73070.831,48
6,73073.418,48
6,73076.198,48
6,73079.058,48
6,73082.019,48
6,73084.833,48
6,73087.825,48
6,73090.350,48
6,73092.926,50
6,73096.056,50
6,73098.738,50
6,73101.478,50
6,73104.236,50
6,73107.044,50
6,73109.558,50
6,73112.541,50
6,73115.296,50
6,73117.839,50
6,73120.930,50
6,73123.537,50
6,73125.995,50
6,73129.090,50
6,73131.755,50
6,73134.372,50
6,73137.009,50
6,73140.129,50
6,73142.591,50
6,73145.144,50
6,73147.974,50
6,73150.537,50
6,73153.071,50
6,73155.573,50
6,73157.996,50
6,73160.985,50
6,73163.936,50
6,73166.902,50
6,73169.429,50
6,73171.996,50
6,73174.458,50
6,73177.104,50
6,73179.991,50
6,73182.717,50
6,73185.263,50
6,73187.744,50
6,73190.338,50
6,73192.948,50
6,73195.881,50
6,73198.968,50
6,73201.611,50
6,73204.246,50
6,73207.039,50
6,73209.530,50
6,73212.474,50
6,73215.061,50
6,73217.990,50
6,73220.785,50
6,73223.575,50
6,73226.484,50
6,73229.598,50
6,73232.366,50
6,73234.970,50
6,73237.534,50
6,73240.128,50
6,73242.933,50
6,73246.384,50
6,73249.130,50
6,73251.797,50
6,73254.437,50
6,73257.174,50
6,73259.868,52
6,73263.648,52
6,73266.641,52
6,73269.954,52
6,73272.824,52
6,73275.727,52
6,73278.466,52
6,73282.175,52
6,73284.893,52
6,73287.498,52
6,73290.207,52
6,73292.844,52
6,73296.449,52
6,73299.218,52
6,73301.873,52
6,73304.411,52
6,73307.015,52
6,73309.558,52
6,73313.036,52
6,73316.080,52
6,73318.894,52
6,73321.554,52
6,73324.374,52
6,73327.280,52
6,73330.643,52
6,73333.339,52
6,73335.937,52
6,73338.983,52
6,73341.546,52
6,73344.223,52
6,73346.921,52
6,73349.776,52
6,73352.285,52
6,73354.843,52
6,73357.374,52
6,73359.934,52
6,73363.265,52
6,73366.053,52
6,73368.656,52
6,73371.388,52
6,73374.036,52
6,73376.570,52
6,73380.667,52
6,73383.435,52
6,73386.206,52
6,73388.926,52
6,73391.999,52
6,73394.340,52
6,73397.086,52
6,73399.879,52
6,73402.498,52
6,73404.999,52
6,73407.530,52
6,73409.801,52
6,73412.306,52
6,73415.648,52
6,73418.146,52
6,73420.671,52
6,73423.257,52
6,73426.025,55
6,73428.696,55
6,73432.324,55
6,73435.071,55
6,73437.706,55
6,73441.162,55
6,73443.697,55
6,73447.125,55
6,73449.748,55
6,73452.421,55
6,73455.013,55
6,73457.653,55
6,73460.401,55
6,73463.519,55
6,73466.249,55
6,73468.916,55
6,73471.580,55
6,73473.905,55
6,73476.451,55
6,73479.939,55
6,73482.702,55
6,73485.316,55
6,73487.940,55
6,73490.497,55
6,73492.980,55
6,73496.719,55
6,73499.413,55
6,73501.841,55
6,73504.254,55
6,73506.993,55
6,73509.534,55
6,73513.134,55
6,73516.381,55
6,73518.964,55
6,73521.542,55
6,73524.107,55
6,73527.020,55
6,73529.711,55
6,73532.610,55
6,73535.146,55
6,73537.581,55
6,73540.131,55
6,73542.718,55
6,73546.289,55
6,73549.195,55
6,73551.706,55
6,73554.303,55
6,73556.868,55
6,73559.395,55
6,73562.881,55
6,73565.522,55
6,73568.527,55
6,73571.026,55
6,73573.571,55
6,73576.062,55
6,73579.319,55
6,73582.155,55
6,73584.788,55
6,73587.333,55
6,73589.914,55
6,73592.900,57
6,73597.057,57
6,73599.808,57
6,73602.457,57
6,73605.674,57
6,73608.146,57
6,73610.632,57
6,73613.794,57
6,73616.367,57
6,73618.917,57
6,73621.410,57
6,73623.759,57
6,73626.285,57
6,73629.739,57
6,73632.509,57
6,73635.089,57
6,73637.913,57
6,73640.930,57
6,73643.544,57
6,73646.432,57
6,73649.144,57
6,73651.753,57
6,73654.270,57
6,73656.810,57
6,73659.414,57
6,73662.901,57
6,73665.402,57
6,73667.964,57
6,73670.457,57
6,73673.058,57
6,73675.694,57
6,73679.095,57
6,73681.739,57
6,73684.489,57
6,73686.999,57
6,73689.549,57
6,73692.109,57
6,73694.602,57
6,73697.423,57
6,73699.952,57
6,73702.584,57
6,73705.097,57
6,73707.598,57
6,73710.245,57
6,73712.858,57
6,73715.442,57
6,73718.091,57
6,73720.574,57
6,73723.210,57
6,73725.837,57
6,73729.399,57
6,73732.154,57
6,73734.748,57
6,73737.366,57
6,73740.000,57
6,73743.273,57
6,73746.645,57
6,73749.132,57
6,73751.648,57
6,73754.205,57
6,73756.611,57
6,73759.092,59
6,73762.137,59
6,73764.869,59
6,73767.564,59
6,73770.572,59
6,73773.211,59
6,73775.844,59
6,73779.103,59
6,73781.763,59
6,73784.499,59
6,73787.017,59
6,73789.581,59
6,73792.248,59
6,73794.771,59
6,73797.548,59
6,73799.932,59
6,73802.481,59
6,73804.968,59
6,73807.537,59
6,73810.096,59
6,73813.010,59
6,73815.723,59
6,73818.307,59
6,73820.906,59
6,73823.563,59
6,73826.048,59
6,73829.064,59
6,73831.740,59
6,73834.283,59
6,73837.516,59
6,73840.060,59
6,73842.781,59
6,73845.758,59
6,73848.458,59
6,73851.023,59
6,73853.627,59
6,73856.135,59
6,73858.736,59
6,73861.246,59
6,73863.970,59
6,73866.489,59
6,73868.920,59
6,73871.439,59
6,73873.967,59
6,73876.422,59
6,73879.436,59
6,73881.964,59
6,73884.565,59
6,73887.108,59
6,73889.749,59
6,73892.569,59
6,73895.829,59
6,73898.536,59
6,73901.299,59
6,73903.773,59
6,73906.343,59
6,73908.969,59
6,73911.541,59
6,73914.186,59
6,73917.128,59
6,73919.744,59
6,73922.295,59
6,73924.748,59
6,73927.347,61
6,73930.554,61
6,73933.141,61
6,73935.749,61
6,73938.539,61
6,73941.055,61
6,73943.731,61
6,73946.946,61
6,73949.742,61
6,73952.515,61
6,73955.216,61
6,73957.538,61
6,73959.870,61
6,73963.673,61
6,73966.329,61
6,73968.991,61
6,73972.070,61
6,73974.505,61
6,73977.107,61
6,73979.983,61
6,73982.556,61
6,73985.144,61
6,73987.724,61
6,73990.329,61
6,73992.845,61
6,73996.172,61
6,73999.103,61
6,74001.467,61
6,74003.915,61
6,74006.467,61
6,74009.312,61
6,74012.479,61
6,74015.253,61
6,74017.873,61
6,74020.375,61
6,74022.946,61
6,74025.530,61
6,74028.936,61
6,74031.668,61
6,74034.198,61
6,74036.826,61
6,74039.390,61
6,74041.951,61
6,74045.263,61
6,74047.935,61
6,74050.406,61
6,74053.024,61
6,74055.545,61
6,74058.103,61
6,74060.815,61
6,74063.599,61
6,74066.809,61
6,74069.376,61
6,74071.879,61
6,74074.310,61
6,74076.907,61
6,74079.789,61
6,74082.381,61
6,74084.929,61
6,74087.375,61
6,74089.909,61
6,74092.993,63
6,74095.903,63
6,74098.609,63
6,74100.943,63
6,74103.415,63
6,74105.731,63
6,74108.324,63
6,74111.328,63
6,74114.648,63
6,74117.071,63
6,74119.635,63
6,74122.165,63
6,74124.674,63
6,74127.247,63
6,74130.902,63
6,74133.573,63
6,74136.248,63
6,74138.763,63
6,74141.258,63
6,74143.694,63
6,74146.664,63
6,74149.809,63
6,74152.447,63
6,74154.971,63
6,74157.512,63
6,74160.066,63
6,74162.911,63
6,74165.446,63
6,74168.258,63
6,74170.765,63
6,74173.380,63
6,74176.108,63
6,74179.449,63
6,74182.079,63
6,74184.714,63
6,74187.366,63
6,74189.899,63
6,74192.441,63
6,74195.930,63
6,74198.665,63
6,74200.984,63
6,74203.534,63
6,74206.157,63
6,74208.715,63
6,74211.154,63
6,74214.211,63
6,74216.939,63
6,74220.163,63
6,74222.812,63
6,74225.454,63
6,74228.080,63
6,74230.776,63
6,74233.302,63
6,74235.926,63
6,74238.458,63
6,74240.940,63
6,74243.398,63
6,74246.533,63
6,74249.134,63
6,74251.665,63
6,74254.114,63
6,74256.930,63
6,74259.260,65
6,74262.928,65
6,74265.555,65
6,74268.131,65
6,74270.625,65
6,74273.102,65
6,74275.847,65
6,74279.176,65
6,74282.245,65
6,74284.893,65
6,74287.455,65
6,74290.111,65
6,74292.588,65
6,74295.240,65
6,74297.808,65
6,74300.525,65
6,74303.127,65
6,74305.662,65
6,74308.473,65
6,74311.035,65
6,74314.582,65
6,74317.302,65
6,74319.941,65
6,74322.503,65
6,74325.087,65
6,74327.602,65
6,74330.597,65
6,74333.305,65
6,74335.938,65
6,74338.375,65
6,74340.903,65
6,74343.276,65
6,74346.806,65
6,74349.573,65
6,74352.003,65
6,74354.529,65
6,74357.122,65
6,74359.613,65
6,74362.586,65
6,74365.358,65
6,74368.141,65
6,74370.637,65
6,74373.012,65
6,74375.540,65
6,74378.807,65
6,74381.516,65
6,74384.292,65
6,74386.987,65
6,74389.541,65
6,74392.137,65
6,74394.665,65
6,74398.288,65
6,74401.199,65
6,74403.730,65
6,74406.308,65
6,74409.004,65
6,74411.445,65
6,74414.322,65
6,74416.903,65
6,74419.418,65
6,74421.958,65
6,74424.450,65
6,74426.862,67
6,74430.022,67
6,74432.559,67
6,74435.145,67
6,74437.732,67
6,74440.377,67
6,74442.917,67
6,74446.445,67
6,74449.233,67
6,74451.808,67
6,74454.335,67
6,74457.094,67
6,74459.656,67
6,74463.026,67
6,74465.744,67
6,74468.278,67
6,74470.756,67
6,74473.152,67
6,74476.048,67
6,74479.799,67
6,74482.462,67
6,74485.191,67
6,74487.772,67
6,74490.335,67
6,74492.822,67
6,74496.476,67
6,74499.014,67
6,74501.589,67
6,74504.129,67
6,74506.579,67
6,74509.326,67
6,74512.719,67
6,74515.921,67
6,74518.458,67
6,74520.986,67
6,74523.520,67
6,74525.842,67
6,74529.129,67
6,74531.577,67
6,74534.367,67
6,74537.105,67
6,74539.739,67
6,74542.238,67
6,74544.700,67
6,74547.503,67
6,74549.983,67
6,74552.558,67
6,74555.259,67
6,74557.715,67
6,74560.352,67
6,74563.117,67
6,74565.801,67
6,74568.487,67
6,74571.037,67
6,74573.624,67
6,74576.102,67
6,74579.212,67
6,74581.851,67
6,74584.452,67
6,74586.916,67
6,74589.411,67
6,74591.757,67
6,74594.225,69
6,74597.424,69
6,74600.023,69
6,74602.535,69
6,74605.064,69
6,74607.659,69
6,74610.092,69
6,74612.882,69
6,74615.575,69
6,74618.370,69
6,74620.870,69
6,74623.528,69
6,74626.117,69
6,74629.464,69
6,74632.094,69
6,74634.640,69
6,74637.122,69
6,74639.716,69
6,74642.254,69
6,74644.811,69
6,74648.416,69
6,74651.025,69
6,74653.665,69
6,74656.171,69
6,74658.721,69
6,74661.203,69
6,74664.400,69
6,74667.129,69
6,74669.796,69
6,74672.163,69
6,74674.599,69
6,74677.206,69
6,74680.357,69
6,74683.175,69
6,74685.785,69
6,74688.116,69
6,74690.685,69
6,74693.222,69
6,74696.588,69
6,74699.219,69
6,74701.700,69
6,74704.518,69
6,74707.006,69
6,74709.503,69
6,74712.268,69
6,74714.714,69
6,74717.092,69
6,74719.668,69
6,74722.044,69
6,74724.561,69
6,74727.146,69
6,74730.465,69
6,74733.187,69
6,74735.853,69
6,74738.709,69
6,74741.249,69
6,74743.833,69
6,74747.255,69
6,74749.865,69
6,74752.455,69
6,74755.058,69
6,74757.582,69
6,74759.997,71
6,74762.791,71
6,74765.450,71
6,74768.206,71
6,74770.833,71
6,74773.569,71
6,74775.836,71
6,74779.150,71
6,74781.876,71
6,74785.247,71
6,74787.812,71
6,74790.343,71
6,74792.845,71
6,74795.942,71
6,74798.579,71
6,74801.296,71
6,74803.851,71
6,74806.486,71
6,74809.278,71
6,74812.747,71
6,74815.527,71
6,74818.350,71
6,74821.015,71
6,74823.585,71
6,74826.059,71
6,74829.286,71
6,74831.965,71
6,74834.573,71
6,74837.146,71
6,74839.761,71
6,74842.478,71
6,74845.724,71
6,74848.398,71
6,74850.996,71
6,74853.480,71
6,74855.974,71
6,74858.499,71
6,74861.019,71
6,74863.882,71
6,74866.455,71
6,74868.970,71
6,74871.651,71
6,74874.168,71
6,74877.085,71
6,74880.167,71
6,74882.836,71
6,74885.431,71
6,74887.904,71
6,74890.448,71
6,74893.143,71
6,74896.001,71
6,74898.586,71
6,74901.184,71
6,74903.715,71
6,74906.242,71
6,74908.863,71
6,74912.245,71
6,74914.861,71
6,74917.381,71
6,74919.734,71
6,74922.301,71
6,74924.561,71
6,74927.144,73
6,74930.809,73
6,74933.811,73
6,74936.402,73
6,74938.889,73
6,74941.338,73
6,74944.056,73
6,74946.599,73
6,74950.309,73
6,74952.953,73
6,74955.533,73
6,74958.047,73
6,74960.565,73
6,74963.331,73
6,74965.978,73
6,74968.520,73
6,74970.878,73
6,74973.443,73
6,74975.935,73
6,74979.066,73
6,74981.665,73
6,74984.290,73
6,74986.991,73
6,74989.601,73
6,74992.125,73
6,74994.565,73
6,74997.462,73
6,75000.120,73
6,75002.778,73
6,75005.391,73
6,75007.903,73
6,75010.623,73
6,75013.435,73
6,75016.044,73
6,75018.551,73
6,75021.019,73
6,75023.579,73
6,75026.065,73
6,75029.052,73
6,75031.691,73
6,75034.474,73
6,75037.013,73
6,75039.671,73
6,75042.354,73
6,75044.957,73
6,75047.854,73
6,75050.434,73
6,75053.172,73
6,75055.725,73
6,75058.053,73
6,75060.656,73
6,75063.908,73
6,75066.485,73
6,75069.017,73
6,75071.792,73
6,75074.319,73
6,75077.264,73
6,75080.218,73
6,75082.884,73
6,75085.490,73
6,75088.451,73
6,75090.924,73
6,75093.546,75
6,75096.882,75
6,75099.528,75
6,75102.030,75
6,75104.466,75
6,75107.017,75
6,75109.544,75
6,75112.679,75
6,75115.474,75
6,75118.140,75
6,75121.001,75
6,75123.559,75
6,75126.059,75
6,75129.432,75
6,75132.097,75
6,75134.621,75
6,75137.101,75
6,75139.758,75
6,75142.338,75
6,75144.807,75
6,75147.678,75
6,75150.164,75
6,75152.730,75
6,75155.262,75
6,75157.782,75
6,75160.375,75
6,75163.139,75
6,75165.710,75
6,75168.253,75
6,75170.860,75
6,75173.483,75
6,75176.006,75
6,75178.955,75
6,75181.571,75
6,75184.225,75
6,75186.664,75
6,75188.972,75
6,75191.469,75
6,75193.991,75
6,75196.901,75
6,75199.495,75
6,75202.024,75
6,75204.579,75
6,75207.203,75
6,75209.715,75
6,75212.950,75
6,75215.444,75
6,75218.018,75
6,75220.645,75
6,75223.298,75
6,75225.858,75
6,75228.962,75
6,75231.595,75
6,75234.315,75
6,75236.878,75
6,75239.425,75
6,75242.003,75
6,75244.459,75
6,75247.420,75
6,75251.107,75
6,75253.748,75
6,75256.783,75
6,75259.237,77
6,75262.327,77
6,75265.127,77
6,75267.671,77
6,75270.314,77
6,75272.915,77
6,75275.464,77
6,75277.937,77
6,75280.781,77
6,75283.501,77
6,75286.120,77
6,75288.661,77
6,75291.152,77
6,75293.683,77
6,75296.587,77
6,75299.720,77
6,75302.713,77
6,75305.702,77
6,75308.484,77
6,75311.007,77
6,75313.787,77
6,75316.429,77
6,75318.988,77
6,75321.571,77
6,75324.065,77
6,75326.474,77
6,75329.340,77
6,75332.080,77
6,75334.674,77
6,75337.152,77
6,75339.718,77
6,75342.259,77
6,75344.576,77
6,75347.317,77
6,75349.854,77
6,75352.418,77
6,75355.085,77
6,75357.654,77
6,75360.193,77
6,75363.156,77
6,75365.820,77
6,75368.754,77
6,75371.219,77
6,75373.813,77
6,75376.209,77
6,75378.969,77
6,75381.430,77
6,75383.845,77
6,75386.440,77
6,75388.970,77
6,75391.425,77
6,75393.947,77
6,75396.966,77
6,75399.646,77
6,75402.199,77
6,75404.758,77
6,75407.273,77
6,75409.793,77
6,75412.863,77
6,75415.359,77
6,75418.335,77
6,75420.822,77
6,75423.480,77
6,75425.754,79
6,75428.687,79
6,75431.323,79
6,75433.851,79
6,75436.390,79
6,75438.872,79
6,75441.407,79
6,75443.960,79
6,75446.827,79
6,75449.434,79
6,75452.005,79
6,75454.587,79
6,75457.190,79
6,75459.805,79
6,75462.624,79
6,75465.286,79
6,75467.940,79
6,75470.507,79
6,75473.029,79
6,75475.816,79
6,75478.909,79
6,75481.533,79
6,75484.776,79
6,75487.298,79
6,75489.979,79
6,75492.585,79
6,75495.702,79
6,75498.434,79
6,75501.154,79
6,75503.695,79
6,75506.340,79
6,75508.980,79
6,75511.567,79
6,75514.341,79
6,75517.026,79
6,75519.586,79
6,75521.975,79
6,75524.484,79
6,75526.996,79
6,75529.700,79
6,75532.329,79
6,75534.689,79
6,75537.367,79
6,75539.720,79
6,75542.517,79
6,75545.657,79
6,75548.375,79
6,75551.603,79
6,75554.177,79
6,75556.717,79
6,75559.341,79
6,75562.654,79
6,75565.483,79
6,75568.022,79
6,75570.530,79
6,75573.059,79
6,75576.589,79
6,75579.413,79
6,75581.847,79
6,75584.358,79
6,75586.978,79
6,75589.483,79
6,75591.870,79
6,75594.377,82
6,75597.263,82
6,75600.081,82
6,75603.023,82
6,75605.540,82
6,75608.628,82
6,75611.000,82
6,75614.277,82
6,75616.864,82
6,75619.386,82
6,75622.020,82
6,75624.558,82
6,75627.156,82
6,75629.947,82
6,75632.602,82
6,75635.137,82
6,75637.611,82
6,75640.278,82
6,75642.775,82
6,75645.462,82
6,75648.228,82
6,75650.799,82
6,75653.395,82
6,75656.007,82
6,75658.515,82
6,75660.954,82
6,75664.040,82
6,75666.996,82
6,75669.680,82
6,75672.153,82
6,75674.610,82
6,75677.172,82
6,75679.898,82
6,75682.521,82
6,75685.113,82
6,75687.603,82
6,75690.289,82
6,75692.787,82
6,75695.666,82
6,75698.321,82
6,75700.822,82
6,75703.331,82
6,75705.911,82
6,75708.444,82
6,75710.971,82
6,75713.866,82
6,75716.424,82
6,75719.048,82
6,75721.776,82
6,75724.393,82
6,75727.136,82
6,75729.898,82
6,75733.059,82
6,75735.667,82
6,75738.249,82
6,75740.762,82
6,75743.237,82
6,75746.083,82
6,75748.769,82
6,75751.255,82
6,75753.765,82
6,75756.221,82
6,75759.003,82
6,75762.045,84
6,75764.625,84
6,75767.308,84
6,75769.921,84
6,75772.411,84
6,75775.004,84
6,75777.556,84
6,75780.531,84
6,75783.152,84
6,75785.701,84
6,75788.834,84
6,75791.318,84
6,75794.111,84
6,75797.359,84
6,75799.950,84
6,75802.411,84
6,75804.989,84
6,75807.435,84
6,75809.860,84
6,75812.774,84
6,75815.560,84
6,75818.251,84
6,75820.879,84
6,75823.776,84
6,75826.226,84
6,75829.223,84
6,75831.898,84
6,75835.012,84
6,75837.456,84
6,75840.510,84
6,75843.119,84
6,75845.930,84
6,75848.668,84
6,75851.314,84
6,75854.644,84
6,75857.173,84
6,75860.222,84
6,75862.958,84
6,75865.587,84
6,75868.317,84
6,75870.807,84
6,75873.468,84
6,75875.948,84
6,75878.747,84
6,75881.379,84
6,75884.003,84
6,75886.553,84
6,75889.043,84
6,75891.691,84
6,75894.537,84
6,75898.221,84
6,75900.726,84
6,75903.110,84
6,75905.613,84
6,75908.537,84
6,75911.281,84
6,75914.184,84
6,75917.037,84
6,75919.609,84
6,75922.125,84
6,75924.589,84
6,75927.256,86
6,75930.085,86
6,75932.467,86
6,75935.264,86
6,75937.800,86
6,75940.364,86
6,75942.821,86
6,75945.750,86
6,75948.473,86
6,75951.018,86
6,75953.608,86
6,75956.252,86
6,75958.781,86
6,75962.077,86
6,75964.765,86
6,75967.324,86
6,75969.870,86
6,75972.365,86
6,75974.759,86
6,75977.181,86
6,75980.586,86
6,75983.264,86
6,75985.810,86
6,75988.236,86
6,75990.753,86
6,75993.361,86
6,75996.221,86
6,75998.784,86
6,76001.412,86
6,76003.752,86
6,76006.292,86
6,76008.775,86
6,76012.647,86
6,76015.265,86
6,76017.811,86
6,76020.364,86
6,76022.891,86
6,76025.476,86
6,76028.604,86
6,76031.163,86
6,76033.506,86
6,76035.896,86
6,76038.378,86
6,76040.818,86
6,76043.425,86
6,76046.177,86
6,76048.799,86
6,76051.374,86
6,76053.912,86
6,76056.516,86
6,76059.701,86
6,76062.540,86
6,76065.186,86
6,76067.735,86
6,76070.383,86
6,76073.054,86
6,76075.849,86
6,76078.953,86
6,76081.379,86
6,76083.905,86
6,76086.461,86
6,76088.756,86
6,76091.191,86
6,76093.715,88
6,76096.625,88
6,76099.265,88
6,76101.760,88
6,76105.958,88
6,76108.821,88
6,76111.882,88
6,76115.513,88
6,76118.379,88
6,76121.441,88
6,76124.108,88
6,76126.540,88
6,76129.429,88
6,76132.092,88
6,76134.780,88
6,76137.291,88
6,76139.820,88
6,76142.636,88
6,76145.838,88
6,76148.526,88
6,76151.045,88
6,76153.638,88
6,76156.759,88
6,76159.307,88
6,76162.720,88
6,76165.325,88
6,76167.646,88
6,76170.044,88
6,76172.933,88
6,76175.437,88
6,76179.435,88
6,76182.164,88
6,76184.715,88
6,76187.213,88
6,76189.744,88
6,76192.487,88
6,76195.468,88
6,76198.046,88
6,76200.527,88
6,76203.067,88
6,76205.558,88
6,76208.119,88
6,76210.787,88
6,76213.531,88
6,76216.018,88
6,76218.532,88
6,76220.994,88
6,76224.043,88
6,76226.898,88
6,76229.690,88
6,76232.281,88
6,76235.325,88
6,76237.902,88
6,76240.534,88
6,76243.046,88
6,76245.859,88
6,76248.466,88
6,76251.208,88
6,76253.755,88
6,76256.371,88
6,76258.965,88
6,76262.209,90
6,76264.896,90
6,76267.532,90
6,76269.946,90
6,76272.477,90
6,76275.093,90
6,76277.587,90
6,76280.549,90
6,76283.196,90
6,76285.851,90
6,76288.387,90
6,76290.856,90
6,76293.459,90
6,76296.481,90
6,76299.062,90
6,76301.568,90
6,76304.051,90
6,76306.408,90
6,76308.989,90
6,76311.974,90
6,76314.568,90
6,76317.175,90
6,76319.781,90
6,76322.301,90
6,76324.990,90
6,76327.517,90
6,76330.429,90
6,76332.987,90
6,76335.550,90
6,76338.159,90
6,76340.746,90
6,76343.045,90
6,76345.908,90
6,76348.701,90
6,76351.336,90
6,76353.806,90
6,76356.494,90
6,76359.274,90
6,76362.302,90
6,76364.864,90
6,76367.641,90
6,76370.147,90
6,76372.673,90
6,76375.254,90
6,76377.771,90
6,76380.564,90
6,76383.108,90
6,76385.700,90
6,76388.069,90
6,76390.497,90
6,76392.932,90
6,76396.126,90
6,76398.823,90
6,76401.319,90
6,76403.841,90
6,76406.411,90
6,76409.027,90
6,76412.073,90
6,76414.678,90
6,76417.272,90
6,76419.709,90
6,76422.282,90
6,76424.597,90
6,76427.078,92
6,76429.918,92
6,76432.654,92
6,76435.281,92
6,76437.752,92
6,76440.298,92
6,76442.790,92
6,76445.820,92
6,76448.554,92
6,76451.173,92
6,76453.697,92
6,76456.309,92
6,76459.463,92
6,76462.590,92
6,76465.348,92
6,76467.885,92
6,76470.519,92
6,76473.124,92
6,76476.090,92
6,76479.001,92
6,76481.573,92
6,76484.181,92
6,76486.766,92
6,76489.332,92
6,76492.292,92
6,76494.760,92
6,76497.641,92
6,76500.758,92
6,76503.773,92
6,76506.378,92
6,76508.950,92
6,76512.109,92
6,76514.657,92
6,76517.549,92
6,76520.053,92
6,76522.628,92
6,76525.152,92
6,76527.743,92
6,76530.761,92
6,76533.366,92
6,76536.011,92
6,76538.518,92
6,76541.001,92
6,76543.837,92
6,76546.581,92
6,76549.174,92
6,76551.730,92
6,76554.241,92
6,76556.791,92
6,76561.030,92
6,76564.116,92
6,76566.923,92
6,76569.490,92
6,76572.061,92
6,76574.545,92
6,76577.176,92
6,76579.922,92
6,76582.519,92
6,76585.071,92
6,76587.630,92
6,76590.146,92
6,76592.738,94
6,76596.073,94
6,76598.742,94
6,76601.266,94
6,76604.016,94
6,76606.577,94
6,76609.430,94
6,76612.709,94
6,76615.355,94
6,76617.885,94
6,76620.386,94
6,76622.912,94
6,76625.632,94
6,76628.793,94
6,76631.834,94
6,76634.202,94
6,76636.764,94
6,76639.313,94
6,76641.930,94
6,76644.442,94
6,76647.503,94
6,76650.157,94
6,76652.790,94
6,76655.173,94
6,76657.708,94
6,76660.734,94
6,76663.723,94
6,76666.224,94
6,76668.783,94
6,76671.464,94
6,76673.991,94
6,76676.469,94
6,76679.758,94
6,76682.309,94
6,76684.736,94
6,76687.263,94
6,76689.888,94
6,76692.646,94
6,76696.397,94
6,76699.016,94
6,76701.539,94
6,76704.025,94
6,76706.621,94
6,76709.142,94
6,76712.454,94
6,76715.143,94
6,76717.754,94
6,76720.270,94
6,76722.742,94
6,76725.566,94
6,76728.365,94
6,76731.853,94
6,76735.036,94
6,76737.607,94
6,76740.418,94
6,76742.739,94
6,76746.147,94
6,76748.684,94
6,76751.359,94
6,76753.965,94
6,76756.619,94
6,76759.234,96
6,76762.863,96
6,76765.614,96
6,76768.236,96
6,76770.628,96
6,76773.101,96
6,76776.065,96
6,76779.618,96
6,76782.360,96
6,76784.918,96
6,76787.505,96
6,76790.086,96
6,76792.745,96
6,76795.330,96
6,76797.993,96
6,76800.557,96
6,76803.124,96
6,76805.681,96
6,76808.639,96
6,76810.996,96
6,76814.038,96
6,76816.651,96
6,76819.275,96
6,76821.815,96
6,76824.326,96
6,76826.967,96
6,76829.724,96
6,76832.361,96
6,76834.948,96
6,76837.408,96
6,76840.050,96
6,76842.881,96
6,76845.605,96
6,76848.357,96
6,76850.829,96
6,76853.396,96
6,76855.980,96
6,76859.017,96
6,76861.513,96
6,76864.295,96
6,76867.022,96
6,76870.092,96
6,76872.635,96
6,76875.063,96
6,76877.533,96
6,76880.437,96
6,76883.492,96
6,76886.178,96
6,76888.799,96
6,76891.297,96
6,76893.708,96
6,76896.844,96
6,76899.352,96
6,76901.821,96
6,76904.312,96
6,76906.865,96
6,76909.334,96
6,76912.614,96
6,76915.266,96
6,76917.896,96
6,76920.379,96
6,76922.904,96
6,76925.563,96
6,76928.502,98
6,76931.287,98
6,76933.816,98
6,76936.422,98
6,76938.933,98
6,76941.257,98
6,76943.783,98
6,76946.666,98
6,76949.379,98
6,76952.277,98
6,76955.106,98
6,76957.581,98
6,76960.145,98
6,76962.950,98
6,76965.639,98
6,76968.154,98
6,76970.633,98
6,76973.130,98
6,76976.334,98
6,76979.143,98
6,76981.731,98
6,76984.291,98
6,76986.743,98
6,76989.241,98
6,76991.802,98
6,76994.147,98
6,76997.140,98
6,77000.129,98
6,77002.789,98
6,77005.315,98
6,77007.781,98
6,77010.398,98
6,77013.211,98
6,77015.822,98
6,77018.450,98
6,77020.947,98
6,77023.479,98
6,77025.972,98
6,77029.321,98
6,77032.067,98
6,77034.785,98
6,77037.289,98
6,77039.843,98
6,77042.474,98
6,77045.000,98
6,77047.600,98
6,77050.131,98
6,77052.668,98
6,77055.335,98
6,77057.774,98
6,77060.359,98
6,77063.937,98
6,77066.519,98
6,77069.072,98
6,77071.649,98
6,77074.225,98
6,77076.855,98
6,77080.060,98
6,77082.648,98
6,77085.166,98
6,77087.700,98
6,77090.282,98
6,77092.712,100
6,77095.967,100
6,77098.518,100
6,77100.936,100
6,77103.662,100
6,77106.144,100
6,77108.736,100
6,77111.211,100
6,77114.045,100
6,77116.590,100
6,77119.078,100
6,77121.373,100
6,77123.951,100
6,77126.382,100
6,77129.193,100
6,77132.249,100
6,77134.817,100
6,77137.356,100
6,77140.165,100
6,77142.743,100
6,77145.350,100
6,77148.202,100
6,77150.626,100
6,77153.221,100
6,77155.563,100
6,77158.052,100
6,77160.795,100
6,77163.909,100
6,77166.482,100
6,77168.962,100
6,77171.575,100
6,77174.087,100
6,77176.632,100
6,77179.476,100
6,77182.158,100
6,77184.572,100
6,77187.133,100
6,77189.744,100
6,77192.628,100
6,77195.290,100
6,77198.166,100
6,77201.077,100
6,77204.003,100
6,77206.564,100
6,77209.264,100
6,77211.844,100
6,77214.585,100
6,77217.217,100
6,77219.795,100
6,77222.386,100
6,77224.932,100
6,77227.525,100
6,77230.039,100
6,77232.881,100
6,77235.530,100
6,77238.125,100
6,77240.624,100
6,77243.165,100
6,77246.778,100
6,77249.694,100
6,77252.253,100
6,77254.783,100
6,77257.228,100
6,77259.901,102
6,77262.713,102
6,77265.367,102
6,77268.101,102
6,77270.606,102
6,77273.201,102
6,77275.730,102
6,77279.143,102
6,77282.099,102
6,77284.671,102
6,77287.019,102
6,77289.571,102
6,77292.121,102
6,77294.553,102
6,77297.618,102
6,77300.634,102
6,77303.214,102
6,77305.748,102
6,77308.850,102
6,77311.312,102
6,77314.046,102
6,77317.062,102
6,77319.648,102
6,77322.129,102
6,77324.593,102
6,77327.276,102
6,77330.022,102
6,77332.675,102
6,77335.247,102
6,77337.859,102
6,77340.428,102
6,77342.989,102
6,77345.928,102
6,77348.581,102
6,77351.113,102
6,77353.722,102
6,77356.263,102
6,77358.755,102
6,77361.698,102
6,77365.146,102
6,77367.777,102
6,77370.325,102
6,77372.863,102
6,77375.576,102
6,77378.129,102
6,77380.945,102
6,77383.679,102
6,77386.293,102
6,77388.841,102
6,77391.422,102
6,77394.018,102
6,77396.941,102
6,77399.624,102
6,77402.251,102
6,77405.029,102
6,77407.509,102
6,77410.323,102
6,77413.105,102
6,77415.688,102
6,77418.271,102
6,77420.767,102
6,77423.338,102
6,77426.043,104
6,77429.089,104
6,77432.196,104
6,77434.740,104
6,77437.239,104
6,77439.660,104
6,77442.745,104
6,77445.534,104
6,77448.547,104
6,77451.205,104
6,77453.741,104
6,77456.256,104
6,77458.930,104
6,77461.568,104
6,77464.512,104
6,77467.258,104
6,77469.762,104
6,77472.176,104
6,77474.736,104
6,77477.068,104
6,77480.015,104
6,77482.709,104
6,77485.399,104
6,77487.938,104
6,77490.432,104
6,77492.952,104
6,77496.220,104
6,77499.372,104
6,77501.908,104
6,77504.417,104
6,77506.962,104
6,77509.394,104
6,77513.004,104
6,77515.521,104
6,77518.023,104
6,77520.733,104
6,77523.249,104
6,77525.849,104
6,77529.316,104
6,77531.880,104
6,77534.626,104
6,77537.119,104
6,77539.705,104
6,77542.386,104
6,77545.760,104
6,77548.507,104
6,77551.039,104
6,77553.624,104
6,77556.242,104
6,77558.952,104
6,77562.396,104
6,77565.149,104
6,77568.040,104
6,77571.129,104
6,77573.685,104
6,77576.148,104
6,77579.326,104
6,77582.003,104
6,77584.552,104
6,77587.530,104
6,77590.081,104
6,77592.733,106
6,77595.335,106
6,77598.131,106
6,77600.579,106
6,77603.491,106
6,77605.971,106
6,77608.565,106
6,77611.065,106
6,77613.886,106
6,77616.423,106
6,77619.004,106
6,77621.546,106
6,77624.041,106
6,77626.542,106
6,77629.339,106
6,77632.002,106
6,77634.564,106
6,77637.073,106
6,77639.596,106
6,77642.301,106
6,77644.647,106
6,77647.635,106
6,77650.308,106
6,77652.952,106
6,77655.479,106
6,77657.936,106
6,77660.771,106
6,77663.534,106
6,77666.829,106
6,77669.453,106
6,77671.984,106
6,77674.725,106
6,77677.388,106
6,77680.134,106
6,77683.025,106
6,77685.652,106
6,77688.236,106
6,77690.695,106
6,77693.124,106
6,77696.625,106
6,77699.263,106
6,77701.574,106
6,77704.049,106
6,77706.980,106
6,77709.252,106
6,77712.654,106
6,77715.270,106
6,77717.818,106
6,77720.364,106
6,77723.133,106
6,77725.622,106
6,77728.309,106
6,77731.137,106
6,77733.747,106
6,77736.341,106
6,77738.734,106
6,77741.258,106
6,77743.779,106
6,77746.344,106
6,77749.114,106
6,77751.655,106
6,77754.025,106
6,77756.600,106
6,77759.382,109
6,77763.014,109
6,77765.817,109
6,77768.407,109
6,77770.951,109
6,77773.737,109
6,77776.235,109
6,77779.674,109
6,77782.397,109
6,77784.844,109
6,77787.379,109
6,77790.056,109
6,77792.881,109
6,77796.462,109
6,77799.177,109
6,77801.717,109
6,77804.326,109
6,77806.892,109
6,77809.336,109
6,77812.721,109
6,77815.776,109
6,77818.439,109
6,77820.997,109
6,77823.511,109
6,77826.016,109
6,77828.581,109
6,77831.183,109
6,77833.882,109
6,77836.476,109
6,77838.992,109
6,77842.022,109
6,77844.585,109
6,77847.766,109
6,77850.296,109
6,77852.888,109
6,77855.312,109
6,77857.884,109
6,77860.449,109
6,77863.247,109
6,77865.747,109
6,77868.441,109
6,77870.780,109
6,77873.303,109
6,77875.874,109
6,77879.087,109
6,77881.724,109
6,77884.634,109
6,77887.196,109
6,77889.699,109
6,77892.214,109
6,77894.667,109
6,77897.566,109
6,77900.122,109
6,77902.570,109
6,77905.179,109
6,77907.682,109
6,77910.914,109
6,77913.688,109
6,77916.229,109
6,77918.768,109
6,77921.268,109
6,77923.801,109
6,77926.421,111
6,77929.360,111
6,77932.051,111
6,77934.610,111
6,77937.089,111
6,77940.029,111
6,77943.057,111
6,77946.090,111
6,77948.726,111
6,77951.064,111
6,77953.647,111
6,77956.164,111
6,77958.716,111
6,77961.180,111
6,77963.849,111
6,77966.182,111
6,77969.326,111
6,77971.861,111
6,77974.332,111
6,77977.311,111
6,77980.171,111
6,77982.851,111
6,77985.481,111
6,77988.084,111
6,77990.576,111
6,77993.085,111
6,77995.999,111
6,77998.704,111
6,78001.087,111
6,78003.603,111
6,78006.123,111
6,78008.680,111
6,78010.959,111
6,78014.323,111
6,78016.870,111
6,78019.449,111
6,78021.983,111
6,78024.358,111
6,78027.047,111
6,78030.536,111
6,78033.251,111
6,78035.898,111
6,78038.440,111
6,78040.753,111
6,78043.314,111
6,78046.956,111
6,78049.679,111
6,78052.264,111
6,78054.777,111
6,78057.257,111
6,78059.780,111
6,78062.845,111
6,78065.540,111
6,78068.023,111
6,78070.523,111
6,78072.997,111
6,78075.589,111
6,78078.153,111
6,78080.821,111
6,78083.330,111
6,78085.918,111
6,78088.576,111
6,78091.098,111
6,78093.678,113
6,78096.903,113
6,78099.587,113
6,78102.230,113
6,78104.759,113
6,78107.250,113
6,78109.828,113
6,78112.831,113
6,78115.627,113
6,78118.371,113
6,78120.942,113
6,78123.298,113
6,78126.009,113
6,78129.611,113
6,78132.230,113
6,78134.747,113
6,78137.310,113
6,78139.724,113
6,78142.377,113
6,78144.965,113
6,78147.749,113
6,78150.656,113
6,78153.312,113
6,78155.787,113
6,78158.416,113
6,78160.946,113
6,78163.710,113
6,78166.398,113
6,78168.946,113
6,78171.559,113
6,78174.101,113
6,78176.511,113
6,78179.412,113
6,78182.108,113
6,78184.476,113
6,78187.009,113
6,78189.478,113
6,78192.023,113
6,78194.589,113
6,78197.473,113
6,78200.108,113
6,78202.631,113
6,78205.182,113
6,78207.755,113
6,78210.463,113
6,78213.312,113
6,78215.747,113
6,78218.277,113
6,78220.795,113
6,78223.355,113
6,78225.970,113
6,78228.666,113
6,78232.088,113
6,78234.809,113
6,78237.198,113
6,78239.716,113
6,78242.328,113
6,78244.561,113
6,78247.161,113
6,78249.693,113
6,78252.262,113
6,78254.787,113
6,78257.271,113
6,78259.785,115
6,78263.125,115
6,78266.336,115
6,78268.897,115
6,78272.090,115
6,78274.660,115
6,78277.235,115
6,78280.188,115
6,78282.846,115
6,78285.443,115
6,78287.961,115
6,78290.447,115
6,78293.318,115
6,78296.499,115
6,78299.120,115
6,78301.690,115
6,78304.178,115
6,78306.715,115
6,78309.214,115
6,78311.792,115
6,78314.538,115
6,78317.163,115
6,78319.835,115
6,78322.355,115
6,78324.933,115
6,78327.385,115
6,78330.735,115
6,78333.386,115
6,78335.975,115
6,78338.504,115
6,78341.028,115
6,78343.614,115
6,78346.598,115
6,78349.135,115
6,78351.713,115
6,78354.244,115
6,78357.029,115
6,78359.505,115
6,78362.549,115
6,78365.151,115
6,78367.709,115
6,78370.378,115
6,78373.041,115
6,78375.937,115
6,78379.318,115
6,78381.824,115
6,78384.526,115
6,78387.056,115
6,78389.717,115
6,78392.331,115
6,78394.867,115
6,78398.152,115
6,78400.805,115
6,78403.795,115
6,78406.459,115
6,78409.197,115
6,78411.776,115
6,78414.617,115
6,78417.693,115
6,78420.228,115
6,78422.721,115
6,78425.322,115
6,78427.815,117
6,78430.948,117
6,78433.702,117
6,78436.299,117
6,78438.791,117
6,78441.292,117
6,78443.606,117
6,78446.125,117
6,78449.602,117
6,78452.386,117
6,78455.208,117
6,78457.701,117
6,78460.150,117
6,78463.282,117
6,78465.843,117
6,78468.352,117
6,78470.829,117
6,78473.371,117
6,78475.937,117
6,78479.400,117
6,78482.048,117
6,78484.622,117
6,78487.182,117
6,78489.650,117
6,78492.127,117
6,78496.336,117
6,78499.358,117
6,78501.891,117
6,78504.387,117
6,78506.959,117
6,78509.554,117
6,78513.994,117
6,78516.463,117
6,78519.003,117
6,78521.712,117
6,78524.331,117
6,78526.825,117
6,78529.683,117
6,78532.229,117
6,78534.822,117
6,78537.363,117
6,78540.025,117
6,78542.692,117
6,78546.102,117
6,78549.089,117
6,78551.451,117
6,78553.939,117
6,78556.509,117
6,78559.143,117
6,78562.550,117
6,78565.291,117
6,78567.840,117
6,78570.321,117
6,78573.603,117
6,78576.121,117
6,78579.185,117
6,78581.842,117
6,78584.423,117
6,78587.032,117
6,78589.587,117
6,78592.074,117
6,78594.377,119
6,78597.846,119
6,78600.585,119
6,78603.182,119
6,78605.667,119
6,78608.494,119
6,78611.379,119
6,78614.118,119
6,78616.524,119
6,78618.900,119
6,78621.975,119
6,78624.470,119
6,78626.963,119
6,78630.299,119
6,78632.898,119
6,78635.568,119
6,78638.115,119
6,78640.578,119
6,78643.013,119
6,78646.352,119
6,78649.038,119
6,78651.939,119
6,78654.452,119
6,78657.129,119
6,78659.709,119
6,78662.871,119
6,78665.331,119
6,78667.919,119
6,78670.419,119
6,78672.978,119
6,78675.554,119
6,78678.075,119
6,78680.884,119
6,78683.551,119
6,78686.018,119
6,78688.407,119
6,78690.993,119
6,78693.493,119
6,78696.606,119
6,78699.174,119
6,78701.717,119
6,78704.235,119
6,78706.798,119
6,78709.276,119
6,78711.797,119
6,78714.526,119
6,78717.064,119
6,78719.688,119
6,78722.219,119
6,78725.207,119
6,78727.790,119
6,78730.601,119
6,78733.324,119
6,78735.753,119
6,78738.407,119
6,78740.938,119
6,78743.639,119
6,78746.665,119
6,78749.741,119
6,78752.259,119
6,78754.913,119
6,78757.545,119
6,78760.077,120
6,78763.161,120
6,78765.873,120
6,78768.370,120
6,78770.895,120
6,78773.532,120
6,78775.973,120
6,78779.956,120
6,78782.743,120
6,78785.415,120
6,78787.857,120
6,78790.314,120
6,78792.931,120
6,78796.450,120
6,78799.093,120
6,78801.777,120
6,78804.359,120
6,78806.984,120
6,78809.471,120
6,78812.791,120
6,78815.417,120
6,78817.961,120
6,78820.418,120
6,78823.007,120
6,78825.850,120
6,78829.102,120
6,78832.252,120
6,78834.802,120
6,78837.323,120
6,78839.642,120
6,78842.248,120
6,78844.933,120
6,78848.137,120
6,78851.220,120
6,78853.730,120
6,78856.302,120
6,78858.924,120
6,78861.845,120
6,78865.068,120
6,78867.574,120
6,78870.057,120
6,78872.565,120
6,78875.845,120
6,78879.117,120
6,78881.788,120
6,78884.500,120
6,78886.842,120
6,78889.303,120
6,78891.775,120
6,78894.511,120
6,78897.397,120
6,78900.000,120
6,78903.015,120
6,78905.551,120
6,78907.931,120
6,78910.436,120
6,78913.464,120
6,78916.508,120
6,78919.041,120
6,78921.740,120
6,78924.266,120
7,78927.521,0
7,78930.664,0
7,78933.428,0
7,78936.483,0
7,78939.056,0
7,78941.580,0
7,78944.289,0
7,78947.364,0
7,78949.968,0
7,78952.607,0
7,78955.139,0
7,78957.667,0
7,78960.273,0
7,78963.139,0
7,78965.735,0
7,78968.220,0
7,78970.767,0
7,78973.324,0
7,78975.731,0
7,78979.503,0
7,78982.007,0
7,78984.556,0
7,78987.156,0
7,78989.695,0
7,78992.336,0
7,78994.831,0
7,78997.735,0
7,79000.465,0
7,79003.139,0
7,79005.640,0
7,79008.170,0
7,79010.715,0
7,79013.793,0
7,79016.368,0
7,79018.969,0
7,79021.580,0
7,79024.090,0
7,79026.491,0
7,79029.413,0
7,79032.136,0
7,79034.726,0
7,79037.264,0
7,79039.800,0
7,79042.463,0
7,79046.171,0
7,79048.885,0
7,79051.444,0
7,79053.978,0
7,79056.685,0
7,79059.195,0
7,79062.393,0
7,79065.207,0
7,79067.678,0
7,79070.292,0
7,79072.788,0
7,79075.318,0
7,79077.865,0
7,79081.071,0
7,79083.679,0
7,79086.274,0
7,79088.806,0
7,79091.320,0
7,79093.867,0
7,79097.098,0
7,79099.868,0
7,79102.472,0
7,79105.117,0
7,79107.645,0
7,79110.152,0
7,79113.208,0
7,79115.861,0
7,79118.439,0
7,79120.970,0
7,79123.583,0
7,79126.284,0
7,79129.541,0
7,79132.270,0
7,79134.809,0
7,79137.829,0
7,79140.336,0
7,79143.159,0
7,79146.173,0
7,79148.819,0
7,79151.432,0
7,79154.166,0
7,79156.760,0
7,79159.389,0
7,79162.875,0
7,79165.545,0
7,79168.287,0
7,79170.738,0
7,79173.331,0
7,79176.560,0
7,79179.348,0
7,79182.077,0
7,79184.640,0
7,79187.219,0
7,79189.712,0
7,79192.364,0
7,79194.877,0
7,79197.720,0
7,79200.152,0
7,79202.781,0
7,79205.336,0
7,79207.855,0
7,79210.468,0
7,79213.354,0
7,79215.961,0
7,79218.501,0
7,79221.032,0
7,79223.455,0
7,79226.023,0
7,79229.130,0
7,79231.829,0
7,79234.656,0
7,79237.178,0
7,79239.711,0
7,79242.298,0
7,79244.852,0
7,79247.626,0
7,79250.495,0
7,79253.090,0
7,79255.637,0
7,79258.606,0
7,79261.194,3
7,79264.013,3
7,79266.583,3
7,79269.198,3
7,79271.763,3
7,79274.246,3
7,79276.738,3
7,79279.536,3
7,79282.276,3
7,79284.875,3
7,79287.361,3
7,79289.874,3
7,79292.889,3
7,79296.102,3
7,79298.659,3
7,79301.363,3
7,79303.866,3
7,79306.398,3
7,79309.523,3
7,79312.832,3
7,79315.490,3
7,79318.231,3
7,79320.710,3
7,79323.203,3
7,79325.906,3
7,79329.019,3
7,79331.570,3
7,79334.442,3
7,79336.800,3
7,79339.269,3
7,79341.853,3
7,79344.274,3
7,79347.461,3
7,79350.168,3
7,79352.654,3
7,79355.391,3
7,79357.936,3
7,79360.976,3
7,79363.763,3
7,79366.236,3
7,79368.773,3
7,79371.304,3
7,79373.826,3
7,79376.138,3
7,79379.094,3
7,79381.743,3
7,79384.699,3
7,79387.269,3
7,79389.797,3
7,79392.288,3
7,79394.907,3
7,79397.731,3
7,79400.288,3
7,79402.856,3
7,79405.354,3
7,79407.791,3
7,79410.315,3
7,79413.029,3
7,79415.673,3
7,79418.298,3
7,79420.828,3
7,79423.320,3
7,79426.026,5
7,79429.632,5
7,79432.287,5
7,79434.802,5
7,79437.415,5
7,79440.375,5
7,79443.142,5
7,79445.765,5
7,79448.438,5
7,79451.147,5
7,79454.019,5
7,79456.538,5
7,79459.742,5
7,79462.823,5
7,79465.483,5
7,79467.979,5
7,79470.509,5
7,79473.032,5
7,79475.552,5
7,79479.062,5
7,79481.804,5
7,79484.472,5
7,79486.993,5
7,79489.574,5
7,79492.306,5
7,79494.849,5
7,79497.641,5
7,79500.310,5
7,79502.949,5
7,79505.478,5
7,79507.758,5
7,79510.272,5
7,79512.987,5
7,79515.582,5
7,79518.292,5
7,79520.831,5
7,79523.423,5
7,79525.860,5
7,79529.183,5
7,79531.865,5
7,79534.488,5
7,79537.012,5
7,79539.595,5
7,79542.151,5
7,79544.587,5
7,79547.610,5
7,79550.288,5
7,79552.885,5
7,79555.398,5
7,79557.895,5
7,79560.435,5
7,79563.277,5
7,79565.911,5
7,79568.401,5
7,79570.869,5
7,79573.617,5
7,79576.104,5
7,79579.219,5
7,79581.925,5
7,79584.431,5
7,79586.947,5
7,79589.466,5
7,79591.920,5
7,79594.421,7
7,79597.480,7
7,79600.135,7
7,79602.616,7
7,79605.141,7
7,79607.611,7
7,79609.995,7
7,79612.852,7
7,79615.419,7
7,79617.870,7
7,79620.334,7
7,79622.887,7
7,79625.769,7
7,79628.670,7
7,79631.236,7
7,79634.179,7
7,79636.645,7
7,79639.153,7
7,79641.591,7
7,79644.025,7
7,79647.214,7
7,79649.840,7
7,79652.546,7
7,79655.119,7
7,79657.614,7
7,79660.262,7
7,79663.127,7
7,79665.709,7
7,79668.205,7
7,79670.636,7
7,79673.239,7
7,79675.956,7
7,79678.983,7
7,79681.627,7
7,79684.522,7
7,79686.998,7
7,79689.491,7
7,79692.067,7
7,79694.464,7
7,79697.198,7
7,79699.726,7
7,79702.300,7
7,79704.937,7
7,79707.624,7
7,79710.106,7
7,79713.044,7
7,79715.565,7
7,79718.157,7
7,79720.494,7
7,79723.078,7
7,79725.859,7
7,79729.213,7
7,79731.932,7
7,79734.720,7
7,79737.370,7
7,79740.113,7
7,79743.235,7
7,79746.624,7
7,79749.382,7
7,79752.286,7
7,79754.803,7
7,79757.282,7
7,79760.054,9
7,79762.942,9
7,79765.545,9
7,79768.107,9
7,79770.588,9
7,79773.022,9
7,79775.606,9
7,79779.400,9
7,79782.989,9
7,79785.603,9
7,79788.378,9
7,79790.981,9
7,79793.580,9
7,79796.467,9
7,79799.062,9
7,79801.623,9
7,79804.138,9
7,79806.727,9
7,79809.262,9
7,79812.574,9
7,79815.289,9
7,79818.004,9
7,79820.558,9
7,79823.131,9
7,79826.899,9
7,79829.890,9
7,79832.594,9
7,79835.158,9
7,79837.653,9
7,79840.148,9
7,79842.749,9
7,79846.057,9
7,79848.767,9
7,79851.364,9
7,79853.883,9
7,79856.464,9
7,79859.554,9
7,79862.634,9
7,79865.306,9
7,79867.990,9
7,79870.366,9
7,79872.945,9
7,79875.574,9
7,79878.757,9
7,79881.377,9
7,79883.879,9
7,79886.417,9
7,79888.926,9
7,79891.383,9
7,79893.942,9
7,79896.833,9
7,79899.485,9
7,79902.005,9
7,79904.449,9
7,79906.958,9
7,79909.633,9
7,79912.943,9
7,79915.676,9
7,79918.198,9
7,79920.676,9
7,79923.112,9
7,79925.768,9
7,79928.259,11
7,79930.959,11
7,79934.194,11
7,79936.754,11
7,79939.235,11
7,79941.848,11
7,79944.297,11
7,79947.523,11
7,79950.548,11
7,79953.144,11
7,79955.693,11
7,79958.753,11
7,79961.197,11
7,79963.997,11
7,79966.558,11
7,79969.120,11
7,79971.681,11
7,79974.236,11
7,79976.975,11
7,79980.598,11
7,79983.332,11
7,79985.959,11
7,79988.617,11
7,79991.143,11
7,79993.583,11
7,79996.880,11
7,79999.325,11
7,80001.810,11
7,80004.276,11
7,80006.839,11
7,80009.372,11
7,80012.587,11
7,80015.277,11
7,80017.793,11
7,80020.906,11
7,80023.334,11
7,80025.995,11
7,80029.400,11
7,80032.184,11
7,80034.806,11
7,80037.362,11
7,80040.007,11
7,80042.651,11
7,80045.354,11
7,80048.416,11
7,80051.294,11
7,80053.943,11
7,80056.635,11
7,80059.315,11
7,80062.314,11
7,80065.798,11
7,80068.566,11
7,80071.133,11
7,80075.350,11
7,80078.283,11
7,80081.335,11
7,80085.032,11
7,80087.589,11
7,80090.200,11
7,80093.135,13
7,80096.301,13
7,80099.057,13
7,80101.606,13
7,80104.118,13
7,80106.692,13
7,80109.283,13
7,80112.851,13
7,80115.661,13
7,80118.280,13
7,80120.865,13
7,80123.564,13
7,80126.216,13
7,80129.412,13
7,80132.085,13
7,80134.639,13
7,80137.175,13
7,80139.792,13
7,80142.422,13
7,80145.025,13
7,80147.813,13
7,80150.515,13
7,80153.154,13
7,80155.579,13
7,80158.272,13
7,80160.912,13
7,80164.210,13
7,80166.900,13
7,80169.543,13
7,80172.088,13
7,80174.647,13
7,80177.292,13
7,80180.325,13
7,80183.066,13
7,80185.674,13
7,80188.316,13
7,80190.859,13
7,80193.882,13
7,80196.740,13
7,80199.380,13
7,80201.903,13
7,80204.408,13
7,80207.016,13
7,80209.413,13
7,80212.902,13
7,80215.602,13
7,80218.414,13
7,80220.880,13
7,80223.434,13
7,80226.072,13
7,80229.328,13
7,80231.840,13
7,80234.507,13
7,80237.023,13
7,80239.339,13
7,80241.926,13
7,80244.375,13
7,80247.470,13
7,80250.101,13
7,80252.705,13
7,80255.259,13
7,80257.755,13
7,80260.372,15
7,80263.198,15
7,80266.300,15
7,80268.699,15
7,80271.213,15
7,80274.105,15
7,80276.458,15
7,80279.248,15
7,80282.146,15
7,80285.027,15
7,80287.626,15
7,80290.178,15
7,80292.834,15
7,80295.575,15
7,80298.453,15
7,80301.415,15
7,80304.010,15
7,80307.122,15
7,80309.648,15
7,80313.046,15
7,80315.849,15
7,80318.901,15
7,80321.590,15
7,80324.413,15
7,80327.004,15
7,80330.656,15
7,80333.435,15
7,80335.991,15
7,80338.619,15
7,80341.074,15
7,80343.657,15
7,80347.032,15
7,80349.784,15
7,80352.415,15
7,80355.149,15
7,80357.769,15
7,80360.577,15
7,80363.813,15
7,80366.568,15
7,80369.281,15
7,80371.918,15
7,80374.473,15
7,80376.980,15
7,80380.478,15
7,80383.394,15
7,80386.896,15
7,80389.378,15
7,80392.551,15
7,80395.116,15
7,80398.355,15
7,80401.080,15
7,80404.120,15
7,80406.809,15
7,80410.123,15
7,80413.068,15
7,80415.897,15
7,80418.505,15
7,80421.155,15
7,80423.723,15
7,80426.323,17
7,80429.844,17
7,80432.666,17
7,80435.426,17
7,80437.965,17
7,80440.719,17
7,80443.271,17
7,80446.999,17
7,80449.849,17
7,80452.504,17
7,80455.141,17
7,80457.953,17
7,80460.613,17
7,80464.146,17
7,80466.962,17
7,80469.629,17
7,80472.252,17
7,80474.828,17
7,80477.338,17
7,80481.136,17
7,80484.162,17
7,80486.878,17
7,80489.549,17
7,80492.188,17
7,80494.822,17
7,80498.177,17
7,80500.743,17
7,80503.438,17
7,80505.911,17
7,80508.525,17
7,80511.175,17
7,80514.742,17
7,80517.730,17
7,80520.220,17
7,80522.833,17
7,80525.648,17
7,80528.468,17
7,80531.552,17
7,80534.600,17
7,80537.213,17
7,80539.870,17
7,80542.499,17
7,80545.035,17
7,80547.837,17
7,80550.941,17
7,80553.579,17
7,80556.147,17
7,80558.797,17
7,80561.554,17
7,80565.354,17
7,80568.390,17
7,80570.941,17
7,80573.577,17
7,80576.096,17
7,80579.276,17
7,80581.768,17
7,80584.503,17
7,80587.162,17
7,80589.751,17
7,80592.471,17
7,80595.442,19
7,80598.552,19
7,80601.384,19
7,80604.007,19
7,80606.707,19
7,80609.545,19
7,80612.268,19
7,80615.141,19
7,80617.931,19
7,80620.388,19
7,80622.904,19
7,80625.469,19
7,80628.053,19
7,80630.831,19
7,80633.539,19
7,80636.212,19
7,80638.813,19
7,80641.561,19
7,80644.314,19
7,80647.342,19
7,80649.920,19
7,80652.519,19
7,80655.072,19
7,80657.457,19
7,80659.765,19
7,80662.214,19
7,80664.866,19
7,80667.602,19
7,80670.681,19
7,80673.441,19
7,80675.709,19
7,80679.773,19
7,80682.249,19
7,80684.866,19
7,80688.378,19
7,80690.876,19
7,80693.398,19
7,80696.224,19
7,80698.850,19
7,80701.410,19
7,80703.926,19
7,80706.480,19
7,80709.228,19
7,80712.546,19
7,80715.189,19
7,80717.823,19
7,80720.423,19
7,80723.052,19
7,80725.677,19
7,80728.314,19
7,80731.113,19
7,80733.712,19
7,80736.357,19
7,80739.021,19
7,80741.842,19
7,80744.336,19
7,80747.314,19
7,80749.950,19
7,80752.504,19
7,80755.128,19
7,80757.680,19
7,80760.367,21
7,80765.626,21
7,80768.202,21
7,80770.567,21
7,80773.206,21
7,80777.664,21
7,80780.371,21
7,80782.916,21
7,80785.555,21
7,80788.093,21
7,80790.655,21
7,80793.142,21
7,80796.076,21
7,80798.679,21
7,80801.213,21
7,80803.691,21
7,80806.244,21
7,80808.869,21
7,80811.341,21
7,80814.145,21
7,80816.843,21
7,80819.386,21
7,80821.747,21
7,80824.341,21
7,80826.837,21
7,80829.910,21
7,80832.574,21
7,80835.109,21
7,80837.586,21
7,80840.210,21
7,80842.800,21
7,80846.429,21
7,80849.236,21
7,80851.766,21
7,80854.264,21
7,80856.887,21
7,80859.337,21
7,80862.759,21
7,80865.529,21
7,80868.268,21
7,80870.761,21
7,80873.411,21
7,80876.490,21
7,80879.346,21
7,80881.833,21
7,80884.569,21
7,80887.102,21
7,80889.710,21
7,80892.400,21
7,80894.976,21
7,80897.871,21
7,80900.423,21
7,80902.992,21
7,80905.471,21
7,80907.883,21
7,80910.461,21
7,80913.412,21
7,80916.469,21
7,80919.061,21
7,80921.605,21
7,80924.144,21
7,80926.633,23
7,80929.520,23
7,80932.172,23
7,80934.719,23
7,80937.253,23
7,80939.698,23
7,80942.207,23
7,80944.846,23
7,80947.664,23
7,80950.653,23
7,80953.200,23
7,80955.792,23
7,80958.482,23
7,80960.997,23
7,80964.013,23
7,80967.249,23
7,80969.855,23
7,80972.450,23
7,80974.947,23
7,80977.480,23
7,80980.731,23
7,80983.416,23
7,80986.066,23
7,80989.066,23
7,80991.555,23
7,80993.832,23
7,80997.028,23
7,80999.645,23
7,81002.146,23
7,81004.454,23
7,81007.109,23
7,81009.595,23
7,81012.618,23
7,81015.274,23
7,81018.216,23
7,81020.742,23
7,81023.266,23
7,81025.913,23
7,81029.082,23
7,81031.717,23
7,81034.515,23
7,81037.266,23
7,81039.785,23
7,81042.505,23
7,81044.959,23
7,81047.844,23
7,81050.472,23
7,81053.155,23
7,81055.692,23
7,81058.305,23
7,81060.858,23
7,81063.849,23
7,81066.552,23
7,81069.121,23
7,81071.850,23
7,81076.098,23
7,81078.899,23
7,81081.972,23
7,81084.513,23
7,81087.184,23
7,81089.865,23
7,81092.511,23
7,81095.022,25
7,81097.954,25
7,81100.829,25
7,81103.624,25
7,81106.088,25
7,81108.728,25
7,81111.415,25
7,81114.567,25
7,81117.174,25
7,81119.737,25
7,81122.459,25
7,81125.031,25
7,81127.594,25
7,81130.917,25
7,81133.764,25
7,81136.364,25
7,81138.869,25
7,81141.471,25
7,81143.926,25
7,81147.264,25
7,81149.955,25
7,81152.653,25
7,81155.456,25
7,81158.053,25
7,81160.657,25
7,81163.839,25
7,81166.300,25
7,81168.871,25
7,81171.473,25
7,81174.571,25
7,81177.215,25
7,81180.025,25
7,81182.661,25
7,81185.301,25
7,81187.862,25
7,81190.511,25
7,81192.990,25
7,81195.653,25
7,81198.218,25
7,81200.893,25
7,81203.477,25
7,81205.868,25
7,81208.497,25
7,81211.038,25
7,81214.182,25
7,81216.895,25
7,81219.518,25
7,81222.068,25
7,81224.654,25
7,81227.257,25
7,81230.676,25
7,81233.375,25
7,81236.419,25
7,81239.001,25
7,81241.564,25
7,81244.087,25
7,81247.368,25
7,81250.467,25
7,81253.253,25
7,81255.886,25
7,81258.429,25
7,81260.995,27
7,81264.110,27
7,81266.749,27
7,81269.608,27
7,81272.158,27
7,81274.689,27
7,81277.297,27
7,81280.531,27
7,81283.334,27
7,81286.081,27
7,81288.675,27
7,81292.238,27
7,81294.605,27
7,81297.782,27
7,81300.936,27
7,81303.450,27
7,81306.068,27
7,81308.645,27
7,81311.201,27
7,81314.649,27
7,81317.399,27
7,81319.891,27
7,81322.447,27
7,81325.136,27
7,81327.763,27
7,81330.700,27
7,81333.415,27
7,81335.876,27
7,81338.412,27
7,81340.925,27
7,81343.424,27
7,81347.282,27
7,81350.468,27
7,81353.115,27
7,81355.779,27
7,81358.348,27
7,81360.869,27
7,81363.754,27
7,81366.401,27
7,81369.034,27
7,81371.588,27
7,81374.151,27
7,81376.708,27
7,81379.875,27
7,81382.496,27
7,81385.055,27
7,81387.574,27
7,81390.178,27
7,81393.004,27
7,81396.615,27
7,81399.328,27
7,81401.872,27
7,81404.427,27
7,81407.445,27
7,81409.936,27
7,81412.928,27
7,81415.636,27
7,81418.397,27
7,81420.839,27
7,81423.412,27
7,81426.090,30
7,81429.435,30
7,81432.299,30
7,81434.910,30
7,81437.583,30
7,81440.532,30
7,81443.346,30
7,81446.408,30
7,81449.568,30
7,81452.255,30
7,81455.206,30
7,81458.129,30
7,81460.550,30
7,81463.468,30
7,81466.125,30
7,81468.729,30
7,81471.319,30
7,81473.860,30
7,81476.621,30
7,81480.127,30
7,81483.015,30
7,81485.717,30
7,81488.349,30
7,81490.893,30
7,81493.472,30
7,81498.186,30
7,81501.820,30
7,81504.535,30
7,81507.121,30
7,81509.667,30
7,81513.288,30
7,81516.122,30
7,81519.001,30
7,81521.547,30
7,81524.298,30
7,81526.971,30
7,81530.610,30
7,81534.013,30
7,81536.757,30
7,81539.486,30
7,81542.049,30
7,81544.608,30
7,81547.667,30
7,81550.380,30
7,81553.057,30
7,81555.612,30
7,81558.200,30
7,81560.702,30
7,81564.019,30
7,81566.617,30
7,81569.259,30
7,81571.888,30
7,81574.468,30
7,81577.004,30
7,81580.957,30
7,81583.865,30
7,81586.533,30
7,81589.146,30
7,81592.120,30
7,81595.599,32
7,81598.784,32
7,81601.475,32
7,81604.018,32
7,81606.756,32
7,81609.365,32
7,81612.959,32
7,81615.691,32
7,81618.322,32
7,81621.255,32
7,81623.873,32
7,81626.439,32
7,81629.666,32
7,81632.343,32
7,81634.969,32
7,81637.602,32
7,81640.410,32
7,81643.411,32
7,81646.199,32
7,81649.366,32
7,81652.065,32
7,81654.618,32
7,81657.035,32
7,81660.174,32
7,81663.096,32
7,81665.817,32
7,81668.303,32
7,81670.880,32
7,81673.573,32
7,81676.401,32
7,81679.705,32
7,81682.469,32
7,81685.106,32
7,81687.634,32
7,81690.324,32
7,81692.853,32
7,81696.322,32
7,81698.913,32
7,81701.636,32
7,81704.194,32
7,81706.955,32
7,81709.502,32
7,81712.859,32
7,81715.579,32
7,81718.276,32
7,81720.929,32
7,81723.829,32
7,81726.347,32
7,81729.370,32
7,81732.274,32
7,81735.001,32
7,81737.636,32
7,81740.425,32
7,81742.992,32
7,81746.280,32
7,81749.453,32
7,81752.063,32
7,81754.687,32
7,81757.330,32
7,81760.253,34
7,81763.284,34
7,81765.905,34
7,81768.516,34
7,81771.082,34
7,81774.235,34
7,81777.618,34
7,81780.726,34
7,81783.335,34
7,81785.899,34
7,81788.710,34
7,81791.755,34
7,81794.568,34
7,81797.505,34
7,81800.023,34
7,81802.763,34
7,81805.470,34
7,81808.282,34
7,81810.951,34
7,81814.247,34
7,81817.128,34
7,81820.154,34
7,81822.832,34
7,81825.556,34
7,81828.363,34
7,81831.948,34
7,81834.769,34
7,81837.421,34
7,81840.052,34
7,81842.962,34
7,81846.957,34
7,81849.808,34
7,81852.439,34
7,81855.071,34
7,81857.922,34
7,81860.964,34
7,81863.775,34
7,81866.538,34
7,81869.181,34
7,81872.041,34
7,81874.837,34
7,81877.419,34
7,81881.328,34
7,81884.238,34
7,81886.861,34
7,81889.433,34
7,81892.052,34
7,81894.697,34
7,81898.529,34
7,81901.269,34
7,81903.874,34
7,81906.575,34
7,81909.395,34
7,81911.982,34
7,81915.041,34
7,81918.529,34
7,81921.186,34
7,81923.842,34
7,81926.336,36
7,81929.961,36
7,81932.666,36
7,81935.289,36
7,81937.709,36
7,81940.876,36
7,81943.484,36
7,81946.826,36
7,81949.568,36
7,81952.056,36
7,81954.767,36
7,81957.391,36
7,81959.865,36
7,81963.250,36
7,81965.780,36
7,81968.420,36
7,81971.204,36
7,81974.101,36
7,81977.092,36
7,81980.033,36
7,81982.809,36
7,81985.718,36
7,81988.342,36
7,81991.242,36
7,81993.713,36
7,81997.053,36
7,81999.622,36
7,82002.312,36
7,82005.190,36
7,82007.770,36
7,82010.472,36
7,82013.639,36
7,82016.517,36
7,82019.152,36
7,82021.765,36
7,82024.683,36
7,82027.441,36
7,82030.492,36
7,82033.259,36
7,82035.900,36
7,82038.507,36
7,82041.090,36
7,82043.739,36
7,82046.860,36
7,82049.603,36
7,82052.291,36
7,82054.978,36
7,82057.588,36
7,82060.114,36
7,82063.384,36
7,82065.895,36
7,82068.583,36
7,82071.105,36
7,82073.592,36
7,82075.965,36
7,82079.100,36
7,82081.760,36
7,82084.866,36
7,82087.472,36
7,82090.046,36
7,82092.697,38
7,82096.658,38
7,82099.401,38
7,82101.998,38
7,82104.529,38
7,82107.145,38
7,82110.337,38
7,82113.274,38
7,82115.907,38
7,82118.497,38
7,82120.925,38
7,82123.595,38
7,82126.120,38
7,82129.254,38
7,82131.944,38
7,82134.649,38
7,82137.644,38
7,82140.140,38
7,82142.441,38
7,82145.145,38
7,82147.970,38
7,82150.715,38
7,82153.399,38
7,82155.940,38
7,82158.254,38
7,82160.722,38
7,82163.670,38
7,82166.355,38
7,82168.925,38
7,82171.457,38
7,82174.007,38
7,82176.850,38
7,82179.669,38
7,82182.281,38
7,82185.004,38
7,82187.505,38
7,82190.082,38
7,82192.884,38
7,82196.248,38
7,82199.751,38
7,82202.321,38
7,82205.093,38
7,82207.625,38
7,82210.815,38
7,82213.857,38
7,82216.405,38
7,82219.015,38
7,82221.648,38
7,82224.207,38
7,82226.782,38
7,82229.935,38
7,82232.918,38
7,82235.400,38
7,82238.068,38
7,82240.526,38
7,82243.031,38
7,82246.226,38
7,82249.019,38
7,82251.698,38
7,82254.264,38
7,82256.891,38
7,82259.821,40
7,82262.718,40
7,82265.501,40
7,82268.108,40
7,82270.774,40
7,82273.401,40
7,82275.990,40
7,82279.257,40
7,82281.945,40
7,82284.767,40
7,82287.373,40
7,82290.110,40
7,82292.837,40
7,82296.760,40
7,82299.562,40
7,82302.396,40
7,82304.985,40
7,82307.502,40
7,82310.148,40
7,82312.958,40
7,82315.742,40
7,82318.604,40
7,82321.208,40
7,82323.747,40
7,82326.709,40
7,82329.503,40
7,82332.094,40
7,82334.746,40
7,82337.600,40
7,82340.213,40
7,82342.760,40
7,82346.143,40
7,82348.906,40
7,82351.980,40
7,82354.566,40
7,82357.253,40
7,82359.513,40
7,82362.823,40
7,82365.549,40
7,82368.195,40
7,82370.726,40
7,82373.336,40
7,82375.908,40
7,82378.762,40
7,82381.323,40
7,82384.067,40
7,82386.716,40
7,82389.136,40
7,82391.800,40
7,82394.284,40
7,82397.533,40
7,82400.821,40
7,82403.446,40
7,82406.139,40
7,82409.108,40
7,82411.668,40
7,82414.542,40
7,82417.162,40
7,82419.840,40
7,82422.755,40
7,82425.314,40
7,82427.815,42
7,82430.514,42
7,82433.561,42
7,82436.204,42
7,82439.256,42
7,82441.706,42
7,82444.400,42
7,82447.600,42
7,82450.972,42
7,82453.601,42
7,82456.188,42
7,82458.795,42
7,82461.583,42
7,82464.243,42
7,82466.972,42
7,82470.016,42
7,82472.663,42
7,82475.251,42
7,82477.873,42
7,82480.794,42
7,82483.306,42
7,82485.893,42
7,82488.491,42
7,82490.919,42
7,82493.657,42
7,82496.653,42
7,82499.411,42
7,82502.520,42
7,82505.189,42
7,82507.689,42
7,82510.228,42
7,82513.263,42
7,82515.937,42
7,82518.383,42
7,82520.904,42
7,82523.537,42
7,82526.074,42
7,82529.153,42
7,82531.766,42
7,82534.409,42
7,82536.980,42
7,82539.438,42
7,82541.876,42
7,82544.393,42
7,82547.392,42
7,82550.412,42
7,82553.021,42
7,82555.570,42
7,82558.080,42
7,82560.721,42
7,82563.816,42
7,82566.428,42
7,82569.032,42
7,82571.908,42
7,82574.560,42
7,82577.598,42
7,82581.033,42
7,82583.561,42
7,82586.105,42
7,82588.645,42
7,82591.248,42
7,82593.736,44
7,82597.077,44
7,82599.813,44
7,82602.394,44
7,82605.041,44
7,82607.544,44
7,82610.215,44
7,82612.973,44
7,82615.611,44
7,82618.290,44
7,82620.858,44
7,82623.285,44
7,82625.938,44
7,82629.405,44
7,82632.068,44
7,82634.673,44
7,82637.231,44
7,82639.850,44
7,82642.477,44
7,82645.020,44
7,82647.932,44
7,82650.564,44
7,82653.311,44
7,82655.971,44
7,82658.877,44
7,82661.468,44
7,82664.470,44
7,82667.174,44
7,82669.780,44
7,82672.348,44
7,82674.896,44
7,82677.511,44
7,82680.299,44
7,82682.924,44
7,82685.547,44
7,82688.115,44
7,82690.677,44
7,82693.132,44
7,82696.558,44
7,82699.232,44
7,82701.760,44
7,82704.690,44
7,82707.280,44
7,82709.748,44
7,82712.673,44
7,82715.742,44
7,82718.356,44
7,82720.897,44
7,82723.667,44
7,82726.679,44
7,82729.689,44
7,82732.561,44
7,82735.265,44
7,82737.892,44
7,82740.599,44
7,82743.019,44
7,82746.430,44
7,82749.499,44
7,82752.146,44
7,82754.701,44
7,82757.296,44
7,82759.929,46
7,82763.266,46
7,82765.916,46
7,82768.542,46
7,82771.069,46
7,82774.026,46
7,82776.602,46
7,82779.578,46
7,82782.479,46
7,82785.192,46
7,82787.735,46
7,82790.320,46
7,82792.743,46
7,82796.009,46
7,82798.687,46
7,82801.251,46
7,82804.832,46
7,82807.204,46
7,82809.783,46
7,82812.510,46
7,82815.150,46
7,82817.772,46
7,82820.429,46
7,82823.102,46
7,82825.715,46
7,82829.459,46
7,82832.303,46
7,82834.895,46
7,82837.416,46
7,82840.497,46
7,82842.820,46
7,82846.673,46
7,82849.853,46
7,82852.260,46
7,82854.896,46
7,82857.449,46
7,82859.740,46
7,82862.892,46
7,82865.432,46
7,82868.053,46
7,82870.671,46
7,82873.271,46
7,82876.242,46
7,82878.966,46
7,82881.406,46
7,82884.000,46
7,82887.003,46
7,82889.549,46
7,82892.100,46
7,82894.927,46
7,82898.390,46
7,82901.325,46
7,82904.014,46
7,82906.388,46
7,82909.113,46
7,82911.736,46
7,82914.757,46
7,82918.016,46
7,82920.857,46
7,82924.071,46
7,82926.683,48
7,82929.788,48
7,82933.297,48
7,82935.999,48
7,82938.816,48
7,82941.637,48
7,82944.246,48
7,82948.527,48
7,82951.948,48
7,82954.874,48
7,82957.584,48
7,82960.679,48
7,82963.715,48
7,82967.077,48
7,82970.398,48
7,82973.193,48
7,82976.115,48
7,82979.829,48
7,82982.705,48
7,82985.842,48
7,82988.853,48
7,82991.773,48
7,82994.701,48
7,82997.844,48
7,83000.924,48
7,83004.301,48
7,83007.052,48
7,83009.731,48
7,83012.486,48
7,83015.513,48
7,83018.665,48
7,83021.393,48
7,83024.192,48
7,83026.936,48
7,83032.918,48
7,83036.122,48
7,83039.001,48
7,83042.272,48
7,83045.104,48
7,83048.514,48
7,83052.805,48
7,83056.056,48
7,83058.927,48
7,83061.625,48
7,83065.050,48
7,83068.075,48
7,83071.265,48
7,83073.923,48
7,83076.556,48
7,83080.069,48
7,83083.277,48
7,83086.001,48
7,83088.963,48
7,83091.632,48
7,83095.011,50
7,83098.293,50
7,83101.109,50
7,83103.842,50
7,83107.389,50
7,83109.895,50
7,83112.577,50
7,83115.794,50
7,83118.797,50
7,83121.525,50
7,83124.303,50
7,83127.256,50
7,83130.472,50
7,83133.381,50
7,83135.970,50
7,83138.646,50
7,83141.383,50
7,83144.052,50
7,83148.351,50
7,83151.955,50
7,83154.658,50
7,83157.328,50
7,83159.909,50
7,83163.329,50
7,83166.135,50
7,83168.793,50
7,83171.377,50
7,83174.069,50
7,83176.635,50
7,83179.824,50
7,83182.644,50
7,83185.569,50
7,83188.223,50
7,83191.181,50
7,83193.784,50
7,83197.289,50
7,83200.240,50
7,83202.881,50
7,83205.543,50
7,83208.529,50
7,83211.213,50
7,83214.143,50
7,83216.735,50
7,83219.374,50
7,83222.013,50
7,83224.573,50
7,83227.179,50
7,83230.929,50
7,83233.963,50
7,83236.613,50
7,83239.218,50
7,83241.808,50
7,83244.413,50
7,83247.297,50
7,83250.454,50
7,83253.077,50
7,83255.605,50
7,83258.211,50
7,83261.159,52
7,83264.497,52
7,83267.228,52
7,83269.740,52
7,83272.314,52
7,83274.904,52
7,83277.542,52
7,83280.719,52
7,83283.321,52
7,83285.952,52
7,83288.844,52
7,83291.462,52
7,83293.988,52
7,83297.295,52
7,83299.918,52
7,83302.425,52
7,83305.113,52
7,83307.794,52
7,83310.461,52
7,83313.302,52
7,83316.006,52
7,83318.664,52
7,83321.517,52
7,83324.102,52
7,83326.388,52
7,83329.466,52
7,83332.265,52
7,83334.817,52
7,83337.436,52
7,83340.053,52
7,83342.730,52
7,83346.163,52
7,83348.840,52
7,83351.617,52
7,83354.070,52
7,83356.820,52
7,83359.314,52
7,83362.679,52
7,83365.348,52
7,83367.913,52
7,83370.340,52
7,83372.818,52
7,83375.938,52
7,83378.796,52
7,83382.075,52
7,83384.744,52
7,83387.331,52
7,83390.161,52
7,83392.678,52
7,83395.234,52
7,83398.120,52
7,83401.198,52
7,83403.742,52
7,83406.263,52
7,83409.608,52
7,83412.526,52
7,83415.243,52
7,83417.907,52
7,83420.654,52
7,83423.403,52
7,83426.243,55
7,83429.442,55
7,83432.303,55
7,83434.935,55
7,83437.525,55
7,83440.134,55
7,83442.974,55
7,83445.690,55
7,83448.611,55
7,83452.301,55
7,83454.843,55
7,83457.596,55
7,83460.309,55
7,83463.463,55
7,83466.452,55
7,83469.125,55
7,83471.701,55
7,83474.303,55
7,83477.095,55
7,83479.872,55
7,83482.586,55
7,83485.292,55
7,83488.173,55
7,83490.648,55
7,83493.227,55
7,83497.128,55
7,83499.817,55
7,83502.395,55
7,83505.230,55
7,83507.795,55
7,83510.279,55
7,83513.786,55
7,83516.490,55
7,83519.258,55
7,83522.134,55
7,83524.677,55
7,83527.144,55
7,83530.227,55
7,83533.058,55
7,83535.769,55
7,83538.470,55
7,83541.042,55
7,83543.406,55
7,83546.515,55
7,83549.219,55
7,83551.836,55
7,83554.389,55
7,83557.039,55
7,83559.689,55
7,83562.649,55
7,83565.455,55
7,83568.484,55
7,83571.047,55
7,83573.668,55
7,83576.176,55
7,83579.281,55
7,83581.968,55
7,83584.574,55
7,83587.118,55
7,83589.667,55
7,83592.391,55
7,83594.955,57
7,83598.274,57
7,83601.673,57
7,83604.347,57
7,83606.981,57
7,83609.554,57
7,83613.135,57
7,83615.746,57
7,83618.414,57
7,83621.548,57
7,83624.246,57
7,83626.852,57
7,83630.506,57
7,83633.310,57
7,83636.033,57
7,83638.719,57
7,83641.764,57
7,83644.360,57
7,83647.298,57
7,83649.801,57
7,83652.426,57
7,83655.250,57
7,83657.652,57
7,83660.528,57
7,83663.287,57
7,83665.911,57
7,83668.465,57
7,83671.011,57
7,83673.459,57
7,83676.392,57
7,83679.259,57
7,83681.769,57
7,83684.204,57
7,83686.731,57
7,83689.347,57
7,83691.898,57
7,83694.822,57
7,83698.205,57
7,83700.877,57
7,83703.541,57
7,83706.215,57
7,83708.909,57
7,83712.601,57
7,83715.266,57
7,83717.923,57
7,83720.340,57
7,83722.887,57
7,83725.524,57
7,83728.097,57
7,83730.890,57
7,83733.403,57
7,83736.001,57
7,83738.641,57
7,83741.335,57
7,83744.471,57
7,83747.358,57
7,83749.904,57
7,83752.477,57
7,83755.163,57
7,83757.713,57
7,83760.370,59
7,83763.341,59
7,83766.133,59
7,83768.599,59
7,83771.187,59
7,83773.771,59
7,83776.273,59
7,83779.592,59
7,83782.285,59
7,83784.967,59
7,83787.703,59
7,83790.753,59
7,83793.592,59
7,83796.368,59
7,83799.178,59
7,83801.784,59
7,83804.383,59
7,83807.138,59
7,83809.826,59
7,83813.249,59
7,83816.182,59
7,83818.861,59
7,83821.489,59
7,83824.078,59
7,83826.662,59
7,83830.954,59
7,83834.149,59
7,83837.289,59
7,83840.509,59
7,83843.004,59
7,83847.265,59
7,83850.063,59
7,83852.832,59
7,83855.464,59
7,83858.101,59
7,83861.635,59
7,83864.944,59
7,83867.552,59
7,83870.918,59
7,83873.799,59
7,83876.736,59
7,83879.779,59
7,83882.527,59
7,83885.324,59
7,83887.972,59
7,83890.621,59
7,83893.229,59
7,83895.950,59
7,83898.891,59
7,83901.678,59
7,83904.276,59
7,83907.013,59
7,83909.644,59
7,83912.897,59
7,83915.767,59
7,83918.660,59
7,83921.335,59
7,83923.979,59
7,83926.834,61
7,83929.764,61
7,83932.673,61
7,83935.414,61
7,83938.037,61
7,83940.684,61
7,83943.329,61
7,83946.817,61
7,83949.594,61
7,83952.333,61
7,83954.959,61
7,83958.134,61
7,83960.680,61
7,83963.888,61
7,83967.390,61
7,83970.227,61
7,83972.809,61
7,83978.047,61
7,83981.093,61
7,83983.834,61
7,83986.521,61
7,83989.563,61
7,83992.064,61
7,83994.943,61
7,83998.181,61
7,84001.136,61
7,84003.832,61
7,84006.460,61
7,84009.263,61
7,84012.785,61
7,84016.277,61
7,84019.222,61
7,84021.829,61
7,84024.417,61
7,84027.047,61
7,84030.405,61
7,84032.957,61
7,84035.623,61
7,84038.237,61
7,84040.810,61
7,84043.469,61
7,84046.159,61
7,84049.037,61
7,84051.727,61
7,84054.342,61
7,84057.010,61
7,84059.941,61
7,84063.027,61
7,84065.679,61
7,84068.312,61
7,84071.005,61
7,84073.698,61
7,84076.360,61
7,84079.697,61
7,84082.782,61
7,84085.313,61
7,84087.927,61
7,84090.626,61
7,84093.137,63
7,84095.819,63
7,84098.760,63
7,84101.808,63
7,84104.588,63
7,84107.178,63
7,84109.870,63
7,84113.071,63
7,84115.719,63
7,84118.770,63
7,84121.538,63
7,84124.361,63
7,84127.001,63
7,84130.573,63
7,84133.332,63
7,84136.024,63
7,84138.651,63
7,84141.214,63
7,84143.820,63
7,84147.407,63
7,84150.172,63
7,84152.806,63
7,84155.816,63
7,84158.467,63
7,84160.962,63
7,84164.642,63
7,84167.492,63
7,84170.635,63
7,84173.230,63
7,84175.863,63
7,84179.339,63
7,84182.033,63
7,84184.499,63
7,84187.078,63
7,84189.648,63
7,84192.429,63
7,84195.077,63
7,84197.733,63
7,84201.054,63
7,84203.709,63
7,84206.594,63
7,84209.256,63
7,84212.608,63
7,84215.291,63
7,84217.903,63
7,84220.431,63
7,84223.011,63
7,84225.600,63
7,84228.136,63
7,84231.058,63
7,84233.664,63
7,84236.273,63
7,84238.874,63
7,84241.231,63
7,84244.114,63
7,84247.153,63
7,84249.777,63
7,84252.398,63
7,84255.288,63
7,84257.851,63
7,84260.596,65
7,84263.115,65
7,84266.035,65
7,84268.722,65
7,84271.265,65
7,84273.927,65
7,84276.454,65
7,84279.354,65
7,84282.106,65
7,84284.716,65
7,84287.271,65
7,84289.833,65
7,84292.758,65
7,84295.767,65
7,84298.342,65
7,84300.957,65
7,84303.595,65
7,84306.169,65
7,84308.841,65
7,84311.465,65
7,84314.121,65
7,84317.379,65
7,84319.971,65
7,84322.580,65
7,84325.006,65
7,84327.521,65
7,84330.223,65
7,84333.306,65
7,84335.920,65
7,84338.465,65
7,84340.771,65
7,84343.468,65
7,84346.396,65
7,84349.032,65
7,84351.680,65
7,84353.931,65
7,84356.510,65
7,84359.325,65
7,84362.837,65
7,84365.423,65
7,84368.066,65
7,84370.590,65
7,84373.192,65
7,84375.933,65
7,84378.972,65
7,84382.290,65
7,84385.234,65
7,84387.904,65
7,84390.448,65
7,84393.494,65
7,84396.328,65
7,84399.006,65
7,84401.714,65
7,84404.248,65
7,84407.074,65
7,84409.457,65
7,84412.313,65
7,84414.981,65
7,84417.579,65
7,84419.988,65
7,84422.576,65
7,84425.046,65
7,84427.500,67
7,84430.505,67
7,84433.169,67
7,84435.784,67
7,84438.590,67
7,84441.089,67
7,84443.803,67
7,84446.709,67
7,84449.215,67
7,84451.702,67
7,84454.250,67
7,84457.063,67
7,84459.613,67
7,84462.443,67
7,84465.250,67
7,84467.851,67
7,84470.450,67
7,84472.894,67
7,84475.903,67
7,84479.219,67
7,84481.931,67
7,84484.752,67
7,84487.436,67
7,84490.133,67
7,84492.705,67
7,84495.371,67
7,84498.377,67
7,84501.005,67
7,84503.691,67
7,84506.158,67
7,84508.753,67
7,84511.230,67
7,84514.295,67
7,84517.131,67
7,84520.335,67
7,84522.925,67
7,84525.572,67
7,84528.712,67
7,84531.410,67
7,84534.076,67
7,84536.672,67
7,84539.233,67
7,84541.867,67
7,84544.247,67
7,84547.354,67
7,84550.036,67
7,84552.614,67
7,84555.008,67
7,84557.522,67
7,84559.951,67
7,84563.101,67
7,84565.837,67
7,84568.523,67
7,84571.348,67
7,84574.310,67
7,84576.992,67
7,84579.733,67
7,84582.354,67
7,84585.027,67
7,84587.971,67
7,84590.532,67
7,84593.071,69
7,84595.997,69
7,84598.712,69
7,84601.335,69
7,84603.893,69
7,84606.370,69
7,84608.854,69
7,84612.619,69
7,84615.310,69
7,84618.634,69
7,84621.218,69
7,84623.829,69
7,84626.270,69
7,84629.578,69
7,84632.130,69
7,84634.722,69
7,84637.385,69
7,84640.185,69
7,84643.473,69
7,84646.364,69
7,84649.068,69
7,84651.476,69
7,84654.043,69
7,84656.620,69
7,84659.456,69
7,84663.032,69
7,84665.747,69
7,84668.311,69
7,84670.908,69
7,84673.485,69
7,84676.445,69
7,84679.355,69
7,84681.841,69
7,84684.932,69
7,84687.474,69
7,84690.101,69
7,84692.548,69
7,84695.889,69
7,84698.421,69
7,84701.498,69
7,84704.037,69
7,84706.750,69
7,84709.565,69
7,84712.411,69
7,84715.037,69
7,84717.856,69
7,84720.496,69
7,84723.206,69
7,84726.156,69
7,84730.097,69
7,84732.730,69
7,84735.376,69
7,84737.886,69
7,84740.369,69
7,84743.522,69
7,84746.528,69
7,84749.197,69
7,84751.754,69
7,84754.282,69
7,84756.977,69
7,84759.590,71
7,84762.886,71
7,84765.483,71
7,84768.307,71
7,84770.829,71
7,84773.673,71
7,84776.113,71
7,84779.373,71
7,84781.892,71
7,84784.534,71
7,84787.163,71
7,84789.852,71
7,84792.818,71
7,84795.974,71
7,84798.719,71
7,84801.332,71
7,84803.927,71
7,84806.989,71
7,84809.425,71
7,84812.935,71
7,84815.619,71
7,84818.222,71
7,84820.792,71
7,84823.727,71
7,84826.596,71
7,84829.455,71
7,84831.992,71
7,84834.684,71
7,84837.271,71
7,84839.944,71
7,84842.699,71
7,84845.707,71
7,84848.339,71
7,84850.997,71
7,84853.610,71
7,84856.194,71
7,84858.801,71
7,84861.355,71
7,84864.417,71
7,84867.533,71
7,84870.053,71
7,84872.592,71
7,84875.143,71
7,84877.658,71
7,84880.644,71
7,84883.228,71
7,84885.860,71
7,84888.488,71
7,84891.032,71
7,84893.758,71
7,84896.838,71
7,84899.528,71
7,84902.246,71
7,84905.012,71
7,84907.539,71
7,84910.258,71
7,84913.175,71
7,84915.909,71
7,84918.935,71
7,84922.260,71
7,84924.682,71
7,84927.200,73
7,84930.359,73
7,84933.024,73
7,84935.593,73
7,84938.051,73
7,84940.519,73
7,84943.002,73
7,84946.057,73
7,84948.658,73
7,84951.461,73
7,84954.362,73
7,84956.798,73
7,84959.296,73
7,84962.643,73
7,84965.328,73
7,84968.251,73
7,84970.740,73
7,84973.306,73
7,84975.875,73
7,84979.101,73
7,84981.526,73
7,84984.051,73
7,84986.637,73
7,84989.022,73
7,84991.609,73
7,84994.158,73
7,84997.214,73
7,84999.748,73
7,85002.214,73
7,85004.801,73
7,85007.272,73
7,85009.828,73
7,85012.445,73
7,85015.043,73
7,85017.448,73
7,85020.086,73
7,85022.539,73
7,85025.169,73
7,85028.063,73
7,85030.831,73
7,85033.393,73
7,85036.110,73
7,85038.605,73
7,85041.051,73
7,85043.530,73
7,85046.482,73
7,85049.131,73
7,85051.693,73
7,85054.179,73
7,85057.093,73
7,85060.012,73
7,85063.038,73
7,85065.648,73
7,85068.226,73
7,85070.740,73
7,85073.444,73
7,85076.017,73
7,85078.951,73
7,85081.591,73
7,85084.298,73
7,85086.916,73
7,85089.489,73
7,85091.863,73
7,85094.339,75
7,85097.170,75
7,85099.757,75
7,85102.413,75
7,85104.987,75
7,85107.549,75
7,85110.178,75
7,85112.955,75
7,85115.590,75
7,85118.182,75
7,85120.688,75
7,85123.132,75
7,85125.806,75
7,85129.316,75
7,85132.007,75
7,85134.530,75
7,85136.832,75
7,85139.492,75
7,85142.105,75
7,85144.538,75
7,85147.417,75
7,85149.933,75
7,85152.628,75
7,85155.233,75
7,85157.849,75
7,85160.890,75
7,85163.813,75
7,85166.283,75
7,85168.871,75
7,85171.566,75
7,85174.037,75
7,85176.605,75
7,85179.493,75
7,85182.209,75
7,85184.800,75
7,85187.319,75
7,85190.029,75
7,85192.624,75
7,85195.854,75
7,85198.467,75
7,85200.835,75
7,85203.180,75
7,85205.731,75
7,85208.246,75
7,85210.802,75
7,85213.660,75
7,85216.280,75
7,85218.625,75
7,85221.135,75
7,85224.429,75
7,85226.920,75
7,85230.411,75
7,85233.036,75
7,85235.555,75
7,85238.114,75
7,85240.666,75
7,85243.266,75
7,85246.152,75
7,85248.881,75
7,85251.491,75
7,85254.090,75
7,85257.054,75
7,85259.356,77
7,85262.226,77
7,85264.924,77
7,85267.588,77
7,85270.141,77
7,85272.667,77
7,85275.196,77
7,85277.602,77
7,85280.809,77
7,85283.780,77
7,85286.505,77
7,85289.013,77
7,85291.867,77
7,85294.361,77
7,85297.189,77
7,85299.762,77
7,85302.310,77
7,85304.990,77
7,85307.475,77
7,85309.994,77
7,85312.869,77
7,85315.566,77
7,85318.559,77
7,85321.024,77
7,85323.406,77
7,85326.075,77
7,85329.258,77
7,85331.902,77
7,85334.370,77
7,85336.936,77
7,85339.527,77
7,85342.694,77
7,85345.509,77
7,85348.684,77
7,85351.338,77
7,85354.088,77
7,85356.745,77
7,85359.117,77
7,85362.757,77
7,85365.496,77
7,85368.426,77
7,85371.020,77
7,85373.437,77
7,85375.932,77
7,85378.987,77
7,85381.683,77
7,85384.315,77
7,85386.923,77
7,85389.436,77
7,85391.902,77
7,85394.989,77
7,85397.573,77
7,85400.134,77
7,85402.735,77
7,85405.368,77
7,85407.885,77
7,85410.239,77
7,85413.189,77
7,85415.887,77
7,85418.469,77
7,85421.016,77
7,85423.558,77
7,85426.112,79
7,85428.987,79
7,85431.680,79
7,85434.469,79
7,85436.962,79
7,85439.420,79
7,85441.905,79
7,85444.352,79
7,85447.366,79
7,85450.138,79
7,85452.771,79
7,85455.321,79
7,85457.888,79
7,85460.497,79
7,85463.293,79
7,85465.918,79
7,85468.605,79
7,85471.180,79
7,85473.770,79
7,85476.322,79
7,85479.104,79
7,85481.766,79
7,85484.516,79
7,85486.994,79
7,85489.558,79
7,85492.290,79
7,85494.972,79
7,85497.830,79
7,85500.682,79
7,85503.406,79
7,85505.860,79
7,85508.216,79
7,85512.013,79
7,85514.817,79
7,85517.519,79
7,85520.135,79
7,85522.485,79
7,85525.774,79
7,85528.920,79
7,85531.648,79
7,85534.397,79
7,85536.927,79
7,85539.540,79
7,85542.199,79
7,85544.795,79
7,85547.575,79
7,85550.089,79
7,85552.678,79
7,85555.299,79
7,85557.741,79
7,85560.287,79
7,85562.901,79
7,85565.372,79
7,85568.482,79
7,85570.967,79
7,85573.493,79
7,85575.825,79
7,85579.154,79
7,85581.784,79
7,85584.602,79
7,85587.107,79
7,85589.699,79
7,85592.736,82
7,85595.929,82
7,85598.612,82
7,85601.203,82
7,85603.936,82
7,85606.518,82
7,85609.305,82
7,85612.919,82
7,85615.548,82
7,85618.268,82
7,85620.744,82
7,85623.242,82
7,85625.759,82
7,85628.831,82
7,85631.527,82
7,85634.465,82
7,85637.124,82
7,85639.471,82
7,85642.020,82
7,85644.462,82
7,85647.558,82
7,85650.261,82
7,85653.008,82
7,85655.658,82
7,85658.071,82
7,85660.393,82
7,85663.597,82
7,85666.202,82
7,85668.832,82
7,85671.399,82
7,85673.861,82
7,85676.362,82
7,85679.218,82
7,85681.851,82
7,85684.390,82
7,85686.936,82
7,85689.536,82
7,85692.290,82
7,85695.097,82
7,85698.423,82
7,85700.940,82
7,85703.538,82
7,85706.176,82
7,85708.848,82
7,85712.072,82
7,85714.763,82
7,85717.390,82
7,85720.447,82
7,85723.281,82
7,85726.177,82
7,85730.126,82
7,85733.034,82
7,85735.712,82
7,85738.518,82
7,85741.140,82
7,85743.910,82
7,85746.803,82
7,85749.518,82
7,85752.130,82
7,85754.727,82
7,85757.257,82
7,85759.651,84
7,85762.529,84
7,85765.107,84
7,85767.720,84
7,85770.358,84
7,85773.032,84
7,85775.950,84
7,85779.932,84
7,85782.694,84
7,85785.410,84
7,85787.968,84
7,85790.504,84
7,85793.202,84
7,85796.086,84
7,85798.826,84
7,85801.509,84
7,85804.366,84
7,85806.933,84
7,85809.469,84
7,85813.156,84
7,85815.843,84
7,85818.487,84
7,85821.851,84
7,85824.554,84
7,85828.133,84
7,85831.040,84
7,85833.853,84
7,85836.343,84
7,85838.869,84
7,85841.977,84
7,85844.839,84
7,85847.832,84
7,85851.034,84
7,85853.462,84
7,85856.074,84
7,85858.696,84
7,85861.302,84
7,85864.398,84
7,85867.102,84
7,85869.791,84
7,85872.309,84
7,85874.908,84
7,85877.714,84
7,85880.543,84
7,85883.296,84
7,85885.738,84
7,85888.796,84
7,85891.297,84
7,85894.423,84
7,85897.524,84
7,85900.355,84
7,85902.967,84
7,85905.511,84
7,85908.060,84
7,85910.817,84
7,85913.700,84
7,85916.483,84
7,85919.138,84
7,85921.735,84
7,85924.408,84
7,85926.969,86
7,85929.841,86
7,85932.581,86
7,85935.057,86
7,85937.473,86
7,85940.584,86
7,85943.059,86
7,85946.217,86
7,85948.930,86
7,85951.560,86
7,85954.065,86
7,85957.171,86
7,85959.644,86
7,85963.423,86
7,85966.597,86
7,85969.179,86
7,85971.717,86
7,85974.100,86
7,85976.674,86
7,85980.026,86
7,85982.676,86
7,85985.353,86
7,85987.926,86
7,85990.905,86
7,85993.470,86
7,85996.451,86
7,85999.142,86
7,86002.149,86
7,86004.796,86
7,86007.316,86
7,86009.793,86
7,86012.839,86
7,86015.501,86
7,86018.013,86
7,86020.583,86
7,86023.151,86
7,86026.148,86
7,86029.496,86
7,86032.191,86
7,86034.885,86
7,86037.471,86
7,86040.608,86
7,86043.114,86
7,86045.989,86
7,86048.620,86
7,86051.186,86
7,86053.717,86
7,86056.229,86
7,86058.875,86
7,86061.629,86
7,86064.379,86
7,86066.917,86
7,86069.542,86
7,86072.063,86
7,86074.568,86
7,86077.167,86
7,86080.301,86
7,86083.094,86
7,86085.665,86
7,86088.228,86
7,86090.745,86
7,86093.276,88
7,86096.339,88
7,86099.454,88
7,86102.028,88
7,86104.521,88
7,86107.055,88
7,86110.084,88
7,86113.468,88
7,86116.078,88
7,86118.647,88
7,86121.232,88
7,86123.959,88
7,86126.475,88
7,86130.125,88
7,86132.928,88
7,86135.823,88
7,86138.383,88
7,86140.901,88
7,86143.496,88
7,86146.891,88
7,86149.607,88
7,86152.210,88
7,86154.765,88
7,86157.270,88
7,86159.887,88
7,86163.062,88
7,86165.777,88
7,86168.364,88
7,86170.878,88
7,86173.460,88
7,86176.050,88
7,86179.142,88
7,86181.865,88
7,86184.433,88
7,86186.895,88
7,86189.465,88
7,86192.072,88
7,86194.589,88
7,86198.058,88
7,86200.865,88
7,86203.561,88
7,86206.169,88
7,86208.758,88
7,86211.320,88
7,86214.237,88
7,86216.848,88
7,86219.521,88
7,86221.967,88
7,86224.438,88
7,86227.028,88
7,86230.533,88
7,86233.251,88
7,86235.923,88
7,86238.493,88
7,86240.932,88
7,86243.499,88
7,86246.510,88
7,86249.078,88
7,86251.652,88
7,86254.233,88
7,86256.936,88
7,86259.456,90
7,86262.849,90
7,86265.604,90
7,86268.306,90
7,86270.861,90
7,86273.420,90
7,86276.043,90
7,86279.176,90
7,86281.919,90
7,86284.505,90
7,86287.311,90
7,86289.857,90
7,86293.322,90
7,86296.436,90
7,86299.039,90
7,86302.093,90
7,86304.668,90
7,86307.749,90
7,86310.870,90
7,86313.962,90
7,86316.564,90
7,86319.174,90
7,86321.736,90
7,86324.293,90
7,86327.282,90
7,86330.272,90
7,86332.900,90
7,86335.343,90
7,86337.867,90
7,86340.371,90
7,86343.276,90
7,86346.418,90
7,86349.131,90
7,86351.698,90
7,86354.528,90
7,86357.083,90
7,86359.511,90
7,86362.642,90
7,86365.215,90
7,86367.728,90
7,86370.307,90
7,86373.027,90
7,86376.228,90
7,86379.275,90
7,86382.004,90
7,86385.043,90
7,86387.592,90
7,86390.734,90
7,86393.343,90
7,86396.447,90
7,86399.107,90
7,86402.171,90
7,86404.757,90
7,86407.336,90
7,86409.794,90
7,86412.726,90
7,86415.367,90
7,86417.983,90
7,86420.572,90
7,86423.115,90
7,86426.060,92
7,86429.612,92
7,86433.035,92
7,86435.609,92
7,86438.219,92
7,86440.893,92
7,86443.537,92
7,86446.766,92
7,86449.432,92
7,86452.000,92
7,86454.550,92
7,86457.102,92
7,86459.665,92
7,86462.931,92
7,86465.635,92
7,86468.254,92
7,86470.568,92
7,86473.185,92
7,86475.984,92
7,86479.516,92
7,86482.815,92
7,86485.479,92
7,86488.239,92
7,86490.711,92
7,86493.206,92
7,86498.284,92
7,86501.062,92
7,86503.692,92
7,86506.270,92
7,86509.037,92
7,86512.042,92
7,86514.872,92
7,86517.371,92
7,86519.980,92
7,86522.473,92
7,86524.923,92
7,86527.372,92
7,86530.644,92
7,86533.360,92
7,86535.960,92
7,86538.507,92
7,86541.059,92
7,86543.487,92
7,86546.462,92
7,86548.970,92
7,86551.569,92
7,86554.109,92
7,86556.863,92
7,86559.438,92
7,86562.876,92
7,86565.693,92
7,86568.257,92
7,86570.817,92
7,86573.338,92
7,86575.928,92
7,86579.509,92
7,86582.704,92
7,86585.289,92
7,86587.981,92
7,86590.317,92
7,86593.273,94
7,86596.222,94
7,86598.913,94
7,86601.589,94
7,86604.078,94
7,86606.767,94
7,86609.393,94
7,86612.906,94
7,86615.369,94
7,86617.889,94
7,86620.448,94
7,86622.890,94
7,86625.550,94
7,86628.234,94
7,86630.914,94
7,86633.721,94
7,86636.314,94
7,86638.831,94
7,86641.254,94
7,86643.606,94
7,86647.168,94
7,86649.749,94
7,86652.304,94
7,86655.101,94
7,86657.595,94
7,86660.201,94
7,86663.565,94
7,86666.160,94
7,86668.680,94
7,86671.132,94
7,86673.641,94
7,86676.113,94
7,86679.267,94
7,86682.555,94
7,86685.178,94
7,86687.641,94
7,86690.204,94
7,86692.917,94
7,86696.170,94
7,86698.841,94
7,86701.368,94
7,86703.674,94
7,86706.251,94
7,86708.986,94
7,86712.070,94
7,86714.711,94
7,86717.288,94
7,86719.877,94
7,86722.718,94
7,86725.223,94
7,86727.654,94
7,86730.509,94
7,86734.022,94
7,86736.655,94
7,86739.274,94
7,86741.884,94
7,86744.394,94
7,86747.390,94
7,86749.962,94
7,86752.575,94
7,86755.148,94
7,86757.565,94
7,86760.114,96
7,86762.853,96
7,86765.508,96
7,86768.141,96
7,86770.689,96
7,86773.181,96
7,86776.167,96
7,86779.138,96
7,86782.386,96
7,86785.181,96
7,86787.875,96
7,86790.245,96
7,86792.704,96
7,86795.591,96
7,86798.313,96
7,86801.057,96
7,86803.587,96
7,86805.966,96
7,86808.532,96
7,86811.030,96
7,86813.949,96
7,86816.745,96
7,86819.395,96
7,86822.046,96
7,86824.641,96
7,86827.253,96
7,86830.093,96
7,86832.733,96
7,86835.278,96
7,86837.764,96
7,86840.207,96
7,86842.742,96
7,86845.769,96
7,86848.404,96
7,86851.054,96
7,86853.619,96
7,86856.177,96
7,86858.735,96
7,86861.191,96
7,86864.066,96
7,86866.670,96
7,86869.097,96
7,86871.652,96
7,86874.149,96
7,86876.806,96
7,86879.556,96
7,86882.144,96
7,86884.759,96
7,86887.222,96
7,86889.719,96
7,86892.338,96
7,86894.884,96
7,86897.711,96
7,86900.289,96
7,86903.101,96
7,86905.592,96
7,86908.611,96
7,86911.613,96
7,86914.375,96
7,86916.910,96
7,86919.499,96
7,86922.035,96
7,86924.500,96
7,86927.159,98
7,86929.871,98
7,86932.535,98
7,86934.900,98
7,86937.237,98
7,86939.768,98
7,86943.130,98
7,86945.700,98
7,86948.139,98
7,86950.989,98
7,86953.541,98
7,86956.063,98
7,86958.614,98
7,86961.243,98
7,86964.147,98
7,86966.944,98
7,86969.674,98
7,86972.241,98
7,86974.768,98
7,86977.104,98
7,86980.178,98
7,86982.849,98
7,86985.289,98
7,86987.870,98
7,86990.399,98
7,86993.001,98
7,86995.687,98
7,86998.246,98
7,87000.788,98
7,87003.353,98
7,87006.019,98
7,87008.566,98
7,87010.968,98
7,87014.198,98
7,87016.797,98
7,87019.431,98
7,87021.993,98
7,87024.426,98
7,87027.101,98
7,87029.852,98
7,87032.534,98
7,87035.803,98
7,87038.365,98
7,87040.841,98
7,87043.474,98
7,87046.334,98
7,87048.814,98
7,87051.354,98
7,87053.885,98
7,87056.283,98
7,87058.862,98
7,87061.996,98
7,87064.420,98
7,87067.017,98
7,87069.595,98
7,87072.104,98
7,87074.921,98
7,87077.510,98
7,87080.506,98
7,87083.082,98
7,87085.692,98
7,87088.214,98
7,87090.776,98
7,87093.354,100
7,87096.211,100
7,87098.873,100
7,87101.422,100
7,87103.915,100
7,87106.438,100
7,87108.991,100
7,87112.363,100
7,87115.028,100
7,87117.588,100
7,87120.071,100
7,87122.586,100
7,87125.134,100
7,87127.708,100
7,87130.713,100
7,87133.487,100
7,87136.174,100
7,87138.763,100
7,87141.235,100
7,87143.806,100
7,87147.258,100
7,87150.004,100
7,87152.587,100
7,87155.167,100
7,87157.554,100
7,87159.997,100
7,87163.345,100
7,87166.147,100
7,87168.732,100
7,87171.273,100
7,87174.181,100
7,87176.735,100
7,87180.042,100
7,87182.777,100
7,87185.425,100
7,87188.061,100
7,87190.919,100
7,87193.492,100
7,87196.095,100
7,87198.795,100
7,87201.827,100
7,87204.268,100
7,87206.768,100
7,87209.614,100
7,87212.851,100
7,87215.811,100
7,87218.441,100
7,87220.922,100
7,87223.422,100
7,87226.127,100
7,87228.901,100
7,87231.642,100
7,87234.166,100
7,87236.771,100
7,87239.317,100
7,87241.806,100
7,87244.287,100
7,87247.398,100
7,87250.333,100
7,87252.955,100
7,87255.533,100
7,87258.107,100
7,87260.621,102
7,87263.861,102
7,87266.598,102
7,87269.282,102
7,87271.755,102
7,87274.216,102
7,87276.746,102
7,87279.666,102
7,87282.362,102
7,87285.012,102
7,87287.517,102
7,87290.145,102
7,87292.853,102
7,87296.105,102
7,87298.796,102
7,87301.368,102
7,87303.944,102
7,87306.796,102
7,87309.273,102
7,87312.822,102
7,87315.565,102
7,87318.184,102
7,87320.719,102
7,87323.505,102
7,87326.077,102
7,87329.532,102
7,87332.203,102
7,87334.811,102
7,87338.028,102
7,87340.528,102
7,87343.554,102
7,87346.525,102
7,87349.212,102
7,87352.068,102
7,87354.591,102
7,87357.185,102
7,87359.511,102
7,87362.751,102
7,87365.519,102
7,87368.195,102
7,87370.534,102
7,87373.071,102
7,87375.942,102
7,87379.183,102
7,87381.956,102
7,87384.968,102
7,87387.522,102
7,87390.669,102
7,87393.149,102
7,87396.030,102
7,87398.670,102
7,87401.404,102
7,87403.819,102
7,87406.383,102
7,87409.014,102
7,87411.623,102
7,87414.420,102
7,87417.044,102
7,87419.621,102
7,87422.140,102
7,87424.533,102
7,87427.164,104
7,87430.379,104
7,87433.176,104
7,87435.842,104
7,87438.456,104
7,87440.870,104
7,87443.474,104
7,87446.325,104
7,87448.989,104
7,87451.821,104
7,87454.451,104
7,87458.697,104
7,87461.376,104
7,87464.183,104
7,87466.676,104
7,87469.023,104
7,87471.576,104
7,87474.129,104
7,87476.565,104
7,87479.359,104
7,87481.969,104
7,87484.671,104
7,87487.237,104
7,87489.900,104
7,87492.614,104
7,87496.157,104
7,87498.879,104
7,87501.439,104
7,87503.920,104
7,87506.545,104
7,87509.273,104
7,87512.828,104
7,87515.459,104
7,87518.079,104
7,87520.565,104
7,87523.237,104
7,87525.964,104
7,87529.537,104
7,87532.295,104
7,87534.937,104
7,87537.455,104
7,87540.137,104
7,87542.595,104
7,87545.971,104
7,87548.627,104
7,87551.227,104
7,87553.803,104
7,87556.351,104
7,87558.942,104
7,87561.970,104
7,87564.736,104
7,87567.575,104
7,87570.027,104
7,87572.454,104
7,87574.954,104
7,87577.488,104
7,87580.275,104
7,87582.856,104
7,87585.431,104
7,87588.072,104
7,87590.603,104
7,87593.636,106
7,87596.342,106
7,87598.846,106
7,87601.373,106
7,87603.925,106
7,87606.481,106
7,87609.266,106
7,87612.529,106
7,87615.188,106
7,87617.806,106
7,87620.365,106
7,87622.979,106
7,87625.962,106
7,87629.456,106
7,87632.190,106
7,87634.788,106
7,87637.217,106
7,87640.607,106
7,87643.196,106
7,87646.452,106
7,87649.425,106
7,87652.099,106
7,87654.671,106
7,87657.605,106
7,87660.218,106
7,87662.912,106
7,87665.902,106
7,87668.490,106
7,87671.033,106
7,87673.554,106
7,87676.074,106
7,87679.700,106
7,87682.444,106
7,87685.470,106
7,87687.982,106
7,87690.689,106
7,87693.253,106
7,87697.636,106
7,87700.389,106
7,87703.058,106
7,87705.625,106
7,87708.224,106
7,87711.194,106
7,87714.438,106
7,87717.039,106
7,87719.656,106
7,87722.410,106
7,87724.941,106
7,87727.754,106
7,87731.015,106
7,87733.859,106
7,87736.521,106
7,87739.143,106
7,87741.709,106
7,87744.309,106
7,87747.145,106
7,87749.744,106
7,87752.180,106
7,87754.584,106
7,87757.208,106
7,87759.848,109
7,87762.868,109
7,87765.634,109
7,87768.799,109
7,87771.746,109
7,87774.398,109
7,87777.308,109
7,87780.288,109
7,87782.924,109
7,87786.058,109
7,87788.671,109
7,87791.218,109
7,87794.077,109
7,87797.446,109
7,87800.142,109
7,87802.766,109
7,87805.303,109
7,87807.822,109
7,87810.376,109
7,87813.587,109
7,87816.365,109
7,87819.049,109
7,87821.550,109
7,87824.299,109
7,87826.950,109
7,87829.767,109
7,87832.762,109
7,87835.383,109
7,87837.933,109
7,87840.440,109
7,87843.182,109
7,87846.083,109
7,87848.671,109
7,87851.208,109
7,87853.749,109
7,87856.353,109
7,87858.827,109
7,87861.336,109
7,87864.259,109
7,87867.249,109
7,87869.808,109
7,87872.343,109
7,87874.738,109
7,87877.256,109
7,87880.109,109
7,87882.849,109
7,87885.544,109
7,87888.121,109
7,87890.442,109
7,87892.937,109
7,87895.847,109
7,87898.970,109
7,87901.476,109
7,87903.962,109
7,87906.582,109
7,87909.806,109
7,87912.428,109
7,87915.511,109
7,87918.641,109
7,87921.572,109
7,87924.301,109
7,87927.567,111
7,87930.831,111
7,87934.003,111
7,87936.790,111
7,87939.433,111
7,87943.308,111
7,87946.540,111
7,87949.245,111
7,87951.768,111
7,87954.229,111
7,87956.892,111
7,87959.417,111
7,87962.140,111
7,87964.874,111
7,87967.732,111
7,87970.281,111
7,87972.832,111
7,87975.537,111
7,87978.107,111
7,87980.935,111
7,87983.588,111
7,87986.008,111
7,87988.657,111
7,87991.142,111
7,87993.699,111
7,87996.416,111
7,87999.038,111
7,88001.627,111
7,88004.076,111
7,88007.117,111
7,88009.633,111
7,88012.455,111
7,88014.999,111
7,88017.600,111
7,88020.135,111
7,88022.620,111
7,88025.085,111
7,88027.550,111
7,88030.417,111
7,88033.033,111
7,88035.701,111
7,88038.267,111
7,88040.843,111
7,88043.556,111
7,88046.349,111
7,88048.958,111
7,88051.463,111
7,88053.981,111
7,88056.667,111
7,88059.227,111
7,88062.567,111
7,88065.264,111
7,88067.842,111
7,88070.381,111
7,88072.838,111
7,88075.520,111
7,88078.675,111
7,88081.106,111
7,88083.618,111
7,88086.223,111
7,88088.602,111
7,88091.044,111
7,88093.633,113
7,88096.447,113
7,88099.046,113
7,88101.548,113
7,88104.025,113
7,88106.617,113
7,88109.294,113
7,88112.371,113
7,88115.090,113
7,88117.612,113
7,88120.177,113
7,88122.542,113
7,88124.995,113
7,88127.429,113
7,88130.489,113
7,88133.244,113
7,88135.851,113
7,88138.507,113
7,88140.966,113
7,88143.621,113
7,88146.336,113
7,88148.960,113
7,88151.568,113
7,88154.125,113
7,88157.228,113
7,88159.901,113
7,88162.710,113
7,88165.313,113
7,88167.950,113
7,88170.456,113
7,88172.918,113
7,88175.551,113
7,88178.006,113
7,88180.846,113
7,88183.513,113
7,88186.096,113
7,88188.674,113
7,88191.247,113
7,88193.710,113
7,88196.697,113
7,88199.491,113
7,88202.040,113
7,88204.631,113
7,88207.143,113
7,88209.655,113
7,88212.488,113
7,88215.091,113
7,88217.597,113
7,88220.131,113
7,88222.714,113
7,88225.280,113
7,88227.608,113
7,88230.731,113
7,88233.682,113
7,88236.252,113
7,88238.772,113
7,88241.278,113
7,88244.689,113
7,88247.507,113
7,88250.086,113
7,88252.505,113
7,88255.086,113
7,88257.585,113
7,88260.179,115
7,88262.883,115
7,88265.474,115
7,88268.198,115
7,88270.785,115
7,88273.462,115
7,88275.986,115
7,88279.388,115
7,88282.266,115
7,88284.918,115
7,88287.395,115
7,88290.064,115
7,88292.624,115
7,88295.932,115
7,88298.582,115
7,88301.457,115
7,88304.097,115
7,88306.568,115
7,88309.249,115
7,88312.590,115
7,88315.766,115
7,88318.852,115
7,88321.387,115
7,88323.928,115
7,88326.375,115
7,88329.748,115
7,88332.467,115
7,88335.133,115
7,88337.712,115
7,88340.173,115
7,88342.657,115
7,88346.697,115
7,88349.339,115
7,88351.696,115
7,88354.183,115
7,88357.179,115
7,88359.554,115
7,88362.398,115
7,88364.827,115
7,88367.301,115
7,88369.791,115
7,88372.315,115
7,88374.874,115
7,88377.300,115
7,88380.244,115
7,88383.027,115
7,88385.647,115
7,88388.318,115
7,88390.836,115
7,88393.454,115
7,88396.757,115
7,88399.481,115
7,88402.061,115
7,88404.416,115
7,88406.797,115
7,88409.362,115
7,88412.639,115
7,88415.855,115
7,88418.441,115
7,88420.960,115
7,88423.630,115
7,88426.096,117
7,88429.452,117
7,88432.127,117
7,88434.683,117
7,88437.277,117
7,88439.873,117
7,88443.166,117
7,88446.095,117
7,88449.234,117
7,88451.810,117
7,88454.386,117
7,88456.937,117
7,88459.461,117
7,88462.990,117
7,88465.711,117
7,88468.317,117
7,88470.877,117
7,88473.457,117
7,88475.941,117
7,88479.375,117
7,88482.091,117
7,88484.730,117
7,88487.294,117
7,88489.892,117
7,88492.743,117
7,88496.137,117
7,88498.909,117
7,88501.522,117
7,88504.043,117
7,88506.708,117
7,88509.328,117
7,88512.845,117
7,88515.591,117
7,88518.321,117
7,88520.870,117
7,88523.378,117
7,88525.946,117
7,88529.210,117
7,88531.679,117
7,88534.444,117
7,88536.987,117
7,88539.535,117
7,88542.126,117
7,88545.902,117
7,88548.553,117
7,88550.951,117
7,88553.357,117
7,88555.680,117
7,88558.240,117
7,88560.686,117
7,88563.595,117
7,88566.272,117
7,88568.707,117
7,88571.266,117
7,88574.302,117
7,88576.975,117
7,88579.598,117
7,88582.217,117
7,88584.715,117
7,88587.222,117
7,88589.800,117
7,88592.560,119
7,88596.322,119
7,88598.973,119
7,88601.548,119
7,88604.057,119
7,88606.615,119
7,88609.697,119
7,88612.825,119
7,88615.447,119
7,88618.106,119
7,88620.637,119
7,88623.216,119
7,88625.888,119
7,88629.122,119
7,88632.315,119
7,88634.897,119
7,88637.387,119
7,88640.173,119
7,88642.602,119
7,88646.099,119
7,88648.813,119
7,88651.472,119
7,88654.022,119
7,88656.608,119
7,88659.290,119
7,88661.954,119
7,88664.760,119
7,88667.648,119
7,88670.235,119
7,88672.801,119
7,88675.513,119
7,88677.865,119
7,88680.603,119
7,88683.233,119
7,88685.848,119
7,88688.546,119
7,88691.212,119
7,88693.748,119
7,88697.159,119
7,88699.767,119
7,88702.366,119
7,88704.944,119
7,88707.437,119
7,88709.821,119
7,88713.039,119
7,88715.636,119
7,88718.235,119
7,88720.851,119
7,88723.448,119
7,88726.176,119
7,88729.321,119
7,88732.122,119
7,88734.982,119
7,88737.572,119
7,88740.205,119
7,88742.953,119
7,88745.524,119
7,88748.395,119
7,88751.073,119
7,88753.653,119
7,88756.182,119
7,88758.732,119
7,88761.030,120
7,88764.456,120
7,88767.161,120
7,88769.783,120
7,88772.306,120
7,88774.891,120
7,88777.440,120
7,88780.901,120
7,88784.096,120
7,88786.984,120
7,88789.450,120
7,88792.057,120
7,88794.376,120
7,88797.733,120
7,88800.516,120
7,88803.145,120
7,88805.771,120
7,88808.400,120
7,88810.959,120
7,88814.087,120
7,88816.905,120
7,88819.682,120
7,88822.254,120
7,88824.696,120
7,88827.268,120
7,88830.363,120
7,88833.281,120
7,88835.861,120
7,88838.433,120
7,88840.966,120
7,88843.617,120
7,88847.378,120
7,88850.115,120
7,88853.000,120
7,88855.539,120
7,88858.549,120
7,88861.110,120
7,88863.774,120
7,88866.162,120
7,88868.739,120
7,88871.344,120
7,88873.774,120
7,88876.731,120
7,88879.470,120
7,88882.182,120
7,88884.814,120
7,88887.406,120
7,88890.120,120
7,88892.839,120
7,88896.344,120
7,88899.347,120
7,88901.908,120
7,88904.422,120
7,88906.953,120
7,88909.501,120
7,88912.609,120
7,88915.302,120
7,88917.915,120
7,88920.449,120
7,88923.193,120
8,88926.824,0
