cycle_index,t_ms,pixel_width
-1,0.002,50
-1,4.297,50
-1,8.127,50
-1,11.402,50
-1,14.217,50
-1,17.480,50
-1,20.550,50
-1,23.549,50
-1,26.678,50
-1,30.498,50
-1,33.698,50
-1,37.059,50
-1,40.164,50
-1,43.117,50
-1,46.704,50
-1,50.152,50
-1,53.067,50
-1,55.936,50
-1,58.939,50
-1,62.254,50
-1,65.564,50
-1,69.290,50
-1,72.232,50
-1,75.365,50
-1,83.584,50
-1,86.914,55
-1,90.271,55
-1,93.271,55
-1,96.172,55
-1,99.589,55
-1,102.619,55
-1,105.535,55
-1,108.725,55
-1,111.929,55
-1,115.077,55
-1,118.478,55
-1,121.741,55
-1,124.876,55
-1,128.209,55
-1,131.074,55
-1,134.443,55
-1,137.663,55
-1,140.741,55
-1,143.647,55
-1,146.526,55
-1,149.874,55
-1,152.751,55
-1,155.608,55
-1,158.668,55
-1,161.890,55
-1,165.169,55
-1,168.546,55
-1,171.639,55
-1,174.637,55
-1,177.731,55
-1,180.682,55
-1,184.062,55
-1,187.379,55
-1,190.469,55
-1,193.840,55
-1,196.929,55
-1,200.382,55
-1,203.364,55
-1,206.288,55
-1,209.516,55
-1,212.559,55
-1,216.053,55
-1,223.145,55
-1,226.335,55
-1,229.263,55
-1,232.382,55
-1,235.517,55
-1,238.736,55
-1,241.815,55
-1,245.021,55
-1,247.884,59
-1,251.330,59
-1,254.293,59
-1,257.191,59
-1,260.310,59
-1,263.486,59
-1,266.877,59
-1,269.830,59
-1,272.940,59
-1,275.929,59
-1,283.085,59
-1,286.322,59
-1,289.401,59
-1,292.442,59
-1,295.575,59
-1,299.301,59
-1,302.337,59
-1,305.911,59
-1,309.255,59
-1,312.580,59
-1,316.037,59
-1,319.100,59
-1,322.157,59
-1,325.164,59
-1,328.389,59
-1,331.266,59
-1,334.811,59
-1,338.009,59
-1,340.978,59
-1,343.998,59
-1,347.009,59
-1,350.280,59
-1,353.240,59
-1,356.209,59
-1,359.144,59
-1,362.300,59
-1,365.650,59
-1,368.739,59
-1,371.863,59
-1,375.037,59
-1,378.426,59
-1,381.254,59
-1,384.717,59
-1,388.165,59
-1,391.140,59
-1,394.271,59
-1,397.228,59
-1,400.931,59
-1,403.969,59
-1,406.923,59
-1,409.950,59
-1,412.849,63
-1,416.276,63
-1,419.285,63
-1,422.262,63
-1,425.151,63
-1,428.372,63
-1,431.281,63
-1,435.071,63
-1,438.511,63
-1,441.709,63
-1,444.884,63
-1,447.783,63
-1,451.278,63
-1,454.518,63
-1,457.591,63
-1,460.636,63
-1,463.526,63
-1,466.935,63
-1,469.981,63
-1,473.164,63
-1,476.073,63
-1,479.009,63
-1,482.751,63
-1,486.076,63
-1,489.331,63
-1,492.283,63
-1,495.280,63
-1,498.474,63
-1,501.715,63
-1,504.846,63
-1,507.720,63
-1,510.871,63
-1,513.743,63
-1,517.158,63
-1,520.285,63
-1,523.249,63
-1,526.094,63
-1,528.976,63
-1,532.177,63
-1,535.410,63
-1,542.980,63
-1,545.978,63
-1,549.326,63
-1,552.510,63
-1,555.560,63
-1,558.678,63
-1,562.039,63
-1,565.317,63
-1,568.507,63
-1,571.629,63
-1,574.543,63
-1,577.576,63
-1,580.544,67
-1,583.793,67
-1,586.868,67
-1,589.956,67
-1,593.118,67
-1,596.106,67
-1,599.560,67
-1,602.745,67
-1,605.641,67
-1,609.440,67
-1,612.625,67
-1,616.227,67
-1,624.620,67
-1,627.722,67
-1,630.598,67
-1,633.918,67
-1,637.002,67
-1,639.975,67
-1,643.047,67
-1,646.284,67
-1,649.759,67
-1,652.783,67
-1,655.789,67
-1,658.747,67
-1,661.835,67
-1,664.923,67
-1,668.267,67
-1,671.437,67
-1,674.417,67
-1,677.604,67
-1,680.784,67
-1,685.278,67
-1,688.787,67
-1,692.029,67
-1,695.440,67
-1,698.404,67
-1,701.577,67
-1,704.734,67
-1,707.806,67
-1,710.740,67
-1,713.747,67
-1,717.075,67
-1,719.955,67
-1,722.827,67
-1,725.700,67
-1,728.841,67
-1,732.131,67
-1,735.097,67
-1,738.093,67
-1,741.120,67
-1,743.998,67
-1,746.831,71
-1,750.042,71
-1,753.016,71
-1,755.986,71
-1,759.101,71
-1,762.146,71
-1,765.318,71
-1,768.427,71
-1,771.400,71
-1,774.448,71
-1,777.505,71
-1,780.337,71
-1,783.551,71
-1,786.427,71
-1,789.376,71
-1,792.332,71
-1,795.279,71
-1,798.428,71
-1,801.617,71
-1,804.611,71
-1,807.449,71
-1,810.314,71
-1,814.089,71
-1,817.395,71
-1,820.304,71
-1,823.315,71
-1,826.234,71
-1,829.047,71
-1,832.355,71
-1,835.381,71
-1,838.398,71
-1,841.443,71
-1,844.417,71
-1,849.189,71
-1,852.748,71
-1,855.609,71
-1,858.568,71
-1,861.383,71
-1,864.271,71
-1,867.507,71
-1,870.514,71
-1,873.584,71
-1,876.787,71
-1,879.756,71
-1,883.029,71
-1,886.080,71
-1,889.228,71
-1,892.086,71
-1,895.156,71
-1,898.139,71
-1,901.037,71
-1,903.988,71
-1,906.915,71
-1,910.514,71
-1,913.589,75
-1,916.871,75
-1,919.982,75
-1,923.228,75
-1,926.314,75
-1,929.129,75
-1,932.750,75
-1,935.896,75
-1,939.229,75
-1,942.124,75
-1,945.055,75
-1,949.007,75
-1,952.206,75
-1,955.139,75
-1,957.987,75
-1,960.850,75
-1,963.832,75
-1,967.088,75
-1,970.135,75
-1,973.343,75
-1,976.414,75
-1,979.409,75
-1,982.808,75
-1,985.920,75
-1,988.861,75
-1,991.740,75
-1,994.583,75
-1,997.427,75
-1,1000.620,75
-1,1003.758,75
-1,1006.987,75
-1,1010.052,75
-1,1013.116,75
-1,1016.674,75
-1,1019.716,75
-1,1022.687,75
-1,1025.547,75
-1,1028.629,75
-1,1031.849,75
-1,1035.240,75
-1,1038.390,75
-1,1041.439,75
-1,1044.368,75
-1,1047.291,75
-1,1050.559,75
-1,1053.647,75
-1,1056.722,75
-1,1059.620,75
-1,1062.493,75
-1,1065.716,75
-1,1068.781,75
-1,1071.793,75
-1,1074.854,75
-1,1078.172,75
-1,1081.008,79
-1,1084.454,79
-1,1087.591,79
-1,1090.547,79
-1,1093.631,79
-1,1096.771,79
-1,1099.979,79
-1,1102.885,79
-1,1105.794,79
-1,1108.680,79
-1,1111.685,79
-1,1114.530,79
-1,1117.988,79
-1,1121.319,79
-1,1124.330,79
-1,1127.292,79
-1,1130.237,79
-1,1133.406,79
-1,1136.349,79
-1,1139.295,79
-1,1142.270,79
-1,1145.188,79
-1,1148.793,79
-1,1152.161,79
-1,1155.199,79
-1,1158.275,79
-1,1161.288,79
-1,1164.163,79
-1,1167.448,79
-1,1170.515,79
-1,1173.529,79
-1,1176.499,79
-1,1179.364,79
-1,1182.525,79
-1,1185.497,79
-1,1188.553,79
-1,1191.580,79
-1,1194.492,79
-1,1197.602,79
-1,1200.834,79
-1,1203.894,79
-1,1207.023,79
-1,1210.119,79
-1,1213.994,79
-1,1217.340,79
-1,1220.652,79
-1,1223.745,79
-1,1226.635,79
-1,1229.535,79
-1,1232.865,79
-1,1236.166,79
-1,1239.179,79
-1,1242.270,79
-1,1245.197,79
-1,1249.272,84
-1,1252.727,84
-1,1256.043,84
-1,1259.164,84
-1,1262.257,84
-1,1265.514,84
-1,1268.852,84
-1,1271.739,84
-1,1274.841,84
-1,1277.941,84
-1,1280.949,84
-1,1284.201,84
-1,1287.254,84
-1,1290.153,84
-1,1293.116,84
-1,1295.929,84
-1,1299.619,84
-1,1302.903,84
-1,1306.063,84
-1,1309.126,84
-1,1312.450,84
-1,1315.676,84
-1,1318.677,84
-1,1321.801,84
-1,1324.926,84
-1,1328.035,84
-1,1330.888,84
-1,1334.159,84
-1,1337.306,84
-1,1340.314,84
-1,1343.237,84
-1,1346.130,84
-1,1349.271,84
-1,1352.161,84
-1,1355.386,84
-1,1358.405,84
-1,1361.538,84
-1,1364.481,84
-1,1368.198,84
-1,1371.475,84
-1,1374.630,84
-1,1377.685,84
-1,1380.868,84
-1,1384.180,84
-1,1387.388,84
-1,1390.375,84
-1,1393.293,84
-1,1396.401,84
-1,1399.646,84
-1,1402.634,84
-1,1405.594,84
-1,1408.565,84
-1,1411.770,84
-1,1414.613,88
-1,1417.820,88
-1,1420.832,88
-1,1423.974,88
-1,1426.977,88
-1,1429.914,88
-1,1433.046,88
-1,1436.018,88
-1,1438.927,88
-1,1441.988,88
-1,1445.039,88
-1,1448.559,88
-1,1451.838,88
-1,1454.971,88
-1,1458.083,88
-1,1461.234,88
-1,1464.301,88
-1,1467.989,88
-1,1471.073,88
-1,1474.198,88
-1,1477.177,88
-1,1480.123,88
-1,1483.601,88
-1,1486.681,88
-1,1489.740,88
-1,1492.977,88
-1,1496.124,88
-1,1499.502,88
-1,1502.958,88
-1,1505.971,88
-1,1508.988,88
-1,1511.957,88
-1,1516.499,88
-1,1519.516,88
-1,1522.440,88
-1,1525.263,88
-1,1528.298,88
-1,1531.255,88
-1,1534.551,88
-1,1537.591,88
-1,1540.516,88
-1,1543.380,88
-1,1546.314,88
-1,1549.933,88
-1,1552.873,88
-1,1555.729,88
-1,1558.710,88
-1,1561.906,88
-1,1565.030,88
-1,1568.391,88
-1,1571.585,88
-1,1574.724,88
-1,1577.798,88
-1,1580.770,92
-1,1584.052,92
-1,1587.147,92
-1,1590.020,92
-1,1592.885,92
-1,1595.709,92
-1,1598.881,92
-1,1601.919,92
-1,1604.892,92
-1,1607.811,92
-1,1611.165,92
-1,1614.036,92
-1,1617.265,92
-1,1620.300,92
-1,1623.328,92
-1,1626.426,92
-1,1629.646,92
-1,1632.533,92
-1,1636.205,92
-1,1639.408,92
-1,1642.432,92
-1,1645.418,92
-1,1648.594,92
-1,1652.032,92
-1,1655.263,92
-1,1658.221,92
-1,1661.184,92
-1,1664.030,92
-1,1667.246,92
-1,1670.360,92
-1,1673.469,92
-1,1676.361,92
-1,1679.511,92
-1,1683.278,92
-1,1686.324,92
-1,1689.219,92
-1,1692.138,92
-1,1695.323,92
-1,1699.038,92
-1,1702.174,92
-1,1705.142,92
-1,1707.999,92
-1,1711.057,92
-1,1714.053,92
-1,1717.613,92
-1,1720.610,92
-1,1723.536,92
-1,1726.404,92
-1,1729.355,92
-1,1732.491,92
-1,1735.956,92
-1,1739.033,92
-1,1742.186,92
-1,1745.125,92
-1,1748.427,96
-1,1751.726,96
-1,1754.862,96
-1,1757.849,96
-1,1760.772,96
-1,1763.775,96
-1,1767.047,96
-1,1769.985,96
-1,1772.963,96
-1,1775.851,96
-1,1778.903,96
-1,1782.597,96
-1,1786.081,96
-1,1788.980,96
-1,1792.091,96
-1,1795.055,96
-1,1799.186,96
-1,1802.921,96
-1,1806.025,96
-1,1809.068,96
-1,1812.299,96
-1,1815.735,96
-1,1820.128,96
-1,1823.020,96
-1,1825.883,96
-1,1829.154,96
-1,1832.774,96
-1,1835.962,96
-1,1839.089,96
-1,1842.055,96
-1,1845.104,96
-1,1848.025,96
-1,1851.334,96
-1,1854.450,96
-1,1857.377,96
-1,1860.299,96
-1,1863.231,96
-1,1866.666,96
-1,1869.664,96
-1,1872.861,96
-1,1875.745,96
-1,1878.735,96
-1,1882.084,96
-1,1885.366,96
-1,1888.365,96
-1,1891.377,96
-1,1894.806,96
-1,1897.795,96
-1,1901.195,96
-1,1904.297,96
-1,1907.205,96
-1,1910.184,96
-1,1913.167,100
-1,1916.606,100
-1,1919.581,100
-1,1922.502,100
-1,1925.416,100
-1,1928.492,100
-1,1931.441,100
-1,1934.764,100
-1,1937.994,100
-1,1941.048,100
-1,1944.020,100
-1,1947.101,100
-1,1950.403,100
-1,1953.516,100
-1,1956.440,100
-1,1959.280,100
-1,1962.303,100
-1,1965.394,100
-1,1968.778,100
-1,1971.776,100
-1,1974.761,100
-1,1977.942,100
-1,1980.887,100
-1,1984.174,100
-1,1987.125,100
-1,1990.051,100
-1,1992.996,100
-1,1995.895,100
-1,1999.029,100
-1,2002.030,100
-1,2005.059,100
-1,2007.976,100
-1,2010.865,100
-1,2013.804,100
-1,2016.994,100
-1,2020.048,100
-1,2022.959,100
-1,2025.786,100
-1,2029.126,100
-1,2033.085,100
-1,2036.115,100
-1,2039.075,100
-1,2042.016,100
-1,2045.233,100
-1,2048.621,100
-1,2052.341,100
-1,2055.259,100
-1,2058.248,100
-1,2061.119,100
-1,2063.976,100
-1,2067.238,100
-1,2070.212,100
-1,2073.108,100
-1,2075.917,100
-1,2078.967,104
-1,2082.592,104
-1,2085.735,104
-1,2088.866,104
-1,2091.907,104
-1,2094.887,104
-1,2097.741,104
-1,2100.972,104
-1,2104.000,104
-1,2107.127,104
-1,2110.175,104
-1,2113.173,104
-1,2116.432,104
-1,2119.581,104
-1,2123.525,104
-1,2126.620,104
-1,2129.530,104
-1,2132.777,104
-1,2135.980,104
-1,2138.965,104
-1,2141.927,104
-1,2145.028,104
-1,2147.834,104
-1,2151.082,104
-1,2154.128,104
-1,2157.038,104
-1,2159.891,104
-1,2162.788,104
-1,2166.230,104
-1,2169.289,104
-1,2172.186,104
-1,2175.064,104
-1,2178.073,104
-1,2180.933,104
-1,2184.142,104
-1,2187.133,104
-1,2190.002,104
-1,2192.867,104
-1,2195.590,104
-1,2198.678,104
-1,2201.968,104
-1,2205.051,104
-1,2208.078,104
-1,2210.954,104
-1,2213.853,104
-1,2217.110,104
-1,2220.178,104
-1,2223.314,104
-1,2226.269,104
-1,2229.044,104
-1,2232.897,104
-1,2236.130,104
-1,2239.409,104
-1,2242.431,104
-1,2245.640,109
-1,2248.850,109
-1,2251.836,109
-1,2255.025,109
-1,2258.111,109
-1,2261.049,109
-1,2263.943,109
-1,2267.359,109
-1,2270.403,109
-1,2273.431,109
-1,2276.564,109
-1,2279.402,109
-1,2282.643,109
-1,2285.750,109
-1,2288.883,109
-1,2291.881,109
-1,2294.982,109
-1,2297.938,109
-1,2301.294,109
-1,2304.490,109
-1,2307.447,109
-1,2310.333,109
-1,2313.262,109
-1,2316.721,109
-1,2319.838,109
-1,2322.949,109
-1,2325.793,109
-1,2329.062,109
-1,2332.592,109
-1,2335.733,109
-1,2338.825,109
-1,2341.722,109
-1,2344.631,109
-1,2347.459,109
-1,2350.764,109
-1,2353.812,109
-1,2357.049,109
-1,2359.973,109
-1,2362.941,109
-1,2366.231,109
-1,2369.257,109
-1,2372.345,109
-1,2375.226,109
-1,2378.244,109
-1,2381.097,109
-1,2384.324,109
-1,2387.289,109
-1,2390.271,109
-1,2393.210,109
-1,2396.391,109
-1,2399.626,109
-1,2402.636,109
-1,2405.514,109
-1,2408.528,109
-1,2411.364,109
-1,2414.290,113
-1,2417.527,113
-1,2420.622,113
-1,2424.552,113
-1,2427.483,113
-1,2430.276,113
-1,2434.093,113
-1,2437.298,113
-1,2440.148,113
-1,2443.117,113
-1,2446.080,113
-1,2449.346,113
-1,2452.504,113
-1,2455.454,113
-1,2458.507,113
-1,2461.477,113
-1,2464.343,113
-1,2467.536,113
-1,2470.457,113
-1,2473.456,113
-1,2476.794,113
-1,2479.738,113
-1,2483.045,113
-1,2486.221,113
-1,2489.179,113
-1,2492.268,113
-1,2495.172,113
-1,2498.083,113
-1,2501.586,113
-1,2504.726,113
-1,2507.883,113
-1,2510.856,113
-1,2513.780,113
-1,2516.988,113
-1,2519.909,113
-1,2522.868,113
-1,2525.854,113
-1,2528.711,113
-1,2532.037,113
-1,2535.149,113
-1,2538.380,113
-1,2541.314,113
-1,2544.226,113
-1,2547.327,113
-1,2550.593,113
-1,2553.644,113
-1,2556.542,113
-1,2559.342,113
-1,2562.155,113
-1,2566.070,113
-1,2569.260,113
-1,2572.228,113
-1,2575.274,113
-1,2578.309,113
-1,2581.098,117
-1,2584.561,117
-1,2587.722,117
-1,2590.767,117
-1,2593.692,117
-1,2596.755,117
-1,2600.024,117
-1,2603.025,117
-1,2605.916,117
-1,2608.883,117
-1,2611.908,117
-1,2615.704,117
-1,2618.859,117
-1,2621.932,117
-1,2625.109,117
-1,2628.093,117
-1,2631.115,117
-1,2634.492,117
-1,2637.674,117
-1,2640.788,117
-1,2643.759,117
-1,2648.537,117
-1,2652.270,117
-1,2655.786,117
-1,2658.823,117
-1,2661.768,117
-1,2665.654,117
-1,2668.807,117
-1,2671.783,117
-1,2674.761,117
-1,2677.887,117
-1,2680.816,117
-1,2684.045,117
-1,2687.354,117
-1,2690.301,117
-1,2693.203,117
-1,2695.986,117
-1,2699.256,117
-1,2702.771,117
-1,2705.843,117
-1,2708.784,117
-1,2711.934,117
-1,2715.796,117
-1,2718.987,117
-1,2721.896,117
-1,2725.934,117
-1,2729.020,117
-1,2732.057,117
-1,2735.292,117
-1,2738.275,117
-1,2741.141,117
-1,2744.010,117
0,2746.854,0
0,2750.152,0
0,2753.191,0
0,2756.194,0
0,2759.149,0
0,2762.423,0
0,2765.410,0
0,2768.483,0
0,2771.588,0
0,2774.629,0
0,2777.577,0
0,2780.452,0
0,2783.719,0
0,2786.982,0
0,2790.076,0
0,2793.063,0
0,2795.935,0
0,2799.497,0
0,2802.423,0
0,2805.323,0
0,2808.270,0
0,2811.234,0
0,2814.041,0
0,2817.287,0
0,2820.212,0
0,2823.208,0
0,2826.130,0
0,2829.032,0
0,2832.812,0
0,2836.361,0
0,2839.415,0
0,2842.456,0
0,2845.685,0
0,2849.056,0
0,2852.368,0
0,2855.514,0
0,2858.703,0
0,2861.858,0
0,2864.772,0
0,2868.158,0
0,2871.339,0
0,2874.411,0
0,2877.267,0
0,2880.132,0
0,2883.446,0
0,2886.347,0
0,2889.262,0
0,2892.271,0
0,2895.379,0
0,2898.853,0
0,2901.991,0
0,2905.127,0
0,2908.271,0
0,2911.339,0
0,2914.305,0
0,2917.652,0
0,2920.738,0
0,2923.814,0
0,2927.041,0
0,2929.974,0
0,2933.196,0
0,2936.166,0
0,2939.143,0
0,2942.254,0
0,2945.244,0
0,2949.452,0
0,2952.850,0
0,2955.878,0
0,2958.825,0
0,2961.886,0
0,2965.580,0
0,2968.690,0
0,2971.762,0
0,2974.935,0
0,2978.004,0
0,2981.056,0
0,2984.361,0
0,2986.797,0
0,2989.618,0
0,2992.144,0
0,2994.853,0
0,2997.390,0
0,3000.251,0
0,3002.919,0
0,3005.534,0
0,3008.212,0
0,3010.652,0
0,3013.250,0
0,3016.363,0
0,3019.013,0
0,3021.549,0
0,3024.047,0
0,3027.345,0
0,3029.877,0
0,3033.263,0
0,3036.331,0
0,3038.943,0
0,3041.511,0
0,3044.097,0
0,3046.673,0
0,3049.942,0
0,3053.075,0
0,3055.720,0
0,3058.391,0
0,3060.820,0
0,3063.769,0
0,3066.709,0
0,3069.674,0
0,3072.333,0
0,3075.010,0
0,3077.653,0
0,3080.160,5
0,3083.994,5
0,3086.708,5
0,3089.199,5
0,3092.184,5
0,3094.754,5
0,3097.329,5
0,3100.232,5
0,3102.815,5
0,3105.460,5
0,3108.079,5
0,3110.441,5
0,3112.926,5
0,3116.215,5
0,3118.855,5
0,3121.480,5
0,3124.539,5
0,3127.445,5
0,3129.919,5
0,3133.237,5
0,3135.940,5
0,3138.911,5
0,3141.866,5
0,3144.877,5
0,3147.429,5
0,3150.283,5
0,3152.930,5
0,3155.491,5
0,3157.898,5
0,3160.389,5
0,3162.680,5
0,3165.627,5
0,3168.267,5
0,3170.861,5
0,3173.456,5
0,3176.021,5
0,3178.720,5
0,3182.716,5
0,3185.362,5
0,3187.703,5
0,3190.269,5
0,3192.902,5
0,3195.419,5
0,3198.731,5
0,3201.696,5
0,3204.313,5
0,3206.663,5
0,3209.181,5
0,3211.970,5
0,3215.707,5
0,3218.427,5
0,3220.874,5
0,3223.479,5
0,3226.037,5
0,3229.205,5
0,3232.156,5
0,3234.963,5
0,3237.513,5
0,3239.992,5
0,3242.556,5
0,3245.295,9
0,3248.848,9
0,3251.821,9
0,3254.382,9
0,3256.965,9
0,3259.556,9
0,3262.071,9
0,3265.614,9
0,3268.315,9
0,3270.893,9
0,3273.391,9
0,3275.948,9
0,3278.592,9
0,3282.128,9
0,3285.028,9
0,3287.422,9
0,3289.780,9
0,3292.399,9
0,3295.417,9
0,3298.422,9
0,3301.071,9
0,3303.725,9
0,3306.654,9
0,3309.166,9
0,3311.789,9
0,3315.430,9
0,3318.300,9
0,3321.281,9
0,3323.981,9
0,3326.312,9
0,3329.614,9
0,3332.789,9
0,3335.445,9
0,3338.012,9
0,3340.994,9
0,3343.640,9
0,3346.621,9
0,3349.759,9
0,3352.479,9
0,3354.976,9
0,3357.691,9
0,3360.250,9
0,3362.789,9
0,3365.745,9
0,3368.949,9
0,3371.462,9
0,3374.027,9
0,3377.101,9
0,3379.665,9
0,3382.476,9
0,3385.142,9
0,3387.518,9
0,3390.071,9
0,3392.750,9
0,3395.417,9
0,3398.966,9
0,3401.627,9
0,3404.224,9
0,3406.568,9
0,3408.886,9
0,3411.499,9
0,3414.310,13
0,3417.108,13
0,3419.689,13
0,3422.200,13
0,3424.711,13
0,3427.190,13
0,3429.680,13
0,3432.258,13
0,3435.605,13
0,3438.215,13
0,3440.726,13
0,3443.391,13
0,3445.893,13
0,3448.623,13
0,3451.758,13
0,3454.486,13
0,3457.559,13
0,3460.281,13
0,3462.781,13
0,3465.720,13
0,3468.573,13
0,3470.950,13
0,3473.516,13
0,3476.027,13
0,3478.549,13
0,3481.636,13
0,3484.433,13
0,3486.937,13
0,3489.497,13
0,3492.091,13
0,3494.486,13
0,3496.822,13
0,3499.557,13
0,3502.677,13
0,3505.375,13
0,3508.068,13
0,3510.491,13
0,3512.992,13
0,3515.912,13
0,3518.672,13
0,3521.333,13
0,3523.976,13
0,3526.507,13
0,3529.451,13
0,3532.058,13
0,3534.691,13
0,3537.872,13
0,3540.786,13
0,3543.414,13
0,3545.847,13
0,3550.196,13
0,3552.957,13
0,3555.590,13
0,3558.251,13
0,3560.629,13
0,3562.998,13
0,3566.599,13
0,3569.528,13
0,3572.534,13
0,3575.607,13
0,3578.235,13
0,3580.672,17
0,3583.901,17
0,3586.490,17
0,3588.950,17
0,3591.465,17
0,3594.004,17
0,3596.535,17
0,3599.212,17
0,3601.943,17
0,3604.996,17
0,3607.614,17
0,3610.109,17
0,3612.419,17
0,3615.854,17
0,3618.469,17
0,3621.300,17
0,3623.977,17
0,3626.570,17
0,3629.191,17
0,3632.693,17
0,3635.372,17
0,3638.275,17
0,3640.978,17
0,3643.560,17
0,3646.132,17
0,3649.173,17
0,3652.134,17
0,3654.744,17
0,3657.343,17
0,3659.682,17
0,3662.188,17
0,3665.622,17
0,3668.795,17
0,3671.404,17
0,3674.116,17
0,3677.131,17
0,3679.633,17
0,3682.936,17
0,3685.729,17
0,3688.809,17
0,3691.887,17
0,3694.660,17
0,3697.205,17
0,3700.810,17
0,3703.491,17
0,3706.074,17
0,3708.896,17
0,3711.433,17
0,3713.931,17
0,3716.781,17
0,3719.346,17
0,3721.952,17
0,3725.175,17
0,3727.818,17
0,3730.599,17
0,3733.678,17
0,3736.362,17
0,3738.934,17
0,3741.428,17
0,3744.190,17
0,3746.910,21
0,3749.666,21
0,3752.299,21
0,3754.867,21
0,3757.534,21
0,3760.041,21
0,3762.554,21
0,3765.565,21
0,3768.367,21
0,3770.875,21
0,3773.477,21
0,3775.936,21
0,3778.577,21
0,3781.892,21
0,3784.840,21
0,3787.436,21
0,3789.936,21
0,3792.437,21
0,3795.289,21
0,3798.325,21
0,3800.890,21
0,3803.472,21
0,3806.081,21
0,3808.376,21
0,3810.905,21
0,3813.378,21
0,3816.243,21
0,3818.790,21
0,3821.320,21
0,3823.978,21
0,3826.551,21
0,3829.100,21
0,3832.320,21
0,3835.661,21
0,3838.235,21
0,3841.052,21
0,3843.662,21
0,3846.175,21
0,3849.711,21
0,3852.474,21
0,3855.047,21
0,3857.423,21
0,3859.959,21
0,3862.502,21
0,3865.628,21
0,3868.646,21
0,3871.412,21
0,3874.059,21
0,3876.516,21
0,3879.097,21
0,3882.093,21
0,3885.224,21
0,3887.844,21
0,3890.800,21
0,3893.418,21
0,3895.873,21
0,3899.188,21
0,3901.831,21
0,3904.491,21
0,3907.644,21
0,3910.187,21
0,3913.303,25
0,3916.365,25
0,3918.996,25
0,3921.605,25
0,3924.249,25
0,3926.714,25
0,3929.272,25
0,3932.652,25
0,3936.532,25
0,3939.418,25
0,3941.984,25
0,3944.770,25
0,3947.432,25
0,3950.837,25
0,3953.630,25
0,3956.299,25
0,3959.392,25
0,3961.876,25
0,3965.190,25
0,3967.770,25
0,3970.403,25
0,3972.822,25
0,3975.420,25
0,3977.928,25
0,3980.437,25
0,3983.300,25
0,3986.460,25
0,3989.092,25
0,3991.648,25
0,3994.134,25
0,3996.558,25
0,3999.800,25
0,4002.777,25
0,4005.351,25
0,4007.976,25
0,4010.504,25
0,4012.896,25
0,4016.423,25
0,4019.161,25
0,4021.705,25
0,4024.347,25
0,4026.959,25
0,4029.688,25
0,4033.372,25
0,4036.476,25
0,4039.204,25
0,4041.855,25
0,4044.476,25
0,4046.962,25
0,4050.630,25
0,4053.196,25
0,4055.861,25
0,4058.465,25
0,4060.955,25
0,4063.322,25
0,4066.405,25
0,4069.133,25
0,4071.666,25
0,4074.243,25
0,4076.861,25
0,4079.766,30
0,4083.260,30
0,4086.041,30
0,4088.777,30
0,4091.718,30
0,4094.252,30
0,4096.753,30
0,4100.307,30
0,4102.959,30
0,4106.143,30
0,4108.735,30
0,4111.452,30
0,4114.024,30
0,4116.781,30
0,4119.401,30
0,4121.779,30
0,4124.490,30
0,4127.169,30
0,4129.712,30
0,4133.414,30
0,4136.029,30
0,4138.657,30
0,4141.319,30
0,4144.442,30
0,4147.050,30
0,4149.854,30
0,4152.962,30
0,4155.552,30
0,4158.229,30
0,4160.831,30
0,4163.694,30
0,4166.582,30
0,4169.358,30
0,4172.238,30
0,4174.774,30
0,4177.588,30
0,4180.007,30
0,4185.077,30
0,4188.480,30
0,4191.743,30
0,4194.933,30
0,4198.058,30
0,4201.520,30
0,4205.009,30
0,4208.386,30
0,4211.646,30
0,4214.709,30
0,4218.173,30
0,4221.233,30
0,4224.277,30
0,4227.485,30
0,4230.571,30
0,4235.868,30
0,4240.801,30
0,4243.953,30
0,4247.186,34
0,4250.508,34
0,4253.578,34
0,4256.581,34
0,4259.518,34
0,4262.815,34
0,4266.157,34
0,4269.173,34
0,4272.095,34
0,4274.972,34
0,4277.962,34
0,4280.946,34
0,4284.247,34
0,4287.311,34
0,4290.304,34
0,4293.280,34
0,4296.298,34
0,4299.981,34
0,4303.442,34
0,4306.433,34
0,4309.662,34
0,4312.896,34
0,4316.685,34
0,4319.870,34
0,4322.999,34
0,4325.964,34
0,4329.163,34
0,4332.837,34
0,4336.445,34
0,4339.668,34
0,4342.644,34
0,4345.705,34
0,4349.268,34
0,4352.392,34
0,4355.385,34
0,4358.363,34
0,4361.479,34
0,4364.476,34
0,4367.794,34
0,4370.850,34
0,4373.919,34
0,4376.921,34
0,4379.953,34
0,4383.335,34
0,4386.484,34
0,4389.378,34
0,4392.451,34
0,4395.598,34
0,4399.126,34
0,4402.285,34
0,4405.345,34
0,4408.332,34
0,4411.303,34
0,4414.313,38
0,4417.664,38
0,4420.780,38
0,4423.774,38
0,4426.693,38
0,4429.697,38
0,4433.052,38
0,4436.155,38
0,4439.059,38
0,4442.100,38
0,4445.240,38
0,4448.780,38
0,4452.338,38
0,4455.442,38
0,4458.677,38
0,4461.630,38
0,4464.667,38
0,4468.038,38
0,4471.078,38
0,4474.143,38
0,4477.073,38
0,4480.154,38
0,4483.486,38
0,4486.677,38
0,4489.803,38
0,4492.832,38
0,4495.907,38
0,4499.170,38
0,4503.543,38
0,4506.733,38
0,4509.684,38
0,4512.746,38
0,4515.956,38
0,4519.157,38
0,4522.134,38
0,4525.056,38
0,4528.032,38
0,4530.909,38
0,4534.194,38
0,4537.259,38
0,4540.993,38
0,4544.063,38
0,4546.966,38
0,4550.384,38
0,4553.650,38
0,4556.663,38
0,4559.848,38
0,4562.951,38
0,4566.524,38
0,4569.594,38
0,4572.660,38
0,4575.789,38
0,4579.009,42
0,4582.647,42
0,4586.134,42
0,4589.128,42
0,4592.353,42
0,4595.482,42
0,4599.067,42
0,4602.204,42
0,4605.202,42
0,4608.229,42
0,4611.276,42
0,4614.266,42
0,4617.579,42
0,4620.720,42
0,4623.785,42
0,4626.816,42
0,4629.879,42
0,4633.338,42
0,4636.394,42
0,4639.475,42
0,4642.495,42
0,4646.143,42
0,4649.542,42
0,4652.739,42
0,4655.765,42
0,4658.850,42
0,4661.880,42
0,4664.938,42
0,4668.290,42
0,4671.322,42
0,4674.295,42
0,4677.438,42
0,4680.409,42
0,4683.818,42
0,4686.886,42
0,4689.836,42
0,4692.908,42
0,4696.087,42
0,4699.411,42
0,4702.484,42
0,4705.414,42
0,4708.469,42
0,4711.518,42
0,4714.516,42
0,4717.893,42
0,4720.980,42
0,4723.928,42
0,4726.887,42
0,4729.972,42
0,4733.635,42
0,4736.900,42
0,4740.337,42
0,4743.297,42
0,4746.413,46
0,4749.573,46
0,4752.706,46
0,4755.682,46
0,4758.844,46
0,4761.855,46
0,4765.652,46
0,4769.005,46
0,4772.063,46
0,4775.267,46
0,4778.464,46
0,4781.480,46
0,4785.130,46
0,4788.218,46
0,4791.222,46
0,4794.175,46
0,4797.113,46
0,4800.350,46
0,4803.338,46
0,4806.398,46
0,4809.386,46
0,4812.361,46
0,4815.361,46
0,4818.643,46
0,4821.709,46
0,4824.924,46
0,4828.204,46
0,4831.156,46
0,4834.459,46
0,4837.473,46
0,4840.558,46
0,4844.476,46
0,4847.445,46
0,4850.711,46
0,4853.993,46
0,4857.329,46
0,4860.435,46
0,4863.513,46
0,4868.250,46
0,4871.377,46
0,4874.348,46
0,4877.615,46
0,4880.514,46
0,4883.710,46
0,4886.979,46
0,4889.960,46
0,4892.914,46
0,4895.835,46
0,4899.523,46
0,4903.111,46
0,4906.117,46
0,4909.228,46
0,4912.242,50
0,4915.231,50
0,4919.018,50
0,4922.079,50
0,4925.296,50
0,4928.552,50
0,4931.495,50
0,4934.984,50
0,4938.300,50
0,4941.373,50
0,4944.505,50
0,4947.696,50
0,4951.117,50
0,4954.801,50
0,4958.387,50
0,4961.633,50
0,4964.946,50
0,4968.694,50
0,4972.557,50
0,4975.908,50
0,4979.968,50
0,4984.385,50
0,4987.877,50
0,4991.083,50
0,4994.205,50
0,4997.314,50
0,5000.690,50
0,5003.844,50
0,5007.325,50
0,5010.370,50
0,5013.433,50
0,5017.444,50
0,5020.742,50
0,5023.747,50
0,5026.669,50
0,5029.562,50
0,5032.882,50
0,5035.955,50
0,5039.059,50
0,5041.905,50
0,5044.974,50
0,5047.958,50
0,5051.302,50
0,5054.412,50
0,5057.290,50
0,5060.157,50
0,5063.122,50
0,5066.297,50
0,5069.314,50
0,5072.274,50
0,5075.203,50
0,5078.113,50
0,5081.345,55
0,5084.594,55
0,5087.793,55
0,5090.890,55
0,5093.777,55
0,5096.563,55
0,5099.768,55
0,5102.861,55
0,5105.779,55
0,5108.813,55
0,5111.755,55
0,5114.706,55
0,5118.205,55
0,5121.278,55
0,5124.156,55
0,5127.237,55
0,5130.132,55
0,5133.403,55
0,5136.661,55
0,5139.548,55
0,5142.621,55
0,5146.275,55
0,5149.785,55
0,5152.740,55
0,5155.663,55
0,5158.553,55
0,5161.479,55
0,5164.287,55
0,5167.646,55
0,5170.680,55
0,5173.811,55
0,5176.830,55
0,5179.746,55
0,5183.406,55
0,5186.489,55
0,5189.416,55
0,5192.382,55
0,5195.550,55
0,5198.761,55
0,5201.980,55
0,5205.172,55
0,5208.391,55
0,5211.326,55
0,5214.235,55
0,5217.568,55
0,5220.534,55
0,5223.677,55
0,5226.908,55
0,5229.825,55
0,5232.950,55
0,5236.374,55
0,5239.483,55
0,5242.381,55
0,5245.508,59
0,5248.666,59
0,5251.932,59
0,5254.979,59
0,5257.930,59
0,5260.794,59
0,5263.611,59
0,5267.108,59
0,5270.154,59
0,5273.120,59
0,5276.253,59
0,5279.238,59
0,5283.112,59
0,5286.263,59
0,5289.351,59
0,5292.392,59
0,5295.359,59
0,5298.248,59
0,5301.413,59
0,5304.798,59
0,5307.879,59
0,5310.797,59
0,5313.760,59
0,5317.138,59
0,5320.192,59
0,5323.227,59
0,5326.222,59
0,5329.144,59
0,5332.462,59
0,5335.824,59
0,5338.753,59
0,5341.701,59
0,5344.672,59
0,5347.577,59
0,5350.810,59
0,5354.018,59
0,5357.191,59
0,5360.225,59
0,5363.124,59
0,5366.502,59
0,5369.868,59
0,5373.072,59
0,5375.982,59
0,5378.847,59
0,5382.485,59
0,5385.691,59
0,5388.685,59
0,5391.751,59
0,5394.649,59
0,5397.599,59
0,5400.789,59
0,5404.059,59
0,5407.184,59
0,5410.068,59
0,5412.883,63
0,5418.225,63
0,5421.525,63
0,5424.622,63
0,5427.645,63
0,5430.562,63
0,5433.869,63
0,5437.224,63
0,5440.294,63
0,5443.298,63
0,5446.786,63
0,5450.219,63
0,5453.255,63
0,5456.189,63
0,5459.122,63
0,5462.149,63
0,5465.325,63
0,5468.627,63
0,5471.810,63
0,5474.912,63
0,5478.060,63
0,5481.087,63
0,5484.444,63
0,5487.776,63
0,5490.742,63
0,5493.750,63
0,5496.992,63
0,5500.255,63
0,5503.366,63
0,5506.320,63
0,5509.421,63
0,5512.473,63
0,5515.672,63
0,5518.783,63
0,5521.697,63
0,5524.606,63
0,5527.449,63
0,5530.396,63
0,5533.700,63
0,5536.855,63
0,5539.831,63
0,5542.722,63
0,5545.607,63
0,5549.139,63
0,5552.441,63
0,5555.353,63
0,5558.331,63
0,5561.231,63
0,5564.166,63
0,5567.561,63
0,5570.599,63
0,5573.644,63
0,5576.484,63
0,5579.305,67
0,5582.611,67
0,5585.651,67
0,5588.733,67
0,5591.770,67
0,5594.646,67
0,5597.460,67
0,5600.574,67
0,5603.550,67
0,5606.421,67
0,5609.285,67
0,5612.223,67
0,5615.571,67
0,5618.499,67
0,5621.621,67
0,5624.581,67
0,5627.608,67
0,5630.551,67
0,5633.833,67
0,5636.806,67
0,5639.701,67
0,5642.746,67
0,5645.833,67
0,5650.430,67
0,5653.676,67
0,5656.765,67
0,5659.665,67
0,5662.507,67
0,5665.632,67
0,5668.820,67
0,5671.735,67
0,5674.552,67
0,5677.480,67
0,5680.307,67
0,5684.454,67
0,5687.610,67
0,5690.558,67
0,5693.597,67
0,5696.516,67
0,5699.447,67
0,5702.738,67
0,5705.650,67
0,5708.618,67
0,5711.621,67
0,5714.473,67
0,5717.459,67
0,5720.631,67
0,5723.659,67
0,5726.613,67
0,5729.458,67
0,5732.670,67
0,5735.719,67
0,5738.714,67
0,5741.670,67
0,5744.621,67
0,5748.650,71
0,5752.366,71
0,5755.506,71
0,5758.402,71
0,5761.354,71
0,5764.196,71
0,5767.397,71
0,5770.457,71
0,5773.548,71
0,5776.447,71
0,5779.246,71
0,5782.422,71
0,5785.812,71
0,5788.627,71
0,5791.641,71
0,5794.717,71
0,5797.562,71
0,5800.733,71
0,5803.877,71
0,5806.861,71
0,5809.734,71
0,5812.618,71
0,5815.963,71
0,5819.106,71
0,5822.037,71
0,5825.078,71
0,5827.941,71
0,5830.728,71
0,5834.390,71
0,5837.572,71
0,5840.555,71
0,5843.651,71
0,5846.519,71
0,5849.994,71
0,5853.198,71
0,5856.312,71
0,5859.355,71
0,5862.307,71
0,5865.888,71
0,5868.935,71
0,5871.942,71
0,5875.135,71
0,5878.104,71
0,5880.948,71
0,5884.282,71
0,5887.483,71
0,5890.316,71
0,5893.408,71
0,5896.264,71
0,5899.520,71
0,5902.434,71
0,5905.352,71
0,5908.248,71
0,5911.364,71
0,5914.414,75
0,5918.663,75
0,5921.691,75
0,5924.983,75
0,5928.064,75
0,5931.106,75
0,5934.409,75
0,5937.599,75
0,5940.459,75
0,5943.345,75
0,5946.143,75
0,5949.370,75
0,5952.429,75
0,5955.488,75
0,5958.409,75
0,5961.261,75
0,5964.079,75
0,5967.346,75
0,5970.454,75
0,5973.678,75
0,5976.689,75
0,5979.535,75
0,5982.691,75
0,5985.797,75
0,5988.914,75
0,5991.773,75
0,5994.941,75
0,5997.906,75
0,6001.087,75
0,6004.186,75
0,6007.126,75
0,6009.999,75
0,6012.824,75
0,6015.917,75
0,6019.192,75
0,6022.177,75
0,6025.032,75
0,6028.057,75
0,6031.248,75
0,6034.530,75
0,6037.629,75
0,6040.509,75
0,6043.383,75
0,6046.345,75
0,6050.471,75
0,6053.527,75
0,6056.409,75
0,6059.217,75
0,6061.998,75
0,6065.207,75
0,6068.378,75
0,6071.467,75
0,6074.502,75
0,6077.425,75
0,6080.308,79
0,6083.563,79
0,6086.468,79
0,6089.400,79
0,6092.301,79
0,6095.374,79
0,6098.707,79
0,6101.780,79
0,6104.765,79
0,6107.666,79
0,6110.563,79
0,6113.465,79
0,6116.626,79
0,6119.709,79
0,6122.556,79
0,6125.436,79
0,6128.309,79
0,6131.231,79
0,6134.440,79
0,6137.685,79
0,6140.802,79
0,6143.769,79
0,6146.777,79
0,6149.986,79
0,6153.239,79
0,6156.202,79
0,6159.135,79
0,6161.998,79
0,6165.097,79
0,6168.372,79
0,6171.434,79
0,6174.448,79
0,6177.410,79
0,6180.424,79
0,6183.652,79
0,6186.688,79
0,6189.875,79
0,6192.902,79
0,6195.713,79
0,6199.214,79
0,6202.257,79
0,6205.283,79
0,6208.171,79
0,6211.127,79
0,6214.074,79
0,6218.339,79
0,6221.654,79
0,6224.641,79
0,6227.546,79
0,6230.488,79
0,6233.738,79
0,6237.069,79
0,6240.242,79
0,6243.201,79
0,6246.006,84
0,6250.229,84
0,6253.372,84
0,6256.790,84
0,6259.630,84
0,6262.454,84
0,6265.541,84
0,6268.609,84
0,6271.749,84
0,6274.949,84
0,6278.227,84
0,6281.341,84
0,6285.049,84
0,6288.216,84
0,6291.188,84
0,6294.146,84
0,6296.981,84
0,6300.645,84
0,6303.780,84
0,6307.033,84
0,6310.017,84
0,6312.892,84
0,6316.277,84
0,6319.354,84
0,6322.197,84
0,6325.063,84
0,6327.928,84
0,6330.765,84
0,6334.058,84
0,6337.060,84
0,6340.291,84
0,6343.273,84
0,6346.356,84
0,6349.625,84
0,6353.444,84
0,6356.556,84
0,6359.493,84
0,6362.334,84
0,6366.190,84
0,6369.232,84
0,6372.157,84
0,6375.019,84
0,6377.879,84
0,6380.699,84
0,6383.883,84
0,6386.797,84
0,6389.552,84
0,6392.441,84
0,6395.571,84
0,6398.822,84
0,6401.998,84
0,6405.111,84
0,6407.996,84
0,6411.134,84
0,6413.976,88
0,6417.211,88
0,6420.276,88
0,6423.261,88
0,6426.111,88
0,6428.977,88
0,6432.233,88
0,6435.232,88
0,6438.151,88
0,6441.210,88
0,6444.144,88
0,6447.090,88
0,6450.341,88
0,6453.337,88
0,6456.642,88
0,6459.539,88
0,6462.335,88
0,6465.694,88
0,6468.924,88
0,6472.040,88
0,6475.251,88
0,6478.293,88
0,6481.277,88
0,6484.656,88
0,6487.864,88
0,6491.023,88
0,6494.041,88
0,6496.878,88
0,6500.130,88
0,6503.164,88
0,6506.042,88
0,6509.058,88
0,6512.011,88
0,6515.338,88
0,6518.316,88
0,6521.384,88
0,6524.403,88
0,6527.295,88
0,6530.102,88
0,6533.354,88
0,6536.622,88
0,6539.546,88
0,6542.411,88
0,6545.470,88
0,6548.698,88
0,6551.832,88
0,6555.080,88
0,6558.097,88
0,6560.957,88
0,6563.731,88
0,6566.819,88
0,6569.998,88
0,6573.374,88
0,6576.609,88
0,6579.410,92
0,6582.598,92
0,6585.461,92
0,6588.584,92
0,6591.568,92
0,6594.547,92
0,6597.341,92
0,6600.486,92
0,6603.420,92
0,6606.339,92
0,6609.282,92
0,6612.092,92
0,6615.381,92
0,6618.855,92
0,6621.738,92
0,6624.805,92
0,6627.795,92
0,6630.758,92
0,6634.129,92
0,6637.256,92
0,6640.246,92
0,6643.401,92
0,6646.206,92
0,6649.440,92
0,6652.408,92
0,6656.330,92
0,6659.230,92
0,6662.495,92
0,6665.746,92
0,6668.906,92
0,6672.029,92
0,6675.019,92
0,6677.875,92
0,6680.745,92
0,6683.998,92
0,6687.047,92
0,6689.998,92
0,6692.982,92
0,6695.787,92
0,6699.028,92
0,6702.237,92
0,6705.119,92
0,6708.125,92
0,6711.173,92
0,6714.107,92
0,6717.360,92
0,6720.405,92
0,6723.407,92
0,6726.286,92
0,6729.062,92
0,6732.130,92
0,6735.513,92
0,6738.532,92
0,6741.556,92
0,6744.489,92
0,6747.418,96
0,6750.577,96
0,6753.599,96
0,6756.449,96
0,6759.283,96
0,6762.074,96
0,6765.413,96
0,6768.325,96
0,6771.234,96
0,6774.064,96
0,6776.955,96
0,6779.770,96
0,6782.932,96
0,6785.918,96
0,6788.867,96
0,6791.869,96
0,6795.012,96
0,6797.788,96
0,6801.054,96
0,6804.165,96
0,6807.063,96
0,6809.934,96
0,6812.858,96
0,6816.190,96
0,6819.190,96
0,6822.143,96
0,6825.179,96
0,6828.151,96
0,6831.057,96
0,6834.755,96
0,6838.058,96
0,6841.099,96
0,6843.969,96
0,6846.853,96
0,6849.999,96
0,6852.921,96
0,6855.852,96
0,6859.088,96
0,6862.065,96
0,6865.337,96
0,6868.235,96
0,6871.183,96
0,6874.063,96
0,6876.968,96
0,6879.764,96
0,6882.904,96
0,6885.804,96
0,6888.669,96
0,6891.662,96
0,6894.537,96
0,6897.377,96
0,6900.553,96
0,6903.590,96
0,6907.138,96
0,6910.103,96
0,6913.081,100
0,6916.288,100
0,6919.401,100
0,6922.347,100
0,6925.218,100
0,6928.153,100
0,6930.990,100
0,6934.288,100
0,6937.554,100
0,6940.476,100
0,6943.574,100
0,6946.438,100
0,6949.902,100
0,6953.299,100
0,6957.278,100
0,6960.338,100
0,6963.457,100
0,6966.731,100
0,6969.674,100
0,6972.565,100
0,6975.588,100
0,6978.520,100
0,6981.366,100
0,6984.675,100
0,6987.645,100
0,6990.727,100
0,6993.720,100
0,6996.538,100
0,6999.703,100
0,7002.681,100
0,7005.594,100
0,7008.642,100
0,7011.692,100
0,7014.564,100
0,7017.781,100
0,7020.844,100
0,7023.819,100
0,7026.756,100
0,7029.667,100
0,7032.936,100
0,7035.939,100
0,7038.899,100
0,7041.690,100
0,7044.533,100
0,7047.590,100
0,7050.861,100
0,7053.922,100
0,7056.863,100
0,7059.679,100
0,7062.509,100
0,7065.656,100
0,7069.028,100
0,7072.013,100
0,7075.008,100
0,7077.940,100
0,7080.898,104
0,7084.234,104
0,7087.486,104
0,7090.460,104
0,7093.403,104
0,7096.367,104
0,7099.601,104
0,7102.513,104
0,7105.384,104
0,7108.290,104
0,7111.192,104
0,7114.182,104
0,7117.364,104
0,7120.330,104
0,7123.319,104
0,7126.174,104
0,7128.997,104
0,7132.258,104
0,7135.724,104
0,7138.586,104
0,7141.581,104
0,7144.532,104
0,7147.351,104
0,7150.436,104
0,7153.422,104
0,7156.464,104
0,7159.360,104
0,7162.350,104
0,7165.610,104
0,7168.543,104
0,7171.603,104
0,7174.817,104
0,7177.983,104
0,7180.854,104
0,7184.236,104
0,7187.225,104
0,7190.217,104
0,7193.151,104
0,7196.022,104
0,7199.078,104
0,7202.340,104
0,7205.270,104
0,7208.261,104
0,7211.191,104
0,7214.300,104
0,7217.496,104
0,7220.518,104
0,7223.564,104
0,7226.731,104
0,7229.560,104
0,7232.744,104
0,7235.736,104
0,7238.567,104
0,7241.444,104
0,7244.394,104
0,7247.572,109
0,7250.731,109
0,7253.672,109
0,7256.529,109
0,7260.313,109
0,7263.123,109
0,7267.191,109
0,7270.284,109
0,7273.456,109
0,7276.548,109
0,7279.369,109
0,7282.318,109
0,7285.491,109
0,7288.503,109
0,7291.573,109
0,7294.681,109
0,7297.610,109
0,7300.836,109
0,7303.761,109
0,7306.758,109
0,7309.661,109
0,7312.557,109
0,7315.680,109
0,7318.644,109
0,7321.734,109
0,7324.903,109
0,7328.106,109
0,7331.025,109
0,7334.192,109
0,7337.134,109
0,7340.249,109
0,7343.195,109
0,7346.105,109
0,7349.267,109
0,7352.568,109
0,7355.520,109
0,7358.517,109
0,7361.583,109
0,7364.525,109
0,7367.812,109
0,7371.209,109
0,7374.054,109
0,7376.918,109
0,7379.738,109
0,7382.872,109
0,7385.923,109
0,7388.862,109
0,7391.788,109
0,7394.632,109
0,7397.516,109
0,7400.655,109
0,7403.720,109
0,7406.602,109
0,7409.380,109
0,7412.146,113
0,7415.488,113
0,7418.726,113
0,7421.766,113
0,7424.632,113
0,7427.537,113
0,7430.376,113
0,7433.603,113
0,7436.730,113
0,7440.100,113
0,7443.048,113
0,7446.008,113
0,7449.163,113
0,7452.224,113
0,7455.152,113
0,7458.096,113
0,7461.034,113
0,7463.886,113
0,7467.037,113
0,7469.977,113
0,7472.881,113
0,7475.912,113
0,7478.751,113
0,7482.247,113
0,7485.567,113
0,7488.613,113
0,7491.627,113
0,7494.715,113
0,7497.738,113
0,7501.032,113
0,7504.051,113
0,7507.311,113
0,7510.228,113
0,7513.177,113
0,7516.360,113
0,7519.307,113
0,7522.186,113
0,7525.034,113
0,7527.893,113
0,7530.842,113
0,7534.166,113
0,7537.338,113
0,7540.246,113
0,7543.157,113
0,7545.957,113
0,7549.122,113
0,7552.100,113
0,7554.962,113
0,7557.756,113
0,7561.515,113
0,7564.502,113
0,7567.780,113
0,7570.787,113
0,7573.889,113
0,7576.992,113
0,7579.886,117
0,7583.193,117
0,7586.223,117
0,7589.189,117
0,7592.156,117
0,7595.258,117
0,7598.787,117
0,7601.812,117
0,7604.826,117
0,7608.012,117
0,7610.904,117
0,7613.758,117
0,7616.953,117
0,7619.905,117
0,7622.839,117
0,7625.775,117
0,7628.664,117
0,7632.421,117
0,7635.600,117
0,7638.671,117
0,7641.698,117
0,7644.573,117
0,7647.451,117
0,7650.685,117
0,7653.631,117
0,7656.716,117
0,7659.676,117
0,7663.969,117
0,7667.394,117
0,7670.501,117
0,7673.686,117
0,7676.666,117
0,7679.540,117
0,7682.735,117
0,7685.783,117
0,7688.817,117
0,7691.775,117
0,7694.867,117
0,7697.756,117
0,7700.971,117
0,7703.941,117
0,7706.964,117
0,7709.809,117
0,7712.673,117
0,7716.057,117
0,7719.079,117
0,7722.186,117
0,7725.130,117
0,7728.073,117
0,7730.990,117
0,7734.372,117
0,7737.625,117
0,7740.562,117
0,7743.627,117
1,7746.640,0
1,7750.572,0
1,7753.608,0
1,7756.597,0
1,7759.486,0
1,7762.277,0
1,7765.804,0
1,7768.986,0
1,7771.981,0
1,7775.109,0
1,7778.122,0
1,7780.979,0
1,7783.960,0
1,7787.300,0
1,7790.223,0
1,7793.156,0
1,7796.186,0
1,7799.300,0
1,7802.494,0
1,7805.546,0
1,7808.616,0
1,7811.717,0
1,7814.662,0
1,7818.106,0
1,7821.160,0
1,7824.100,0
1,7827.033,0
1,7829.936,0
1,7833.515,0
1,7836.776,0
1,7839.757,0
1,7842.834,0
1,7845.756,0
1,7849.229,0
1,7852.721,0
1,7855.775,0
1,7858.932,0
1,7862.715,0
1,7866.353,0
1,7869.639,0
1,7872.664,0
1,7875.559,0
1,7878.529,0
1,7881.717,0
1,7884.994,0
1,7888.018,0
1,7890.885,0
1,7893.777,0
1,7896.787,0
1,7899.964,0
1,7902.907,0
1,7905.761,0
1,7908.830,0
1,7911.850,0
1,7914.908,0
1,7918.616,0
1,7921.901,0
1,7924.896,0
1,7927.881,0
1,7930.763,0
1,7933.779,0
1,7936.964,0
1,7940.356,0
1,7943.267,0
1,7946.452,0
1,7949.379,0
1,7952.835,0
1,7955.938,0
1,7958.882,0
1,7961.840,0
1,7966.032,0
1,7969.266,0
1,7972.399,0
1,7975.573,0
1,7978.723,0
1,7982.129,0
1,7985.164,0
1,7988.259,0
1,7991.224,0
1,7994.082,0
1,7997.281,0
1,8000.448,0
1,8003.578,0
1,8006.539,0
1,8009.456,0
1,8012.494,0
1,8015.644,0
1,8018.713,0
1,8021.729,0
1,8024.608,0
1,8027.498,0
1,8030.437,0
1,8033.847,0
1,8036.773,0
1,8039.654,0
1,8042.532,0
1,8045.452,0
1,8048.879,0
1,8052.035,0
1,8055.023,0
1,8057.886,0
1,8060.692,0
1,8063.665,0
1,8066.899,0
1,8070.073,0
1,8073.061,0
1,8075.949,0
1,8078.874,5
1,8082.663,5
1,8086.128,5
1,8089.073,5
1,8091.915,5
1,8095.102,5
1,8097.982,5
1,8101.077,5
1,8104.140,5
1,8107.320,5
1,8110.205,5
1,8113.316,5
1,8116.634,5
1,8119.588,5
1,8122.450,5
1,8125.381,5
1,8128.517,5
1,8131.957,5
1,8135.135,5
1,8138.281,5
1,8141.255,5
1,8144.188,5
1,8147.115,5
1,8150.396,5
1,8153.388,5
1,8156.387,5
1,8159.173,5
1,8162.033,5
1,8166.070,5
1,8169.033,5
1,8171.993,5
1,8174.994,5
1,8177.981,5
1,8180.923,5
1,8184.226,5
1,8187.377,5
1,8190.426,5
1,8193.523,5
1,8196.412,5
1,8199.625,5
1,8202.947,5
1,8206.052,5
1,8209.152,5
1,8212.283,5
1,8215.551,5
1,8218.674,5
1,8221.680,5
1,8224.693,5
1,8227.674,5
1,8230.512,5
1,8233.823,5
1,8236.815,5
1,8240.078,5
1,8243.059,5
1,8246.143,9
1,8249.380,9
1,8252.643,9
1,8255.846,9
1,8258.925,9
1,8261.861,9
1,8265.237,9
1,8268.803,9
1,8271.781,9
1,8274.926,9
1,8278.011,9
1,8280.954,9
1,8284.369,9
1,8287.699,9
1,8290.698,9
1,8293.610,9
1,8296.506,9
1,8299.650,9
1,8302.542,9
1,8305.473,9
1,8308.483,9
1,8311.422,9
1,8314.269,9
1,8317.648,9
1,8320.670,9
1,8323.620,9
1,8326.753,9
1,8329.668,9
1,8333.083,9
1,8336.325,9
1,8339.269,9
1,8342.137,9
1,8345.121,9
1,8348.858,9
1,8352.263,9
1,8355.185,9
1,8358.419,9
1,8361.375,9
1,8364.343,9
1,8367.623,9
1,8370.609,9
1,8373.620,9
1,8376.805,9
1,8379.662,9
1,8382.822,9
1,8385.935,9
1,8388.989,9
1,8391.914,9
1,8394.796,9
1,8397.674,9
1,8400.802,9
1,8403.787,9
1,8406.885,9
1,8409.723,9
1,8412.563,13
1,8415.805,13
1,8418.919,13
1,8421.866,13
1,8424.855,13
1,8427.886,13
1,8430.846,13
1,8434.153,13
1,8437.280,13
1,8440.251,13
1,8443.166,13
1,8446.012,13
1,8449.165,13
1,8452.099,13
1,8455.025,13
1,8458.066,13
1,8460.950,13
1,8463.781,13
1,8467.692,13
1,8470.657,13
1,8473.642,13
1,8476.708,13
1,8479.498,13
1,8482.672,13
1,8485.969,13
1,8489.057,13
1,8492.096,13
1,8495.179,13
1,8498.552,13
1,8501.763,13
1,8505.034,13
1,8508.033,13
1,8510.876,13
1,8513.900,13
1,8517.382,13
1,8520.396,13
1,8523.349,13
1,8526.505,13
1,8529.325,13
1,8532.528,13
1,8535.701,13
1,8538.685,13
1,8541.720,13
1,8544.633,13
1,8547.652,13
1,8550.915,13
1,8553.872,13
1,8556.745,13
1,8559.557,13
1,8562.351,13
1,8565.624,13
1,8568.905,13
1,8571.848,13
1,8575.074,13
1,8578.042,13
1,8580.919,17
1,8584.161,17
1,8587.400,17
1,8590.280,17
1,8593.209,17
1,8596.017,17
1,8599.160,17
1,8602.141,17
1,8605.206,17
1,8608.239,17
1,8611.074,17
1,8613.997,17
1,8617.209,17
1,8620.178,17
1,8623.204,17
1,8626.133,17
1,8629.188,17
1,8633.849,17
1,8637.046,17
1,8640.322,17
1,8643.297,17
1,8646.311,17
1,8649.764,17
1,8652.917,17
1,8655.942,17
1,8658.914,17
1,8661.922,17
1,8665.988,17
1,8669.160,17
1,8672.033,17
1,8675.332,17
1,8678.480,17
1,8681.468,17
1,8684.726,17
1,8688.010,17
1,8690.975,17
1,8693.948,17
1,8696.825,17
1,8701.043,17
1,8704.256,17
1,8707.323,17
1,8710.187,17
1,8713.028,17
1,8716.195,17
1,8719.213,17
1,8722.099,17
1,8724.970,17
1,8727.848,17
1,8730.809,17
1,8734.126,17
1,8737.400,17
1,8740.288,17
1,8743.144,17
1,8745.967,21
1,8749.161,21
1,8752.445,21
1,8755.355,21
1,8758.267,21
1,8761.136,21
1,8764.035,21
1,8767.372,21
1,8771.120,21
1,8774.096,21
1,8777.046,21
1,8779.905,21
1,8783.332,21
1,8786.352,21
1,8789.217,21
1,8792.091,21
1,8795.122,21
1,8798.383,21
1,8801.416,21
1,8804.358,21
1,8807.289,21
1,8810.134,21
1,8813.288,21
1,8816.699,21
1,8819.779,21
1,8822.711,21
1,8825.552,21
1,8828.625,21
1,8832.489,21
1,8835.603,21
1,8838.707,21
1,8841.860,21
1,8845.319,21
1,8849.194,21
1,8852.876,21
1,8855.855,21
1,8858.811,21
1,8861.706,21
1,8864.895,21
1,8868.022,21
1,8871.115,21
1,8874.067,21
1,8877.167,21
1,8880.063,21
1,8883.377,21
1,8886.788,21
1,8889.725,21
1,8892.764,21
1,8895.620,21
1,8898.797,21
1,8902.079,21
1,8905.100,21
1,8908.249,21
1,8911.426,21
1,8914.610,25
1,8918.054,25
1,8921.278,25
1,8924.307,25
1,8927.257,25
1,8930.105,25
1,8933.307,25
1,8936.426,25
1,8939.327,25
1,8942.296,25
1,8945.390,25
1,8948.807,25
1,8952.081,25
1,8955.277,25
1,8958.413,25
1,8961.217,25
1,8964.385,25
1,8967.777,25
1,8970.709,25
1,8973.579,25
1,8976.451,25
1,8979.407,25
1,8982.897,25
1,8986.211,25
1,8989.296,25
1,8992.223,25
1,8995.199,25
1,8998.153,25
1,9001.309,25
1,9004.470,25
1,9007.630,25
1,9010.551,25
1,9013.542,25
1,9017.022,25
1,9020.076,25
1,9023.087,25
1,9025.968,25
1,9028.995,25
1,9032.783,25
1,9035.985,25
1,9039.026,25
1,9041.955,25
1,9044.915,25
1,9047.811,25
1,9051.072,25
1,9054.192,25
1,9057.057,25
1,9059.860,25
1,9062.732,25
1,9066.051,25
1,9069.019,25
1,9072.642,25
1,9075.667,25
1,9078.849,25
1,9082.845,30
1,9085.975,30
1,9089.032,30
1,9092.014,30
1,9095.054,30
1,9097.987,30
1,9101.106,30
1,9104.144,30
1,9107.234,30
1,9110.167,30
1,9113.053,30
1,9116.177,30
1,9119.560,30
1,9122.631,30
1,9125.734,30
1,9129.309,30
1,9133.026,30
1,9136.255,30
1,9139.497,30
1,9142.564,30
1,9145.470,30
1,9148.483,30
1,9152.423,30
1,9155.395,30
1,9158.459,30
1,9161.302,30
1,9164.179,30
1,9167.501,30
1,9170.476,30
1,9173.464,30
1,9176.426,30
1,9179.270,30
1,9182.804,30
1,9185.954,30
1,9188.834,30
1,9191.720,30
1,9194.596,30
1,9197.429,30
1,9200.559,30
1,9203.783,30
1,9206.831,30
1,9209.733,30
1,9212.548,30
1,9215.853,30
1,9219.105,30
1,9222.088,30
1,9224.954,30
1,9227.904,30
1,9230.756,30
1,9234.030,30
1,9237.262,30
1,9240.218,30
1,9243.142,30
1,9246.014,34
1,9249.139,34
1,9252.101,34
1,9255.130,34
1,9258.051,34
1,9260.903,34
1,9263.855,34
1,9267.035,34
1,9269.934,34
1,9272.855,34
1,9275.746,34
1,9278.903,34
1,9282.281,34
1,9285.488,34
1,9288.661,34
1,9291.710,34
1,9294.724,34
1,9297.710,34
1,9301.135,34
1,9304.237,34
1,9307.154,34
1,9310.055,34
1,9312.985,34
1,9316.210,34
1,9319.199,34
1,9322.235,34
1,9325.155,34
1,9327.985,34
1,9330.971,34
1,9334.441,34
1,9337.527,34
1,9340.388,34
1,9343.314,34
1,9346.129,34
1,9349.345,34
1,9352.500,34
1,9355.434,34
1,9358.277,34
1,9361.095,34
1,9363.902,34
1,9367.136,34
1,9370.062,34
1,9373.614,34
1,9376.778,34
1,9379.794,34
1,9383.221,34
1,9386.438,34
1,9389.356,34
1,9392.256,34
1,9395.241,34
1,9398.355,34
1,9401.259,34
1,9404.364,34
1,9407.360,34
1,9410.226,34
1,9413.122,38
1,9416.280,38
1,9419.585,38
1,9422.461,38
1,9425.330,38
1,9428.212,38
1,9431.221,38
1,9434.211,38
1,9437.395,38
1,9440.374,38
1,9443.429,38
1,9446.326,38
1,9449.413,38
1,9452.561,38
1,9455.424,38
1,9458.337,38
1,9461.167,38
1,9464.038,38
1,9467.244,38
1,9470.129,38
1,9473.152,38
1,9476.092,38
1,9478.870,38
1,9482.085,38
1,9485.248,38
1,9488.253,38
1,9491.195,38
1,9494.228,38
1,9497.398,38
1,9500.512,38
1,9503.405,38
1,9506.346,38
1,9509.327,38
1,9512.089,38
1,9515.254,38
1,9518.154,38
1,9521.032,38
1,9523.883,38
1,9526.741,38
1,9529.666,38
1,9532.812,38
1,9536.046,38
1,9538.954,38
1,9541.969,38
1,9545.078,38
1,9547.889,38
1,9551.118,38
1,9554.062,38
1,9556.998,38
1,9559.972,38
1,9562.803,38
1,9565.942,38
1,9568.866,38
1,9571.909,38
1,9574.940,38
1,9578.147,38
1,9581.623,42
1,9585.043,42
1,9588.264,42
1,9591.307,42
1,9594.402,42
1,9597.443,42
1,9600.616,42
1,9603.699,42
1,9606.945,42
1,9609.774,42
1,9612.606,42
1,9615.796,42
1,9619.180,42
1,9622.047,42
1,9624.978,42
1,9627.988,42
1,9630.772,42
1,9634.012,42
1,9636.986,42
1,9639.820,42
1,9642.744,42
1,9645.576,42
1,9648.750,42
1,9652.029,42
1,9655.137,42
1,9658.168,42
1,9661.071,42
1,9664.059,42
1,9667.279,42
1,9670.233,42
1,9673.364,42
1,9677.039,42
1,9680.256,42
1,9683.903,42
1,9687.134,42
1,9690.058,42
1,9693.323,42
1,9696.217,42
1,9699.371,42
1,9702.257,42
1,9705.275,42
1,9708.281,42
1,9711.267,42
1,9714.219,42
1,9717.765,42
1,9720.805,42
1,9723.737,42
1,9726.621,42
1,9729.496,42
1,9732.659,42
1,9735.619,42
1,9738.599,42
1,9741.508,42
1,9744.586,42
1,9747.555,46
1,9750.709,46
1,9753.701,46
1,9756.955,46
1,9759.846,46
1,9762.808,46
1,9765.986,46
1,9769.053,46
1,9771.933,46
1,9775.084,46
1,9778.178,46
1,9781.049,46
1,9784.313,46
1,9787.666,46
1,9790.671,46
1,9793.645,46
1,9796.773,46
1,9799.996,46
1,9802.963,46
1,9805.803,46
1,9808.738,46
1,9811.796,46
1,9815.292,46
1,9818.370,46
1,9821.360,46
1,9824.268,46
1,9827.223,46
1,9830.083,46
1,9833.627,46
1,9836.874,46
1,9840.185,46
1,9843.304,46
1,9846.183,46
1,9849.415,46
1,9852.418,46
1,9855.372,46
1,9858.385,46
1,9861.370,46
1,9864.295,46
1,9867.525,46
1,9870.634,46
1,9873.628,46
1,9876.595,46
1,9879.464,46
1,9882.613,46
1,9885.735,46
1,9888.851,46
1,9891.839,46
1,9894.832,46
1,9897.677,46
1,9900.991,46
1,9904.104,46
1,9907.098,46
1,9909.946,46
1,9912.929,50
1,9916.113,50
1,9919.225,50
1,9922.326,50
1,9925.350,50
1,9928.356,50
1,9931.385,50
1,9934.808,50
1,9938.029,50
1,9941.046,50
1,9943.996,50
1,9946.865,50
1,9949.953,50
1,9952.846,50
1,9955.821,50
1,9958.755,50
1,9961.817,50
1,9965.436,50
1,9968.552,50
1,9971.838,50
1,9974.737,50
1,9978.492,50
1,9981.335,50
1,9984.606,50
1,9987.700,50
1,9990.592,50
1,9993.458,50
1,9996.516,50
1,9999.713,50
1,10002.692,50
1,10005.607,50
1,10008.692,50
1,10011.741,50
1,10014.677,50
1,10018.222,50
1,10021.263,50
1,10024.217,50
1,10027.122,50
1,10029.989,50
1,10033.150,50
1,10036.119,50
1,10039.047,50
1,10042.025,50
1,10045.148,50
1,10048.099,50
1,10051.587,50
1,10054.606,50
1,10057.491,50
1,10060.376,50
1,10063.377,50
1,10066.820,50
1,10069.832,50
1,10072.806,50
1,10075.667,50
1,10078.647,50
1,10081.702,55
1,10085.217,55
1,10088.318,55
1,10091.374,55
1,10094.575,55
1,10097.472,55
1,10100.714,55
1,10103.759,55
1,10106.905,55
1,10109.828,55
1,10112.796,55
1,10115.951,55
1,10119.105,55
1,10121.973,55
1,10125.019,55
1,10128.085,55
1,10131.095,55
1,10134.428,55
1,10137.604,55
1,10140.579,55
1,10143.567,55
1,10146.534,55
1,10150.001,55
1,10153.035,55
1,10156.010,55
1,10159.149,55
1,10162.144,55
1,10165.601,55
1,10168.876,55
1,10171.800,55
1,10175.100,55
1,10178.077,55
1,10180.950,55
1,10184.182,55
1,10187.217,55
1,10190.177,55
1,10193.255,55
1,10196.134,55
1,10199.537,55
1,10202.595,55
1,10205.682,55
1,10208.751,55
1,10211.852,55
1,10216.024,55
1,10219.255,55
1,10222.198,55
1,10225.443,55
1,10228.502,55
1,10231.672,55
1,10234.829,55
1,10238.075,55
1,10241.145,55
1,10244.149,55
1,10247.064,59
1,10250.293,59
1,10253.302,59
1,10256.203,59
1,10259.167,59
1,10262.325,59
1,10266.023,59
1,10269.091,59
1,10272.076,59
1,10275.201,59
1,10278.314,59
1,10282.240,59
1,10285.995,59
1,10289.115,59
1,10292.113,59
1,10295.062,59
1,10297.939,59
1,10301.099,59
1,10304.084,59
1,10307.223,59
1,10310.304,59
1,10313.265,59
1,10316.716,59
1,10319.985,59
1,10323.149,59
1,10326.008,59
1,10328.829,59
1,10332.416,59
1,10335.640,59
1,10338.678,59
1,10341.740,59
1,10344.604,59
1,10347.424,59
1,10350.640,59
1,10353.546,59
1,10356.654,59
1,10359.588,59
1,10362.423,59
1,10365.580,59
1,10368.603,59
1,10371.722,59
1,10374.989,59
1,10377.985,59
1,10380.923,59
1,10384.291,59
1,10387.301,59
1,10390.161,59
1,10393.057,59
1,10396.094,59
1,10399.240,59
1,10402.385,59
1,10405.357,59
1,10408.277,59
1,10411.086,59
1,10413.965,63
1,10417.209,63
1,10420.182,63
1,10423.066,63
1,10425.954,63
1,10428.908,63
1,10432.331,63
1,10435.721,63
1,10438.937,63
1,10441.790,63
1,10444.627,63
1,10447.608,63
1,10450.778,63
1,10453.714,63
1,10456.711,63
1,10459.519,63
1,10462.299,63
1,10465.463,63
1,10468.635,63
1,10471.621,63
1,10474.579,63
1,10477.496,63
1,10480.321,63
1,10483.561,63
1,10486.489,63
1,10489.465,63
1,10492.441,63
1,10495.754,63
1,10500.153,63
1,10503.652,63
1,10506.545,63
1,10509.476,63
1,10512.484,63
1,10515.730,63
1,10518.879,63
1,10522.027,63
1,10525.064,63
1,10528.088,63
1,10530.897,63
1,10534.306,63
1,10537.303,63
1,10540.258,63
1,10543.289,63
1,10546.258,63
1,10549.532,63
1,10552.606,63
1,10555.479,63
1,10558.537,63
1,10561.456,63
1,10564.422,63
1,10567.729,63
1,10570.798,63
1,10573.658,63
1,10576.491,63
1,10579.327,67
1,10583.262,67
1,10586.717,67
1,10589.697,67
1,10592.622,67
1,10595.535,67
1,10598.805,67
1,10602.075,67
1,10605.084,67
1,10608.165,67
1,10611.064,67
1,10613.923,67
1,10617.188,67
1,10620.145,67
1,10623.098,67
1,10626.174,67
1,10629.060,67
1,10633.195,67
1,10636.276,67
1,10639.658,67
1,10643.068,67
1,10646.080,67
1,10649.451,67
1,10652.567,67
1,10655.755,67
1,10658.827,67
1,10661.726,67
1,10665.623,67
1,10668.913,67
1,10671.905,67
1,10674.834,67
1,10677.851,67
1,10680.882,67
1,10684.271,67
1,10687.489,67
1,10690.497,67
1,10693.395,67
1,10696.506,67
1,10700.057,67
1,10703.129,67
1,10706.129,67
1,10709.161,67
1,10712.050,67
1,10716.094,67
1,10719.152,67
1,10722.098,67
1,10725.214,67
1,10728.302,67
1,10731.216,67
1,10734.635,67
1,10737.848,67
1,10740.697,67
1,10743.561,67
1,10746.370,71
1,10749.451,71
1,10752.515,71
1,10755.477,71
1,10758.467,71
1,10761.362,71
1,10764.400,71
1,10767.766,71
1,10770.851,71
1,10773.868,71
1,10777.115,71
1,10779.989,71
1,10783.178,71
1,10786.267,71
1,10789.537,71
1,10792.991,71
1,10796.034,71
1,10799.229,71
1,10802.433,71
1,10805.545,71
1,10808.551,71
1,10811.508,71
1,10814.394,71
1,10817.639,71
1,10820.795,71
1,10823.834,71
1,10827.055,71
1,10830.005,71
1,10833.341,71
1,10836.308,71
1,10839.295,71
1,10842.235,71
1,10845.183,71
1,10848.955,71
1,10852.134,71
1,10855.317,71
1,10858.367,71
1,10861.241,71
1,10864.128,71
1,10867.374,71
1,10870.303,71
1,10873.440,71
1,10876.405,71
1,10879.230,71
1,10882.494,71
1,10886.261,71
1,10889.224,71
1,10892.096,71
1,10895.253,71
1,10899.062,71
1,10902.133,71
1,10905.102,71
1,10908.091,71
1,10910.898,71
1,10913.855,75
1,10916.677,75
1,10919.744,75
1,10922.681,75
1,10925.599,75
1,10928.521,75
1,10932.267,75
1,10935.230,75
1,10938.230,75
1,10941.190,75
1,10944.096,75
1,10947.027,75
1,10950.292,75
1,10953.310,75
1,10956.610,75
1,10959.575,75
1,10962.496,75
1,10965.693,75
1,10968.823,75
1,10971.706,75
1,10974.740,75
1,10977.794,75
1,10980.628,75
1,10983.795,75
1,10986.727,75
1,10989.954,75
1,10993.098,75
1,10995.935,75
1,10999.072,75
1,11002.310,75
1,11005.377,75
1,11008.434,75
1,11011.398,75
1,11014.317,75
1,11017.707,75
1,11020.725,75
1,11023.703,75
1,11026.825,75
1,11029.680,75
1,11032.803,75
1,11036.001,75
1,11038.972,75
1,11041.975,75
1,11045.069,75
1,11047.911,75
1,11051.274,75
1,11054.350,75
1,11057.171,75
1,11060.039,75
1,11062.930,75
1,11066.097,75
1,11069.171,75
1,11072.103,75
1,11075.004,75
1,11077.844,75
1,11080.737,79
1,11084.013,79
1,11086.936,79
1,11089.836,79
1,11092.734,79
1,11095.650,79
1,11098.507,79
1,11101.865,79
1,11104.933,79
1,11107.900,79
1,11110.811,79
1,11113.757,79
1,11117.033,79
1,11120.111,79
1,11123.197,79
1,11126.452,79
1,11129.348,79
1,11132.655,79
1,11135.662,79
1,11138.667,79
1,11141.613,79
1,11144.449,79
1,11147.453,79
1,11150.682,79
1,11153.637,79
1,11156.516,79
1,11159.339,79
1,11162.206,79
1,11165.584,79
1,11168.713,79
1,11171.806,79
1,11174.778,79
1,11178.029,79
1,11180.891,79
1,11184.094,79
1,11187.812,79
1,11190.871,79
1,11193.829,79
1,11196.706,79
1,11199.837,79
1,11202.769,79
1,11206.176,79
1,11209.210,79
1,11212.009,79
1,11215.299,79
1,11218.613,79
1,11221.768,79
1,11224.957,79
1,11227.939,79
1,11230.820,79
1,11234.198,79
1,11237.516,79
1,11240.594,79
1,11243.565,79
1,11246.600,84
1,11249.937,84
1,11252.942,84
1,11255.896,84
1,11258.896,84
1,11261.816,84
1,11265.220,84
1,11268.530,84
1,11271.813,84
1,11274.777,84
1,11277.782,84
1,11280.726,84
1,11284.089,84
1,11287.262,84
1,11290.320,84
1,11293.434,84
1,11296.352,84
1,11299.593,84
1,11302.578,84
1,11305.692,84
1,11308.640,84
1,11311.997,84
1,11314.960,84
1,11318.181,84
1,11321.167,84
1,11324.070,84
1,11326.928,84
1,11329.813,84
1,11332.965,84
1,11336.243,84
1,11339.204,84
1,11342.089,84
1,11345.051,84
1,11347.985,84
1,11351.260,84
1,11354.328,84
1,11357.165,84
1,11360.074,84
1,11362.934,84
1,11366.129,84
1,11369.138,84
1,11372.060,84
1,11375.118,84
1,11378.051,84
1,11380.903,84
1,11384.267,84
1,11387.259,84
1,11390.188,84
1,11393.068,84
1,11395.900,84
1,11398.979,84
1,11402.041,84
1,11405.052,84
1,11408.065,84
1,11410.877,84
1,11413.848,88
1,11417.185,88
1,11420.217,88
1,11423.107,88
1,11425.959,88
1,11429.080,88
1,11432.522,88
1,11435.851,88
1,11438.915,88
1,11441.750,88
1,11444.625,88
1,11447.636,88
1,11450.787,88
1,11453.753,88
1,11456.883,88
1,11459.822,88
1,11462.660,88
1,11465.814,88
1,11468.980,88
1,11472.088,88
1,11475.114,88
1,11478.123,88
1,11481.097,88
1,11484.438,88
1,11487.482,88
1,11491.108,88
1,11494.142,88
1,11497.083,88
1,11500.511,88
1,11503.736,88
1,11506.971,88
1,11510.987,88
1,11514.605,88
1,11518.301,88
1,11522.417,88
1,11525.881,88
1,11529.393,88
1,11532.797,88
1,11537.080,88
1,11540.781,88
1,11544.017,88
1,11547.105,88
1,11550.551,88
1,11553.689,88
1,11556.913,88
1,11560.019,88
1,11563.010,88
1,11566.766,88
1,11570.114,88
1,11573.184,88
1,11576.244,88
1,11579.160,92
1,11583.112,92
1,11586.652,92
1,11591.876,92
1,11597.448,92
1,11602.403,92
1,11606.854,92
1,11610.157,92
1,11613.305,92
1,11616.853,92
1,11621.185,92
1,11624.494,92
1,11627.695,92
1,11630.849,92
1,11634.215,92
1,11637.422,92
1,11640.936,92
1,11644.092,92
1,11647.133,92
1,11650.625,92
1,11653.745,92
1,11657.073,92
1,11660.124,92
1,11663.098,92
1,11666.487,92
1,11669.859,92
1,11672.973,92
1,11676.138,92
1,11679.466,92
1,11683.224,92
1,11686.609,92
1,11689.930,92
1,11693.225,92
1,11695.768,92
1,11700.380,92
1,11703.627,92
1,11706.754,92
1,11709.833,92
1,11712.681,92
1,11716.269,92
1,11718.953,92
1,11721.520,92
1,11724.041,92
1,11726.996,92
1,11729.259,92
1,11733.082,92
1,11735.580,92
1,11738.673,92
1,11741.993,92
1,11745.147,92
1,11748.418,96
1,11752.023,96
1,11755.118,96
1,11758.192,96
1,11760.869,96
1,11763.891,96
1,11767.178,96
1,11769.826,96
1,11772.786,96
1,11775.712,96
1,11778.675,96
1,11782.275,96
1,11785.342,96
1,11788.563,96
1,11792.645,96
1,11795.865,96
1,11799.443,96
1,11802.469,96
1,11805.345,96
1,11808.570,96
1,11811.697,96
1,11814.805,96
1,11818.095,96
1,11821.082,96
1,11824.132,96
1,11827.163,96
1,11830.042,96
1,11835.178,96
1,11838.468,96
1,11842.063,96
1,11845.003,96
1,11847.819,96
1,11851.070,96
1,11854.103,96
1,11857.031,96
1,11859.882,96
1,11862.819,96
1,11866.121,96
1,11869.250,96
1,11872.338,96
1,11875.195,96
1,11877.683,96
1,11880.631,96
1,11883.922,96
1,11886.891,96
1,11889.784,96
1,11892.681,96
1,11895.301,96
1,11899.020,96
1,11902.081,96
1,11905.251,96
1,11908.615,96
1,11911.983,96
1,11915.466,100
1,11919.287,100
1,11922.670,100
1,11925.767,100
1,11929.379,100
1,11932.878,100
1,11936.161,100
1,11945.840,100
1,11949.531,100
1,11953.666,100
1,11957.918,100
1,11961.698,100
1,11965.080,100
1,11968.831,100
1,11972.276,100
1,11975.381,100
1,11978.971,100
1,11982.401,100
1,11986.262,100
1,11989.493,100
1,11993.037,100
1,11996.121,100
1,12000.655,100
1,12004.100,100
1,12007.049,100
1,12010.236,100
1,12014.467,100
1,12018.346,100
1,12021.759,100
1,12025.071,100
1,12028.367,100
1,12031.693,100
1,12035.516,100
1,12039.074,100
1,12042.367,100
1,12045.706,100
1,12050.140,100
1,12053.513,100
1,12056.756,100
1,12060.093,100
1,12063.215,100
1,12066.681,100
1,12070.207,100
1,12073.456,100
1,12076.838,100
1,12080.043,104
1,12083.592,104
1,12087.080,104
1,12090.936,104
1,12096.926,104
1,12100.238,104
1,12103.821,104
1,12107.418,104
1,12110.912,104
1,12113.900,104
1,12117.669,104
1,12121.009,104
1,12124.225,104
1,12126.872,104
1,12130.024,104
1,12133.478,104
1,12137.316,104
1,12141.040,104
1,12143.827,104
1,12146.860,104
1,12150.344,104
1,12153.716,104
1,12157.104,104
1,12160.431,104
1,12163.182,104
1,12166.856,104
1,12170.099,104
1,12172.619,104
1,12175.931,104
1,12179.312,104
1,12183.460,104
1,12187.030,104
1,12190.865,104
1,12193.823,104
1,12197.002,104
1,12200.426,104
1,12203.715,104
1,12207.301,104
1,12210.546,104
1,12213.636,104
1,12217.320,104
1,12220.504,104
1,12223.760,104
1,12226.620,104
1,12229.779,104
1,12233.695,104
1,12237.199,104
1,12240.509,104
1,12243.697,104
1,12246.870,109
1,12249.814,109
1,12252.871,109
1,12255.845,109
1,12258.906,109
1,12262.015,109
1,12266.203,109
1,12269.496,109
1,12272.492,109
1,12275.446,109
1,12278.374,109
1,12281.389,109
1,12284.754,109
1,12288.001,109
1,12291.206,109
1,12294.291,109
1,12297.277,109
1,12300.667,109
1,12303.897,109
1,12307.151,109
1,12310.086,109
1,12312.986,109
1,12316.358,109
1,12319.423,109
1,12322.400,109
1,12325.407,109
1,12328.516,109
1,12332.332,109
1,12335.464,109
1,12338.491,109
1,12341.596,109
1,12344.622,109
1,12347.526,109
1,12350.822,109
1,12353.921,109
1,12356.860,109
1,12359.762,109
1,12362.647,109
1,12365.799,109
1,12368.845,109
1,12371.859,109
1,12374.840,109
1,12377.912,109
1,12380.730,109
1,12383.965,109
1,12386.990,109
1,12389.974,109
1,12392.958,109
1,12396.639,109
1,12399.949,109
1,12402.925,109
1,12405.921,109
1,12408.915,109
1,12411.846,109
1,12415.532,113
1,12419.043,113
1,12422.096,113
1,12425.091,113
1,12428.089,113
1,12431.009,113
1,12434.373,113
1,12437.519,113
1,12440.560,113
1,12443.513,113
1,12446.408,113
1,12449.643,113
1,12452.946,113
1,12455.892,113
1,12459.002,113
1,12462.321,113
1,12465.707,113
1,12469.011,113
1,12472.062,113
1,12475.142,113
1,12478.093,113
1,12481.072,113
1,12484.482,113
1,12487.561,113
1,12490.484,113
1,12493.487,113
1,12496.304,113
1,12499.539,113
1,12502.840,113
1,12505.875,113
1,12509.051,113
1,12512.159,113
1,12515.224,113
1,12519.143,113
1,12522.282,113
1,12525.302,113
1,12528.190,113
1,12531.232,113
1,12534.621,113
1,12537.708,113
1,12540.719,113
1,12543.717,113
1,12546.558,113
1,12549.751,113
1,12552.737,113
1,12555.621,113
1,12558.565,113
1,12561.612,113
1,12564.625,113
1,12568.104,113
1,12571.183,113
1,12574.164,113
1,12577.151,113
1,12580.098,117
1,12583.724,117
1,12588.789,117
1,12593.244,117
1,12597.187,117
1,12600.631,117
1,12604.354,117
1,12607.638,117
1,12610.651,117
1,12613.590,117
1,12616.892,117
1,12619.984,117
1,12622.952,117
1,12628.346,117
1,12631.634,117
1,12635.006,117
1,12638.242,117
1,12641.223,117
1,12644.310,117
1,12647.173,117
1,12650.503,117
1,12653.657,117
1,12656.897,117
1,12659.842,117
1,12662.768,117
1,12666.252,117
1,12669.422,117
1,12672.440,117
1,12675.392,117
1,12678.574,117
1,12682.090,117
1,12685.742,117
1,12688.894,117
1,12691.936,117
1,12694.611,117
1,12698.561,117
1,12702.049,117
1,12705.071,117
1,12708.113,117
1,12711.057,117
1,12714.232,117
1,12717.636,117
1,12720.785,117
1,12723.900,117
1,12726.951,117
1,12729.920,117
1,12733.610,117
1,12736.659,117
1,12740.724,117
1,12743.964,117
2,12747.497,0
2,12751.541,0
2,12754.803,0
2,12757.836,0
2,12760.739,0
2,12763.875,0
2,12766.849,0
2,12769.937,0
2,12772.844,0
2,12775.900,0
2,12779.044,0
2,12782.887,0
2,12786.007,0
2,12788.902,0
2,12791.702,0
2,12794.814,0
2,12797.700,0
2,12801.292,0
2,12804.441,0
2,12807.512,0
2,12810.474,0
2,12813.398,0
2,12816.606,0
2,12819.325,0
2,12822.332,0
2,12825.134,0
2,12830.136,0
2,12835.097,0
2,12839.639,0
2,12842.769,0
2,12845.598,0
2,12851.192,0
2,12854.372,0
2,12857.494,0
2,12860.398,0
2,12863.313,0
2,12866.463,0
2,12869.504,0
2,12875.660,0
2,12881.184,0
2,12884.614,0
2,12887.805,0
2,12890.848,0
2,12893.895,0
2,12896.895,0
2,12900.214,0
2,12903.497,0
2,12906.628,0
2,12909.639,0
2,12912.546,0
2,12915.684,0
2,12919.055,0
2,12922.066,0
2,12925.077,0
2,12928.091,0
2,12930.922,0
2,12934.072,0
2,12936.947,0
2,12939.862,0
2,12942.891,0
2,12945.824,0
2,12949.120,0
2,12952.152,0
2,12955.243,0
2,12958.364,0
2,12961.391,0
2,12964.297,0
2,12967.657,0
2,12971.021,0
2,12973.930,0
2,12976.866,0
2,12979.763,0
2,12983.320,0
2,12986.468,0
2,12989.403,0
2,12992.394,0
2,12995.317,0
2,12998.903,0
2,13002.957,0
2,13005.918,0
2,13008.921,0
2,13011.989,0
2,13015.747,0
2,13019.191,0
2,13022.245,0
2,13025.271,0
2,13028.250,0
2,13031.341,0
2,13035.026,0
2,13038.176,0
2,13041.181,0
2,13044.130,0
2,13046.978,0
2,13050.334,0
2,13053.496,0
2,13056.572,0
2,13059.629,0
2,13062.645,0
2,13065.998,0
2,13069.089,0
2,13072.141,0
2,13075.211,0
2,13078.155,0
2,13081.124,5
2,13084.478,5
2,13087.632,5
2,13090.527,5
2,13093.441,5
2,13096.257,5
2,13099.499,5
2,13102.520,5
2,13105.537,5
2,13108.425,5
2,13112.548,5
2,13115.564,5
2,13119.211,5
2,13122.253,5
2,13125.183,5
2,13128.217,5
2,13131.334,5
2,13134.688,5
2,13137.893,5
2,13140.882,5
2,13143.829,5
2,13147.727,5
2,13151.778,5
2,13155.273,5
2,13158.441,5
2,13161.575,5
2,13164.593,5
2,13168.116,5
2,13171.312,5
2,13174.275,5
2,13177.542,5
2,13180.553,5
2,13183.790,5
2,13186.671,5
2,13189.575,5
2,13192.469,5
2,13195.400,5
2,13198.830,5
2,13202.296,5
2,13205.296,5
2,13208.216,5
2,13211.117,5
2,13214.006,5
2,13217.249,5
2,13220.230,5
2,13223.278,5
2,13226.284,5
2,13229.209,5
2,13232.364,5
2,13235.458,5
2,13238.373,5
2,13241.183,5
2,13244.198,5
2,13247.079,9
2,13250.007,9
2,13253.120,9
2,13255.942,9
2,13258.886,9
2,13261.917,9
2,13265.402,9
2,13268.383,9
2,13271.413,9
2,13274.370,9
2,13277.370,9
2,13280.312,9
2,13283.598,9
2,13286.624,9
2,13289.557,9
2,13292.518,9
2,13295.623,9
2,13299.056,9
2,13302.079,9
2,13305.723,9
2,13309.059,9
2,13312.257,9
2,13315.610,9
2,13318.569,9
2,13321.524,9
2,13324.510,9
2,13327.410,9
2,13330.321,9
2,13333.507,9
2,13336.421,9
2,13339.472,9
2,13342.463,9
2,13345.809,9
2,13349.497,9
2,13352.665,9
2,13355.643,9
2,13358.614,9
2,13361.650,9
2,13364.610,9
2,13367.838,9
2,13370.793,9
2,13373.609,9
2,13376.441,9
2,13379.280,9
2,13382.371,9
2,13385.235,9
2,13388.213,9
2,13391.109,9
2,13394.027,9
2,13396.876,9
2,13400.080,9
2,13403.060,9
2,13405.941,9
2,13408.791,9
2,13411.744,9
2,13415.250,13
2,13418.431,13
2,13421.417,13
2,13424.256,13
2,13427.167,13
2,13430.014,13
2,13433.150,13
2,13436.011,13
2,13438.879,13
2,13441.759,13
2,13444.698,13
2,13447.639,13
2,13450.902,13
2,13453.922,13
2,13456.879,13
2,13459.459,13
2,13462.599,13
2,13465.785,13
2,13468.663,13
2,13471.613,13
2,13474.481,13
2,13477.379,13
2,13480.278,13
2,13483.511,13
2,13486.426,13
2,13489.487,13
2,13492.479,13
2,13495.805,13
2,13498.908,13
2,13501.942,13
2,13504.963,13
2,13507.809,13
2,13510.576,13
2,13513.418,13
2,13516.639,13
2,13519.513,13
2,13522.332,13
2,13525.115,13
2,13527.993,13
2,13530.862,13
2,13534.100,13
2,13537.037,13
2,13540.137,13
2,13542.986,13
2,13545.900,13
2,13549.034,13
2,13552.050,13
2,13554.914,13
2,13557.798,13
2,13560.648,13
2,13563.500,13
2,13566.711,13
2,13569.633,13
2,13572.530,13
2,13575.553,13
2,13578.481,13
2,13581.410,17
2,13584.707,17
2,13587.730,17
2,13590.563,17
2,13593.428,17
2,13596.451,17
2,13599.554,17
2,13602.456,17
2,13605.241,17
2,13609.124,17
2,13612.188,17
2,13615.448,17
2,13618.639,17
2,13621.596,17
2,13624.457,17
2,13627.383,17
2,13630.266,17
2,13633.514,17
2,13636.423,17
2,13639.359,17
2,13642.406,17
2,13645.390,17
2,13648.768,17
2,13651.882,17
2,13655.110,17
2,13658.127,17
2,13661.115,17
2,13664.063,17
2,13667.310,17
2,13670.377,17
2,13673.304,17
2,13676.267,17
2,13679.265,17
2,13682.692,17
2,13685.853,17
2,13688.860,17
2,13691.802,17
2,13696.219,17
2,13699.340,17
2,13703.162,17
2,13706.365,17
2,13709.456,17
2,13712.282,17
2,13715.693,17
2,13719.072,17
2,13722.025,17
2,13725.028,17
2,13727.935,17
2,13730.953,17
2,13734.161,17
2,13737.156,17
2,13740.018,17
2,13742.890,17
2,13745.836,21
2,13749.680,21
2,13752.825,21
2,13755.762,21
2,13758.574,21
2,13761.590,21
2,13764.492,21
2,13767.957,21
2,13770.975,21
2,13773.912,21
2,13776.875,21
2,13779.723,21
2,13782.843,21
2,13785.776,21
2,13788.619,21
2,13791.572,21
2,13794.536,21
2,13797.419,21
2,13800.606,21
2,13803.677,21
2,13806.759,21
2,13809.702,21
2,13812.569,21
2,13815.716,21
2,13818.971,21
2,13821.937,21
2,13824.915,21
2,13828.005,21
2,13830.884,21
2,13834.282,21
2,13837.232,21
2,13840.124,21
2,13842.989,21
2,13846.186,21
2,13849.426,21
2,13852.757,21
2,13855.623,21
2,13858.586,21
2,13861.436,21
2,13864.264,21
2,13867.632,21
2,13870.752,21
2,13873.675,21
2,13876.603,21
2,13879.651,21
2,13882.912,21
2,13885.930,21
2,13888.891,21
2,13891.766,21
2,13894.642,21
2,13897.631,21
2,13900.854,21
2,13903.931,21
2,13906.904,21
2,13910.695,21
2,13913.618,25
2,13917.143,25
2,13920.466,25
2,13923.607,25
2,13926.699,25
2,13929.717,25
2,13932.902,25
2,13935.867,25
2,13938.901,25
2,13941.859,25
2,13944.898,25
2,13947.748,25
2,13951.130,25
2,13954.149,25
2,13957.171,25
2,13960.276,25
2,13963.331,25
2,13967.056,25
2,13970.130,25
2,13973.037,25
2,13975.940,25
2,13979.041,25
2,13982.406,25
2,13985.493,25
2,13988.527,25
2,13991.490,25
2,13994.547,25
2,13997.471,25
2,14000.684,25
2,14003.669,25
2,14006.582,25
2,14009.457,25
2,14012.284,25
2,14016.025,25
2,14019.118,25
2,14021.996,25
2,14024.998,25
2,14028.074,25
2,14031.022,25
2,14034.664,25
2,14037.868,25
2,14040.862,25
2,14043.741,25
2,14046.725,25
2,14049.918,25
2,14052.802,25
2,14055.753,25
2,14058.661,25
2,14061.692,25
2,14064.633,25
2,14068.154,25
2,14071.268,25
2,14074.167,25
2,14077.039,25
2,14080.011,30
2,14083.271,30
2,14086.191,30
2,14089.564,30
2,14092.191,30
2,14095.263,30
2,14098.620,30
2,14101.936,30
2,14105.034,30
2,14108.025,30
2,14110.894,30
2,14113.794,30
2,14117.022,30
2,14119.970,30
2,14123.219,30
2,14126.126,30
2,14131.653,30
2,14135.187,30
2,14139.799,30
2,14143.014,30
2,14146.217,30
2,14149.648,30
2,14152.763,30
2,14155.624,30
2,14158.725,30
2,14161.689,30
2,14164.677,30
2,14167.504,30
2,14170.640,30
2,14173.508,30
2,14176.435,30
2,14179.344,30
2,14182.523,30
2,14185.944,30
2,14188.842,30
2,14191.799,30
2,14194.763,30
2,14197.777,30
2,14201.214,30
2,14204.331,30
2,14207.359,30
2,14210.305,30
2,14214.287,30
2,14217.770,30
2,14220.916,30
2,14223.872,30
2,14226.842,30
2,14229.719,30
2,14232.984,30
2,14235.922,30
2,14239.002,30
2,14241.902,30
2,14244.913,30
2,14247.750,34
2,14251.018,34
2,14254.128,34
2,14257.032,34
2,14259.848,34
2,14262.825,34
2,14266.039,34
2,14268.958,34
2,14272.013,34
2,14274.898,34
2,14278.021,34
2,14281.005,34
2,14284.514,34
2,14287.575,34
2,14290.580,34
2,14293.507,34
2,14296.371,34
2,14299.762,34
2,14302.815,34
2,14305.736,34
2,14308.649,34
2,14311.579,34
2,14314.524,34
2,14317.794,34
2,14320.716,34
2,14323.749,34
2,14326.704,34
2,14329.554,34
2,14332.735,34
2,14335.683,34
2,14338.500,34
2,14341.599,34
2,14344.556,34
2,14347.654,34
2,14350.977,34
2,14353.946,34
2,14356.862,34
2,14359.734,34
2,14362.594,34
2,14365.879,34
2,14368.929,34
2,14371.861,34
2,14374.932,34
2,14377.961,34
2,14380.946,34
2,14384.271,34
2,14387.212,34
2,14390.200,34
2,14393.137,34
2,14395.924,34
2,14399.324,34
2,14404.253,34
2,14407.418,34
2,14410.463,34
2,14413.385,38
2,14416.570,38
2,14419.584,38
2,14422.575,38
2,14425.501,38
2,14428.394,38
2,14431.198,38
2,14434.095,38
2,14437.054,38
2,14440.064,38
2,14442.994,38
2,14445.792,38
2,14448.868,38
2,14451.892,38
2,14454.978,38
2,14457.967,38
2,14460.797,38
2,14463.900,38
2,14467.168,38
2,14470.179,38
2,14473.381,38
2,14476.309,38
2,14479.414,38
2,14482.744,38
2,14485.864,38
2,14488.723,38
2,14491.631,38
2,14494.634,38
2,14497.617,38
2,14500.923,38
2,14503.945,38
2,14506.820,38
2,14509.638,38
2,14512.490,38
2,14516.977,38
2,14520.070,38
2,14523.011,38
2,14525.825,38
2,14528.843,38
2,14532.150,38
2,14535.190,38
2,14538.281,38
2,14541.276,38
2,14544.161,38
2,14546.991,38
2,14550.220,38
2,14553.160,38
2,14556.072,38
2,14559.107,38
2,14562.149,38
2,14565.511,38
2,14569.040,38
2,14572.114,38
2,14575.126,38
2,14578.210,38
2,14581.071,42
2,14584.263,42
2,14587.242,42
2,14590.066,42
2,14593.004,42
2,14595.825,42
2,14599.044,42
2,14602.135,42
2,14605.115,42
2,14607.999,42
2,14610.815,42
2,14613.831,42
2,14617.195,42
2,14620.149,42
2,14623.095,42
2,14625.937,42
2,14629.384,42
2,14632.780,42
2,14635.817,42
2,14638.765,42
2,14641.628,42
2,14644.482,42
2,14647.424,42
2,14650.845,42
2,14653.891,42
2,14656.820,42
2,14659.691,42
2,14662.537,42
2,14665.742,42
2,14668.772,42
2,14671.785,42
2,14674.824,42
2,14677.667,42
2,14680.519,42
2,14683.928,42
2,14687.052,42
2,14690.053,42
2,14692.991,42
2,14695.892,42
2,14699.150,42
2,14702.321,42
2,14705.266,42
2,14708.203,42
2,14711.067,42
2,14713.917,42
2,14717.176,42
2,14720.091,42
2,14723.055,42
2,14725.881,42
2,14729.072,42
2,14732.253,42
2,14735.375,42
2,14738.320,42
2,14741.275,42
2,14744.100,42
2,14746.956,46
2,14750.639,46
2,14753.573,46
2,14756.444,46
2,14759.265,46
2,14762.352,46
2,14765.523,46
2,14768.640,46
2,14771.694,46
2,14774.637,46
2,14777.580,46
2,14780.453,46
2,14783.778,46
2,14786.988,46
2,14789.885,46
2,14792.826,46
2,14795.956,46
2,14799.774,46
2,14802.926,46
2,14805.853,46
2,14808.752,46
2,14811.804,46
2,14814.779,46
2,14819.172,46
2,14822.121,46
2,14825.358,46
2,14828.523,46
2,14831.528,46
2,14834.775,46
2,14838.026,46
2,14841.140,46
2,14844.674,46
2,14847.740,46
2,14851.483,46
2,14854.520,46
2,14857.813,46
2,14860.716,46
2,14863.216,46
2,14866.484,46
2,14869.534,46
2,14872.477,46
2,14875.346,46
2,14878.378,46
2,14881.378,46
2,14884.899,46
2,14888.007,46
2,14891.077,46
2,14894.334,46
2,14897.443,46
2,14900.858,46
2,14903.871,46
2,14906.838,46
2,14909.928,46
2,14912.898,50
2,14916.159,50
2,14919.222,50
2,14922.271,50
2,14925.271,50
2,14928.346,50
2,14931.404,50
2,14934.848,50
2,14938.060,50
2,14941.022,50
2,14944.079,50
2,14946.573,50
2,14950.234,50
2,14953.648,50
2,14958.621,50
2,14962.074,50
2,14965.215,50
2,14969.007,50
2,14972.772,50
2,14976.096,50
2,14979.578,50
2,14982.904,50
2,14986.036,50
2,14989.062,50
2,14992.219,50
2,14995.521,50
2,14999.276,50
2,15002.553,50
2,15005.948,50
2,15009.418,50
2,15012.697,50
2,15016.291,50
2,15020.216,50
2,15023.596,50
2,15026.666,50
2,15029.327,50
2,15032.880,50
2,15036.147,50
2,15039.351,50
2,15042.450,50
2,15045.856,50
2,15049.548,50
2,15052.761,50
2,15055.860,50
2,15058.969,50
2,15062.038,50
2,15065.591,50
2,15068.899,50
2,15071.927,50
2,15075.041,50
2,15078.173,50
2,15084.065,55
2,15087.692,55
2,15090.926,55
2,15094.060,55
2,15097.051,55
2,15100.290,55
2,15103.527,55
2,15107.165,55
2,15110.159,55
2,15113.121,55
2,15116.416,55
2,15120.492,55
2,15123.557,55
2,15126.539,55
2,15129.318,55
2,15132.735,55
2,15135.991,55
2,15139.138,55
2,15142.136,55
2,15145.145,55
2,15150.444,55
2,15154.017,55
2,15157.120,55
2,15160.925,55
2,15164.258,55
2,15168.449,55
2,15172.147,55
2,15175.399,55
2,15178.565,55
2,15181.693,55
2,15185.078,55
2,15188.155,55
2,15191.308,55
2,15194.426,55
2,15197.496,55
2,15200.739,55
2,15203.693,55
2,15207.058,55
2,15209.997,55
2,15212.931,55
2,15216.121,55
2,15219.058,55
2,15222.318,55
2,15225.412,55
2,15228.465,55
2,15231.661,55
2,15235.034,55
2,15238.303,55
2,15241.328,55
2,15244.372,55
2,15247.354,59
2,15250.478,59
2,15253.573,59
2,15256.648,59
2,15259.694,59
2,15262.713,59
2,15266.121,59
2,15269.720,59
2,15273.205,59
2,15276.352,59
2,15279.236,59
2,15283.026,59
2,15286.217,59
2,15289.354,59
2,15292.376,59
2,15295.292,59
2,15299.010,59
2,15302.633,59
2,15305.928,59
2,15308.972,59
2,15312.059,59
2,15315.096,59
2,15318.953,59
2,15322.058,59
2,15325.066,59
2,15331.431,59
2,15337.067,59
2,15340.396,59
2,15343.592,59
2,15346.749,59
2,15350.748,59
2,15353.724,59
2,15356.705,59
2,15359.571,59
2,15362.635,59
2,15366.345,59
2,15369.561,59
2,15372.709,59
2,15375.719,59
2,15378.815,59
2,15382.273,59
2,15385.298,59
2,15388.271,59
2,15391.201,59
2,15394.125,59
2,15396.994,59
2,15400.206,59
2,15403.622,59
2,15406.578,59
2,15409.592,59
2,15412.553,63
2,15415.864,63
2,15419.344,63
2,15423.276,63
2,15426.187,63
2,15429.204,63
2,15432.807,63
2,15436.059,63
2,15439.417,63
2,15442.405,63
2,15445.369,63
2,15448.852,63
2,15451.956,63
2,15455.090,63
2,15457.999,63
2,15460.825,63
2,15463.854,63
2,15467.620,63
2,15470.901,63
2,15473.962,63
2,15477.799,63
2,15481.514,63
2,15485.058,63
2,15488.050,63
2,15490.970,63
2,15493.922,63
2,15496.805,63
2,15500.043,63
2,15503.103,63
2,15506.173,63
2,15509.246,63
2,15512.303,63
2,15515.777,63
2,15519.337,63
2,15522.302,63
2,15528.748,63
2,15534.579,63
2,15539.428,63
2,15543.623,63
2,15546.836,63
2,15550.792,63
2,15554.351,63
2,15557.625,63
2,15560.484,63
2,15563.319,63
2,15566.562,63
2,15569.484,63
2,15572.357,63
2,15575.463,63
2,15578.773,63
2,15581.991,67
2,15585.409,67
2,15588.515,67
2,15591.624,67
2,15594.635,67
2,15597.471,67
2,15600.638,67
2,15603.605,67
2,15606.869,67
2,15609.776,67
2,15612.658,67
2,15615.752,67
2,15618.832,67
2,15621.979,67
2,15625.092,67
2,15628.157,67
2,15631.180,67
2,15634.859,67
2,15637.920,67
2,15640.971,67
2,15644.027,67
2,15647.055,67
2,15650.283,67
2,15653.442,67
2,15656.491,67
2,15659.413,67
2,15662.219,67
2,15665.918,67
2,15669.121,67
2,15672.185,67
2,15675.199,67
2,15678.190,67
2,15683.403,67
2,15687.340,67
2,15690.589,67
2,15693.769,67
2,15696.815,67
2,15700.092,67
2,15703.594,67
2,15710.093,67
2,15713.422,67
2,15718.802,67
2,15723.423,67
2,15727.417,67
2,15730.288,67
2,15733.724,67
2,15737.321,67
2,15740.282,67
2,15743.324,67
2,15746.172,71
2,15750.279,71
2,15753.558,71
2,15756.746,71
2,15760.682,71
2,15764.454,71
2,15767.930,71
2,15771.032,71
2,15774.121,71
2,15777.200,71
2,15780.231,71
2,15783.625,71
2,15786.750,71
2,15789.835,71
2,15792.904,71
2,15795.755,71
2,15798.904,71
2,15802.309,71
2,15805.242,71
2,15808.174,71
2,15811.145,71
2,15814.120,71
2,15817.343,71
2,15820.283,71
2,15823.240,71
2,15826.148,71
2,15829.377,71
2,15832.656,71
2,15835.690,71
2,15838.931,71
2,15842.524,71
2,15845.615,71
2,15848.519,71
2,15851.790,71
2,15855.249,71
2,15858.610,71
2,15861.748,71
2,15864.810,71
2,15868.677,71
2,15871.841,71
2,15875.136,71
2,15878.264,71
2,15881.196,71
2,15884.459,71
2,15887.440,71
2,15890.303,71
2,15893.298,71
2,15896.154,71
2,15899.254,71
2,15902.146,71
2,15905.086,71
2,15908.035,71
2,15911.016,71
2,15913.994,75
2,15917.266,75
2,15920.266,75
2,15923.653,75
2,15926.759,75
2,15929.694,75
2,15932.916,75
2,15936.240,75
2,15939.173,75
2,15942.056,75
2,15944.894,75
2,15947.871,75
2,15951.145,75
2,15954.237,75
2,15957.303,75
2,15960.337,75
2,15963.323,75
2,15966.385,75
2,15969.622,75
2,15972.692,75
2,15975.728,75
2,15978.757,75
2,15982.282,75
2,15985.347,75
2,15988.289,75
2,15991.450,75
2,15994.586,75
2,15997.672,75
2,16001.150,75
2,16004.315,75
2,16007.265,75
2,16010.245,75
2,16013.112,75
2,16016.940,75
2,16020.019,75
2,16022.984,75
2,16025.975,75
2,16030.286,75
2,16033.738,75
2,16036.882,75
2,16039.884,75
2,16042.840,75
2,16045.677,75
2,16049.327,75
2,16052.820,75
2,16055.774,75
2,16058.837,75
2,16061.775,75
2,16065.228,75
2,16068.322,75
2,16071.271,75
2,16074.114,75
2,16077.048,75
2,16079.927,79
2,16083.209,79
2,16086.220,79
2,16089.188,79
2,16092.130,79
2,16094.974,79
2,16097.968,79
2,16101.177,79
2,16104.194,79
2,16107.112,79
2,16109.956,79
2,16112.762,79
2,16115.950,79
2,16119.017,79
2,16121.890,79
2,16124.936,79
2,16127.962,79
2,16130.877,79
2,16134.195,79
2,16137.175,79
2,16140.234,79
2,16143.235,79
2,16146.055,79
2,16149.414,79
2,16152.509,79
2,16155.362,79
2,16158.251,79
2,16161.107,79
2,16164.049,79
2,16167.373,79
2,16170.470,79
2,16173.481,79
2,16176.409,79
2,16180.039,79
2,16183.950,79
2,16187.015,79
2,16190.007,79
2,16192.917,79
2,16195.779,79
2,16199.087,79
2,16202.036,79
2,16204.958,79
2,16207.978,79
2,16210.918,79
2,16213.768,79
2,16217.157,79
2,16220.206,79
2,16223.227,79
2,16226.205,79
2,16229.161,79
2,16232.371,79
2,16235.294,79
2,16238.226,79
2,16241.170,79
2,16244.057,79
2,16246.943,84
2,16250.296,84
2,16253.366,84
2,16256.312,84
2,16259.155,84
2,16262.436,84
2,16265.608,84
2,16268.878,84
2,16271.842,84
2,16274.969,84
2,16279.867,84
2,16284.076,84
2,16287.470,84
2,16290.433,84
2,16293.462,84
2,16296.355,84
2,16299.420,84
2,16302.474,84
2,16305.373,84
2,16308.323,84
2,16311.171,84
2,16314.081,84
2,16317.243,84
2,16320.297,84
2,16323.343,84
2,16326.271,84
2,16329.006,84
2,16333.132,84
2,16336.067,84
2,16338.998,84
2,16341.892,84
2,16344.876,84
2,16347.855,84
2,16350.924,84
2,16353.847,84
2,16356.757,84
2,16359.553,84
2,16363.653,84
2,16369.196,84
2,16373.833,84
2,16376.935,84
2,16379.854,84
2,16383.053,84
2,16386.231,84
2,16389.231,84
2,16392.185,84
2,16395.244,84
2,16398.372,84
2,16401.497,84
2,16404.510,84
2,16407.387,84
2,16410.215,84
2,16413.192,88
2,16416.386,88
2,16419.595,88
2,16422.528,88
2,16425.503,88
2,16428.362,88
2,16431.269,88
2,16434.480,88
2,16437.455,88
2,16440.390,88
2,16443.338,88
2,16446.196,88
2,16449.259,88
2,16452.139,88
2,16455.008,88
2,16457.888,88
2,16460.658,88
2,16463.569,88
2,16466.783,88
2,16469.729,88
2,16472.620,88
2,16475.500,88
2,16478.574,88
2,16482.300,88
2,16485.805,88
2,16488.719,88
2,16491.594,88
2,16494.498,88
2,16497.586,88
2,16500.827,88
2,16503.821,88
2,16506.783,88
2,16509.570,88
2,16512.364,88
2,16515.503,88
2,16518.817,88
2,16521.803,88
2,16524.800,88
2,16527.817,88
2,16530.681,88
2,16533.906,88
2,16536.848,88
2,16540.142,88
2,16543.132,88
2,16546.019,88
2,16549.201,88
2,16552.468,88
2,16555.397,88
2,16558.309,88
2,16561.244,88
2,16564.125,88
2,16567.372,88
2,16570.278,88
2,16573.526,88
2,16576.475,88
2,16579.345,92
2,16582.462,92
2,16585.371,92
2,16588.329,92
2,16591.322,92
2,16594.432,92
2,16597.395,92
2,16600.571,92
2,16603.513,92
2,16606.675,92
2,16609.551,92
2,16612.364,92
2,16615.480,92
2,16618.511,92
2,16621.606,92
2,16624.687,92
2,16627.596,92
2,16630.616,92
2,16635.530,92
2,16639.034,92
2,16642.115,92
2,16645.159,92
2,16648.111,92
2,16651.466,92
2,16654.575,92
2,16657.423,92
2,16660.431,92
2,16663.437,92
2,16666.392,92
2,16669.337,92
2,16672.612,92
2,16675.512,92
2,16678.509,92
2,16681.775,92
2,16685.222,92
2,16688.232,92
2,16691.193,92
2,16694.077,92
2,16697.086,92
2,16700.450,92
2,16703.465,92
2,16706.393,92
2,16709.302,92
2,16712.048,92
2,16715.470,92
2,16718.456,92
2,16721.482,92
2,16724.389,92
2,16727.292,92
2,16730.088,92
2,16733.268,92
2,16736.184,92
2,16739.018,92
2,16741.872,92
2,16744.767,92
2,16747.579,96
2,16750.777,96
2,16753.796,96
2,16756.724,96
2,16759.657,96
2,16762.964,96
2,16766.184,96
2,16769.172,96
2,16772.070,96
2,16775.093,96
2,16778.010,96
2,16781.012,96
2,16784.456,96
2,16787.418,96
2,16790.264,96
2,16793.212,96
2,16796.066,96
2,16799.213,96
2,16804.206,96
2,16808.539,96
2,16811.554,96
2,16814.577,96
2,16818.132,96
2,16821.152,96
2,16824.252,96
2,16827.231,96
2,16830.124,96
2,16833.380,96
2,16836.266,96
2,16839.236,96
2,16842.182,96
2,16845.075,96
2,16847.919,96
2,16851.380,96
2,16854.426,96
2,16857.302,96
2,16860.347,96
2,16863.419,96
2,16867.391,96
2,16870.726,96
2,16873.614,96
2,16876.561,96
2,16879.371,96
2,16882.310,96
2,16885.509,96
2,16890.106,96
2,16893.341,96
2,16896.337,96
2,16899.612,96
2,16902.570,96
2,16905.398,96
2,16908.460,96
2,16911.363,96
2,16914.275,100
2,16917.635,100
2,16920.807,100
2,16923.801,100
2,16926.796,100
2,16929.618,100
2,16932.749,100
2,16936.406,100
2,16939.352,100
2,16942.336,100
2,16945.520,100
2,16948.615,100
2,16952.307,100
2,16955.358,100
2,16958.322,100
2,16961.324,100
2,16964.198,100
2,16967.414,100
2,16970.365,100
2,16973.261,100
2,16976.172,100
2,16979.132,100
2,16982.261,100
2,16985.544,100
2,16988.531,100
2,16992.684,100
2,16995.889,100
2,16999.241,100
2,17002.246,100
2,17005.119,100
2,17008.219,100
2,17011.049,100
2,17013.999,100
2,17017.201,100
2,17020.274,100
2,17023.282,100
2,17026.240,100
2,17029.076,100
2,17033.088,100
2,17036.149,100
2,17039.052,100
2,17041.905,100
2,17044.754,100
2,17047.682,100
2,17050.913,100
2,17053.847,100
2,17056.731,100
2,17059.559,100
2,17062.350,100
2,17065.639,100
2,17069.026,100
2,17072.045,100
2,17074.985,100
2,17077.862,100
2,17080.766,104
2,17084.089,104
2,17087.079,104
2,17090.050,104
2,17093.092,104
2,17095.991,104
2,17099.251,104
2,17102.120,104
2,17105.065,104
2,17107.969,104
2,17110.813,104
2,17113.814,104
2,17117.188,104
2,17120.269,104
2,17123.158,104
2,17126.061,104
2,17129.349,104
2,17132.567,104
2,17135.803,104
2,17138.753,104
2,17141.637,104
2,17144.587,104
2,17147.486,104
2,17150.659,104
2,17153.573,104
2,17156.510,104
2,17159.631,104
2,17162.500,104
2,17165.672,104
2,17168.821,104
2,17171.800,104
2,17174.883,104
2,17181.465,104
2,17185.437,104
2,17188.619,104
2,17193.033,104
2,17197.057,104
2,17200.551,104
2,17204.218,104
2,17207.193,104
2,17210.261,104
2,17213.121,104
2,17216.366,104
2,17219.300,104
2,17222.742,104
2,17225.685,104
2,17228.772,104
2,17232.677,104
2,17235.905,104
2,17239.562,104
2,17242.443,104
2,17245.429,104
2,17249.124,109
2,17252.448,109
2,17255.444,109
2,17258.336,109
2,17261.261,109
2,17264.131,109
2,17267.362,109
2,17270.463,109
2,17273.570,109
2,17276.610,109
2,17279.477,109
2,17282.733,109
2,17285.714,109
2,17288.701,109
2,17291.614,109
2,17294.738,109
2,17297.674,109
2,17300.934,109
2,17303.955,109
2,17306.846,109
2,17309.773,109
2,17312.604,109
2,17316.293,109
2,17320.171,109
2,17323.794,109
2,17327.083,109
2,17330.094,109
2,17333.366,109
2,17336.331,109
2,17339.320,109
2,17342.330,109
2,17345.412,109
2,17349.325,109
2,17352.602,109
2,17358.560,109
2,17361.776,109
2,17364.606,109
2,17367.996,109
2,17371.120,109
2,17374.207,109
2,17377.217,109
2,17380.087,109
2,17383.285,109
2,17386.230,109
2,17389.342,109
2,17392.383,109
2,17395.384,109
2,17399.349,109
2,17402.414,109
2,17405.314,109
2,17408.396,109
2,17411.572,109
2,17414.530,113
2,17418.242,113
2,17421.387,113
2,17424.382,113
2,17427.540,113
2,17430.571,113
2,17433.970,113
2,17437.102,113
2,17440.271,113
2,17443.348,113
2,17446.292,113
2,17449.513,113
2,17453.287,113
2,17457.663,113
2,17460.727,113
2,17464.404,113
2,17467.823,113
2,17471.233,113
2,17474.281,113
2,17477.219,113
2,17480.071,113
2,17483.824,113
2,17486.917,113
2,17489.905,113
2,17493.235,113
2,17497.297,113
2,17501.539,113
2,17504.746,113
2,17507.819,113
2,17510.773,113
2,17513.678,113
2,17517.291,113
2,17520.377,113
2,17523.406,113
2,17529.926,113
2,17535.862,113
2,17539.550,113
2,17543.514,113
2,17546.550,113
2,17549.842,113
2,17552.786,113
2,17555.678,113
2,17558.925,113
2,17562.154,113
2,17565.376,113
2,17568.412,113
2,17571.547,113
2,17574.387,113
2,17577.284,113
2,17580.284,117
2,17583.575,117
2,17586.638,117
2,17589.693,117
2,17592.722,117
2,17596.396,117
2,17599.824,117
2,17602.917,117
2,17605.969,117
2,17609.121,117
2,17612.231,117
2,17615.551,117
2,17618.702,117
2,17621.674,117
2,17624.726,117
2,17628.187,117
2,17631.263,117
2,17634.772,117
2,17637.722,117
2,17640.816,117
2,17643.779,117
2,17648.531,117
2,17652.037,117
2,17655.196,117
2,17658.236,117
2,17661.155,117
2,17663.969,117
2,17667.180,117
2,17670.656,117
2,17673.636,117
2,17676.577,117
2,17679.522,117
2,17682.696,117
2,17685.697,117
2,17688.859,117
2,17691.861,117
2,17695.020,117
2,17699.748,117
2,17703.072,117
2,17706.181,117
2,17709.082,117
2,17712.165,117
2,17715.373,117
2,17718.591,117
2,17721.725,117
2,17724.646,117
2,17727.560,117
2,17730.490,117
2,17733.754,117
2,17736.652,117
2,17739.508,117
2,17742.440,117
2,17745.356,117
2,17748.366,120
2,17751.368,120
2,17754.308,120
2,17757.153,120
2,17759.978,120
2,17763.021,120
2,17766.359,120
2,17769.894,120
2,17772.858,120
2,17775.976,120
2,17779.285,120
2,17782.695,120
2,17785.796,120
2,17788.734,120
2,17791.717,120
2,17797.694,120
2,17800.909,120
2,17804.315,120
2,17807.391,120
2,17810.416,120
2,17813.572,120
2,17817.090,120
2,17820.186,120
2,17823.202,120
2,17826.390,120
2,17829.413,120
2,17834.028,120
2,17837.723,120
2,17841.588,120
2,17845.972,120
2,17849.384,120
2,17852.349,120
2,17855.648,120
2,17858.711,120
2,17861.632,120
2,17864.414,120
2,17867.925,120
2,17871.060,120
2,17874.023,120
2,17876.928,120
2,17879.888,120
2,17883.053,120
2,17885.936,120
2,17888.821,120
2,17891.711,120
2,17894.689,120
2,17897.784,120
2,17900.907,120
2,17903.838,120
2,17906.793,120
2,17909.677,120
3,17912.549,0
3,17915.845,0
3,17920.583,0
3,17923.759,0
3,17926.882,0
3,17930.305,0
3,17933.308,0
3,17936.477,0
3,17939.732,0
3,17942.726,0
3,17945.898,0
3,17949.124,0
3,17952.623,0
3,17955.686,0
3,17958.782,0
3,17961.877,0
3,17964.719,0
3,17967.725,0
3,17970.963,0
3,17973.942,0
3,17976.836,0
3,17979.741,0
3,17983.045,0
3,17987.227,0
3,17990.236,0
3,17993.235,0
3,17996.013,0
3,17998.943,0
3,18002.517,0
3,18005.708,0
3,18008.640,0
3,18011.657,0
3,18014.530,0
3,18017.624,0
3,18020.924,0
3,18023.805,0
3,18026.668,0
3,18029.455,0
3,18032.369,0
3,18035.994,0
3,18039.041,0
3,18041.913,0
3,18044.917,0
3,18047.825,0
3,18050.682,0
3,18053.860,0
3,18056.814,0
3,18059.686,0
3,18062.696,5
3,18065.784,5
3,18069.434,5
3,18072.396,5
3,18075.269,5
3,18078.189,5
3,18081.108,5
3,18084.556,5
3,18087.865,5
3,18090.891,5
3,18093.927,5
3,18096.817,5
3,18099.919,5
3,18102.889,5
3,18105.989,5
3,18108.881,5
3,18111.827,5
3,18114.789,5
3,18117.747,5
3,18120.870,5
3,18123.736,5
3,18126.585,5
3,18129.395,5
3,18132.342,5
3,18135.474,5
3,18139.143,5
3,18142.189,5
3,18145.226,5
3,18149.220,5
3,18152.443,5
3,18155.622,5
3,18158.579,5
3,18161.594,5
3,18164.444,5
3,18167.373,5
3,18170.524,5
3,18173.427,5
3,18176.360,5
3,18179.335,5
3,18182.380,5
3,18185.538,5
3,18188.953,5
3,18191.877,5
3,18194.994,5
3,18197.822,5
3,18200.829,5
3,18203.866,5
3,18207.169,5
3,18210.162,5
3,18213.054,5
3,18215.936,5
3,18219.199,5
3,18222.542,5
3,18225.552,5
3,18228.507,5
3,18231.644,9
3,18235.882,9
3,18239.253,9
3,18242.281,9
3,18245.440,9
3,18248.370,9
3,18251.651,9
3,18254.929,9
3,18258.011,9
3,18261.217,9
3,18264.272,9
3,18267.446,9
3,18270.992,9
3,18273.934,9
3,18276.934,9
3,18279.849,9
3,18283.293,9
3,18286.878,9
3,18289.795,9
3,18292.717,9
3,18295.575,9
3,18298.520,9
3,18302.450,9
3,18305.435,9
3,18308.328,9
3,18311.399,9
3,18314.257,9
3,18317.182,9
3,18320.457,9
3,18323.588,9
3,18326.561,9
3,18333.034,9
3,18336.765,9
3,18340.250,9
3,18343.332,9
3,18346.263,9
3,18349.206,9
3,18353.148,9
3,18356.946,9
3,18360.022,9
3,18363.215,9
3,18366.324,9
3,18369.700,9
3,18372.870,9
3,18375.906,9
3,18378.867,9
3,18381.802,9
3,18385.707,9
3,18389.156,9
3,18392.158,9
3,18395.186,9
3,18398.043,13
3,18400.972,13
3,18405.696,13
3,18409.123,13
3,18412.290,13
3,18416.083,13
3,18419.464,13
3,18422.479,13
3,18425.685,13
3,18428.781,13
3,18431.830,13
3,18436.354,13
3,18439.548,13
3,18442.560,13
3,18445.475,13
3,18448.422,13
3,18452.977,13
3,18456.145,13
3,18459.090,13
3,18462.023,13
3,18464.999,13
3,18468.853,13
3,18472.001,13
3,18475.023,13
3,18478.132,13
3,18481.148,13
3,18484.816,13
3,18487.877,13
3,18490.820,13
3,18493.685,13
3,18496.494,13
3,18499.477,13
3,18502.750,13
3,18505.750,13
3,18508.634,13
3,18511.622,13
3,18514.466,13
3,18517.813,13
3,18521.119,13
3,18524.145,13
3,18527.175,13
3,18530.071,13
3,18532.962,13
3,18536.196,13
3,18539.096,13
3,18542.072,13
3,18545.145,13
3,18548.028,13
3,18552.169,13
3,18555.357,13
3,18558.454,13
3,18561.435,13
3,18564.502,17
3,18567.671,17
3,18570.908,17
3,18573.856,17
3,18576.951,17
3,18579.920,17
3,18582.891,17
3,18586.206,17
3,18589.347,17
3,18592.379,17
3,18595.571,17
3,18598.496,17
3,18601.860,17
3,18604.857,17
3,18607.844,17
3,18610.718,17
3,18613.578,17
3,18616.529,17
3,18620.060,17
3,18623.124,17
3,18626.080,17
3,18628.902,17
3,18631.780,17
3,18636.093,17
3,18639.724,17
3,18643.060,17
3,18645.884,17
3,18648.983,17
3,18652.429,17
3,18655.302,17
3,18658.191,17
3,18661.182,17
3,18664.164,17
3,18667.202,17
3,18670.458,17
3,18673.629,17
3,18676.817,17
3,18679.869,17
3,18684.360,17
3,18687.811,17
3,18691.147,17
3,18694.259,17
3,18697.247,17
3,18700.639,17
3,18704.732,17
3,18708.014,17
3,18710.938,17
3,18713.808,17
3,18716.868,17
3,18720.082,17
3,18723.164,17
3,18726.273,17
3,18729.115,21
3,18732.119,21
3,18735.043,21
3,18738.308,21
3,18741.212,21
3,18744.134,21
3,18746.910,21
3,18750.175,21
3,18754.543,21
3,18758.431,21
3,18761.714,21
3,18765.625,21
3,18769.241,21
3,18772.508,21
3,18775.525,21
3,18778.721,21
3,18781.709,21
3,18785.462,21
3,18788.513,21
3,18791.473,21
3,18794.529,21
3,18797.600,21
3,18800.506,21
3,18803.738,21
3,18806.855,21
3,18809.965,21
3,18812.828,21
3,18815.872,21
3,18818.965,21
3,18822.215,21
3,18825.269,21
3,18828.322,21
3,18831.345,21
3,18834.438,21
3,18837.384,21
3,18840.648,21
3,18843.631,21
3,18847.841,21
3,18851.655,21
3,18855.832,21
3,18858.913,21
3,18862.277,21
3,18865.470,21
3,18868.925,21
3,18872.277,21
3,18875.130,21
3,18878.048,21
3,18880.897,21
3,18884.204,21
3,18887.579,21
3,18890.552,21
3,18893.485,21
3,18896.351,25
3,18899.289,25
3,18902.589,25
3,18905.811,25
3,18908.888,25
3,18911.919,25
3,18914.837,25
3,18917.896,25
3,18921.317,25
3,18924.470,25
3,18927.585,25
3,18930.561,25
3,18933.557,25
3,18936.507,25
3,18939.674,25
3,18942.600,25
3,18945.673,25
3,18948.698,25
3,18951.804,25
3,18955.263,25
3,18958.406,25
3,18964.807,25
3,18970.022,25
3,18975.204,25
3,18978.440,25
3,18982.188,25
3,18985.599,25
3,18989.162,25
3,18992.468,25
3,18995.917,25
3,18998.892,25
3,19002.333,25
3,19005.667,25
3,19008.683,25
3,19011.758,25
3,19014.545,25
3,19017.767,25
3,19020.936,25
3,19024.110,25
3,19027.250,25
3,19030.273,25
3,19033.290,25
3,19036.231,25
3,19039.507,25
3,19042.352,25
3,19045.579,25
3,19048.607,25
3,19051.812,25
3,19056.217,25
3,19059.486,25
3,19062.380,30
3,19065.304,30
3,19068.902,30
3,19072.068,30
3,19075.047,30
3,19078.179,30
3,19081.153,30
3,19084.144,30
3,19087.450,30
3,19090.372,30
3,19093.295,30
3,19096.421,30
3,19099.313,30
3,19102.274,30
3,19105.463,30
3,19108.335,30
3,19111.308,30
3,19114.464,30
3,19117.639,30
3,19121.086,30
3,19124.145,30
3,19127.163,30
3,19130.018,30
3,19133.028,30
3,19136.061,30
3,19140.226,30
3,19143.317,30
3,19146.291,30
3,19149.238,30
3,19152.258,30
3,19155.440,30
3,19158.521,30
3,19161.766,30
3,19164.653,30
3,19168.719,30
3,19171.899,30
3,19174.951,30
3,19177.973,30
3,19180.861,30
3,19184.039,30
3,19187.722,30
3,19190.668,30
3,19193.690,30
3,19196.655,30
3,19199.684,30
3,19203.001,30
3,19205.911,30
3,19208.881,30
3,19211.900,30
3,19214.820,30
3,19218.942,30
3,19222.123,30
3,19225.015,30
3,19227.990,30
3,19231.009,34
3,19234.037,34
3,19237.397,34
3,19240.316,34
3,19243.299,34
3,19246.162,34
3,19249.324,34
3,19252.601,34
3,19255.566,34
3,19258.376,34
3,19264.321,34
3,19267.929,34
3,19271.326,34
3,19274.286,34
3,19277.295,34
3,19280.110,34
3,19283.275,34
3,19287.161,34
3,19290.141,34
3,19293.242,34
3,19296.235,34
3,19299.199,34
3,19302.889,34
3,19305.839,34
3,19308.846,34
3,19312.110,34
3,19315.169,34
3,19318.782,34
3,19321.900,34
3,19324.997,34
3,19328.001,34
3,19330.918,34
3,19334.721,34
3,19337.918,34
3,19340.956,34
3,19343.934,34
3,19346.827,34
3,19349.855,34
3,19353.333,34
3,19357.265,34
3,19360.201,34
3,19363.002,34
3,19365.982,34
3,19369.079,34
3,19372.263,34
3,19375.285,34
3,19378.194,34
3,19381.013,34
3,19383.996,34
3,19388.662,34
3,19391.867,34
3,19395.211,34
3,19398.398,38
3,19401.606,38
3,19404.673,38
3,19407.651,38
3,19410.587,38
3,19413.497,38
3,19416.622,38
3,19419.682,38
3,19422.584,38
3,19425.595,38
3,19428.583,38
3,19431.660,38
3,19435.567,38
3,19438.739,38
3,19441.674,38
3,19444.705,38
3,19447.599,38
3,19451.286,38
3,19454.427,38
3,19457.442,38
3,19460.469,38
3,19463.420,38
3,19466.481,38
3,19469.804,38
3,19472.902,38
3,19475.892,38
3,19478.842,38
3,19481.750,38
3,19485.227,38
3,19488.274,38
3,19491.112,38
3,19494.209,38
3,19497.180,38
3,19500.457,38
3,19503.931,38
3,19507.150,38
3,19510.095,38
3,19512.945,38
3,19515.869,38
3,19519.163,38
3,19522.291,38
3,19525.313,38
3,19528.203,38
3,19531.073,38
3,19534.043,38
3,19537.455,38
3,19540.392,38
3,19543.505,38
3,19546.301,38
3,19549.558,38
3,19553.076,38
3,19556.029,38
3,19559.245,38
3,19562.172,42
3,19565.092,42
3,19568.567,42
3,19571.729,42
3,19574.744,42
3,19577.949,42
3,19580.918,42
3,19583.932,42
3,19587.220,42
3,19590.098,42
3,19593.027,42
3,19595.910,42
3,19598.904,42
3,19602.381,42
3,19605.521,42
3,19608.486,42
3,19611.608,42
3,19614.592,42
3,19619.095,42
3,19622.232,42
3,19625.417,42
3,19628.589,42
3,19631.587,42
3,19634.683,42
3,19638.037,42
3,19641.186,42
3,19645.751,42
3,19648.872,42
3,19652.253,42
3,19655.205,42
3,19659.475,42
3,19662.554,42
3,19665.628,42
3,19669.207,42
3,19672.292,42
3,19675.386,42
3,19678.373,42
3,19681.435,42
3,19684.586,42
3,19687.789,42
3,19690.846,42
3,19693.981,42
3,19696.835,42
3,19699.829,42
3,19703.161,42
3,19706.330,42
3,19709.348,42
3,19712.322,42
3,19715.260,42
3,19719.410,42
3,19722.443,42
3,19725.387,42
3,19728.329,42
3,19731.218,46
3,19734.415,46
3,19737.752,46
3,19740.745,46
3,19747.643,46
3,19751.028,46
3,19756.457,46
3,19761.257,46
3,19765.387,46
3,19769.052,46
3,19772.260,46
3,19775.186,46
3,19778.134,46
3,19781.084,46
3,19784.203,46
3,19787.478,46
3,19790.446,46
3,19793.453,46
3,19796.361,46
3,19799.451,46
3,19802.721,46
3,19805.718,46
3,19808.580,46
3,19811.877,46
3,19815.038,46
3,19819.353,46
3,19822.429,46
3,19825.496,46
3,19828.486,46
3,19831.700,46
3,19835.254,46
3,19838.606,46
3,19841.797,46
3,19844.876,46
3,19847.983,46
3,19851.142,46
3,19854.425,46
3,19857.434,46
3,19860.378,46
3,19863.285,46
3,19866.545,46
3,19869.803,46
3,19872.967,46
3,19875.949,46
3,19878.942,46
3,19881.931,46
3,19885.681,46
3,19888.806,46
3,19891.742,46
3,19894.750,46
3,19897.834,50
3,19901.061,50
3,19904.379,50
3,19907.605,50
3,19910.583,50
3,19913.600,50
3,19916.706,50
3,19920.281,50
3,19923.477,50
3,19926.736,50
3,19929.709,50
3,19932.739,50
3,19936.467,50
3,19939.632,50
3,19942.603,50
3,19949.593,50
3,19953.147,50
3,19956.234,50
3,19960.123,50
3,19964.306,50
3,19968.611,50
3,19972.365,50
3,19975.429,50
3,19978.650,50
3,19981.747,50
3,19985.323,50
3,19988.382,50
3,19991.345,50
3,19994.400,50
3,19997.392,50
3,20000.371,50
3,20003.145,50
3,20006.150,50
3,20009.324,50
3,20012.127,50
3,20015.090,50
3,20018.435,50
3,20021.587,50
3,20024.688,50
3,20027.790,50
3,20030.606,50
3,20033.624,50
3,20037.255,50
3,20040.290,50
3,20043.340,50
3,20046.205,50
3,20049.169,50
3,20052.343,50
3,20055.310,50
3,20058.369,50
3,20061.321,50
3,20064.231,55
3,20067.304,55
3,20070.557,55
3,20073.400,55
3,20076.287,55
3,20079.078,55
3,20081.910,55
3,20085.722,55
3,20088.750,55
3,20091.602,55
3,20094.663,55
3,20097.629,55
3,20101.548,55
3,20104.679,55
3,20107.604,55
3,20110.445,55
3,20113.553,55
3,20116.612,55
3,20120.170,55
3,20123.079,55
3,20125.966,55
3,20128.833,55
3,20131.757,55
3,20134.968,55
3,20138.160,55
3,20141.087,55
3,20143.961,55
3,20146.849,55
3,20149.995,55
3,20153.372,55
3,20156.331,55
3,20159.399,55
3,20162.218,55
3,20165.197,55
3,20168.579,55
3,20171.734,55
3,20174.906,55
3,20177.865,55
3,20180.235,55
3,20183.338,55
3,20186.652,55
3,20189.595,55
3,20192.492,55
3,20195.666,55
3,20198.582,55
3,20202.238,55
3,20205.291,55
3,20208.275,55
3,20211.305,55
3,20214.244,55
3,20218.222,55
3,20221.353,55
3,20224.328,55
3,20227.399,55
3,20230.274,59
3,20233.201,59
3,20236.372,59
3,20239.614,59
3,20242.597,59
3,20245.674,59
3,20248.645,59
3,20252.087,59
3,20255.488,59
3,20258.679,59
3,20262.546,59
3,20266.080,59
3,20269.775,59
3,20272.870,59
3,20275.760,59
3,20278.670,59
3,20281.626,59
3,20285.682,59
3,20288.766,59
3,20291.688,59
3,20294.788,59
3,20297.894,59
3,20301.970,59
3,20305.041,59
3,20308.240,59
3,20311.345,59
3,20314.455,59
3,20318.223,59
3,20321.341,59
3,20324.200,59
3,20327.073,59
3,20329.887,59
3,20332.865,59
3,20336.495,59
3,20339.474,59
3,20342.508,59
3,20345.656,59
3,20348.609,59
3,20351.817,59
3,20354.953,59
3,20357.971,59
3,20360.851,59
3,20363.832,59
3,20366.949,59
3,20370.467,59
3,20373.543,59
3,20376.518,59
3,20379.331,59
3,20382.301,59
3,20385.525,59
3,20388.457,59
3,20391.357,59
3,20394.289,59
3,20397.303,63
3,20400.232,63
3,20403.871,63
3,20406.790,63
3,20409.660,63
3,20412.548,63
3,20415.604,63
3,20419.181,63
3,20422.108,63
3,20424.939,63
3,20427.755,63
3,20430.887,63
3,20434.967,63
3,20438.182,63
3,20441.237,63
3,20444.207,63
3,20447.215,63
3,20450.354,63
3,20453.650,63
3,20456.636,63
3,20459.528,63
3,20462.550,63
3,20465.554,63
3,20469.031,63
3,20472.327,63
3,20475.247,63
3,20478.227,63
3,20481.009,63
3,20484.150,63
3,20487.448,63
3,20490.309,63
3,20493.297,63
3,20496.119,63
3,20499.015,63
3,20502.352,63
3,20505.480,63
3,20508.464,63
3,20511.448,63
3,20514.353,63
3,20517.439,63
3,20520.614,63
3,20523.561,63
3,20526.487,63
3,20529.267,63
3,20532.172,63
3,20535.141,63
3,20538.526,63
3,20541.689,63
3,20544.746,63
3,20547.725,63
3,20551.372,63
3,20554.385,63
3,20557.239,63
3,20560.210,63
3,20564.012,67
3,20567.182,67
3,20570.493,67
3,20573.441,67
3,20576.400,67
3,20579.300,67
3,20582.252,67
3,20585.907,67
3,20589.192,67
3,20592.141,67
3,20594.992,67
3,20597.976,67
3,20601.765,67
3,20605.185,67
3,20608.231,67
3,20611.222,67
3,20614.005,67
3,20617.023,67
3,20620.175,67
3,20623.132,67
3,20625.985,67
3,20628.926,67
3,20631.791,67
3,20635.718,67
3,20638.872,67
3,20641.814,67
3,20646.577,67
3,20649.713,67
3,20653.181,67
3,20656.225,67
3,20659.230,67
3,20662.121,67
3,20665.076,67
3,20668.899,67
3,20672.014,67
3,20675.019,67
3,20678.042,67
3,20681.177,67
3,20685.235,67
3,20688.647,67
3,20691.738,67
3,20694.798,67
3,20697.701,67
3,20700.963,67
3,20704.275,67
3,20707.218,67
3,20710.076,67
3,20713.273,67
3,20716.278,67
3,20719.445,67
3,20722.443,67
3,20725.406,67
3,20728.351,67
3,20731.297,71
3,20735.424,71
3,20738.617,71
3,20741.654,71
3,20744.710,71
3,20747.761,71
3,20751.681,71
3,20754.721,71
3,20757.693,71
3,20760.633,71
3,20763.607,71
3,20766.759,71
3,20770.147,71
3,20773.153,71
3,20776.261,71
3,20779.140,71
3,20782.265,71
3,20785.578,71
3,20788.503,71
3,20795.258,71
3,20800.732,71
3,20805.734,71
3,20808.931,71
3,20812.984,71
3,20816.188,71
3,20819.607,71
3,20822.864,71
3,20825.757,71
3,20828.699,71
3,20831.699,71
3,20834.604,71
3,20839.415,71
3,20842.715,71
3,20845.984,71
3,20848.932,71
3,20851.991,71
3,20855.498,71
3,20858.459,71
3,20861.350,71
3,20865.165,71
3,20868.867,71
3,20872.418,71
3,20878.847,71
3,20882.253,71
3,20885.541,71
3,20888.970,71
3,20893.181,71
3,20896.418,75
3,20902.322,75
3,20906.025,75
3,20909.497,75
3,20912.661,75
3,20915.729,75
3,20919.413,75
3,20922.805,75
3,20925.809,75
3,20929.170,75
3,20932.294,75
3,20935.415,75
3,20938.711,75
3,20941.713,75
3,20944.756,75
3,20947.596,75
3,20950.635,75
3,20953.876,75
3,20956.895,75
3,20959.862,75
3,20962.738,75
3,20965.623,75
3,20968.629,75
3,20971.817,75
3,20978.782,75
3,20984.614,75
3,20988.116,75
3,20991.223,75
3,20995.286,75
3,20999.142,75
3,21003.175,75
3,21006.556,75
3,21010.010,75
3,21013.051,75
3,21016.089,75
3,21019.772,75
3,21022.920,75
3,21025.960,75
3,21029.049,75
3,21031.927,75
3,21034.919,75
3,21038.426,75
3,21041.566,75
3,21044.625,75
3,21047.612,75
3,21051.104,75
3,21054.424,75
3,21057.418,75
3,21060.237,75
3,21063.167,79
3,21066.263,79
3,21070.146,79
3,21073.200,79
3,21076.106,79
3,21079.159,79
3,21082.208,79
3,21085.584,79
3,21089.284,79
3,21092.427,79
3,21096.282,79
3,21099.327,79
3,21102.408,79
3,21105.934,79
3,21109.343,79
3,21112.219,79
3,21115.126,79
3,21118.297,79
3,21121.802,79
3,21124.947,79
3,21127.950,79
3,21130.889,79
3,21134.034,79
3,21137.121,79
3,21140.158,79
3,21143.197,79
3,21146.050,79
3,21148.928,79
3,21152.645,79
3,21155.719,79
3,21158.549,79
3,21161.765,79
3,21164.689,79
3,21168.933,79
3,21172.001,79
3,21174.945,79
3,21178.048,79
3,21180.933,79
3,21183.932,79
3,21187.132,79
3,21190.088,79
3,21192.986,79
3,21195.932,79
3,21199.107,79
3,21202.428,79
3,21205.422,79
3,21208.419,79
3,21211.570,79
3,21214.378,79
3,21217.272,79
3,21220.823,79
3,21223.834,79
3,21226.785,79
3,21229.640,84
3,21235.492,84
3,21239.295,84
3,21242.424,84
3,21245.760,84
3,21248.704,84
3,21252.483,84
3,21256.108,84
3,21259.080,84
3,21262.432,84
3,21265.523,84
3,21268.586,84
3,21272.279,84
3,21275.357,84
3,21281.734,84
3,21285.202,84
3,21288.845,84
3,21293.496,84
3,21297.674,84
3,21300.841,84
3,21304.504,84
3,21307.574,84
3,21310.466,84
3,21313.506,84
3,21316.485,84
3,21320.522,84
3,21323.533,84
3,21326.415,84
3,21329.380,84
3,21332.362,84
3,21335.494,84
3,21339.085,84
3,21342.129,84
3,21345.139,84
3,21348.171,84
3,21351.433,84
3,21354.872,84
3,21357.780,84
3,21360.863,84
3,21363.900,84
3,21367.172,84
3,21370.401,84
3,21373.812,84
3,21376.815,84
3,21380.029,84
3,21383.309,84
3,21386.570,84
3,21389.784,84
3,21392.755,84
3,21395.778,88
3,21398.718,88
3,21401.773,88
3,21405.096,88
3,21408.304,88
3,21411.274,88
3,21414.325,88
3,21417.707,88
3,21421.050,88
3,21424.135,88
3,21427.203,88
3,21430.265,88
3,21433.318,88
3,21436.434,88
3,21440.030,88
3,21443.089,88
3,21446.187,88
3,21449.330,88
3,21452.675,88
3,21455.965,88
3,21458.959,88
3,21462.746,88
3,21466.030,88
3,21470.097,88
3,21472.988,88
3,21475.839,88
3,21478.808,88
3,21481.857,88
3,21485.076,88
3,21488.499,88
3,21491.576,88
3,21494.547,88
3,21497.400,88
3,21500.577,88
3,21503.622,88
3,21507.032,88
3,21510.061,88
3,21513.340,88
3,21516.676,88
3,21519.973,88
3,21526.925,88
3,21532.425,88
3,21537.351,88
3,21540.784,88
3,21544.252,88
3,21547.387,88
3,21550.788,88
3,21554.271,88
3,21557.424,88
3,21560.624,88
3,21563.839,92
3,21567.007,92
3,21570.290,92
3,21573.514,92
3,21576.515,92
3,21579.516,92
3,21582.713,92
3,21586.018,92
3,21589.418,92
3,21592.288,92
3,21595.476,92
3,21598.332,92
3,21601.864,92
3,21605.168,92
3,21608.255,92
3,21611.126,92
3,21614.152,92
3,21617.183,92
3,21620.584,92
3,21623.589,92
3,21626.603,92
3,21629.492,92
3,21632.385,92
3,21635.796,92
3,21639.287,92
3,21642.498,92
3,21646.050,92
3,21649.160,92
3,21652.552,92
3,21656.045,92
3,21659.024,92
3,21662.159,92
3,21665.135,92
3,21668.548,92
3,21672.268,92
3,21675.338,92
3,21678.542,92
3,21682.295,92
3,21686.294,92
3,21691.203,92
3,21694.613,92
3,21697.739,92
3,21701.222,92
3,21704.532,92
3,21707.913,92
3,21711.196,92
3,21714.377,92
3,21717.247,92
3,21720.470,92
3,21723.372,92
3,21726.312,92
3,21729.145,96
3,21732.283,96
3,21735.335,96
3,21738.576,96
3,21741.632,96
3,21744.636,96
3,21747.589,96
3,21750.691,96
3,21753.993,96
3,21756.936,96
3,21759.913,96
3,21762.860,96
3,21765.802,96
3,21768.952,96
3,21773.011,96
3,21775.960,96
3,21779.192,96
3,21782.311,96
3,21785.735,96
3,21789.197,96
3,21792.312,96
3,21795.557,96
3,21798.505,96
3,21801.653,96
3,21805.201,96
3,21808.287,96
3,21811.144,96
3,21814.074,96
3,21817.237,96
3,21820.456,96
3,21823.363,96
3,21826.262,96
3,21829.205,96
3,21832.146,96
3,21835.062,96
3,21838.383,96
3,21841.530,96
3,21844.661,96
3,21847.635,96
3,21851.504,96
3,21854.792,96
3,21857.865,96
3,21861.032,96
3,21864.044,96
3,21867.509,96
3,21870.757,96
3,21873.738,96
3,21876.718,96
3,21879.751,96
3,21882.854,96
3,21886.042,96
3,21889.141,96
3,21892.032,96
3,21895.310,96
3,21898.156,100
3,21902.668,100
3,21905.768,100
3,21908.672,100
3,21911.919,100
3,21915.157,100
3,21918.654,100
3,21921.752,100
3,21924.769,100
3,21927.830,100
3,21930.705,100
3,21933.722,100
3,21936.830,100
3,21939.953,100
3,21942.874,100
3,21945.838,100
3,21948.733,100
3,21951.877,100
3,21955.165,100
3,21958.151,100
3,21961.350,100
3,21964.423,100
3,21967.466,100
3,21970.657,100
3,21973.533,100
3,21976.435,100
3,21979.189,100
3,21982.390,100
3,21985.665,100
3,21988.918,100
3,21991.802,100
3,21994.902,100
3,21997.866,100
3,22001.132,100
3,22004.534,100
3,22007.485,100
3,22010.379,100
3,22013.173,100
3,22016.090,100
3,22019.513,100
3,22022.688,100
3,22025.656,100
3,22028.736,100
3,22031.780,100
3,22035.316,100
3,22038.712,100
3,22041.627,100
3,22044.646,100
3,22049.070,100
3,22054.483,100
3,22058.064,100
3,22061.367,100
3,22064.413,104
3,22067.551,104
3,22070.790,104
3,22074.552,104
3,22077.592,104
3,22080.820,104
3,22083.836,104
3,22087.120,104
3,22090.125,104
3,22093.173,104
3,22096.305,104
3,22099.399,104
3,22102.703,104
3,22105.867,104
3,22108.816,104
3,22112.060,104
3,22115.117,104
3,22118.692,104
3,22121.665,104
3,22124.485,104
3,22127.448,104
3,22130.281,104
3,22133.266,104
3,22136.239,104
3,22139.464,104
3,22142.368,104
3,22145.428,104
3,22148.366,104
3,22151.676,104
3,22155.025,104
3,22158.056,104
3,22161.081,104
3,22164.011,104
3,22167.133,104
3,22170.355,104
3,22173.359,104
3,22176.348,104
3,22179.209,104
3,22182.124,104
3,22185.203,104
3,22188.152,104
3,22191.343,104
3,22194.568,104
3,22197.591,104
3,22200.582,104
3,22204.255,104
3,22207.530,104
3,22210.519,104
3,22213.408,104
3,22216.408,104
3,22219.682,104
3,22222.586,104
3,22225.505,104
3,22228.601,104
3,22231.490,109
3,22234.538,109
3,22237.930,109
3,22241.128,109
3,22244.218,109
3,22247.198,109
3,22250.188,109
3,22253.298,109
3,22256.550,109
3,22259.498,109
3,22262.391,109
3,22265.271,109
3,22268.482,109
3,22271.964,109
3,22274.911,109
3,22277.895,109
3,22280.933,109
3,22284.020,109
3,22287.323,109
3,22290.240,109
3,22293.220,109
3,22296.158,109
3,22299.145,109
3,22302.339,109
3,22305.499,109
3,22308.489,109
3,22311.643,109
3,22316.314,109
3,22321.091,109
3,22324.234,109
3,22327.284,109
3,22330.156,109
3,22333.076,109
3,22335.995,109
3,22339.135,109
3,22342.032,109
3,22344.923,109
3,22347.817,109
3,22350.710,109
3,22354.067,109
3,22356.958,109
3,22359.809,109
3,22362.624,109
3,22365.499,109
3,22368.370,109
3,22371.817,109
3,22375.426,109
3,22378.733,109
3,22381.776,109
3,22385.503,109
3,22388.505,109
3,22391.543,109
3,22394.530,109
3,22397.424,113
3,22400.333,113
3,22403.492,113
3,22406.634,113
3,22409.607,113
3,22412.421,113
3,22415.310,113
3,22418.506,113
3,22421.573,113
3,22424.464,113
3,22427.375,113
3,22430.293,113
3,22433.773,113
3,22437.254,113
3,22440.316,113
3,22443.180,113
3,22445.983,113
3,22448.806,113
3,22452.093,113
3,22455.054,113
3,22458.255,113
3,22461.177,113
3,22464.112,113
3,22467.733,113
3,22470.790,113
3,22473.787,113
3,22476.707,113
3,22479.507,113
3,22482.382,113
3,22485.938,113
3,22488.940,113
3,22491.744,113
3,22494.615,113
3,22497.367,113
3,22501.407,113
3,22504.405,113
3,22507.286,113
3,22510.071,113
3,22512.888,113
3,22515.753,113
3,22518.969,113
3,22521.811,113
3,22524.655,113
3,22527.748,113
3,22530.630,113
3,22533.542,113
3,22536.690,113
3,22539.877,113
3,22542.814,113
3,22545.821,113
3,22551.216,113
3,22554.651,113
3,22557.748,113
3,22560.612,113
3,22563.461,117
3,22566.321,117
3,22571.686,117
3,22575.175,117
3,22578.494,117
3,22581.467,117
3,22584.621,117
3,22588.008,117
3,22590.989,117
3,22593.931,117
3,22596.794,117
3,22599.662,117
3,22603.206,117
3,22606.233,117
3,22609.167,117
3,22612.066,117
3,22615.020,117
3,22617.973,117
3,22621.346,117
3,22624.318,117
3,22627.293,117
3,22630.107,117
3,22633.013,117
3,22636.751,117
3,22639.715,117
3,22642.647,117
3,22645.511,117
3,22648.350,117
3,22651.394,117
3,22654.767,117
3,22657.690,117
3,22660.500,117
3,22663.244,117
3,22666.116,117
3,22669.237,117
3,22672.485,117
3,22676.270,117
3,22679.051,117
3,22682.154,117
3,22685.178,117
3,22688.854,117
3,22691.930,117
3,22694.918,117
3,22697.673,117
3,22700.553,117
3,22703.676,117
3,22706.627,117
3,22709.454,117
3,22712.558,117
3,22715.500,117
3,22718.816,117
3,22721.965,117
3,22724.911,117
3,22727.859,117
3,22733.275,120
3,22736.727,120
3,22740.096,120
3,22743.045,120
3,22745.855,120
3,22748.660,120
3,22751.565,120
3,22754.780,120
3,22757.746,120
3,22760.544,120
3,22763.425,120
3,22766.986,120
3,22770.059,120
3,22773.102,120
3,22776.011,120
3,22778.775,120
3,22781.782,120
3,22785.109,120
3,22788.104,120
3,22790.970,120
3,22793.858,120
3,22796.754,120
3,22799.696,120
3,22802.833,120
3,22805.713,120
3,22808.534,120
3,22811.565,120
3,22814.519,120
3,22818.352,120
3,22821.501,120
3,22824.439,120
3,22827.346,120
3,22830.224,120
3,22833.293,120
3,22836.842,120
3,22840.084,120
3,22843.359,120
3,22846.148,120
3,22849.032,120
3,22852.718,120
3,22855.611,120
3,22858.457,120
3,22861.388,120
3,22864.264,120
3,22867.244,120
3,22870.647,120
3,22873.585,120
3,22876.450,120
3,22879.283,120
3,22882.159,120
3,22885.404,120
3,22888.319,120
3,22891.286,120
3,22894.198,120
4,22896.977,0
4,22900.386,0
4,22903.552,0
4,22906.686,0
4,22909.823,0
4,22912.596,0
4,22915.571,0
4,22920.100,0
4,22923.513,0
4,22926.525,0
4,22929.431,0
4,22932.311,0
4,22935.446,0
4,22938.340,0
4,22941.267,0
4,22944.221,0
4,22946.994,0
4,22949.955,0
4,22953.224,0
4,22956.308,0
4,22959.137,0
4,22961.907,0
4,22964.997,0
4,22968.259,0
4,22971.360,0
4,22974.183,0
4,22977.926,0
4,22980.733,0
4,22983.742,0
4,22986.852,0
4,22989.772,0
4,22992.675,0
4,22995.441,0
4,22998.277,0
4,23001.650,0
4,23004.692,0
4,23007.560,0
4,23010.368,0
4,23013.196,0
4,23016.115,0
4,23019.288,0
4,23022.158,0
4,23025.044,0
4,23027.963,0
4,23030.871,0
4,23033.973,0
4,23037.216,0
4,23040.041,0
4,23042.970,0
4,23045.790,0
4,23048.713,0
4,23052.250,0
4,23055.130,0
4,23058.054,0
4,23060.868,0
4,23063.676,5
4,23066.643,5
4,23069.806,5
4,23072.737,5
4,23075.672,5
4,23079.186,5
4,23082.055,5
4,23085.743,5
4,23088.744,5
4,23091.646,5
4,23094.605,5
4,23097.451,5
4,23100.301,5
4,23103.493,5
4,23106.534,5
4,23109.444,5
4,23112.293,5
4,23115.118,5
4,23118.928,5
4,23121.870,5
4,23124.808,5
4,23127.668,5
4,23130.546,5
4,23134.193,5
4,23137.291,5
4,23140.131,5
4,23142.994,5
4,23145.822,5
4,23148.721,5
4,23151.830,5
4,23154.939,5
4,23157.938,5
4,23160.825,5
4,23163.676,5
4,23166.629,5
4,23170.092,5
4,23173.292,5
4,23176.171,5
4,23178.889,5
4,23181.725,5
4,23184.976,5
4,23187.987,5
4,23190.784,5
4,23193.640,5
4,23196.464,5
4,23199.297,5
4,23202.395,5
4,23205.286,5
4,23208.204,5
4,23211.062,5
4,23213.843,5
4,23216.865,5
4,23219.998,5
4,23222.863,5
4,23225.672,5
4,23228.791,9
4,23231.732,9
4,23235.237,9
4,23238.215,9
4,23241.155,9
4,23244.017,9
4,23246.980,9
4,23250.065,9
4,23253.448,9
4,23256.338,9
4,23259.278,9
4,23262.040,9
4,23264.948,9
4,23268.885,9
4,23271.886,9
4,23274.867,9
4,23278.067,9
4,23281.707,9
4,23284.905,9
4,23287.992,9
4,23290.947,9
4,23293.853,9
4,23296.695,9
4,23299.638,9
4,23302.945,9
4,23305.765,9
4,23308.631,9
4,23311.552,9
4,23314.373,9
4,23317.309,9
4,23320.422,9
4,23323.257,9
4,23326.091,9
4,23328.807,9
4,23331.648,9
4,23335.190,9
4,23338.186,9
4,23340.942,9
4,23343.835,9
4,23346.558,9
4,23349.437,9
4,23352.556,9
4,23355.419,9
4,23358.338,9
4,23361.377,9
4,23366.953,9
4,23372.186,9
4,23375.283,9
4,23378.195,9
4,23381.021,9
4,23384.041,9
4,23387.304,9
4,23390.238,9
4,23393.464,9
4,23396.321,13
4,23399.212,13
4,23402.818,13
4,23405.604,13
4,23408.543,13
4,23411.544,13
4,23414.367,13
4,23418.018,13
4,23421.083,13
4,23423.915,13
4,23426.845,13
4,23429.666,13
4,23432.635,13
4,23435.814,13
4,23438.738,13
4,23441.627,13
4,23444.578,13
4,23447.454,13
4,23451.319,13
4,23454.317,13
4,23457.204,13
4,23460.030,13
4,23462.785,13
4,23465.741,13
4,23469.341,13
4,23472.349,13
4,23475.319,13
4,23478.137,13
4,23480.993,13
4,23483.992,13
4,23487.194,13
4,23490.010,13
4,23492.843,13
4,23495.546,13
4,23498.416,13
4,23501.650,13
4,23504.681,13
4,23507.562,13
4,23510.392,13
4,23513.205,13
4,23516.180,13
4,23519.409,13
4,23522.333,13
4,23525.171,13
4,23528.198,13
4,23531.103,13
4,23534.143,13
4,23537.483,13
4,23540.355,13
4,23543.205,13
4,23546.017,13
4,23549.189,13
4,23552.660,13
4,23555.529,13
4,23558.466,13
4,23561.498,13
4,23564.306,17
4,23568.383,17
4,23571.441,17
4,23574.375,17
4,23577.285,17
4,23580.094,17
4,23583.830,17
4,23586.940,17
4,23589.791,17
4,23592.680,17
4,23595.481,17
4,23598.336,17
4,23601.857,17
4,23604.884,17
4,23607.762,17
4,23610.551,17
4,23613.334,17
4,23616.360,17
4,23619.544,17
4,23622.396,17
4,23625.258,17
4,23628.114,17
4,23630.969,17
4,23633.975,17
4,23637.348,17
4,23640.244,17
4,23643.204,17
4,23646.026,17
4,23648.879,17
4,23651.770,17
4,23654.941,17
4,23657.963,17
4,23661.259,17
4,23664.021,17
4,23666.937,17
4,23670.050,17
4,23673.003,17
4,23675.902,17
4,23678.860,17
4,23681.701,17
4,23684.598,17
4,23687.882,17
4,23690.832,17
4,23693.728,17
4,23696.569,17
4,23699.406,17
4,23702.317,17
4,23705.417,17
4,23708.292,17
4,23711.258,17
4,23714.135,17
4,23717.057,17
4,23720.286,17
4,23723.222,17
4,23726.074,17
4,23728.815,21
4,23731.638,21
4,23734.616,21
4,23737.878,21
4,23740.876,21
4,23743.855,21
4,23746.736,21
4,23749.709,21
4,23752.896,21
4,23755.818,21
4,23758.686,21
4,23761.825,21
4,23764.776,21
4,23767.691,21
4,23770.857,21
4,23773.688,21
4,23776.578,21
4,23779.363,21
4,23782.265,21
4,23786.200,21
4,23789.462,21
4,23792.325,21
4,23795.144,21
4,23798.087,21
4,23801.284,21
4,23804.540,21
4,23807.388,21
4,23810.420,21
4,23813.296,21
4,23816.231,21
4,23819.694,21
4,23822.680,21
4,23825.573,21
4,23828.479,21
4,23831.499,21
4,23834.347,21
4,23837.478,21
4,23840.472,21
4,23844.572,21
4,23847.670,21
4,23850.517,21
4,23853.691,21
4,23856.547,21
4,23859.472,21
4,23862.543,21
4,23865.522,21
4,23869.029,21
4,23872.206,21
4,23875.025,21
4,23877.877,21
4,23880.650,21
4,23883.549,21
4,23887.491,21
4,23890.435,21
4,23893.359,21
4,23896.102,25
4,23898.984,25
4,23902.407,25
4,23905.609,25
4,23908.587,25
4,23911.621,25
4,23914.559,25
4,23917.412,25
4,23920.728,25
4,23923.842,25
4,23926.932,25
4,23929.720,25
4,23932.687,25
4,23935.674,25
4,23938.927,25
4,23941.774,25
4,23944.705,25
4,23947.570,25
4,23950.436,25
4,23953.554,25
4,23956.457,25
4,23959.307,25
4,23962.130,25
4,23964.978,25
4,23968.126,25
4,23971.642,25
4,23974.506,25
4,23977.405,25
4,23980.213,25
4,23983.071,25
4,23985.972,25
4,23989.075,25
4,23991.981,25
4,23994.893,25
4,23997.847,25
4,24000.681,25
4,24003.911,25
4,24006.910,25
4,24009.778,25
4,24012.565,25
4,24015.447,25
4,24018.373,25
4,24021.627,25
4,24024.592,25
4,24027.000,25
4,24029.871,25
4,24032.863,25
4,24036.079,25
4,24039.255,25
4,24042.107,25
4,24044.916,25
4,24047.832,25
4,24050.788,25
4,24054.000,25
4,24056.839,25
4,24059.651,25
4,24062.502,30
4,24065.523,30
4,24068.729,30
4,24071.981,30
4,24074.942,30
4,24078.109,30
4,24080.916,30
4,24083.885,30
4,24086.987,30
4,24090.096,30
4,24093.072,30
4,24096.119,30
4,24099.346,30
4,24102.553,30
4,24105.727,30
4,24108.594,30
4,24111.666,30
4,24114.811,30
4,24117.842,30
4,24120.966,30
4,24123.822,30
4,24126.706,30
4,24129.480,30
4,24132.361,30
4,24135.547,30
4,24138.675,30
4,24141.659,30
4,24144.510,30
4,24147.344,30
4,24150.205,30
4,24153.571,30
4,24156.431,30
4,24159.208,30
4,24162.350,30
4,24165.385,30
4,24169.037,30
4,24171.920,30
4,24174.819,30
4,24177.747,30
4,24180.620,30
4,24183.575,30
4,24186.491,30
4,24191.150,30
4,24194.231,30
4,24197.131,30
4,24200.267,30
4,24203.675,30
4,24206.751,30
4,24209.666,30
4,24212.528,30
4,24215.408,30
4,24219.064,30
4,24222.011,30
4,24224.863,30
4,24227.723,30
4,24230.538,34
4,24233.719,34
4,24237.358,34
4,24240.276,34
4,24243.197,34
4,24246.004,34
4,24249.066,34
4,24253.250,34
4,24256.361,34
4,24259.193,34
4,24262.115,34
4,24264.951,34
4,24268.219,34
4,24271.310,34
4,24274.169,34
4,24277.006,34
4,24279.757,34
4,24282.671,34
4,24286.121,34
4,24289.000,34
4,24291.903,34
4,24294.900,34
4,24297.688,34
4,24301.311,34
4,24304.413,34
4,24307.357,34
4,24310.297,34
4,24313.165,34
4,24316.110,34
4,24319.346,34
4,24322.437,34
4,24325.218,34
4,24328.085,34
4,24330.929,34
4,24334.226,34
4,24337.177,34
4,24340.077,34
4,24343.008,34
4,24345.753,34
4,24348.638,34
4,24351.845,34
4,24354.836,34
4,24357.616,34
4,24360.358,34
4,24363.101,34
4,24366.038,34
4,24369.766,34
4,24372.764,34
4,24375.571,34
4,24378.653,34
4,24381.547,34
4,24385.019,34
4,24387.911,34
4,24390.844,34
4,24393.811,34
4,24396.742,38
4,24399.674,38
4,24402.874,38
4,24405.695,38
4,24408.606,38
4,24411.578,38
4,24414.418,38
4,24417.872,38
4,24420.861,38
4,24423.741,38
4,24426.723,38
4,24429.485,38
4,24432.383,38
4,24435.963,38
4,24438.899,38
4,24441.841,38
4,24444.977,38
4,24447.840,38
4,24450.740,38
4,24453.906,38
4,24456.748,38
4,24459.578,38
4,24462.354,38
4,24465.221,38
4,24468.771,38
4,24472.519,38
4,24475.922,38
4,24478.993,38
4,24482.170,38
4,24485.461,38
4,24488.443,38
4,24492.227,38
4,24495.806,38
4,24498.915,38
4,24502.689,38
4,24505.631,38
4,24508.613,38
4,24511.559,38
4,24514.483,38
4,24517.481,38
4,24520.629,38
4,24523.514,38
4,24526.407,38
4,24529.218,38
4,24532.158,38
4,24535.122,38
4,24538.630,38
4,24541.588,38
4,24544.590,38
4,24547.491,38
4,24550.893,38
4,24554.063,38
4,24557.110,38
4,24560.114,38
4,24562.933,42
4,24565.916,42
4,24569.363,42
4,24572.296,42
4,24575.275,42
4,24578.535,42
4,24581.582,42
4,24585.028,42
4,24588.073,42
4,24591.056,42
4,24594.065,42
4,24596.907,42
4,24599.923,42
4,24603.276,42
4,24606.210,42
4,24609.099,42
4,24612.137,42
4,24615.170,42
4,24618.435,42
4,24621.404,42
4,24624.365,42
4,24627.299,42
4,24630.172,42
4,24633.496,42
4,24637.074,42
4,24640.059,42
4,24643.049,42
4,24645.908,42
4,24648.877,42
4,24653.137,42
4,24656.590,42
4,24659.510,42
4,24662.340,42
4,24665.199,42
4,24668.604,42
4,24671.571,42
4,24674.694,42
4,24677.722,42
4,24680.868,42
4,24684.172,42
4,24687.775,42
4,24691.127,42
4,24694.107,42
4,24697.082,42
4,24700.080,42
4,24703.248,42
4,24706.320,42
4,24709.234,42
4,24712.067,42
4,24715.192,42
4,24718.970,42
4,24722.019,42
4,24725.002,42
4,24728.002,42
4,24730.882,46
4,24734.979,46
4,24738.224,46
4,24741.190,46
4,24744.178,46
4,24746.983,46
4,24749.802,46
4,24752.861,46
4,24756.088,46
4,24758.991,46
4,24762.051,46
4,24764.950,46
4,24769.217,46
4,24772.264,46
4,24775.091,46
4,24777.960,46
4,24780.742,46
4,24783.906,46
4,24787.132,46
4,24790.051,46
4,24793.783,46
4,24796.661,46
4,24799.626,46
4,24802.800,46
4,24805.717,46
4,24808.656,46
4,24811.721,46
4,24814.662,46
4,24819.395,46
4,24822.410,46
4,24825.308,46
4,24827.643,46
4,24830.503,46
4,24833.421,46
4,24836.758,46
4,24839.570,46
4,24842.391,46
4,24845.283,46
4,24848.135,46
4,24851.435,46
4,24854.412,46
4,24857.285,46
4,24860.364,46
4,24863.219,46
4,24866.185,46
4,24869.683,46
4,24872.611,46
4,24875.423,46
4,24878.341,46
4,24881.299,46
4,24885.424,46
4,24888.444,46
4,24891.406,46
4,24894.294,46
4,24897.131,50
4,24900.156,50
4,24903.429,50
4,24906.440,50
4,24909.385,50
4,24912.245,50
4,24915.070,50
4,24918.841,50
4,24921.849,50
4,24924.865,50
4,24927.947,50
4,24930.753,50
4,24933.839,50
4,24937.015,50
4,24939.849,50
4,24942.716,50
4,24945.533,50
4,24948.431,50
4,24951.681,50
4,24954.874,50
4,24957.797,50
4,24960.621,50
4,24963.519,50
4,24966.593,50
4,24969.820,50
4,24972.738,50
4,24975.629,50
4,24978.493,50
4,24981.408,50
4,24985.464,50
4,24988.628,50
4,24991.536,50
4,24994.494,50
4,24997.386,50
4,25000.372,50
4,25003.532,50
4,25006.402,50
4,25009.293,50
4,25012.097,50
4,25014.874,50
4,25017.943,50
4,25020.839,50
4,25024.026,50
4,25026.987,50
4,25029.789,50
4,25032.785,50
4,25036.655,50
4,25039.601,50
4,25042.516,50
4,25045.490,50
4,25048.387,50
4,25051.744,50
4,25054.995,50
4,25057.923,50
4,25060.788,50
4,25063.570,55
4,25066.496,55
4,25069.631,55
4,25072.463,55
4,25075.243,55
4,25078.123,55
4,25081.105,55
4,25084.399,55
4,25087.368,55
4,25090.180,55
4,25093.115,55
4,25097.005,55
4,25099.726,55
4,25103.489,55
4,25106.637,55
4,25109.488,55
4,25112.700,55
4,25118.156,55
4,25123.256,55
4,25126.338,55
4,25129.248,55
4,25132.142,55
4,25136.157,55
4,25139.224,55
4,25142.087,55
4,25145.034,55
4,25147.898,55
4,25151.420,55
4,25154.578,55
4,25157.465,55
4,25160.313,55
4,25163.124,55
4,25166.042,55
4,25169.203,55
4,25172.054,55
4,25174.903,55
4,25177.961,55
4,25180.816,55
4,25183.728,55
4,25186.869,55
4,25189.763,55
4,25192.650,55
4,25195.483,55
4,25198.321,55
4,25201.966,55
4,25204.913,55
4,25207.931,55
4,25210.807,55
4,25213.791,55
4,25216.851,55
4,25219.994,55
4,25222.870,55
4,25225.685,55
4,25228.872,59
4,25231.819,59
4,25235.505,59
4,25238.518,59
4,25241.575,59
4,25244.537,59
4,25247.475,59
4,25250.808,59
4,25253.812,59
4,25256.667,59
4,25259.491,59
4,25262.487,59
4,25265.464,59
4,25268.687,59
4,25271.726,59
4,25274.766,59
4,25277.733,59
4,25280.559,59
4,25283.503,59
4,25286.737,59
4,25289.838,59
4,25292.818,59
4,25295.650,59
4,25298.601,59
4,25301.992,59
4,25305.000,59
4,25308.030,59
4,25311.124,59
4,25314.125,59
4,25317.758,59
4,25320.746,59
4,25323.590,59
4,25326.598,59
4,25329.469,59
4,25332.472,59
4,25336.086,59
4,25339.109,59
4,25341.954,59
4,25344.914,59
4,25347.948,59
4,25351.060,59
4,25354.059,59
4,25356.954,59
4,25360.013,59
4,25362.885,59
4,25365.896,59
4,25369.289,59
4,25372.169,59
4,25375.149,59
4,25378.124,59
4,25381.070,59
4,25384.933,59
4,25387.977,59
4,25390.892,59
4,25393.942,59
4,25397.753,63
4,25401.140,63
4,25404.408,63
4,25407.405,63
4,25410.311,63
4,25413.281,63
4,25416.328,63
4,25419.598,63
4,25422.537,63
4,25425.356,63
4,25428.298,63
4,25431.199,63
4,25434.233,63
4,25437.605,63
4,25440.537,63
4,25443.548,63
4,25446.565,63
4,25449.428,63
4,25452.848,63
4,25455.869,63
4,25458.853,63
4,25461.907,63
4,25464.782,63
4,25467.401,63
4,25470.338,63
4,25473.253,63
4,25476.375,63
4,25480.119,63
4,25484.475,63
4,25487.695,63
4,25491.005,63
4,25494.033,63
4,25496.875,63
4,25500.189,63
4,25503.462,63
4,25506.483,63
4,25509.289,63
4,25512.352,63
4,25515.369,63
4,25518.512,63
4,25521.629,63
4,25524.714,63
4,25527.641,63
4,25530.598,63
4,25533.616,63
4,25536.869,63
4,25539.838,63
4,25542.761,63
4,25545.616,63
4,25548.702,63
4,25552.779,63
4,25555.925,63
4,25559.082,63
4,25562.156,67
4,25565.034,67
4,25568.388,67
4,25571.344,67
4,25574.199,67
4,25577.073,67
4,25579.894,67
4,25582.880,67
4,25586.143,67
4,25589.027,67
4,25591.959,67
4,25594.960,67
4,25597.914,67
4,25601.799,67
4,25604.988,67
4,25607.955,67
4,25610.935,67
4,25613.734,67
4,25616.736,67
4,25619.952,67
4,25622.871,67
4,25625.795,67
4,25629.938,67
4,25633.247,67
4,25636.825,67
4,25640.009,67
4,25642.977,67
4,25645.752,67
4,25648.691,67
4,25652.709,67
4,25655.887,67
4,25658.734,67
4,25661.800,67
4,25664.783,67
4,25668.637,67
4,25671.764,67
4,25674.807,67
4,25677.960,67
4,25680.939,67
4,25684.056,67
4,25687.367,67
4,25690.225,67
4,25693.135,67
4,25695.969,67
4,25699.792,67
4,25702.973,67
4,25705.824,67
4,25708.701,67
4,25711.646,67
4,25714.544,67
4,25717.562,67
4,25720.854,67
4,25723.771,67
4,25726.679,67
4,25729.560,71
4,25732.552,71
4,25736.075,71
4,25739.056,71
4,25742.027,71
4,25745.216,71
4,25748.040,71
4,25751.875,71
4,25754.909,71
4,25757.741,71
4,25760.588,71
4,25763.641,71
4,25766.809,71
4,25769.946,71
4,25772.886,71
4,25775.696,71
4,25778.778,71
4,25781.717,71
4,25785.271,71
4,25788.197,71
4,25791.150,71
4,25794.087,71
4,25796.895,71
4,25799.909,71
4,25803.131,71
4,25806.319,71
4,25809.313,71
4,25812.117,71
4,25815.035,71
4,25818.240,71
4,25821.278,71
4,25824.231,71
4,25827.194,71
4,25830.246,71
4,25833.383,71
4,25836.571,71
4,25839.594,71
4,25842.481,71
4,25845.498,71
4,25848.362,71
4,25851.994,71
4,25854.909,71
4,25857.886,71
4,25860.832,71
4,25863.819,71
4,25867.048,71
4,25870.439,71
4,25873.358,71
4,25876.367,71
4,25879.201,71
4,25882.120,71
4,25885.399,71
4,25888.537,71
4,25891.549,71
4,25894.586,71
4,25897.468,75
4,25901.498,75
4,25904.516,75
4,25907.451,75
4,25910.346,75
4,25913.430,75
4,25916.652,75
4,25919.958,75
4,25923.010,75
4,25926.042,75
4,25929.239,75
4,25932.426,75
4,25936.137,75
4,25939.326,75
4,25942.244,75
4,25945.443,75
4,25948.411,75
4,25951.759,75
4,25954.695,75
4,25957.659,75
4,25960.543,75
4,25963.545,75
4,25966.573,75
4,25970.154,75
4,25973.170,75
4,25976.184,75
4,25978.903,75
4,25982.005,75
4,25985.387,75
4,25988.371,75
4,25991.404,75
4,25994.515,75
4,25997.370,75
4,26001.655,75
4,26005.092,75
4,26008.157,75
4,26011.111,75
4,26014.093,75
4,26016.950,75
4,26020.151,75
4,26023.226,75
4,26026.223,75
4,26029.146,75
4,26031.971,75
4,26034.933,75
4,26038.337,75
4,26041.395,75
4,26044.316,75
4,26047.288,75
4,26050.289,75
4,26053.451,75
4,26056.630,75
4,26059.496,75
4,26062.468,79
4,26065.392,79
4,26068.805,79
4,26071.905,79
4,26074.807,79
4,26077.682,79
4,26083.085,79
4,26086.453,79
4,26089.392,79
4,26093.551,79
4,26097.535,79
4,26101.174,79
4,26106.569,79
4,26111.099,79
4,26114.160,79
4,26117.998,79
4,26121.519,79
4,26124.965,79
4,26128.300,79
4,26131.246,79
4,26134.912,79
4,26138.050,79
4,26141.045,79
4,26143.929,79
4,26146.819,79
4,26149.780,79
4,26152.933,79
4,26155.967,79
4,26158.934,79
4,26161.848,79
4,26164.806,79
4,26168.078,79
4,26171.171,79
4,26174.087,79
4,26176.994,79
4,26179.941,79
4,26182.856,79
4,26186.425,79
4,26189.594,79
4,26192.437,79
4,26195.557,79
4,26198.503,79
4,26201.689,79
4,26205.151,79
4,26208.218,79
4,26211.402,79
4,26214.284,79
4,26218.499,79
4,26221.818,79
4,26224.924,79
4,26228.103,79
4,26231.034,84
4,26234.962,84
4,26238.277,84
4,26241.340,84
4,26244.306,84
4,26247.167,84
4,26250.126,84
4,26253.274,84
4,26256.490,84
4,26259.329,84
4,26262.200,84
4,26265.144,84
4,26268.545,84
4,26271.799,84
4,26274.859,84
4,26277.692,84
4,26280.565,84
4,26284.077,84
4,26287.302,84
4,26290.270,84
4,26293.198,84
4,26296.149,84
4,26299.328,84
4,26303.353,84
4,26306.437,84
4,26309.402,84
4,26312.324,84
4,26315.290,84
4,26318.367,84
4,26321.582,84
4,26324.714,84
4,26327.713,84
4,26330.548,84
4,26333.589,84
4,26336.790,84
4,26339.767,84
4,26342.675,84
4,26345.689,84
4,26348.561,84
4,26351.915,84
4,26354.865,84
4,26357.851,84
4,26360.761,84
4,26363.796,84
4,26366.748,84
4,26370.028,84
4,26373.371,84
4,26376.399,84
4,26379.282,84
4,26382.344,84
4,26385.698,84
4,26388.702,84
4,26391.604,84
4,26394.474,84
4,26397.338,88
4,26400.909,88
4,26403.908,88
4,26406.804,88
4,26409.636,88
4,26412.408,88
4,26415.385,88
4,26418.591,88
4,26421.515,88
4,26424.448,88
4,26427.356,88
4,26430.297,88
4,26433.294,88
4,26436.836,88
4,26440.127,88
4,26443.232,88
4,26446.141,88
4,26449.020,88
4,26451.887,88
4,26454.847,88
4,26458.194,88
4,26461.139,88
4,26464.060,88
4,26467.102,88
4,26470.324,88
4,26473.266,88
4,26476.132,88
4,26478.878,88
4,26481.727,88
4,26484.792,88
4,26488.077,88
4,26491.000,88
4,26493.969,88
4,26496.837,88
4,26499.684,88
4,26502.711,88
4,26505.851,88
4,26508.898,88
4,26511.916,88
4,26518.431,88
4,26521.877,88
4,26524.970,88
4,26529.016,88
4,26532.111,88
4,26535.083,88
4,26539.119,88
4,26542.077,88
4,26545.356,88
4,26548.526,88
4,26552.169,88
4,26555.091,88
4,26558.056,88
4,26560.961,88
4,26563.858,92
4,26566.874,92
4,26570.119,92
4,26573.260,92
4,26576.174,92
4,26579.032,92
4,26581.927,92
4,26585.819,92
4,26588.862,92
4,26591.689,92
4,26594.761,92
4,26597.613,92
4,26601.455,92
4,26605.350,92
4,26608.632,92
4,26611.877,92
4,26614.888,92
4,26618.180,92
4,26621.257,92
4,26624.163,92
4,26627.155,92
4,26630.119,92
4,26635.002,92
4,26638.278,92
4,26641.244,92
4,26644.189,92
4,26647.030,92
4,26649.989,92
4,26653.151,92
4,26656.354,92
4,26659.310,92
4,26662.092,92
4,26664.915,92
4,26668.686,92
4,26672.009,92
4,26674.976,92
4,26677.971,92
4,26680.824,92
4,26683.947,92
4,26687.134,92
4,26690.025,92
4,26693.891,92
4,26696.833,92
4,26700.058,92
4,26703.256,92
4,26706.286,92
4,26709.371,92
4,26712.241,92
4,26715.137,92
4,26719.295,92
4,26722.378,92
4,26725.211,92
4,26728.026,92
4,26730.785,96
4,26733.727,96
4,26736.892,96
4,26739.960,96
4,26742.929,96
4,26745.903,96
4,26749.285,96
4,26752.680,96
4,26755.620,96
4,26758.585,96
4,26761.470,96
4,26764.275,96
4,26767.610,96
4,26770.631,96
4,26773.521,96
4,26776.463,96
4,26779.305,96
4,26782.202,96
4,26785.473,96
4,26788.419,96
4,26791.376,96
4,26794.417,96
4,26797.359,96
4,26800.248,96
4,26803.646,96
4,26806.589,96
4,26809.416,96
4,26812.252,96
4,26815.239,96
4,26818.385,96
4,26821.565,96
4,26824.632,96
4,26827.627,96
4,26830.564,96
4,26833.716,96
4,26837.058,96
4,26840.096,96
4,26843.098,96
4,26845.885,96
4,26848.908,96
4,26852.401,96
4,26855.410,96
4,26858.442,96
4,26861.433,96
4,26864.461,96
4,26867.533,96
4,26870.776,96
4,26873.712,96
4,26876.732,96
4,26879.638,96
4,26882.618,96
4,26886.043,96
4,26889.218,96
4,26892.140,96
4,26895.226,96
4,26898.204,100
4,26901.161,100
4,26904.427,100
4,26908.484,100
4,26911.803,100
4,26914.812,100
4,26918.272,100
4,26921.618,100
4,26924.699,100
4,26927.790,100
4,26930.948,100
4,26933.988,100
4,26937.255,100
4,26940.270,100
4,26943.191,100
4,26946.133,100
4,26949.078,100
4,26952.228,100
4,26955.225,100
4,26958.285,100
4,26961.260,100
4,26964.037,100
4,26967.008,100
4,26970.990,100
4,26974.012,100
4,26976.933,100
4,26979.841,100
4,26983.116,100
4,26986.312,100
4,26989.356,100
4,26992.377,100
4,26995.802,100
4,26998.894,100
4,27002.092,100
4,27005.424,100
4,27008.431,100
4,27011.417,100
4,27014.404,100
4,27017.433,100
4,27020.675,100
4,27023.764,100
4,27026.814,100
4,27029.851,100
4,27032.968,100
4,27035.955,100
4,27039.305,100
4,27042.192,100
4,27045.204,100
4,27048.075,100
4,27051.184,100
4,27054.488,100
4,27057.423,100
4,27061.791,100
4,27067.322,104
4,27070.805,104
4,27073.905,104
4,27076.931,104
4,27079.977,104
4,27083.238,104
4,27086.392,104
4,27089.363,104
4,27092.446,104
4,27096.020,104
4,27099.055,104
4,27102.259,104
4,27105.890,104
4,27108.892,104
4,27112.218,104
4,27115.230,104
4,27118.596,104
4,27121.689,104
4,27124.771,104
4,27127.683,104
4,27130.563,104
4,27134.457,104
4,27137.894,104
4,27140.869,104
4,27145.163,104
4,27148.280,104
4,27151.657,104
4,27154.748,104
4,27157.721,104
4,27160.635,104
4,27163.535,104
4,27166.541,104
4,27170.139,104
4,27173.470,104
4,27176.378,104
4,27179.527,104
4,27182.417,104
4,27185.805,104
4,27189.330,104
4,27192.232,104
4,27195.303,104
4,27198.238,104
4,27201.150,104
4,27204.601,104
4,27207.506,104
4,27211.181,104
4,27214.118,104
4,27217.181,104
4,27221.205,104
4,27224.167,104
4,27227.025,104
4,27230.044,109
4,27233.062,109
4,27235.997,109
4,27239.222,109
4,27242.238,109
4,27245.181,109
4,27247.989,109
4,27250.834,109
4,27254.401,109
4,27257.375,109
4,27260.280,109
4,27263.046,109
4,27265.949,109
4,27268.833,109
4,27271.983,109
4,27274.981,109
4,27278.041,109
4,27281.099,109
4,27284.404,109
4,27287.776,109
4,27290.664,109
4,27293.603,109
4,27296.492,109
4,27299.527,109
4,27302.536,109
4,27305.712,109
4,27308.725,109
4,27311.857,109
4,27314.906,109
4,27317.872,109
4,27321.155,109
4,27324.136,109
4,27327.120,109
4,27330.031,109
4,27333.035,109
4,27335.976,109
4,27339.225,109
4,27342.131,109
4,27345.053,109
4,27348.119,109
4,27351.044,109
4,27354.412,109
4,27357.303,109
4,27360.103,109
4,27363.072,109
4,27365.996,109
4,27369.516,109
4,27372.916,109
4,27375.902,109
4,27379.117,109
4,27382.007,109
4,27385.082,109
4,27388.159,109
4,27391.174,109
4,27394.129,109
4,27397.044,113
4,27400.151,113
4,27403.321,113
4,27406.310,113
4,27409.330,113
4,27412.136,113
4,27414.986,113
4,27418.167,113
4,27421.198,113
4,27424.152,113
4,27427.103,113
4,27429.930,113
4,27432.865,113
4,27436.476,113
4,27439.508,113
4,27442.458,113
4,27445.503,113
4,27448.394,113
4,27451.650,113
4,27458.706,113
4,27462.290,113
4,27465.311,113
4,27468.608,113
4,27471.591,113
4,27474.562,113
4,27477.975,113
4,27480.823,113
4,27483.745,113
4,27486.867,113
4,27489.718,113
4,27492.566,113
4,27495.400,113
4,27498.303,113
4,27501.644,113
4,27504.700,113
4,27507.716,113
4,27510.581,113
4,27514.289,113
4,27517.463,113
4,27520.705,113
4,27523.554,113
4,27526.557,113
4,27529.467,113
4,27532.341,113
4,27535.586,113
4,27538.549,113
4,27541.438,113
4,27544.304,113
4,27547.124,113
4,27550.078,113
4,27553.545,113
4,27556.440,113
4,27559.333,113
4,27562.351,117
4,27565.303,117
4,27568.722,117
4,27571.699,117
4,27574.694,117
4,27577.594,117
4,27580.483,117
4,27583.508,117
4,27586.795,117
4,27589.636,117
4,27592.581,117
4,27595.475,117
4,27598.398,117
4,27601.761,117
4,27605.118,117
4,27608.128,117
4,27610.984,117
4,27613.782,117
4,27616.732,117
4,27619.883,117
4,27622.949,117
4,27625.811,117
4,27628.715,117
4,27631.568,117
4,27635.174,117
4,27638.139,117
4,27640.977,117
4,27643.939,117
4,27646.976,117
4,27650.116,117
4,27653.414,117
4,27656.313,117
4,27659.173,117
4,27662.340,117
4,27665.279,117
4,27668.574,117
4,27671.890,117
4,27675.011,117
4,27677.982,117
4,27680.888,117
4,27684.027,117
4,27687.242,117
4,27690.203,117
4,27693.189,117
4,27696.058,117
4,27699.105,117
4,27703.216,117
4,27706.263,117
4,27709.167,117
4,27712.123,117
4,27715.045,117
4,27718.353,117
4,27721.720,117
4,27724.725,117
4,27727.795,117
4,27730.664,120
4,27733.588,120
4,27736.827,120
4,27739.760,120
4,27742.692,120
4,27745.656,120
4,27748.557,120
4,27751.811,120
4,27755.014,120
4,27757.942,120
4,27760.728,120
4,27763.528,120
4,27767.480,120
4,27770.472,120
4,27773.366,120
4,27776.343,120
4,27779.297,120
4,27782.240,120
4,27785.267,120
4,27788.196,120
4,27792.062,120
4,27795.118,120
4,27798.005,120
4,27801.212,120
4,27804.215,120
4,27807.121,120
4,27809.963,120
4,27812.791,120
4,27816.896,120
4,27820.162,120
4,27823.129,120
4,27826.037,120
4,27828.893,120
4,27831.787,120
4,27835.011,120
4,27838.070,120
4,27840.922,120
4,27843.835,120
4,27846.771,120
4,27849.792,120
4,27852.975,120
4,27855.832,120
4,27858.688,120
4,27861.732,120
4,27864.716,120
4,27867.723,120
4,27870.669,120
4,27873.674,120
4,27876.867,120
4,27880.650,120
4,27883.696,120
4,27886.912,120
4,27889.963,120
4,27892.919,120
5,27895.681,0
5,27899.383,0
5,27903.116,0
5,27906.504,0
5,27909.548,0
5,27912.492,0
5,27915.551,0
5,27918.771,0
5,27921.825,0
5,27925.008,0
5,27928.080,0
5,27931.039,0
5,27934.239,0
5,27937.415,0
5,27940.335,0
5,27943.285,0
5,27946.191,0
5,27949.214,0
5,27952.894,0
5,27955.846,0
5,27958.865,0
5,27962.104,0
5,27965.130,0
5,27968.246,0
5,27971.522,0
5,27974.407,0
5,27977.318,0
5,27980.189,0
5,27983.251,0
5,27986.635,0
5,27989.753,0
5,27992.657,0
5,27995.483,0
5,27998.296,0
5,28004.070,0
5,28009.352,0
5,28013.493,0
5,28016.611,0
5,28019.696,0
5,28023.008,0
5,28025.953,0
5,28029.108,0
5,28032.101,0
5,28035.192,0
5,28038.840,0
5,28041.870,0
5,28044.877,0
5,28047.841,0
5,28050.732,0
5,28054.082,0
5,28057.224,0
5,28060.307,0
5,28063.174,5
5,28066.246,5
5,28069.349,5
5,28072.557,5
5,28075.464,5
5,28078.333,5
5,28081.228,5
5,28084.139,5
5,28087.142,5
5,28090.279,5
5,28093.201,5
5,28096.053,5
5,28099.244,5
5,28102.820,5
5,28106.033,5
5,28109.008,5
5,28112.269,5
5,28115.151,5
5,28119.367,5
5,28122.337,5
5,28125.319,5
5,28128.237,5
5,28131.092,5
5,28134.005,5
5,28137.142,5
5,28140.049,5
5,28142.997,5
5,28145.885,5
5,28148.794,5
5,28152.469,5
5,28155.380,5
5,28158.326,5
5,28161.458,5
5,28164.372,5
5,28167.422,5
5,28170.677,5
5,28173.692,5
5,28176.690,5
5,28180.714,5
5,28186.660,5
5,28190.102,5
5,28193.180,5
5,28196.233,5
5,28199.083,5
5,28201.998,5
5,28205.404,5
5,28208.324,5
5,28211.357,5
5,28214.419,5
5,28217.425,5
5,28220.658,5
5,28223.656,5
5,28226.623,5
5,28229.545,9
5,28232.463,9
5,28236.280,9
5,28239.242,9
5,28242.159,9
5,28245.239,9
5,28248.067,9
5,28251.227,9
5,28254.526,9
5,28257.500,9
5,28260.366,9
5,28263.281,9
5,28266.219,9
5,28269.336,9
5,28272.650,9
5,28275.665,9
5,28278.658,9
5,28281.546,9
5,28284.443,9
5,28287.684,9
5,28290.577,9
5,28293.652,9
5,28296.571,9
5,28299.608,9
5,28302.675,9
5,28305.846,9
5,28308.873,9
5,28311.827,9
5,28314.981,9
5,28318.057,9
5,28321.472,9
5,28324.392,9
5,28327.466,9
5,28330.388,9
5,28333.465,9
5,28336.795,9
5,28339.903,9
5,28342.797,9
5,28345.699,9
5,28348.606,9
5,28351.618,9
5,28355.116,9
5,28358.224,9
5,28361.299,9
5,28364.249,9
5,28367.226,9
5,28371.217,9
5,28374.165,9
5,28377.258,9
5,28380.125,9
5,28383.032,9
5,28386.385,9
5,28389.434,9
5,28392.314,9
5,28395.253,9
5,28398.164,13
5,28401.225,13
5,28404.455,13
5,28407.362,13
5,28410.245,13
5,28413.238,13
5,28416.247,13
5,28420.578,13
5,28423.579,13
5,28426.586,13
5,28429.390,13
5,28432.299,13
5,28435.287,13
5,28438.506,13
5,28441.521,13
5,28444.649,13
5,28447.504,13
5,28450.584,13
5,28453.888,13
5,28456.813,13
5,28459.792,13
5,28462.665,13
5,28465.744,13
5,28468.812,13
5,28471.966,13
5,28474.925,13
5,28477.878,13
5,28480.843,13
5,28483.929,13
5,28487.220,13
5,28490.096,13
5,28493.031,13
5,28497.011,13
5,28500.239,13
5,28503.954,13
5,28507.403,13
5,28510.453,13
5,28513.529,13
5,28516.441,13
5,28519.757,13
5,28522.866,13
5,28525.738,13
5,28528.602,13
5,28531.504,13
5,28534.356,13
5,28537.587,13
5,28540.762,13
5,28543.711,13
5,28546.619,13
5,28549.588,13
5,28553.428,13
5,28556.354,13
5,28559.184,13
5,28562.070,17
5,28564.998,17
5,28568.534,17
5,28571.668,17
5,28574.767,17
5,28577.802,17
5,28580.659,17
5,28583.699,17
5,28586.690,17
5,28589.811,17
5,28592.717,17
5,28595.595,17
5,28598.534,17
5,28601.683,17
5,28605.116,17
5,28608.162,17
5,28611.033,17
5,28613.937,17
5,28616.933,17
5,28619.892,17
5,28623.362,17
5,28626.280,17
5,28629.070,17
5,28632.050,17
5,28635.016,17
5,28638.388,17
5,28641.559,17
5,28644.576,17
5,28647.526,17
5,28650.440,17
5,28653.435,17
5,28656.630,17
5,28659.565,17
5,28662.463,17
5,28665.318,17
5,28668.239,17
5,28671.879,17
5,28674.904,17
5,28678.050,17
5,28681.044,17
5,28684.215,17
5,28687.569,17
5,28690.511,17
5,28694.121,17
5,28697.213,17
5,28700.261,17
5,28703.385,17
5,28706.640,17
5,28709.506,17
5,28712.464,17
5,28715.421,17
5,28718.392,17
5,28722.504,17
5,28725.426,17
5,28728.415,17
5,28731.381,21
5,28734.216,21
5,28737.459,21
5,28740.374,21
5,28743.315,21
5,28746.332,21
5,28749.203,21
5,28752.992,21
5,28756.074,21
5,28759.097,21
5,28762.283,21
5,28765.151,21
5,28768.135,21
5,28771.376,21
5,28774.255,21
5,28777.125,21
5,28780.087,21
5,28783.129,21
5,28786.440,21
5,28789.473,21
5,28792.404,21
5,28795.488,21
5,28798.322,21
5,28801.301,21
5,28804.514,21
5,28807.359,21
5,28810.184,21
5,28813.144,21
5,28816.067,21
5,28819.281,21
5,28822.396,21
5,28825.322,21
5,28828.224,21
5,28831.049,21
5,28834.167,21
5,28837.402,21
5,28840.339,21
5,28843.337,21
5,28846.253,21
5,28849.184,21
5,28852.666,21
5,28855.708,21
5,28858.726,21
5,28861.878,21
5,28864.887,21
5,28868.847,21
5,28872.317,21
5,28875.269,21
5,28878.330,21
5,28881.338,21
5,28884.781,21
5,28888.163,21
5,28891.210,21
5,28894.286,21
5,28897.149,25
5,28899.665,25
5,28902.940,25
5,28905.968,25
5,28908.985,25
5,28912.025,25
5,28914.887,25
5,28918.991,25
5,28922.297,25
5,28925.460,25
5,28928.699,25
5,28931.735,25
5,28936.079,25
5,28939.254,25
5,28942.272,25
5,28945.322,25
5,28948.180,25
5,28952.625,25
5,28955.628,25
5,28958.492,25
5,28961.283,25
5,28964.243,25
5,28967.594,25
5,28970.958,25
5,28973.883,25
5,28976.874,25
5,28979.691,25
5,28982.612,25
5,28986.338,25
5,28989.573,25
5,28992.497,25
5,28995.371,25
5,28998.188,25
5,29001.615,25
5,29004.928,25
5,29007.934,25
5,29010.803,25
5,29014.091,25
5,29018.047,25
5,29021.399,25
5,29025.162,25
5,29028.323,25
5,29034.001,25
5,29037.268,25
5,29040.564,25
5,29043.505,25
5,29046.307,25
5,29049.195,25
5,29052.293,25
5,29055.326,25
5,29058.492,25
5,29061.449,25
5,29064.322,30
5,29067.347,30
5,29070.352,30
5,29073.626,30
5,29076.618,30
5,29079.560,30
5,29082.502,30
5,29085.481,30
5,29088.713,30
5,29091.656,30
5,29094.667,30
5,29097.607,30
5,29100.512,30
5,29104.360,30
5,29107.520,30
5,29110.492,30
5,29113.391,30
5,29116.447,30
5,29119.418,30
5,29122.612,30
5,29125.453,30
5,29128.422,30
5,29131.588,30
5,29134.747,30
5,29137.967,30
5,29140.829,30
5,29143.744,30
5,29146.681,30
5,29149.632,30
5,29152.674,30
5,29155.856,30
5,29158.786,30
5,29161.705,30
5,29164.742,30
5,29167.695,30
5,29171.511,30
5,29174.519,30
5,29177.417,30
5,29180.284,30
5,29183.593,30
5,29187.365,30
5,29190.296,30
5,29193.216,30
5,29196.075,30
5,29198.980,30
5,29202.020,30
5,29205.245,30
5,29208.278,30
5,29211.370,30
5,29214.265,30
5,29217.593,30
5,29220.917,30
5,29223.847,30
5,29226.783,30
5,29229.596,34
5,29232.595,34
5,29236.352,34
5,29239.365,34
5,29242.281,34
5,29245.191,34
5,29248.040,34
5,29251.019,34
5,29254.251,34
5,29257.156,34
5,29260.045,34
5,29262.930,34
5,29265.803,34
5,29269.200,34
5,29272.195,34
5,29275.101,34
5,29277.902,34
5,29280.882,34
5,29284.043,34
5,29287.258,34
5,29290.416,34
5,29293.496,34
5,29296.497,34
5,29299.673,34
5,29302.950,34
5,29305.935,34
5,29308.915,34
5,29311.956,34
5,29315.113,34
5,29318.218,34
5,29321.547,34
5,29324.652,34
5,29328.909,34
5,29332.420,34
5,29336.322,34
5,29339.633,34
5,29342.690,34
5,29345.663,34
5,29348.622,34
5,29351.685,34
5,29355.309,34
5,29358.590,34
5,29361.657,34
5,29364.538,34
5,29367.883,34
5,29371.261,34
5,29374.282,34
5,29377.315,34
5,29380.158,34
5,29383.247,34
5,29386.218,34
5,29389.480,34
5,29392.472,34
5,29395.716,38
5,29398.619,38
5,29401.735,38
5,29405.291,38
5,29408.389,38
5,29411.391,38
5,29414.417,38
5,29417.646,38
5,29420.872,38
5,29423.991,38
5,29430.433,38
5,29433.719,38
5,29436.735,38
5,29440.447,38
5,29444.765,38
5,29450.910,38
5,29455.122,38
5,29458.395,38
5,29461.550,38
5,29465.504,38
5,29469.002,38
5,29472.411,38
5,29475.318,38
5,29478.244,38
5,29481.186,38
5,29484.166,38
5,29488.130,38
5,29491.269,38
5,29494.219,38
5,29497.224,38
5,29500.259,38
5,29503.437,38
5,29506.879,38
5,29509.838,38
5,29512.785,38
5,29515.860,38
5,29518.942,38
5,29522.219,38
5,29525.161,38
5,29528.122,38
5,29531.113,38
5,29534.072,38
5,29537.065,38
5,29540.111,38
5,29543.515,38
5,29546.330,38
5,29549.295,38
5,29552.316,38
5,29555.535,38
5,29558.356,38
5,29561.329,38
5,29564.202,42
5,29567.267,42
5,29570.618,42
5,29573.699,42
5,29576.641,42
5,29579.520,42
5,29582.558,42
5,29585.695,42
5,29588.671,42
5,29591.726,42
5,29594.867,42
5,29597.871,42
5,29600.986,42
5,29604.198,42
5,29607.173,42
5,29610.099,42
5,29612.927,42
5,29615.901,42
5,29619.108,42
5,29622.447,42
5,29625.347,42
5,29628.278,42
5,29632.348,42
5,29635.823,42
5,29639.241,42
5,29642.125,42
5,29645.244,42
5,29648.152,42
5,29651.112,42
5,29654.367,42
5,29657.300,42
5,29660.254,42
5,29663.225,42
5,29666.208,42
5,29669.436,42
5,29672.746,42
5,29675.727,42
5,29678.943,42
5,29682.863,42
5,29686.562,42
5,29689.711,42
5,29692.754,42
5,29695.688,42
5,29698.702,42
5,29703.219,42
5,29706.427,42
5,29709.435,42
5,29712.399,42
5,29715.265,42
5,29718.299,42
5,29721.784,42
5,29724.978,42
5,29727.783,42
5,29730.869,46
5,29734.044,46
5,29737.271,46
5,29740.208,46
5,29743.085,46
5,29746.075,46
5,29749.024,46
5,29752.034,46
5,29755.181,46
5,29758.144,46
5,29761.013,46
5,29763.827,46
5,29766.478,46
5,29770.257,46
5,29773.488,46
5,29776.440,46
5,29779.351,46
5,29782.328,46
5,29785.436,46
5,29788.613,46
5,29791.518,46
5,29794.365,46
5,29797.192,46
5,29800.138,46
5,29803.060,46
5,29806.488,46
5,29809.671,46
5,29812.601,46
5,29815.522,46
5,29818.691,46
5,29821.749,46
5,29824.867,46
5,29827.241,46
5,29830.166,46
5,29833.234,46
5,29836.513,46
5,29839.476,46
5,29842.325,46
5,29846.072,46
5,29849.157,46
5,29853.007,46
5,29856.631,46
5,29859.474,46
5,29862.249,46
5,29865.065,46
5,29868.239,46
5,29871.686,46
5,29874.558,46
5,29877.449,46
5,29880.272,46
5,29883.195,46
5,29886.294,46
5,29889.273,46
5,29892.167,46
5,29895.166,46
5,29898.003,50
5,29901.328,50
5,29904.576,50
5,29907.538,50
5,29910.403,50
5,29913.224,50
5,29916.283,50
5,29919.625,50
5,29922.957,50
5,29925.936,50
5,29928.877,50
5,29931.745,50
5,29935.573,50
5,29938.714,50
5,29941.622,50
5,29944.784,50
5,29948.370,50
5,29952.337,50
5,29955.716,50
5,29958.751,50
5,29961.899,50
5,29965.139,50
5,29968.436,50
5,29972.068,50
5,29975.199,50
5,29978.165,50
5,29981.013,50
5,29984.077,50
5,29987.071,50
5,29990.298,50
5,29993.159,50
5,29995.942,50
5,29998.779,50
5,30001.784,50
5,30005.087,50
5,30008.116,50
5,30010.964,50
5,30013.791,50
5,30016.885,50
5,30019.844,50
5,30023.349,50
5,30026.253,50
5,30029.027,50
5,30031.894,50
5,30034.852,50
5,30038.172,50
5,30041.109,50
5,30044.012,50
5,30046.892,50
5,30049.822,50
5,30053.189,50
5,30056.454,50
5,30059.273,50
5,30062.127,55
5,30064.961,55
5,30069.300,55
5,30072.254,55
5,30075.120,55
5,30078.108,55
5,30080.914,55
5,30083.857,55
5,30087.066,55
5,30089.893,55
5,30092.872,55
5,30096.104,55
5,30099.107,55
5,30102.106,55
5,30105.176,55
5,30108.177,55
5,30111.128,55
5,30114.154,55
5,30117.109,55
5,30120.293,55
5,30123.192,55
5,30126.083,55
5,30129.176,55
5,30132.083,55
5,30135.085,55
5,30138.390,55
5,30141.279,55
5,30144.232,55
5,30147.245,55
5,30150.128,55
5,30153.229,55
5,30156.265,55
5,30159.262,55
5,30162.081,55
5,30164.930,55
5,30169.209,55
5,30172.413,55
5,30175.466,55
5,30178.455,55
5,30181.483,55
5,30184.584,55
5,30187.953,55
5,30190.938,55
5,30193.822,55
5,30196.634,55
5,30199.516,55
5,30202.955,55
5,30206.084,55
5,30209.045,55
5,30212.091,55
5,30215.000,55
5,30218.708,55
5,30222.058,55
5,30224.996,55
5,30227.991,55
5,30230.917,59
5,30233.926,59
5,30237.795,59
5,30240.704,59
5,30243.631,59
5,30246.412,59
5,30249.463,59
5,30252.953,59
5,30256.220,59
5,30259.214,59
5,30262.008,59
5,30264.863,59
5,30268.758,59
5,30271.858,59
5,30274.879,59
5,30278.111,59
5,30280.940,59
5,30284.032,59
5,30287.380,59
5,30290.375,59
5,30293.303,59
5,30296.226,59
5,30299.251,59
5,30303.092,59
5,30306.721,59
5,30309.742,59
5,30312.531,59
5,30315.361,59
5,30319.111,59
5,30322.135,59
5,30325.062,59
5,30327.999,59
5,30330.775,59
5,30333.685,59
5,30336.832,59
5,30340.096,59
5,30343.039,59
5,30345.955,59
5,30349.015,59
5,30352.110,59
5,30355.231,59
5,30358.103,59
5,30361.080,59
5,30364.188,59
5,30367.361,59
5,30370.724,59
5,30373.894,59
5,30376.878,59
5,30379.766,59
5,30382.672,59
5,30385.923,59
5,30389.416,59
5,30392.331,59
5,30395.383,63
5,30398.271,63
5,30401.326,63
5,30404.544,63
5,30407.505,63
5,30410.301,63
5,30413.081,63
5,30415.996,63
5,30418.990,63
5,30422.232,63
5,30425.090,63
5,30428.069,63
5,30431.103,63
5,30434.133,63
5,30437.360,63
5,30440.293,63
5,30443.176,63
5,30445.980,63
5,30448.818,63
5,30452.047,63
5,30455.308,63
5,30458.208,63
5,30461.069,63
5,30463.997,63
5,30466.964,63
5,30470.370,63
5,30473.433,63
5,30476.351,63
5,30479.415,63
5,30482.364,63
5,30485.510,63
5,30488.388,63
5,30491.286,63
5,30494.237,63
5,30497.159,63
5,30500.426,63
5,30503.634,63
5,30506.554,63
5,30509.519,63
5,30512.320,63
5,30515.132,63
5,30518.318,63
5,30521.564,63
5,30524.489,63
5,30527.383,63
5,30530.158,63
5,30532.977,63
5,30535.816,63
5,30539.925,63
5,30542.835,63
5,30545.615,63
5,30548.501,63
5,30551.548,63
5,30555.163,63
5,30558.269,63
5,30561.282,63
5,30564.165,67
5,30568.063,67
5,30571.268,67
5,30574.197,67
5,30577.142,67
5,30580.100,67
5,30583.191,67
5,30586.589,67
5,30589.829,67
5,30592.749,67
5,30595.509,67
5,30598.325,67
5,30601.124,67
5,30604.508,67
5,30607.427,67
5,30610.215,67
5,30613.004,67
5,30615.845,67
5,30618.690,67
5,30621.749,67
5,30624.743,67
5,30627.654,67
5,30630.565,67
5,30633.642,67
5,30637.190,67
5,30640.187,67
5,30644.525,67
5,30647.564,67
5,30650.409,67
5,30653.242,67
5,30656.452,67
5,30659.322,67
5,30662.321,67
5,30665.168,67
5,30668.110,67
5,30671.470,67
5,30674.685,67
5,30677.674,67
5,30680.605,67
5,30684.590,67
5,30687.957,67
5,30690.910,67
5,30693.758,67
5,30696.542,67
5,30699.365,67
5,30703.350,67
5,30706.687,67
5,30709.518,67
5,30712.263,67
5,30715.033,67
5,30718.140,67
5,30721.422,67
5,30724.524,67
5,30727.451,67
5,30730.263,71
5,30733.525,71
5,30736.961,71
5,30739.892,71
5,30742.764,71
5,30745.615,71
5,30748.533,71
5,30751.688,71
5,30755.124,71
5,30758.160,71
5,30760.981,71
5,30763.780,71
5,30766.769,71
5,30770.164,71
5,30773.204,71
5,30776.093,71
5,30778.891,71
5,30781.705,71
5,30784.808,71
5,30788.184,71
5,30791.064,71
5,30794.177,71
5,30796.984,71
5,30799.901,71
5,30803.144,71
5,30806.065,71
5,30808.978,71
5,30812.129,71
5,30815.016,71
5,30818.126,71
5,30821.596,71
5,30824.545,71
5,30827.533,71
5,30830.462,71
5,30833.589,71
5,30836.884,71
5,30840.438,71
5,30843.370,71
5,30846.195,71
5,30849.174,71
5,30853.858,71
5,30857.060,71
5,30859.651,71
5,30862.717,71
5,30865.752,71
5,30870.490,71
5,30873.977,71
5,30877.256,71
5,30880.204,71
5,30883.198,71
5,30886.345,71
5,30889.320,71
5,30892.244,71
5,30895.166,71
5,30898.179,75
5,30901.423,75
5,30904.543,75
5,30907.484,75
5,30910.371,75
5,30913.193,75
5,30916.175,75
5,30919.772,75
5,30923.136,75
5,30926.020,75
5,30929.312,75
5,30932.326,75
5,30935.901,75
5,30939.175,75
5,30942.076,75
5,30944.964,75
5,30947.844,75
5,30950.796,75
5,30953.656,75
5,30957.397,75
5,30960.367,75
5,30963.148,75
5,30966.164,75
5,30969.327,75
5,30972.201,75
5,30975.044,75
5,30978.059,75
5,30981.155,75
5,30984.148,75
5,30987.328,75
5,30990.389,75
5,30993.379,75
5,30996.226,75
5,30999.138,75
5,31002.498,75
5,31005.426,75
5,31008.303,75
5,31011.216,75
5,31014.322,75
5,31018.173,75
5,31021.706,75
5,31024.715,75
5,31027.694,75
5,31030.725,75
5,31033.744,75
5,31036.753,75
5,31040.289,75
5,31043.168,75
5,31046.011,75
5,31048.829,75
5,31051.827,75
5,31055.485,75
5,31058.473,75
5,31061.391,75
5,31064.209,79
5,31067.166,79
5,31070.317,79
5,31073.449,79
5,31076.470,79
5,31079.291,79
5,31082.354,79
5,31085.409,79
5,31088.692,79
5,31091.519,79
5,31094.369,79
5,31097.385,79
5,31100.476,79
5,31103.674,79
5,31106.606,79
5,31109.413,79
5,31112.319,79
5,31115.241,79
5,31118.189,79
5,31121.428,79
5,31124.417,79
5,31127.412,79
5,31130.254,79
5,31133.233,79
5,31136.909,79
5,31140.191,79
5,31143.954,79
5,31146.756,79
5,31149.699,79
5,31152.668,79
5,31155.818,79
5,31158.972,79
5,31162.097,79
5,31164.952,79
5,31167.835,79
5,31171.452,79
5,31174.522,79
5,31177.472,79
5,31180.253,79
5,31183.134,79
5,31186.016,79
5,31189.211,79
5,31192.439,79
5,31195.397,79
5,31198.228,79
5,31201.049,79
5,31204.982,79
5,31207.981,79
5,31210.821,79
5,31213.671,79
5,31216.775,79
5,31220.012,79
5,31223.184,79
5,31226.026,79
5,31228.874,84
5,31231.763,84
5,31234.720,84
5,31237.874,84
5,31240.960,84
5,31244.006,84
5,31247.163,84
5,31250.205,84
5,31253.422,84
5,31256.510,84
5,31259.319,84
5,31262.218,84
5,31265.153,84
5,31268.010,84
5,31271.296,84
5,31274.105,84
5,31276.973,84
5,31279.765,84
5,31282.799,84
5,31286.558,84
5,31289.596,84
5,31292.410,84
5,31295.576,84
5,31298.562,84
5,31301.839,84
5,31307.062,84
5,31310.156,84
5,31313.026,84
5,31316.001,84
5,31319.562,84
5,31322.496,84
5,31325.309,84
5,31328.174,84
5,31330.944,84
5,31334.080,84
5,31337.298,84
5,31340.153,84
5,31343.053,84
5,31345.791,84
5,31348.600,84
5,31351.732,84
5,31355.421,84
5,31358.366,84
5,31361.382,84
5,31364.296,84
5,31367.295,84
5,31370.506,84
5,31373.463,84
5,31376.313,84
5,31379.038,84
5,31381.873,84
5,31385.437,84
5,31388.870,84
5,31391.800,84
5,31394.732,84
5,31397.638,88
5,31400.614,88
5,31403.962,88
5,31406.986,88
5,31409.807,88
5,31412.589,88
5,31415.497,88
5,31419.361,88
5,31422.475,88
5,31425.352,88
5,31428.349,88
5,31431.496,88
5,31435.669,88
5,31438.577,88
5,31441.507,88
5,31445.574,88
5,31448.499,88
5,31451.760,88
5,31455.135,88
5,31458.048,88
5,31460.827,88
5,31463.614,88
5,31466.530,88
5,31469.805,88
5,31472.693,88
5,31475.560,88
5,31478.329,88
5,31481.216,88
5,31484.271,88
5,31487.458,88
5,31490.273,88
5,31493.164,88
5,31495.960,88
5,31498.934,88
5,31502.285,88
5,31505.289,88
5,31508.206,88
5,31511.093,88
5,31513.992,88
5,31516.955,88
5,31520.125,88
5,31522.967,88
5,31525.830,88
5,31528.856,88
5,31531.658,88
5,31534.656,88
5,31538.091,88
5,31541.025,88
5,31543.920,88
5,31546.702,88
5,31549.534,88
5,31552.803,88
5,31555.811,88
5,31558.768,88
5,31561.687,88
5,31564.619,92
5,31567.511,92
5,31570.708,92
5,31573.521,92
5,31576.381,92
5,31579.278,92
5,31582.159,92
5,31585.092,92
5,31588.301,92
5,31591.188,92
5,31594.228,92
5,31597.186,92
5,31600.114,92
5,31603.990,92
5,31607.134,92
5,31610.177,92
5,31612.989,92
5,31615.992,92
5,31619.420,92
5,31622.412,92
5,31625.366,92
5,31628.243,92
5,31631.193,92
5,31634.429,92
5,31637.665,92
5,31640.507,92
5,31643.387,92
5,31646.173,92
5,31649.031,92
5,31652.769,92
5,31655.662,92
5,31658.524,92
5,31661.468,92
5,31664.216,92
5,31667.186,92
5,31670.265,92
5,31673.208,92
5,31676.092,92
5,31679.032,92
5,31681.946,92
5,31685.132,92
5,31688.386,92
5,31691.392,92
5,31694.712,92
5,31697.707,92
5,31700.775,92
5,31704.383,92
5,31707.330,92
5,31710.187,92
5,31712.981,92
5,31715.901,92
5,31719.465,92
5,31722.472,92
5,31725.351,92
5,31728.251,92
5,31731.084,96
5,31733.992,96
5,31737.320,96
5,31740.189,96
5,31743.099,96
5,31746.551,96
5,31749.520,96
5,31752.655,96
5,31755.604,96
5,31758.389,96
5,31761.328,96
5,31764.262,96
5,31767.269,96
5,31770.446,96
5,31773.413,96
5,31776.299,96
5,31779.167,96
5,31782.061,96
5,31786.543,96
5,31789.672,96
5,31792.687,96
5,31795.779,96
5,31798.756,96
5,31801.721,96
5,31805.080,96
5,31808.286,96
5,31811.258,96
5,31814.135,96
5,31817.100,96
5,31820.635,96
5,31823.577,96
5,31826.696,96
5,31829.479,96
5,31832.369,96
5,31836.179,96
5,31839.253,96
5,31842.305,96
5,31845.484,96
5,31848.502,96
5,31851.814,96
5,31855.071,96
5,31857.970,96
5,31860.845,96
5,31863.657,96
5,31866.812,96
5,31869.862,96
5,31873.102,96
5,31876.080,96
5,31878.906,96
5,31881.806,96
5,31885.109,96
5,31888.695,96
5,31891.708,96
5,31894.796,96
5,31897.708,100
5,31900.775,100
5,31903.726,100
5,31907.688,100
5,31910.683,100
5,31913.549,100
5,31916.631,100
5,31920.278,100
5,31923.405,100
5,31926.416,100
5,31929.296,100
5,31932.252,100
5,31936.014,100
5,31939.466,100
5,31942.494,100
5,31945.582,100
5,31948.656,100
5,31952.113,100
5,31955.487,100
5,31958.446,100
5,31961.500,100
5,31964.573,100
5,31967.543,100
5,31970.731,100
5,31973.586,100
5,31976.473,100
5,31979.220,100
5,31982.116,100
5,31985.313,100
5,31988.255,100
5,31991.322,100
5,31994.169,100
5,31996.996,100
5,31999.874,100
5,32003.799,100
5,32006.969,100
5,32010.057,100
5,32012.984,100
5,32016.149,100
5,32019.382,100
5,32022.520,100
5,32025.476,100
5,32028.319,100
5,32031.353,100
5,32034.391,100
5,32037.612,100
5,32040.555,100
5,32043.517,100
5,32046.289,100
5,32050.646,100
5,32053.954,100
5,32056.922,100
5,32059.715,100
5,32062.478,104
5,32065.392,104
5,32069.272,104
5,32072.217,104
5,32075.110,104
5,32078.060,104
5,32080.851,104
5,32083.793,104
5,32087.031,104
5,32089.863,104
5,32092.757,104
5,32095.673,104
5,32098.553,104
5,32101.463,104
5,32104.847,104
5,32107.929,104
5,32110.858,104
5,32113.833,104
5,32117.119,104
5,32120.341,104
5,32123.170,104
5,32125.974,104
5,32129.228,104
5,32132.221,104
5,32135.579,104
5,32138.521,104
5,32141.470,104
5,32144.295,104
5,32147.321,104
5,32150.248,104
5,32153.445,104
5,32156.402,104
5,32159.874,104
5,32162.618,104
5,32165.600,104
5,32168.714,104
5,32171.835,104
5,32174.729,104
5,32177.627,104
5,32180.449,104
5,32183.400,104
5,32186.485,104
5,32189.607,104
5,32192.460,104
5,32195.307,104
5,32198.152,104
5,32201.365,104
5,32204.589,104
5,32207.528,104
5,32210.294,104
5,32213.054,104
5,32216.019,104
5,32219.727,104
5,32222.703,104
5,32225.803,104
5,32228.638,109
5,32231.555,109
5,32235.401,109
5,32238.766,109
5,32241.676,109
5,32244.676,109
5,32247.440,109
5,32250.437,109
5,32253.534,109
5,32256.436,109
5,32259.297,109
5,32262.147,109
5,32264.956,109
5,32267.793,109
5,32271.225,109
5,32274.353,109
5,32277.386,109
5,32280.232,109
5,32283.131,109
5,32286.044,109
5,32289.086,109
5,32291.955,109
5,32294.775,109
5,32297.530,109
5,32300.456,109
5,32303.592,109
5,32306.411,109
5,32309.206,109
5,32312.333,109
5,32315.294,109
5,32318.995,109
5,32322.339,109
5,32325.340,109
5,32328.259,109
5,32331.011,109
5,32334.083,109
5,32337.277,109
5,32340.085,109
5,32342.934,109
5,32345.703,109
5,32348.509,109
5,32352.553,109
5,32355.369,109
5,32358.247,109
5,32361.184,109
5,32364.191,109
5,32367.146,109
5,32370.327,109
5,32373.432,109
5,32376.366,109
5,32379.254,109
5,32382.266,109
5,32386.053,109
5,32389.126,109
5,32391.881,109
5,32394.841,109
5,32397.746,113
5,32400.669,113
5,32404.181,113
5,32407.206,113
5,32410.057,113
5,32412.811,113
5,32415.602,113
5,32419.524,113
5,32422.486,113
5,32425.360,113
5,32428.167,113
5,32431.114,113
5,32434.055,113
5,32437.213,113
5,32440.042,113
5,32442.929,113
5,32445.620,113
5,32448.538,113
5,32451.553,113
5,32455.012,113
5,32457.966,113
5,32460.782,113
5,32463.568,113
5,32466.661,113
5,32470.095,113
5,32473.008,113
5,32475.968,113
5,32479.129,113
5,32482.050,113
5,32485.313,113
5,32488.323,113
5,32491.220,113
5,32494.136,113
5,32497.266,113
5,32500.244,113
5,32503.597,113
5,32506.633,113
5,32509.473,113
5,32512.264,113
5,32515.124,113
5,32518.120,113
5,32521.261,113
5,32524.064,113
5,32526.883,113
5,32529.606,113
5,32532.929,113
5,32536.111,113
5,32539.326,113
5,32542.315,113
5,32545.538,113
5,32548.482,113
5,32552.037,113
5,32555.428,113
5,32558.415,113
5,32561.328,113
5,32564.140,117
5,32567.018,117
5,32570.195,117
5,32573.154,117
5,32576.020,117
5,32579.071,117
5,32582.002,117
5,32585.719,117
5,32589.061,117
5,32592.138,117
5,32595.137,117
5,32597.954,117
5,32600.807,117
5,32604.535,117
5,32607.451,117
5,32610.264,117
5,32613.028,117
5,32616.043,117
5,32619.310,117
5,32622.186,117
5,32625.067,117
5,32628.066,117
5,32630.981,117
5,32634.093,117
5,32637.698,117
5,32640.755,117
5,32644.379,117
5,32647.169,117
5,32650.290,117
5,32654.210,117
5,32657.057,117
5,32660.129,117
5,32663.050,117
5,32665.879,117
5,32669.924,117
5,32672.930,117
5,32676.082,117
5,32678.976,117
5,32683.027,117
5,32686.488,117
5,32689.688,117
5,32692.646,117
5,32695.442,117
5,32698.293,117
5,32701.723,117
5,32704.980,117
5,32707.868,117
5,32710.709,117
5,32713.540,117
5,32716.378,117
5,32719.536,117
5,32722.349,117
5,32725.208,117
5,32728.142,117
5,32730.923,120
5,32733.853,120
5,32737.052,120
5,32739.923,120
5,32742.881,120
5,32745.690,120
5,32748.664,120
5,32751.838,120
5,32754.941,120
5,32757.894,120
5,32760.707,120
5,32763.642,120
5,32766.880,120
5,32770.204,120
5,32773.199,120
5,32776.033,120
5,32778.768,120
5,32781.732,120
5,32785.925,120
5,32789.195,120
5,32792.151,120
5,32795.060,120
5,32797.989,120
5,32800.938,120
5,32804.164,120
5,32806.963,120
5,32809.761,120
5,32812.501,120
5,32815.413,120
5,32819.131,120
5,32822.054,120
5,32824.858,120
5,32827.914,120
5,32830.934,120
5,32833.956,120
5,32837.432,120
5,32840.451,120
5,32843.372,120
5,32846.135,120
5,32848.995,120
5,32852.625,120
5,32855.437,120
5,32858.363,120
5,32861.207,120
5,32864.154,120
5,32867.135,120
5,32870.181,120
5,32873.662,120
5,32876.665,120
5,32879.409,120
5,32882.304,120
5,32885.309,120
5,32888.466,120
5,32891.302,120
5,32894.182,120
6,32896.964,0
6,32900.598,0
6,32903.472,0
6,32906.849,0
6,32909.958,0
6,32912.729,0
6,32915.563,0
6,32918.674,0
6,32921.742,0
6,32924.792,0
6,32927.710,0
6,32930.790,0
6,32933.791,0
6,32937.030,0
6,32940.095,0
6,32943.073,0
6,32945.856,0
6,32948.717,0
6,32952.515,0
6,32956.345,0
6,32959.280,0
6,32962.178,0
6,32965.148,0
6,32969.166,0
6,32972.097,0
6,32975.005,0
6,32977.889,0
6,32980.780,0
6,32984.327,0
6,32987.565,0
6,32990.401,0
6,32993.270,0
6,32996.074,0
6,32998.957,0
6,33002.507,0
6,33005.516,0
6,33008.352,0
6,33011.294,0
6,33014.054,0
6,33016.952,0
6,33020.100,0
6,33022.913,0
6,33025.672,0
6,33028.752,0
6,33031.701,0
6,33034.840,0
6,33038.054,0
6,33040.963,0
6,33043.803,0
6,33046.642,0
6,33049.576,0
6,33052.745,0
6,33055.658,0
6,33058.486,0
6,33061.497,0
6,33064.287,5
6,33067.277,5
6,33070.568,5
6,33073.514,5
6,33076.499,5
6,33079.498,5
6,33082.670,5
6,33085.677,5
6,33088.596,5
6,33091.588,5
6,33094.771,5
6,33097.746,5
6,33100.744,5
6,33103.907,5
6,33106.820,5
6,33109.647,5
6,33112.522,5
6,33115.322,5
6,33118.367,5
6,33121.844,5
6,33124.847,5
6,33127.976,5
6,33131.016,5
6,33133.976,5
6,33137.113,5
6,33139.900,5
6,33142.805,5
6,33145.528,5
6,33148.353,5
6,33151.575,5
6,33154.846,5
6,33157.785,5
6,33160.606,5
6,33163.396,5
6,33166.527,5
6,33169.734,5
6,33172.671,5
6,33175.482,5
6,33178.640,5
6,33181.525,5
6,33184.641,5
6,33187.905,5
6,33190.783,5
6,33193.718,5
6,33196.546,5
6,33199.550,5
6,33202.551,5
6,33205.685,5
6,33208.567,5
6,33211.424,5
6,33214.268,5
6,33217.230,5
6,33220.415,5
6,33223.217,5
6,33226.100,5
6,33228.823,9
6,33231.756,9
6,33235.472,9
6,33238.494,9
6,33241.368,9
6,33244.212,9
6,33247.142,9
6,33250.098,9
6,33253.482,9
6,33257.123,9
6,33260.167,9
6,33263.116,9
6,33266.031,9
6,33269.277,9
6,33272.148,9
6,33275.056,9
6,33278.148,9
6,33280.963,9
6,33283.843,9
6,33287.031,9
6,33289.855,9
6,33292.799,9
6,33295.507,9
6,33298.499,9
6,33301.524,9
6,33304.922,9
6,33307.829,9
6,33310.676,9
6,33313.589,9
6,33316.799,9
6,33319.978,9
6,33323.118,9
6,33325.983,9
6,33328.849,9
6,33331.678,9
6,33334.595,9
6,33337.829,9
6,33340.769,9
6,33343.649,9
6,33346.435,9
6,33349.316,9
6,33352.502,9
6,33355.306,9
6,33358.113,9
6,33360.969,9
6,33363.885,9
6,33366.827,9
6,33369.815,9
6,33373.776,9
6,33376.779,9
6,33379.609,9
6,33382.557,9
6,33386.168,9
6,33389.072,9
6,33391.882,9
6,33394.846,9
6,33397.651,13
6,33400.577,13
6,33403.685,13
6,33406.627,13
6,33409.472,13
6,33412.270,13
6,33415.033,13
6,33418.217,13
6,33421.570,13
6,33424.469,13
6,33427.330,13
6,33430.212,13
6,33433.231,13
6,33436.469,13
6,33439.456,13
6,33442.295,13
6,33445.353,13
6,33448.196,13
6,33451.084,13
6,33454.300,13
6,33457.182,13
6,33460.142,13
6,33463.032,13
6,33465.925,13
6,33469.235,13
6,33472.332,13
6,33475.157,13
6,33477.980,13
6,33480.746,13
6,33483.777,13
6,33486.952,13
6,33489.809,13
6,33492.681,13
6,33495.453,13
6,33498.221,13
6,33501.984,13
6,33505.262,13
6,33508.132,13
6,33510.917,13
6,33513.794,13
6,33516.718,13
6,33519.829,13
6,33522.841,13
6,33525.647,13
6,33528.836,13
6,33531.652,13
6,33534.510,13
6,33537.726,13
6,33540.545,13
6,33543.405,13
6,33546.153,13
6,33548.984,13
6,33552.905,13
6,33555.825,13
6,33559.682,13
6,33562.502,17
6,33565.680,17
6,33568.625,17
6,33571.855,17
6,33574.862,17
6,33578.044,17
6,33581.042,17
6,33584.146,17
6,33587.728,17
6,33590.678,17
6,33593.625,17
6,33596.587,17
6,33599.561,17
6,33603.082,17
6,33606.215,17
6,33609.222,17
6,33611.984,17
6,33614.916,17
6,33618.871,17
6,33622.218,17
6,33625.177,17
6,33628.061,17
6,33630.786,17
6,33633.751,17
6,33637.125,17
6,33640.114,17
6,33643.012,17
6,33645.804,17
6,33648.752,17
6,33652.607,17
6,33655.528,17
6,33658.458,17
6,33661.451,17
6,33664.223,17
6,33667.261,17
6,33670.522,17
6,33673.529,17
6,33676.546,17
6,33679.464,17
6,33682.380,17
6,33685.269,17
6,33688.818,17
6,33691.724,17
6,33694.592,17
6,33697.402,17
6,33700.224,17
6,33703.185,17
6,33706.436,17
6,33709.390,17
6,33712.180,17
6,33715.003,17
6,33718.032,17
6,33721.402,17
6,33724.494,17
6,33727.480,17
6,33730.363,21
6,33733.442,21
6,33736.676,21
6,33739.782,21
6,33742.646,21
6,33745.578,21
6,33748.470,21
6,33751.464,21
6,33754.806,21
6,33757.956,21
6,33760.893,21
6,33763.798,21
6,33766.731,21
6,33769.668,21
6,33772.862,21
6,33775.713,21
6,33778.894,21
6,33781.804,21
6,33785.051,21
6,33788.233,21
6,33791.240,21
6,33794.182,21
6,33796.997,21
6,33799.898,21
6,33803.390,21
6,33806.662,21
6,33809.579,21
6,33812.445,21
6,33815.340,21
6,33819.144,21
6,33822.272,21
6,33825.146,21
6,33828.182,21
6,33831.157,21
6,33834.097,21
6,33837.448,21
6,33840.851,21
6,33843.828,21
6,33846.652,21
6,33849.434,21
6,33852.532,21
6,33855.711,21
6,33858.639,21
6,33862.916,21
6,33866.016,21
6,33869.287,21
6,33872.444,21
6,33875.575,21
6,33878.516,21
6,33881.537,21
6,33884.531,21
6,33887.914,21
6,33890.838,21
6,33893.786,21
6,33896.576,25
6,33899.520,25
6,33902.840,25
6,33905.755,25
6,33908.708,25
6,33911.727,25
6,33914.594,25
6,33918.088,25
6,33921.361,25
6,33924.408,25
6,33927.423,25
6,33930.315,25
6,33933.532,25
6,33936.933,25
6,33939.836,25
6,33942.784,25
6,33945.613,25
6,33948.590,25
6,33951.983,25
6,33955.184,25
6,33958.048,25
6,33960.876,25
6,33963.658,25
6,33966.550,25
6,33969.518,25
6,33972.753,25
6,33975.809,25
6,33978.893,25
6,33981.751,25
6,33984.885,25
6,33988.217,25
6,33991.311,25
6,33994.573,25
6,33997.609,25
6,34000.583,25
6,34003.560,25
6,34007.036,25
6,34010.062,25
6,34012.946,25
6,34015.832,25
6,34018.783,25
6,34021.983,25
6,34024.885,25
6,34027.771,25
6,34030.558,25
6,34033.533,25
6,34036.599,25
6,34039.899,25
6,34043.183,25
6,34046.001,25
6,34048.983,25
6,34052.219,25
6,34055.158,25
6,34058.086,25
6,34060.904,25
6,34063.765,30
6,34067.124,30
6,34070.683,30
6,34073.651,30
6,34076.586,30
6,34079.370,30
6,34082.360,30
6,34086.328,30
6,34089.234,30
6,34092.363,30
6,34095.803,30
6,34099.035,30
6,34102.231,30
6,34105.353,30
6,34108.301,30
6,34111.125,30
6,34114.064,30
6,34117.032,30
6,34120.621,30
6,34123.553,30
6,34126.561,30
6,34129.377,30
6,34132.267,30
6,34135.154,30
6,34138.829,30
6,34141.787,30
6,34144.782,30
6,34147.706,30
6,34150.808,30
6,34153.799,30
6,34156.953,30
6,34159.899,30
6,34163.590,30
6,34166.485,30
6,34169.425,30
6,34172.543,30
6,34175.467,30
6,34178.530,30
6,34181.470,30
6,34184.476,30
6,34187.918,30
6,34190.894,30
6,34193.864,30
6,34196.650,30
6,34199.658,30
6,34202.719,30
6,34206.027,30
6,34209.067,30
6,34212.151,30
6,34214.981,30
6,34218.090,30
6,34221.445,30
6,34224.640,30
6,34227.655,30
6,34230.584,34
6,34233.594,34
6,34236.769,34
6,34239.872,34
6,34242.795,34
6,34245.560,34
6,34248.459,34
6,34251.506,34
6,34255.217,34
6,34258.274,34
6,34261.522,34
6,34264.492,34
6,34267.637,34
6,34270.788,34
6,34273.615,34
6,34276.484,34
6,34279.389,34
6,34282.279,34
6,34286.050,34
6,34289.107,34
6,34292.072,34
6,34295.073,34
6,34297.868,34
6,34300.782,34
6,34303.808,34
6,34306.943,34
6,34309.776,34
6,34312.574,34
6,34315.453,34
6,34318.380,34
6,34321.823,34
6,34324.992,34
6,34328.038,34
6,34331.081,34
6,34334.226,34
6,34337.417,34
6,34340.303,34
6,34343.264,34
6,34346.037,34
6,34348.565,34
6,34351.567,34
6,34354.961,34
6,34357.966,34
6,34360.785,34
6,34363.649,34
6,34366.587,34
6,34369.542,34
6,34372.631,34
6,34375.495,34
6,34378.374,34
6,34381.247,34
6,34384.369,34
6,34387.735,34
6,34390.550,34
6,34393.427,34
6,34396.224,38
6,34399.077,38
6,34402.126,38
6,34405.389,38
6,34408.388,38
6,34411.637,38
6,34414.738,38
6,34417.808,38
6,34420.920,38
6,34423.765,38
6,34426.634,38
6,34429.385,38
6,34432.175,38
6,34435.847,38
6,34438.827,38
6,34441.782,38
6,34444.720,38
6,34447.307,38
6,34450.201,38
6,34454.018,38
6,34456.974,38
6,34459.916,38
6,34462.730,38
6,34466.603,38
6,34469.757,38
6,34472.704,38
6,34475.548,38
6,34478.425,38
6,34481.427,38
6,34484.234,38
6,34487.599,38
6,34490.530,38
6,34493.479,38
6,34496.234,38
6,34499.054,38
6,34501.955,38
6,34505.080,38
6,34508.444,38
6,34511.397,38
6,34514.398,38
6,34517.747,38
6,34520.946,38
6,34523.801,38
6,34526.659,38
6,34529.384,38
6,34532.253,38
6,34535.118,38
6,34538.112,38
6,34541.236,38
6,34544.172,38
6,34547.076,38
6,34550.152,38
6,34553.379,38
6,34556.230,38
6,34558.974,38
6,34562.078,42
6,34564.976,42
6,34567.931,42
6,34571.586,42
6,34574.814,42
6,34577.805,42
6,34580.670,42
6,34583.701,42
6,34586.819,42
6,34589.684,42
6,34592.520,42
6,34595.496,42
6,34598.284,42
6,34601.291,42
6,34604.259,42
6,34607.387,42
6,34610.214,42
6,34613.723,42
6,34617.163,42
6,34620.296,42
6,34623.364,42
6,34626.269,42
6,34629.037,42
6,34631.984,42
6,34634.957,42
6,34638.137,42
6,34640.949,42
6,34643.824,42
6,34646.690,42
6,34649.619,42
6,34652.743,42
6,34655.574,42
6,34658.456,42
6,34661.453,42
6,34664.232,42
6,34667.197,42
6,34670.454,42
6,34673.389,42
6,34676.280,42
6,34679.033,42
6,34682.068,42
6,34685.768,42
6,34688.684,42
6,34691.526,42
6,34694.368,42
6,34697.248,42
6,34700.168,42
6,34703.053,42
6,34706.223,42
6,34709.043,42
6,34712.099,42
6,34715.186,42
6,34718.637,42
6,34721.608,42
6,34724.539,42
6,34727.418,42
6,34730.250,46
6,34733.199,46
6,34736.349,46
6,34739.210,46
6,34742.208,46
6,34745.155,46
6,34747.985,46
6,34750.900,46
6,34754.100,46
6,34756.910,46
6,34759.691,46
6,34762.406,46
6,34765.153,46
6,34769.941,46
6,34773.046,46
6,34775.931,46
6,34778.696,46
6,34781.487,46
6,34784.390,46
6,34787.570,46
6,34790.386,46
6,34793.245,46
6,34795.986,46
6,34798.989,46
6,34802.200,46
6,34805.065,46
6,34808.056,46
6,34810.879,46
6,34813.729,46
6,34816.690,46
6,34819.994,46
6,34822.835,46
6,34825.575,46
6,34828.492,46
6,34831.643,46
6,34834.679,46
6,34838.251,46
6,34841.411,46
6,34844.374,46
6,34847.299,46
6,34850.187,46
6,34853.258,46
6,34856.164,46
6,34859.134,46
6,34862.025,46
6,34864.838,46
6,34867.882,46
6,34871.206,46
6,34874.056,46
6,34876.884,46
6,34879.628,46
6,34882.570,46
6,34886.057,46
6,34889.158,46
6,34892.059,46
6,34895.120,46
6,34898.140,50
6,34902.559,50
6,34905.664,50
6,34908.634,50
6,34911.609,50
6,34914.445,50
6,34917.818,50
6,34921.229,50
6,34924.216,50
6,34927.144,50
6,34929.971,50
6,34932.856,50
6,34936.029,50
6,34938.920,50
6,34941.804,50
6,34944.794,50
6,34947.584,50
6,34950.457,50
6,34953.623,50
6,34956.456,50
6,34959.340,50
6,34962.119,50
6,34965.068,50
6,34968.380,50
6,34971.633,50
6,34974.715,50
6,34977.608,50
6,34980.400,50
6,34983.359,50
6,34986.461,50
6,34989.470,50
6,34992.321,50
6,34995.597,50
6,34998.451,50
6,35002.522,50
6,35005.411,50
6,35008.313,50
6,35011.058,50
6,35013.909,50
6,35016.924,50
6,35020.135,50
6,35022.962,50
6,35025.794,50
6,35028.820,50
6,35031.734,50
6,35034.736,50
6,35038.197,50
6,35041.165,50
6,35044.194,50
6,35047.071,50
6,35049.958,50
6,35053.095,50
6,35056.355,50
6,35059.246,50
6,35062.468,55
6,35065.358,55
6,35068.663,55
6,35073.099,55
6,35076.047,55
6,35078.863,55
6,35081.674,55
6,35084.465,55
6,35087.672,55
6,35090.465,55
6,35093.317,55
6,35096.200,55
6,35099.018,55
6,35102.196,55
6,35105.138,55
6,35107.953,55
6,35110.873,55
6,35113.736,55
6,35116.860,55
6,35120.461,55
6,35123.383,55
6,35126.276,55
6,35129.040,55
6,35131.840,55
6,35134.856,55
6,35138.015,55
6,35140.860,55
6,35143.676,55
6,35146.522,55
6,35149.362,55
6,35152.690,55
6,35155.568,55
6,35158.591,55
6,35161.488,55
6,35164.346,55
6,35168.457,55
6,35171.709,55
6,35174.750,55
6,35177.754,55
6,35180.604,55
6,35183.554,55
6,35186.693,55
6,35189.805,55
6,35192.752,55
6,35195.530,55
6,35198.310,55
6,35201.451,55
6,35204.768,55
6,35207.699,55
6,35210.548,55
6,35213.291,55
6,35216.217,55
6,35219.346,55
6,35222.170,55
6,35224.986,55
6,35227.932,55
6,35230.824,59
6,35233.778,59
6,35237.153,59
6,35240.044,59
6,35242.904,59
6,35245.688,59
6,35248.700,59
6,35252.593,59
6,35255.522,59
6,35258.373,59
6,35261.126,59
6,35263.860,59
6,35266.786,59
6,35269.680,59
6,35272.854,59
6,35275.745,59
6,35279.682,59
6,35282.828,59
6,35285.956,59
6,35289.011,59
6,35292.038,59
6,35294.919,59
6,35297.881,59
6,35300.837,59
6,35303.939,59
6,35306.776,59
6,35309.581,59
6,35312.337,59
6,35315.534,59
6,35318.934,59
6,35322.080,59
6,35324.948,59
6,35328.013,59
6,35330.871,59
6,35333.952,59
6,35337.737,59
6,35340.682,59
6,35343.537,59
6,35346.500,59
6,35349.471,59
6,35352.326,59
6,35355.409,59
6,35358.276,59
6,35361.218,59
6,35364.019,59
6,35366.869,59
6,35369.715,59
6,35373.867,59
6,35376.767,59
6,35379.569,59
6,35382.529,59
6,35385.500,59
6,35388.649,59
6,35391.565,59
6,35394.438,59
6,35397.307,63
6,35400.211,63
6,35403.064,63
6,35406.167,63
6,35409.088,63
6,35411.839,63
6,35414.749,63
6,35417.582,63
6,35420.635,63
6,35423.498,63
6,35426.376,63
6,35429.142,63
6,35431.862,63
6,35436.264,63
6,35439.389,63
6,35442.422,63
6,35445.296,63
6,35448.137,63
6,35451.078,63
6,35454.247,63
6,35457.145,63
6,35460.015,63
6,35462.783,63
6,35465.563,63
6,35468.489,63
6,35471.715,63
6,35474.754,63
6,35478.019,63
6,35480.862,63
6,35483.987,63
6,35487.999,63
6,35490.944,63
6,35493.882,63
6,35496.718,63
6,35499.699,63
6,35503.271,63
6,35506.216,63
6,35509.281,63
6,35512.312,63
6,35515.139,63
6,35518.037,63
6,35521.273,63
6,35524.290,63
6,35527.202,63
6,35529.987,63
6,35535.252,63
6,35538.809,63
6,35541.916,63
6,35544.823,63
6,35547.753,63
6,35551.134,63
6,35554.319,63
6,35557.230,63
6,35560.121,63
6,35562.958,67
6,35565.843,67
6,35569.200,67
6,35572.762,67
6,35575.692,67
6,35578.960,67
6,35581.974,67
6,35585.599,67
6,35588.636,67
6,35591.570,67
6,35594.565,67
6,35597.594,67
6,35600.497,67
6,35603.642,67
6,35606.492,67
6,35609.312,67
6,35612.462,67
6,35615.331,67
6,35618.221,67
6,35621.347,67
6,35624.246,67
6,35627.110,67
6,35629.939,67
6,35632.855,67
6,35636.264,67
6,35639.565,67
6,35642.576,67
6,35645.585,67
6,35648.566,67
6,35651.789,67
6,35655.008,67
6,35657.916,67
6,35660.785,67
6,35663.599,67
6,35666.662,67
6,35670.256,67
6,35673.243,67
6,35676.840,67
6,35679.776,67
6,35682.701,67
6,35686.488,67
6,35689.721,67
6,35692.601,67
6,35695.340,67
6,35698.175,67
6,35701.031,67
6,35704.292,67
6,35707.126,67
6,35709.890,67
6,35712.638,67
6,35715.496,67
6,35719.015,67
6,35722.279,67
6,35725.153,67
6,35728.105,67
6,35731.104,71
6,35734.156,71
6,35737.418,71
6,35740.273,71
6,35743.164,71
6,35745.907,71
6,35748.776,71
6,35752.413,71
6,35755.354,71
6,35758.096,71
6,35760.860,71
6,35763.666,71
6,35766.728,71
6,35770.063,71
6,35773.166,71
6,35776.164,71
6,35779.089,71
6,35781.968,71
6,35785.994,71
6,35789.083,71
6,35791.971,71
6,35794.889,71
6,35797.828,71
6,35800.820,71
6,35804.348,71
6,35807.289,71
6,35810.177,71
6,35813.052,71
6,35815.956,71
6,35819.456,71
6,35822.378,71
6,35825.197,71
6,35828.407,71
6,35831.449,71
6,35834.597,71
6,35837.957,71
6,35840.863,71
6,35843.764,71
6,35846.928,71
6,35850.942,71
6,35854.539,71
6,35857.602,71
6,35860.595,71
6,35863.454,71
6,35866.365,71
6,35869.932,71
6,35872.851,71
6,35875.655,71
6,35879.040,71
6,35881.996,71
6,35885.627,71
6,35888.660,71
6,35891.603,71
6,35894.495,71
6,35897.497,75
6,35900.497,75
6,35903.991,75
6,35906.921,75
6,35909.818,75
6,35912.591,75
6,35915.487,75
6,35918.704,75
6,35922.066,75
6,35925.020,75
6,35928.072,75
6,35930.917,75
6,35933.801,75
6,35936.944,75
6,35940.032,75
6,35942.910,75
6,35945.676,75
6,35948.695,75
6,35951.695,75
6,35955.008,75
6,35957.904,75
6,35960.674,75
6,35963.456,75
6,35966.516,75
6,35970.288,75
6,35973.477,75
6,35976.456,75
6,35980.195,75
6,35983.110,75
6,35986.345,75
6,35989.251,75
6,35992.086,75
6,35995.022,75
6,35997.799,75
6,36000.740,75
6,36004.107,75
6,36007.228,75
6,36010.201,75
6,36013.077,75
6,36016.210,75
6,36019.867,75
6,36023.314,75
6,36026.238,75
6,36028.926,75
6,36031.841,75
6,36034.866,75
6,36038.253,75
6,36041.109,75
6,36044.014,75
6,36046.835,75
6,36049.785,75
6,36052.969,75
6,36055.931,75
6,36058.808,75
6,36061.704,75
6,36064.580,79
6,36067.603,79
6,36071.231,79
6,36074.194,79
6,36077.119,79
6,36079.961,79
6,36082.963,79
6,36086.727,79
6,36089.610,79
6,36092.625,79
6,36095.673,79
6,36098.608,79
6,36102.379,79
6,36105.337,79
6,36108.257,79
6,36111.189,79
6,36114.054,79
6,36117.054,79
6,36120.266,79
6,36123.075,79
6,36125.922,79
6,36129.295,79
6,36132.134,79
6,36135.993,79
6,36139.003,79
6,36142.006,79
6,36145.074,79
6,36147.964,79
6,36150.846,79
6,36154.010,79
6,36156.804,79
6,36160.494,79
6,36163.417,79
6,36166.626,79
6,36169.637,79
6,36173.051,79
6,36175.966,79
6,36179.093,79
6,36182.026,79
6,36185.121,79
6,36188.687,79
6,36191.750,79
6,36194.800,79
6,36197.762,79
6,36200.630,79
6,36203.530,79
6,36206.842,79
6,36209.748,79
6,36212.515,79
6,36215.413,79
6,36218.300,79
6,36221.474,79
6,36224.382,79
6,36227.459,79
6,36230.275,84
6,36233.218,84
6,36236.386,84
6,36239.476,84
6,36242.411,84
6,36245.798,84
6,36248.734,84
6,36252.017,84
6,36255.218,84
6,36258.220,84
6,36261.133,84
6,36264.145,84
6,36267.591,84
6,36270.813,84
6,36273.800,84
6,36276.694,84
6,36279.509,84
6,36283.327,84
6,36286.477,84
6,36289.705,84
6,36292.645,84
6,36295.488,84
6,36298.331,84
6,36301.199,84
6,36304.323,84
6,36307.276,84
6,36310.067,84
6,36312.827,84
6,36315.590,84
6,36319.673,84
6,36322.936,84
6,36325.770,84
6,36328.559,84
6,36331.385,84
6,36334.245,84
6,36337.470,84
6,36340.265,84
6,36343.207,84
6,36345.958,84
6,36348.890,84
6,36351.766,84
6,36354.969,84
6,36360.840,84
6,36364.003,84
6,36366.898,84
6,36370.420,84
6,36374.636,84
6,36377.714,84
6,36380.530,84
6,36383.520,84
6,36387.367,84
6,36390.508,84
6,36393.517,84
6,36396.480,88
6,36399.419,88
6,36402.716,88
6,36405.522,88
6,36408.475,88
6,36411.463,88
6,36414.497,88
6,36417.547,88
6,36420.757,88
6,36423.599,88
6,36426.514,88
6,36429.277,88
6,36432.680,88
6,36436.908,88
6,36440.106,88
6,36443.045,88
6,36445.941,88
6,36448.776,88
6,36452.909,88
6,36455.899,88
6,36458.954,88
6,36462.202,88
6,36465.224,88
6,36469.456,88
6,36472.782,88
6,36475.794,88
6,36479.098,88
6,36481.955,88
6,36484.907,88
6,36488.109,88
6,36491.027,88
6,36493.886,88
6,36496.653,88
6,36499.413,88
6,36502.548,88
6,36505.688,88
6,36508.908,88
6,36511.988,88
6,36514.895,88
6,36518.472,88
6,36522.119,88
6,36525.158,88
6,36528.130,88
6,36530.858,88
6,36533.874,88
6,36537.085,88
6,36539.958,88
6,36542.825,88
6,36545.632,88
6,36548.515,88
6,36551.682,88
6,36555.352,88
6,36558.335,88
6,36561.190,88
6,36564.096,92
6,36567.028,92
6,36570.233,92
6,36573.248,92
6,36576.136,92
6,36578.877,92
6,36581.767,92
6,36586.391,92
6,36589.854,92
6,36592.797,92
6,36595.707,92
6,36598.545,92
6,36601.779,92
6,36605.095,92
6,36608.106,92
6,36611.062,92
6,36613.911,92
6,36616.925,92
6,36620.139,92
6,36623.052,92
6,36626.041,92
6,36628.866,92
6,36631.709,92
6,36636.773,92
6,36640.127,92
6,36643.155,92
6,36646.973,92
6,36650.062,92
6,36653.579,92
6,36656.679,92
6,36659.510,92
6,36662.265,92
6,36665.103,92
6,36668.043,92
6,36671.444,92
6,36674.525,92
6,36677.510,92
6,36680.742,92
6,36683.753,92
6,36687.430,92
6,36690.913,92
6,36693.827,92
6,36696.653,92
6,36699.535,92
6,36702.851,92
6,36705.991,92
6,36708.940,92
6,36712.043,92
6,36714.928,92
6,36717.855,92
6,36721.090,92
6,36723.959,92
6,36726.913,92
6,36729.731,96
6,36732.899,96
6,36736.098,96
6,36739.298,96
6,36742.172,96
6,36745.088,96
6,36748.020,96
6,36750.993,96
6,36754.245,96
6,36757.166,96
6,36759.986,96
6,36762.806,96
6,36765.623,96
6,36768.858,96
6,36772.385,96
6,36775.324,96
6,36778.113,96
6,36780.961,96
6,36784.095,96
6,36787.400,96
6,36790.511,96
6,36793.528,96
6,36796.523,96
6,36799.419,96
6,36802.815,96
6,36805.781,96
6,36808.607,96
6,36811.438,96
6,36814.211,96
6,36817.267,96
6,36820.566,96
6,36823.456,96
6,36826.310,96
6,36829.339,96
6,36832.320,96
6,36835.467,96
6,36838.738,96
6,36841.647,96
6,36844.689,96
6,36847.505,96
6,36851.439,96
6,36854.785,96
6,36857.667,96
6,36860.539,96
6,36863.492,96
6,36866.495,96
6,36869.959,96
6,36872.919,96
6,36875.728,96
6,36878.963,96
6,36881.886,96
6,36884.787,96
6,36889.318,96
6,36892.254,96
6,36895.753,100
6,36899.022,100
6,36901.966,100
6,36905.130,100
6,36908.029,100
6,36911.256,100
6,36914.162,100
6,36917.285,100
6,36920.478,100
6,36923.493,100
6,36926.434,100
6,36929.320,100
6,36932.398,100
6,36935.829,100
6,36938.805,100
6,36941.833,100
6,36944.807,100
6,36947.771,100
6,36950.848,100
6,36954.447,100
6,36957.377,100
6,36960.256,100
6,36963.068,100
6,36965.968,100
6,36969.192,100
6,36972.025,100
6,36974.894,100
6,36977.840,100
6,36980.803,100
6,36984.008,100
6,36988.052,100
6,36991.182,100
6,36994.296,100
6,36997.180,100
6,37000.072,100
6,37003.643,100
6,37006.749,100
6,37009.877,100
6,37012.770,100
6,37015.626,100
6,37018.960,100
6,37022.151,100
6,37024.975,100
6,37027.999,100
6,37030.908,100
6,37033.913,100
6,37036.883,100
6,37040.104,100
6,37042.974,100
6,37045.779,100
6,37048.640,100
6,37051.861,100
6,37054.988,100
6,37058.004,100
6,37060.965,100
6,37064.019,104
6,37067.043,104
6,37069.996,104
6,37073.144,104
6,37075.984,104
6,37078.950,104
6,37081.924,104
6,37084.969,104
6,37088.190,104
6,37091.171,104
6,37094.096,104
6,37096.909,104
6,37100.210,104
6,37103.421,104
6,37106.594,104
6,37109.443,104
6,37112.257,104
6,37115.053,104
6,37118.035,104
6,37121.615,104
6,37124.696,104
6,37127.850,104
6,37130.873,104
6,37134.136,104
6,37138.047,104
6,37141.290,104
6,37144.272,104
6,37147.181,104
6,37150.067,104
6,37153.327,104
6,37156.350,104
6,37159.339,104
6,37162.771,104
6,37165.630,104
6,37169.659,104
6,37173.112,104
6,37176.174,104
6,37179.046,104
6,37181.933,104
6,37184.854,104
6,37188.100,104
6,37191.788,104
6,37195.014,104
6,37198.030,104
6,37200.949,104
6,37204.076,104
6,37206.874,104
6,37209.778,104
6,37212.611,104
6,37215.459,104
6,37218.284,104
6,37221.735,104
6,37224.817,104
6,37227.619,104
6,37230.434,109
6,37233.847,109
6,37237.199,109
6,37240.053,109
6,37242.957,109
6,37245.714,109
6,37248.617,109
6,37251.667,109
6,37255.075,109
6,37258.017,109
6,37260.825,109
6,37263.611,109
6,37266.487,109
6,37270.228,109
6,37273.344,109
6,37276.221,109
6,37279.003,109
6,37281.889,109
6,37284.773,109
6,37287.926,109
6,37290.805,109
6,37293.685,109
6,37296.447,109
6,37299.289,109
6,37302.144,109
6,37305.247,109
6,37308.137,109
6,37311.030,109
6,37313.934,109
6,37316.854,109
6,37321.093,109
6,37324.069,109
6,37326.954,109
6,37329.816,109
6,37332.791,109
6,37335.845,109
6,37339.072,109
6,37341.995,109
6,37344.849,109
6,37347.758,109
6,37350.640,109
6,37353.767,109
6,37356.592,109
6,37359.327,109
6,37362.074,109
6,37364.886,109
6,37367.877,109
6,37371.299,109
6,37374.232,109
6,37377.158,109
6,37379.979,109
6,37382.896,109
6,37386.484,109
6,37389.716,109
6,37392.679,109
6,37395.430,113
6,37398.344,113
6,37401.264,113
6,37404.548,113
6,37407.525,113
6,37410.483,113
6,37413.353,113
6,37416.261,113
6,37419.438,113
6,37422.313,113
6,37425.112,113
6,37428.155,113
6,37430.892,113
6,37433.868,113
6,37437.576,113
6,37440.541,113
6,37443.446,113
6,37446.352,113
6,37449.253,113
6,37453.219,113
6,37456.493,113
6,37459.461,113
6,37462.351,113
6,37465.178,113
6,37469.123,113
6,37472.115,113
6,37475.106,113
6,37478.222,113
6,37481.112,113
6,37484.075,113
6,37487.371,113
6,37490.254,113
6,37493.796,113
6,37496.582,113
6,37499.420,113
6,37502.287,113
6,37505.484,113
6,37508.241,113
6,37511.032,113
6,37513.927,113
6,37516.952,113
6,37519.987,113
6,37523.286,113
6,37526.130,113
6,37529.001,113
6,37531.895,113
6,37534.973,113
6,37538.062,113
6,37541.398,113
6,37544.192,113
6,37547.034,113
6,37549.942,113
6,37553.639,113
6,37556.497,113
6,37559.316,113
6,37562.101,117
6,37564.944,117
6,37568.151,117
6,37571.972,117
6,37574.933,117
6,37577.973,117
6,37581.036,117
6,37584.047,117
6,37587.323,117
6,37590.268,117
6,37593.198,117
6,37595.993,117
6,37598.833,117
6,37602.044,117
6,37605.532,117
6,37608.486,117
6,37611.638,117
6,37614.465,117
6,37617.410,117
6,37621.257,117
6,37624.338,117
6,37627.290,117
6,37630.119,117
6,37632.964,117
6,37635.900,117
6,37639.043,117
6,37641.953,117
6,37644.782,117
6,37648.578,117
6,37653.125,117
6,37656.470,117
6,37659.474,117
6,37662.500,117
6,37665.386,117
6,37668.281,117
6,37671.801,117
6,37674.775,117
6,37677.954,117
6,37681.021,117
6,37684.183,117
6,37687.174,117
6,37690.109,117
6,37693.536,117
6,37696.396,117
6,37699.262,117
6,37702.118,117
6,37706.026,117
6,37708.979,117
6,37711.975,117
6,37714.815,117
6,37717.907,117
6,37721.285,117
6,37724.192,117
6,37727.086,117
6,37729.842,120
6,37732.685,120
6,37735.608,120
6,37738.864,120
6,37741.818,120
6,37744.927,120
6,37747.856,120
6,37750.813,120
6,37753.712,120
6,37756.880,120
6,37759.434,120
6,37762.331,120
6,37765.184,120
6,37768.047,120
6,37771.248,120
6,37774.268,120
6,37777.228,120
6,37779.996,120
6,37782.942,120
6,37786.066,120
6,37789.374,120
6,37792.289,120
6,37795.937,120
6,37798.812,120
6,37801.663,120
6,37804.983,120
6,37807.952,120
6,37810.764,120
6,37813.535,120
6,37816.399,120
6,37819.328,120
6,37822.550,120
6,37825.465,120
6,37828.421,120
6,37831.420,120
6,37834.561,120
6,37838.301,120
6,37841.307,120
6,37844.268,120
6,37847.033,120
6,37849.971,120
6,37852.967,120
6,37856.102,120
6,37859.057,120
6,37862.039,120
6,37864.870,120
6,37867.852,120
6,37871.235,120
6,37874.253,120
6,37877.338,120
6,37880.251,120
6,37883.284,120
6,37886.516,120
6,37889.538,120
6,37892.358,120
7,37895.411,0
7,37898.924,0
7,37902.130,0
7,37905.750,0
7,37908.919,0
7,37912.015,0
7,37914.839,0
7,37918.374,0
7,37921.786,0
7,37924.753,0
7,37927.627,0
7,37930.513,0
7,37933.423,0
7,37936.769,0
7,37940.118,0
7,37943.155,0
7,37945.983,0
7,37948.842,0
7,37952.435,0
7,37955.436,0
7,37958.377,0
7,37961.019,0
7,37963.877,0
7,37966.408,0
7,37969.796,0
7,37972.795,0
7,37975.609,0
7,37978.490,0
7,37981.582,0
7,37984.630,0
7,37987.830,0
7,37990.653,0
7,37993.528,0
7,37996.307,0
7,37999.420,0
7,38002.695,0
7,38005.661,0
7,38008.701,0
7,38011.745,0
7,38014.680,0
7,38017.997,0
7,38021.634,0
7,38024.643,0
7,38027.586,0
7,38030.434,0
7,38033.491,0
7,38037.220,0
7,38040.204,0
7,38043.118,0
7,38045.922,0
7,38048.731,0
7,38052.601,0
7,38055.616,0
7,38058.585,0
7,38061.491,0
7,38064.488,5
7,38067.540,5
7,38070.856,5
7,38073.824,5
7,38076.737,5
7,38079.549,5
7,38082.437,5
7,38086.794,5
7,38089.701,5
7,38092.494,5
7,38095.664,5
7,38099.395,5
7,38103.249,5
7,38106.421,5
7,38109.400,5
7,38112.666,5
7,38115.576,5
7,38118.809,5
7,38121.918,5
7,38124.727,5
7,38127.672,5
7,38130.596,5
7,38133.643,5
7,38137.319,5
7,38140.315,5
7,38143.204,5
7,38146.029,5
7,38148.900,5
7,38151.905,5
7,38155.090,5
7,38158.031,5
7,38160.838,5
7,38163.608,5
7,38166.575,5
7,38169.575,5
7,38172.697,5
7,38175.526,5
7,38178.366,5
7,38181.402,5
7,38184.355,5
7,38187.573,5
7,38190.429,5
7,38193.282,5
7,38196.044,5
7,38198.906,5
7,38201.738,5
7,38204.936,5
7,38207.755,5
7,38210.561,5
7,38213.269,5
7,38216.174,5
7,38219.283,5
7,38222.125,5
7,38224.973,5
7,38227.810,5
7,38230.594,9
7,38233.508,9
7,38236.599,9
7,38240.140,9
7,38243.089,9
7,38245.941,9
7,38248.920,9
7,38252.945,9
7,38256.152,9
7,38259.009,9
7,38262.143,9
7,38264.963,9
7,38267.948,9
7,38271.288,9
7,38274.093,9
7,38276.932,9
7,38279.680,9
7,38282.560,9
7,38286.633,9
7,38289.830,9
7,38292.744,9
7,38295.523,9
7,38298.493,9
7,38301.571,9
7,38304.749,9
7,38307.717,9
7,38310.647,9
7,38313.544,9
7,38316.418,9
7,38320.274,9
7,38323.361,9
7,38326.312,9
7,38329.108,9
7,38331.966,9
7,38336.055,9
7,38339.077,9
7,38342.015,9
7,38344.871,9
7,38347.682,9
7,38350.720,9
7,38354.185,9
7,38357.149,9
7,38359.974,9
7,38362.730,9
7,38365.528,9
7,38368.562,9
7,38371.801,9
7,38374.785,9
7,38377.686,9
7,38380.506,9
7,38383.394,9
7,38386.526,9
7,38389.590,9
7,38392.503,9
7,38395.472,13
7,38398.354,13
7,38402.135,13
7,38405.663,13
7,38408.813,13
7,38411.750,13
7,38414.822,13
7,38417.820,13
7,38421.123,13
7,38423.976,13
7,38426.857,13
7,38429.588,13
7,38432.422,13
7,38436.162,13
7,38439.125,13
7,38442.078,13
7,38445.199,13
7,38448.185,13
7,38451.114,13
7,38454.295,13
7,38457.125,13
7,38459.973,13
7,38462.769,13
7,38465.687,13
7,38469.421,13
7,38472.317,13
7,38475.111,13
7,38478.191,13
7,38480.998,13
7,38484.018,13
7,38487.206,13
7,38490.045,13
7,38492.840,13
7,38495.634,13
7,38498.431,13
7,38501.688,13
7,38505.328,13
7,38508.309,13
7,38511.145,13
7,38513.974,13
7,38516.901,13
7,38520.075,13
7,38522.898,13
7,38525.729,13
7,38528.756,13
7,38532.411,13
7,38535.852,13
7,38538.886,13
7,38541.994,13
7,38544.903,13
7,38547.826,13
7,38550.782,13
7,38553.947,13
7,38556.772,13
7,38559.532,13
7,38562.312,17
7,38565.126,17
7,38569.107,17
7,38572.225,17
7,38575.479,17
7,38578.650,17
7,38581.678,17
7,38585.344,17
7,38588.693,17
7,38591.480,17
7,38594.552,17
7,38597.416,17
7,38600.329,17
7,38603.436,17
7,38606.388,17
7,38609.167,17
7,38611.973,17
7,38614.949,17
7,38617.784,17
7,38620.943,17
7,38623.749,17
7,38626.658,17
7,38629.412,17
7,38632.270,17
7,38636.914,17
7,38640.420,17
7,38643.430,17
7,38646.376,17
7,38649.493,17
7,38653.680,17
7,38656.671,17
7,38659.570,17
7,38662.612,17
7,38665.540,17
7,38669.514,17
7,38672.818,17
7,38675.764,17
7,38678.994,17
7,38682.860,17
7,38686.626,17
7,38689.933,17
7,38692.879,17
7,38695.736,17
7,38698.625,17
7,38701.652,17
7,38705.634,17
7,38708.642,17
7,38711.641,17
7,38714.455,17
7,38717.522,17
7,38720.755,17
7,38723.620,17
7,38726.506,17
7,38729.260,21
7,38732.120,21
7,38735.168,21
7,38738.429,21
7,38741.407,21
7,38744.302,21
7,38747.200,21
7,38750.124,21
7,38753.333,21
7,38756.186,21
7,38758.959,21
7,38762.247,21
7,38765.195,21
7,38768.108,21
7,38771.276,21
7,38774.203,21
7,38777.162,21
7,38780.138,21
7,38783.172,21
7,38786.343,21
7,38789.165,21
7,38791.974,21
7,38794.823,21
7,38797.587,21
7,38800.509,21
7,38803.652,21
7,38806.678,21
7,38809.531,21
7,38812.269,21
7,38815.050,21
7,38818.144,21
7,38821.522,21
7,38824.632,21
7,38827.659,21
7,38830.554,21
7,38833.653,21
7,38837.172,21
7,38840.183,21
7,38843.135,21
7,38845.939,21
7,38849.173,21
7,38852.468,21
7,38855.444,21
7,38858.345,21
7,38861.230,21
7,38864.100,21
7,38867.068,21
7,38869.984,21
7,38873.421,21
7,38876.370,21
7,38879.163,21
7,38881.983,21
7,38886.229,21
7,38889.601,21
7,38892.539,21
7,38895.395,25
7,38898.260,25
7,38901.500,25
7,38904.992,25
7,38908.097,25
7,38911.095,25
7,38913.915,25
7,38916.966,25
7,38919.989,25
7,38923.256,25
7,38926.186,25
7,38929.131,25
7,38932.030,25
7,38935.034,25
7,38938.683,25
7,38941.640,25
7,38944.786,25
7,38947.617,25
7,38950.780,25
7,38954.087,25
7,38957.012,25
7,38960.104,25
7,38963.005,25
7,38965.887,25
7,38969.313,25
7,38972.304,25
7,38975.172,25
7,38978.064,25
7,38980.960,25
7,38984.043,25
7,38987.234,25
7,38990.113,25
7,38993.080,25
7,38995.892,25
7,38998.833,25
7,39001.915,25
7,39005.145,25
7,39009.064,25
7,39012.509,25
7,39015.588,25
7,39018.918,25
7,39022.599,25
7,39025.669,25
7,39028.669,25
7,39031.579,25
7,39034.630,25
7,39038.367,25
7,39041.582,25
7,39044.624,25
7,39047.814,25
7,39050.781,25
7,39054.375,25
7,39057.562,25
7,39060.357,25
7,39063.275,30
7,39066.278,30
7,39070.103,30
7,39073.391,30
7,39076.535,30
7,39079.379,30
7,39082.353,30
7,39086.320,30
7,39089.622,30
7,39092.517,30
7,39095.587,30
7,39098.425,30
7,39101.454,30
7,39104.556,30
7,39108.612,30
7,39111.599,30
7,39114.528,30
7,39117.814,30
7,39121.075,30
7,39123.985,30
7,39126.963,30
7,39129.749,30
7,39132.780,30
7,39136.808,30
7,39139.902,30
7,39142.832,30
7,39145.640,30
7,39148.565,30
7,39151.816,30
7,39155.102,30
7,39158.232,30
7,39161.266,30
7,39164.074,30
7,39167.035,30
7,39170.209,30
7,39173.350,30
7,39176.423,30
7,39179.211,30
7,39182.107,30
7,39186.002,30
7,39189.087,30
7,39192.004,30
7,39194.858,30
7,39197.639,30
7,39200.472,30
7,39204.028,30
7,39206.993,30
7,39210.100,30
7,39213.096,30
7,39215.984,30
7,39219.341,30
7,39222.433,30
7,39225.433,30
7,39228.482,30
7,39231.318,34
7,39234.149,34
7,39237.578,34
7,39240.450,34
7,39243.353,34
7,39246.214,34
7,39249.136,34
7,39252.302,34
7,39255.276,34
7,39258.464,34
7,39261.364,34
7,39264.137,34
7,39267.153,34
7,39270.345,34
7,39273.215,34
7,39276.148,34
7,39278.919,34
7,39281.727,34
7,39284.878,34
7,39288.191,34
7,39291.146,34
7,39294.029,34
7,39296.832,34
7,39299.698,34
7,39302.747,34
7,39306.053,34
7,39309.994,34
7,39312.796,34
7,39316.821,34
7,39320.094,34
7,39323.264,34
7,39326.242,34
7,39329.090,34
7,39331.904,34
7,39334.933,34
7,39338.193,34
7,39341.305,34
7,39344.221,34
7,39347.122,34
7,39350.185,34
7,39353.487,34
7,39356.410,34
7,39359.274,34
7,39362.156,34
7,39365.000,34
7,39368.342,34
7,39371.805,34
7,39374.695,34
7,39377.716,34
7,39380.479,34
7,39383.386,34
7,39386.290,34
7,39389.371,34
7,39392.269,34
7,39395.142,34
7,39398.005,38
7,39400.889,38
7,39403.998,38
7,39406.828,38
7,39409.741,38
7,39412.542,38
7,39415.387,38
7,39418.606,38
7,39422.086,38
7,39425.081,38
7,39428.025,38
7,39430.777,38
7,39433.895,38
7,39437.218,38
7,39440.073,38
7,39442.974,38
7,39445.811,38
7,39448.640,38
7,39451.733,38
7,39455.095,38
7,39458.001,38
7,39460.847,38
7,39463.740,38
7,39466.668,38
7,39469.994,38
7,39472.856,38
7,39475.639,38
7,39478.663,38
7,39481.439,38
7,39484.328,38
7,39487.617,38
7,39490.478,38
7,39493.525,38
7,39496.359,38
7,39499.290,38
7,39502.875,38
7,39505.908,38
7,39508.767,38
7,39511.764,38
7,39514.672,38
7,39517.944,38
7,39521.348,38
7,39524.222,38
7,39527.144,38
7,39529.983,38
7,39532.838,38
7,39535.813,38
7,39538.956,38
7,39541.776,38
7,39544.721,38
7,39547.431,38
7,39550.332,38
7,39553.463,38
7,39556.283,38
7,39559.193,38
7,39562.163,42
7,39565.051,42
7,39568.044,42
7,39571.214,42
7,39574.226,42
7,39577.238,42
7,39580.120,42
7,39583.485,42
7,39586.613,42
7,39589.513,42
7,39592.442,42
7,39595.534,42
7,39598.459,42
7,39601.500,42
7,39604.901,42
7,39607.825,42
7,39611.454,42
7,39614.355,42
7,39617.461,42
7,39620.617,42
7,39623.485,42
7,39626.488,42
7,39629.481,42
7,39632.673,42
7,39635.867,42
7,39638.771,42
7,39641.576,42
7,39644.541,42
7,39647.532,42
7,39650.587,42
7,39653.889,42
7,39656.791,42
7,39659.647,42
7,39662.483,42
7,39665.325,42
7,39669.148,42
7,39672.134,42
7,39674.989,42
7,39677.934,42
7,39680.756,42
7,39683.737,42
7,39686.956,42
7,39689.844,42
7,39692.714,42
7,39695.526,42
7,39698.365,42
7,39701.499,42
7,39704.664,42
7,39707.546,42
7,39710.330,42
7,39713.118,42
7,39715.978,42
7,39719.371,42
7,39722.249,42
7,39725.100,42
7,39728.031,42
7,39730.770,46
7,39733.946,46
7,39737.383,46
7,39740.334,46
7,39743.256,46
7,39746.025,46
7,39748.845,46
7,39753.152,46
7,39756.130,46
7,39759.016,46
7,39761.958,46
7,39764.760,46
7,39767.852,46
7,39771.096,46
7,39774.010,46
7,39776.856,46
7,39779.584,46
7,39782.579,46
7,39786.000,46
7,39788.893,46
7,39791.708,46
7,39794.784,46
7,39797.724,46
7,39800.706,46
7,39803.953,46
7,39806.787,46
7,39809.686,46
7,39812.765,46
7,39815.687,46
7,39819.393,46
7,39822.336,46
7,39825.188,46
7,39828.143,46
7,39830.996,46
7,39834.025,46
7,39837.734,46
7,39841.121,46
7,39844.104,46
7,39847.140,46
7,39850.079,46
7,39853.222,46
7,39856.295,46
7,39859.198,46
7,39862.074,46
7,39864.977,46
7,39868.255,46
7,39871.593,46
7,39874.488,46
7,39877.717,46
7,39880.524,46
7,39883.476,46
7,39886.566,46
7,39889.687,46
7,39892.608,46
7,39895.684,50
7,39898.572,50
7,39902.316,50
7,39905.515,50
7,39908.419,50
7,39911.573,50
7,39915.468,50
7,39919.698,50
7,39923.151,50
7,39926.121,50
7,39929.194,50
7,39932.138,50
7,39936.073,50
7,39939.067,50
7,39941.989,50
7,39945.005,50
7,39948.048,50
7,39951.250,50
7,39954.598,50
7,39957.531,50
7,39960.438,50
7,39963.220,50
7,39966.112,50
7,39969.073,50
7,39972.219,50
7,39975.100,50
7,39978.108,50
7,39981.004,50
7,39984.031,50
7,39987.565,50
7,39990.537,50
7,39993.402,50
7,39996.196,50
7,39999.142,50
7,40002.200,50
7,40005.463,50
7,40008.385,50
7,40011.461,50
7,40014.413,50
7,40017.479,50
7,40020.744,50
7,40023.595,50
7,40026.602,50
7,40029.648,50
7,40032.651,50
7,40036.567,50
7,40039.532,50
7,40042.462,50
7,40045.297,50
7,40048.152,50
7,40051.247,50
7,40054.704,50
7,40057.677,50
7,40060.563,50
7,40063.498,55
7,40066.539,55
7,40069.933,55
7,40073.257,55
7,40076.198,55
7,40079.076,55
7,40082.010,55
7,40085.976,55
7,40089.020,55
7,40091.978,55
7,40095.011,55
7,40097.829,55
7,40100.652,55
7,40103.841,55
7,40107.227,55
7,40110.273,55
7,40113.266,55
7,40116.233,55
7,40119.455,55
7,40122.375,55
7,40125.284,55
7,40128.175,55
7,40131.329,55
7,40134.374,55
7,40137.640,55
7,40140.679,55
7,40143.552,55
7,40146.543,55
7,40149.691,55
7,40153.281,55
7,40156.531,55
7,40159.786,55
7,40162.806,55
7,40165.768,55
7,40168.805,55
7,40172.151,55
7,40175.149,55
7,40178.084,55
7,40181.065,55
7,40184.219,55
7,40187.416,55
7,40190.336,55
7,40193.344,55
7,40196.454,55
7,40199.423,55
7,40202.617,55
7,40206.082,55
7,40209.072,55
7,40212.260,55
7,40215.137,55
7,40219.060,55
7,40222.315,55
7,40225.339,55
7,40228.212,55
7,40231.025,59
7,40234.135,59
7,40237.596,59
7,40240.715,59
7,40243.891,59
7,40246.774,59
7,40249.668,59
7,40252.916,59
7,40255.831,59
7,40258.853,59
7,40261.902,59
7,40264.860,59
7,40268.419,59
7,40271.732,59
7,40274.779,59
7,40277.872,59
7,40280.759,59
7,40283.850,59
7,40287.212,59
7,40290.059,59
7,40293.108,59
7,40295.892,59
7,40299.058,59
7,40301.995,59
7,40305.235,59
7,40308.263,59
7,40311.235,59
7,40314.054,59
7,40317.069,59
7,40320.328,59
7,40323.260,59
7,40326.175,59
7,40329.020,59
7,40331.890,59
7,40335.533,59
7,40338.596,59
7,40341.509,59
7,40344.459,59
7,40347.303,59
7,40350.218,59
7,40353.368,59
7,40356.201,59
7,40358.993,59
7,40361.876,59
7,40364.870,59
7,40368.032,59
7,40371.344,59
7,40374.306,59
7,40377.201,59
7,40380.037,59
7,40383.041,59
7,40386.006,59
7,40389.347,59
7,40392.167,59
7,40395.044,59
7,40398.037,63
7,40400.879,63
7,40404.126,63
7,40407.481,63
7,40410.365,63
7,40413.130,63
7,40416.052,63
7,40419.063,63
7,40422.264,63
7,40425.309,63
7,40428.186,63
7,40431.043,63
7,40433.953,63
7,40436.877,63
7,40440.149,63
7,40443.168,63
7,40445.953,63
7,40448.860,63
7,40452.115,63
7,40455.630,63
7,40458.742,63
7,40462.046,63
7,40465.091,63
7,40468.600,63
7,40472.013,63
7,40474.977,63
7,40477.908,63
7,40480.700,63
7,40483.613,63
7,40486.723,63
7,40489.943,63
7,40492.878,63
7,40495.607,63
7,40498.398,63
7,40501.674,63
7,40505.289,63
7,40508.207,63
7,40511.288,63
7,40514.158,63
7,40517.092,63
7,40520.941,63
7,40524.039,63
7,40527.016,63
7,40529.782,63
7,40532.694,63
7,40535.659,63
7,40538.845,63
7,40541.820,63
7,40544.687,63
7,40547.467,63
7,40550.337,63
7,40553.300,63
7,40556.431,63
7,40559.306,63
7,40562.069,67
7,40564.897,67
7,40568.871,67
7,40572.301,67
7,40575.495,67
7,40578.461,67
7,40581.370,67
7,40584.501,67
7,40587.882,67
7,40590.903,67
7,40593.832,67
7,40596.611,67
7,40599.463,67
7,40602.663,67
7,40605.483,67
7,40608.349,67
7,40611.243,67
7,40614.047,67
7,40617.212,67
7,40620.774,67
7,40623.888,67
7,40626.895,67
7,40629.704,67
7,40632.680,67
7,40635.900,67
7,40638.840,67
7,40641.730,67
7,40644.849,67
7,40647.844,67
7,40650.767,67
7,40654.351,67
7,40657.345,67
7,40660.252,67
7,40662.985,67
7,40665.827,67
7,40668.834,67
7,40672.356,67
7,40675.322,67
7,40678.124,67
7,40681.296,67
7,40684.325,67
7,40688.654,67
7,40691.720,67
7,40694.876,67
7,40697.819,67
7,40701.137,67
7,40703.979,67
7,40707.190,67
7,40710.077,67
7,40713.003,67
7,40716.289,67
7,40719.530,67
7,40722.391,67
7,40725.273,67
7,40728.128,67
7,40731.043,71
7,40734.365,71
7,40737.691,71
7,40740.554,71
7,40743.416,71
7,40746.157,71
7,40749.406,71
7,40752.487,71
7,40755.692,71
7,40758.572,71
7,40761.467,71
7,40764.314,71
7,40767.291,71
7,40770.842,71
7,40773.826,71
7,40776.685,71
7,40779.413,71
7,40782.206,71
7,40785.498,71
7,40788.571,71
7,40791.527,71
7,40794.508,71
7,40797.514,71
7,40800.426,71
7,40803.342,71
7,40806.651,71
7,40809.443,71
7,40812.225,71
7,40815.250,71
7,40818.339,71
7,40822.571,71
7,40825.773,71
7,40829.003,71
7,40831.911,71
7,40835.020,71
7,40838.342,71
7,40841.443,71
7,40844.510,71
7,40847.430,71
7,40850.426,71
7,40853.346,71
7,40856.605,71
7,40859.453,71
7,40862.491,71
7,40865.407,71
7,40868.461,71
7,40872.530,71
7,40875.447,71
7,40878.394,71
7,40881.391,71
7,40884.386,71
7,40888.164,71
7,40891.256,71
7,40894.102,71
7,40896.952,75
7,40899.900,75
7,40903.091,75
7,40905.964,75
7,40908.971,75
7,40912.014,75
7,40914.919,75
7,40918.065,75
7,40921.358,75
7,40924.280,75
7,40927.350,75
7,40930.095,75
7,40933.041,75
7,40936.161,75
7,40939.230,75
7,40942.095,75
7,40944.925,75
7,40947.745,75
7,40950.667,75
7,40953.884,75
7,40956.798,75
7,40959.569,75
7,40962.312,75
7,40965.044,75
7,40968.161,75
7,40971.639,75
7,40974.684,75
7,40978.082,75
7,40981.005,75
7,40984.130,75
7,40987.351,75
7,40990.406,75
7,40993.373,75
7,40996.307,75
7,40999.246,75
7,41002.690,75
7,41005.826,75
7,41008.745,75
7,41011.694,75
7,41014.507,75
7,41017.159,75
7,41020.481,75
7,41023.401,75
7,41026.234,75
7,41029.072,75
7,41032.096,75
7,41035.445,75
7,41039.088,75
7,41042.037,75
7,41044.887,75
7,41047.903,75
7,41051.111,75
7,41054.613,75
7,41057.594,75
7,41060.437,75
7,41063.256,79
7,41066.265,79
7,41069.242,79
7,41072.414,79
7,41075.271,79
7,41078.065,79
7,41080.846,79
7,41083.731,79
7,41086.560,79
7,41089.778,79
7,41092.678,79
7,41095.735,79
7,41098.652,79
7,41101.567,79
7,41104.650,79
7,41107.590,79
7,41110.391,79
7,41113.237,79
7,41116.050,79
7,41119.171,79
7,41122.258,79
7,41125.921,79
7,41129.016,79
7,41132.118,79
7,41135.007,79
7,41138.354,79
7,41141.206,79
7,41144.052,79
7,41146.814,79
7,41149.699,79
7,41152.811,79
7,41155.945,79
7,41158.761,79
7,41161.927,79
7,41164.733,79
7,41168.019,79
7,41171.228,79
7,41174.398,79
7,41177.412,79
7,41180.337,79
7,41183.226,79
7,41186.469,79
7,41189.729,79
7,41192.724,79
7,41195.504,79
7,41198.296,79
7,41201.151,79
7,41204.074,79
7,41207.245,79
7,41210.031,79
7,41212.731,79
7,41215.620,79
7,41218.808,79
7,41222.034,79
7,41224.890,79
7,41227.842,79
7,41231.080,84
7,41234.079,84
7,41237.376,84
7,41240.274,84
7,41243.234,84
7,41245.972,84
7,41248.918,84
7,41252.053,84
7,41255.267,84
7,41258.303,84
7,41261.139,84
7,41264.030,84
7,41266.990,84
7,41269.993,84
7,41273.357,84
7,41276.593,84
7,41279.467,84
7,41282.340,84
7,41285.438,84
7,41288.524,84
7,41291.408,84
7,41294.317,84
7,41297.060,84
7,41299.947,84
7,41302.834,84
7,41305.953,84
7,41309.077,84
7,41311.960,84
7,41314.948,84
7,41317.956,84
7,41321.948,84
7,41324.925,84
7,41327.834,84
7,41330.702,84
7,41333.651,84
7,41336.545,84
7,41339.652,84
7,41342.598,84
7,41345.513,84
7,41348.307,84
7,41351.096,84
7,41354.729,84
7,41357.898,84
7,41360.781,84
7,41363.726,84
7,41366.769,84
7,41369.859,84
7,41373.709,84
7,41376.832,84
7,41379.740,84
7,41382.696,84
7,41385.582,84
7,41389.192,84
7,41392.143,84
7,41395.010,84
7,41397.956,88
7,41401.043,88
7,41404.715,88
7,41407.769,88
7,41410.921,88
7,41413.976,88
7,41417.299,88
7,41420.573,88
7,41423.534,88
7,41427.140,88
7,41430.131,88
7,41433.141,88
7,41436.098,88
7,41439.547,88
7,41442.621,88
7,41445.599,88
7,41448.718,88
7,41452.054,88
7,41455.556,88
7,41458.705,88
7,41461.691,88
7,41464.653,88
7,41467.576,88
7,41470.621,88
7,41473.890,88
7,41476.738,88
7,41479.552,88
7,41482.493,88
7,41485.473,88
7,41489.154,88
7,41492.165,88
7,41495.109,88
7,41497.953,88
7,41500.947,88
7,41504.398,88
7,41507.441,88
7,41510.388,88
7,41513.306,88
7,41516.200,88
7,41519.585,88
7,41522.949,88
7,41525.869,88
7,41528.970,88
7,41531.939,88
7,41535.089,88
7,41538.344,88
7,41541.658,88
7,41544.676,88
7,41547.697,88
7,41550.979,88
7,41553.938,88
7,41557.109,88
7,41559.959,88
7,41562.787,92
7,41565.664,92
7,41569.022,92
7,41572.291,92
7,41575.387,92
7,41578.287,92
7,41581.205,92
7,41584.275,92
7,41587.991,92
7,41591.188,92
7,41593.757,92
7,41596.607,92
7,41599.422,92
7,41602.941,92
7,41606.034,92
7,41608.996,92
7,41611.955,92
7,41614.942,92
7,41618.207,92
7,41621.429,92
7,41624.484,92
7,41627.426,92
7,41630.208,92
7,41633.087,92
7,41636.022,92
7,41639.318,92
7,41642.227,92
7,41645.675,92
7,41648.729,92
7,41651.651,92
7,41655.364,92
7,41658.403,92
7,41661.543,92
7,41664.370,92
7,41667.334,92
7,41670.529,92
7,41673.414,92
7,41676.308,92
7,41679.198,92
7,41682.069,92
7,41684.854,92
7,41688.052,92
7,41690.903,92
7,41693.751,92
7,41696.561,92
7,41699.459,92
7,41702.822,92
7,41705.712,92
7,41709.615,92
7,41712.404,92
7,41715.230,92
7,41718.275,92
7,41721.906,92
7,41724.944,92
7,41729.067,96
7,41732.341,96
7,41735.635,96
7,41738.679,96
7,41741.906,96
7,41744.808,96
7,41747.555,96
7,41750.531,96
7,41753.615,96
7,41756.816,96
7,41759.693,96
7,41762.500,96
7,41765.375,96
7,41768.372,96
7,41772.045,96
7,41774.960,96
7,41778.015,96
7,41780.832,96
7,41784.132,96
7,41787.548,96
7,41790.586,96
7,41793.728,96
7,41796.693,96
7,41799.681,96
7,41802.877,96
7,41805.751,96
7,41808.595,96
7,41811.536,96
7,41814.404,96
7,41817.448,96
7,41820.669,96
7,41823.643,96
7,41826.725,96
7,41829.668,96
7,41832.681,96
7,41836.481,96
7,41839.556,96
7,41842.527,96
7,41845.380,96
7,41848.210,96
7,41851.375,96
7,41854.721,96
7,41857.801,96
7,41860.779,96
7,41863.674,96
7,41866.783,96
7,41869.954,96
7,41874.122,96
7,41877.092,96
7,41879.959,96
7,41882.965,96
7,41886.379,96
7,41889.414,96
7,41892.309,96
7,41895.277,100
7,41898.135,100
7,41901.174,100
7,41904.461,100
7,41907.403,100
7,41910.274,100
7,41913.080,100
7,41915.992,100
7,41919.797,100
7,41923.079,100
7,41926.035,100
7,41929.011,100
7,41932.255,100
7,41936.091,100
7,41939.161,100
7,41942.124,100
7,41945.127,100
7,41949.176,100
7,41952.707,100
7,41955.711,100
7,41958.637,100
7,41961.485,100
7,41964.333,100
7,41966.891,100
7,41970.997,100
7,41974.004,100
7,41976.959,100
7,41979.760,100
7,41982.609,100
7,41986.636,100
7,41989.968,100
7,41992.922,100
7,41995.668,100
7,41998.686,100
7,42003.071,100
7,42006.254,100
7,42009.218,100
7,42012.026,100
7,42014.876,100
7,42018.083,100
7,42021.305,100
7,42024.208,100
7,42027.099,100
7,42031.188,100
7,42034.233,100
7,42037.569,100
7,42040.493,100
7,42043.404,100
7,42046.211,100
7,42049.097,100
7,42052.015,100
7,42055.108,100
7,42058.052,100
7,42060.887,100
7,42063.635,104
7,42066.843,104
7,42070.365,104
7,42073.471,104
7,42076.617,104
7,42079.592,104
7,42082.755,104
7,42086.015,104
7,42089.011,104
7,42091.998,104
7,42094.959,104
7,42097.827,104
7,42101.079,104
7,42104.230,104
7,42107.185,104
7,42110.594,104
7,42113.760,104
7,42116.724,104
7,42119.882,104
7,42122.857,104
7,42125.760,104
7,42128.752,104
7,42131.699,104
7,42136.447,104
7,42140.176,104
7,42143.323,104
7,42146.126,104
7,42149.185,104
7,42153.122,104
7,42156.115,104
7,42159.270,104
7,42162.420,104
7,42165.702,104
7,42169.461,104
7,42172.859,104
7,42175.846,104
7,42178.920,104
7,42181.877,104
7,42184.884,104
7,42188.342,104
7,42191.390,104
7,42194.296,104
7,42197.149,104
7,42200.117,104
7,42203.672,104
7,42206.618,104
7,42209.734,104
7,42212.887,104
7,42215.930,104
7,42219.398,104
7,42222.392,104
7,42225.245,104
7,42228.284,104
7,42231.175,109
7,42234.120,109
7,42237.403,109
7,42240.277,109
7,42243.253,109
7,42246.058,109
7,42249.013,109
7,42252.203,109
7,42255.317,109
7,42258.160,109
7,42261.242,109
7,42264.292,109
7,42267.864,109
7,42271.282,109
7,42274.186,109
7,42277.044,109
7,42279.828,109
7,42282.752,109
7,42286.445,109
7,42289.442,109
7,42292.300,109
7,42295.291,109
7,42298.196,109
7,42301.096,109
7,42304.392,109
7,42307.342,109
7,42310.251,109
7,42313.038,109
7,42315.905,109
7,42319.103,109
7,42322.060,109
7,42324.897,109
7,42327.730,109
7,42330.515,109
7,42334.437,109
7,42337.727,109
7,42340.581,109
7,42343.454,109
7,42346.352,109
7,42349.246,109
7,42352.779,109
7,42355.715,109
7,42358.658,109
7,42361.648,109
7,42364.702,109
7,42367.879,109
7,42371.149,109
7,42374.034,109
7,42376.977,109
7,42379.884,109
7,42382.852,109
7,42386.062,109
7,42389.042,109
7,42394.875,109
7,42398.025,113
7,42401.259,113
7,42404.514,113
7,42407.440,113
7,42410.367,113
7,42413.646,113
7,42416.645,113
7,42419.825,113
7,42422.877,113
7,42425.831,113
7,42428.764,113
7,42431.616,113
7,42434.604,113
7,42437.845,113
7,42440.855,113
7,42443.858,113
7,42446.653,113
7,42449.538,113
7,42452.440,113
7,42456.147,113
7,42459.084,113
7,42462.165,113
7,42464.987,113
7,42467.992,113
7,42471.225,113
7,42474.071,113
7,42477.402,113
7,42480.306,113
7,42483.382,113
7,42486.572,113
7,42489.683,113
7,42492.709,113
7,42495.545,113
7,42498.464,113
7,42501.493,113
7,42504.764,113
7,42507.787,113
7,42510.707,113
7,42513.596,113
7,42516.642,113
7,42519.802,113
7,42522.761,113
7,42525.597,113
7,42528.560,113
7,42531.469,113
7,42534.471,113
7,42537.731,113
7,42540.593,113
7,42543.580,113
7,42546.404,113
7,42549.283,113
7,42552.444,113
7,42555.353,113
7,42558.285,113
7,42561.322,113
7,42564.173,117
7,42566.832,117
7,42569.999,117
7,42573.244,117
7,42576.203,117
7,42579.198,117
7,42582.109,117
7,42585.873,117
7,42588.868,117
7,42591.846,117
7,42594.716,117
7,42597.521,117
7,42600.536,117
7,42603.810,117
7,42606.749,117
7,42609.639,117
7,42612.539,117
7,42615.482,117
7,42618.985,117
7,42622.196,117
7,42625.109,117
7,42628.043,117
7,42630.851,117
7,42633.918,117
7,42638.070,117
7,42641.277,117
7,42644.434,117
7,42647.354,117
7,42650.361,117
7,42653.572,117
7,42656.470,117
7,42659.413,117
7,42662.278,117
7,42665.132,117
7,42668.046,117
7,42671.383,117
7,42674.333,117
7,42677.344,117
7,42680.110,117
7,42683.004,117
7,42686.236,117
7,42689.396,117
7,42692.291,117
7,42695.181,117
7,42698.118,117
7,42700.962,117
7,42703.838,117
7,42707.557,117
7,42710.399,117
7,42713.241,117
7,42716.181,117
7,42719.330,117
7,42722.158,117
7,42724.946,117
7,42727.824,117
7,42730.633,120
7,42733.554,120
7,42736.696,120
7,42739.518,120
7,42742.351,120
7,42745.408,120
7,42748.240,120
7,42751.560,120
7,42754.991,120
7,42758.060,120
7,42760.945,120
7,42763.917,120
7,42766.981,120
7,42770.248,120
7,42773.171,120
7,42776.025,120
7,42778.961,120
7,42782.135,120
7,42785.676,120
7,42788.741,120
7,42791.671,120
7,42794.589,120
7,42797.489,120
7,42800.405,120
7,42803.614,120
7,42806.437,120
7,42809.316,120
7,42812.159,120
7,42815.050,120
7,42818.634,120
7,42821.634,120
7,42825.835,120
7,42829.178,120
7,42832.175,120
7,42835.057,120
7,42838.587,120
7,42841.577,120
7,42844.560,120
7,42847.427,120
7,42850.499,120
7,42853.802,120
7,42856.658,120
7,42859.529,120
7,42862.355,120
7,42865.159,120
7,42867.985,120
7,42871.143,120
7,42874.470,120
7,42877.519,120
7,42880.332,120
7,42883.295,120
7,42886.457,120
7,42889.719,120
7,42892.620,120
8,42895.389,0
