cycle_index,t_ms,pixel_width
-1,0.003,118
-1,4.088,118
-1,8.987,118
-1,12.262,118
-1,16.109,118
-1,18.922,118
-1,22.197,118
-1,25.625,118
-1,28.622,118
-1,31.533,118
-1,34.399,118
-1,38.075,118
-1,42.325,118
-1,46.132,118
-1,49.207,118
-1,52.241,118
-1,55.566,118
-1,59.151,118
-1,62.157,118
-1,65.274,118
-1,68.454,118
-1,71.552,118
-1,74.942,118
-1,77.999,118
-1,80.956,118
-1,83.830,118
-1,87.540,118
-1,91.429,118
-1,94.576,118
-1,97.475,118
-1,100.368,118
-1,103.821,118
-1,106.927,118
-1,110.102,118
-1,112.988,118
-1,115.981,118
-1,118.893,118
-1,121.892,118
-1,125.727,118
-1,128.761,118
-1,131.724,118
-1,134.643,118
-1,137.581,118
-1,142.145,118
-1,145.381,118
-1,148.361,118
-1,151.322,118
-1,154.702,118
-1,158.155,118
-1,161.152,118
-1,164.188,118
-1,167.063,118
-1,169.994,118
-1,173.076,118
-1,176.157,118
-1,178.929,118
-1,181.843,118
-1,184.766,118
-1,187.633,118
-1,192.169,118
-1,195.358,118
-1,198.233,118
-1,201.025,118
-1,203.874,118
-1,207.383,118
-1,210.529,118
-1,213.425,118
-1,216.319,118
-1,219.307,118
-1,222.247,118
-1,225.942,118
-1,228.795,118
-1,232.004,118
-1,234.879,118
-1,238.127,118
-1,241.969,118
-1,245.250,118
-1,248.092,118
-1,250.932,118
-1,254.184,118
-1,258.712,118
-1,261.835,118
-1,264.763,118
-1,267.717,118
-1,270.697,118
-1,274.814,118
-1,277.844,118
-1,280.717,118
-1,283.577,118
-1,286.558,118
-1,289.678,118
-1,293.108,118
-1,295.938,118
-1,298.847,118
-1,301.740,118
-1,305.601,118
-1,309.298,118
-1,312.166,118
-1,315.187,118
-1,318.139,118
-1,321.072,118
-1,325.712,118
-1,328.627,118
-1,331.610,118
-1,334.596,118
-1,337.626,118
-1,341.699,118
-1,344.760,118
-1,347.603,118
-1,350.506,118
-1,353.529,118
-1,356.808,118
-1,359.942,118
-1,362.782,118
-1,365.761,118
-1,368.805,118
-1,371.824,118
-1,375.688,118
-1,378.558,118
-1,381.451,118
-1,384.082,118
-1,387.047,118
-1,391.537,118
-1,394.545,118
-1,397.417,118
-1,400.355,118
-1,403.731,118
-1,406.982,118
-1,410.457,118
-1,413.405,118
-1,416.317,118
-1,419.275,118
-1,422.307,118
-1,425.776,118
-1,428.633,118
-1,431.559,118
-1,434.781,118
-1,437.768,118
-1,441.667,118
-1,444.723,118
-1,447.567,118
-1,450.440,118
-1,453.671,118
-1,456.863,118
-1,460.224,118
-1,463.441,118
-1,466.727,118
-1,469.684,118
-1,472.876,118
-1,477.078,118
-1,480.141,118
-1,483.278,118
-1,486.739,118
-1,490.542,118
-1,494.044,118
-1,496.952,118
-1,500.133,118
-1,503.260,118
-1,506.525,118
-1,510.312,118
-1,513.494,118
-1,516.658,118
-1,519.767,118
-1,522.913,118
-1,526.490,118
-1,529.439,118
-1,532.482,118
-1,535.165,118
-1,537.975,118
-1,541.251,118
-1,543.907,118
-1,546.858,118
-1,549.850,118
-1,554.112,118
-1,558.827,118
-1,562.135,118
-1,565.143,118
-1,568.343,118
-1,571.158,118
-1,574.504,118
-1,578.894,118
-1,581.922,118
-1,584.957,118
-1,587.667,118
-1,592.478,118
-1,595.455,118
-1,598.497,118
-1,601.541,118
-1,604.676,118
-1,609.027,118
-1,612.092,118
-1,615.210,118
-1,618.290,118
-1,622.134,118
-1,625.684,118
-1,629.108,118
-1,632.118,118
-1,635.165,118
-1,638.582,118
-1,642.049,118
-1,645.170,118
-1,648.785,118
-1,651.821,118
-1,654.966,118
-1,659.184,118
-1,662.149,118
-1,665.170,118
-1,668.207,118
-1,671.365,118
-1,675.269,118
-1,678.735,118
-1,681.743,118
-1,684.925,118
-1,687.952,118
-1,691.411,118
-1,694.890,118
-1,697.971,118
-1,700.772,118
-1,703.647,118
-1,708.082,118
-1,711.179,118
-1,714.197,118
-1,717.077,118
-1,720.241,118
-1,724.159,118
-1,727.185,118
-1,730.203,118
-1,733.230,118
-1,736.286,118
-1,739.464,118
-1,742.678,118
-1,745.664,118
-1,748.595,118
-1,751.463,118
-1,754.930,118
-1,758.531,118
-1,761.588,118
-1,764.536,118
-1,767.473,118
-1,770.307,118
-1,774.570,118
-1,777.563,118
-1,780.508,118
-1,783.118,118
-1,786.278,118
-1,789.574,118
-1,792.609,118
-1,796.587,118
-1,799.756,118
-1,802.829,118
-1,805.825,118
-1,809.127,118
-1,812.060,118
-1,815.005,118
-1,818.081,118
-1,821.706,118
-1,825.139,118
-1,828.132,118
-1,831.221,118
-1,834.132,118
-1,837.167,118
-1,841.383,118
-1,844.362,118
-1,847.251,118
-1,850.208,118
-1,852.934,118
-1,856.104,118
-1,859.468,118
-1,862.511,118
-1,865.410,118
-1,868.396,118
-1,871.484,118
-1,874.907,118
-1,878.657,118
-1,881.555,118
-1,884.781,118
-1,887.762,118
-1,891.241,118
-1,894.542,118
-1,897.435,118
-1,900.421,118
-1,903.508,118
-1,906.627,118
-1,910.599,118
-1,913.774,118
-1,916.873,118
-1,919.864,118
-1,922.775,118
-1,926.272,118
-1,929.276,118
-1,932.036,118
-1,934.940,118
-1,937.429,118
-1,941.227,118
-1,944.171,118
-1,947.117,118
-1,950.152,118
-1,953.500,118
-1,957.552,118
-1,960.684,118
-1,963.610,118
-1,966.575,118
-1,969.722,118
-1,972.836,118
-1,975.929,118
-1,978.941,118
-1,981.807,118
-1,984.683,118
-1,987.378,118
-1,991.314,118
-1,994.610,118
-1,997.570,118
-1,1000.464,118
-1,1003.727,118
-1,1007.727,118
-1,1010.744,118
-1,1013.715,118
-1,1016.784,118
-1,1020.115,118
-1,1023.218,118
-1,1026.720,118
-1,1029.695,118
-1,1032.754,118
-1,1036.103,118
-1,1038.985,118
-1,1042.293,118
-1,1046.407,118
-1,1050.600,118
-1,1053.874,118
-1,1057.062,118
-1,1060.839,118
-1,1063.873,118
-1,1066.883,118
-1,1069.993,118
-1,1073.241,118
-1,1076.688,118
-1,1079.704,118
-1,1082.630,118
-1,1085.682,118
-1,1089.065,118
-1,1092.257,118
-1,1095.059,118
-1,1098.060,118
-1,1100.966,118
-1,1103.951,118
-1,1108.297,118
-1,1111.341,118
-1,1114.454,118
-1,1117.633,118
-1,1120.583,118
-1,1124.900,118
-1,1128.082,118
-1,1130.995,118
-1,1134.072,118
-1,1137.315,118
-1,1140.537,118
-1,1144.076,118
-1,1147.163,118
-1,1150.294,118
-1,1153.380,118
-1,1156.549,118
-1,1159.875,118
-1,1162.742,118
-1,1165.773,118
-1,1168.748,118
-1,1171.410,118
-1,1175.970,118
-1,1178.647,118
-1,1181.756,118
-1,1184.753,118
-1,1187.763,118
-1,1190.928,118
-1,1193.992,118
-1,1196.867,118
-1,1199.939,118
-1,1203.167,118
-1,1206.191,118
-1,1209.781,118
-1,1213.788,118
-1,1216.832,118
-1,1219.863,118
-1,1223.042,118
-1,1226.568,118
-1,1229.547,118
-1,1232.540,118
-1,1235.181,118
-1,1238.279,118
-1,1242.984,118
-1,1246.006,118
-1,1249.006,118
-1,1251.979,118
-1,1254.952,118
-1,1259.626,118
-1,1262.579,118
-1,1265.534,118
-1,1268.108,118
-1,1271.094,118
-1,1274.172,118
-1,1277.620,118
-1,1280.511,118
-1,1283.511,118
-1,1286.464,118
-1,1289.534,118
-1,1293.064,118
-1,1296.178,118
-1,1299.186,118
-1,1302.165,118
-1,1305.479,118
-1,1309.918,118
-1,1313.100,118
-1,1316.181,118
-1,1319.211,118
-1,1322.282,118
-1,1325.909,118
-1,1329.080,118
-1,1332.029,118
-1,1334.998,118
-1,1338.111,118
-1,1342.710,118
-1,1345.841,118
-1,1348.827,118
-1,1351.773,118
-1,1354.390,118
-1,1358.804,118
-1,1361.866,118
-1,1364.754,118
-1,1367.765,118
-1,1370.734,118
-1,1375.207,118
-1,1378.133,118
-1,1381.057,118
-1,1383.901,118
-1,1386.881,118
-1,1390.034,118
-1,1393.236,118
-1,1396.098,118
-1,1398.483,118
-1,1401.554,118
-1,1404.514,118
-1,1408.893,118
-1,1412.358,118
-1,1415.364,118
-1,1418.346,118
-1,1421.249,118
-1,1425.510,118
-1,1428.591,118
-1,1431.555,118
-1,1434.470,118
-1,1437.647,118
-1,1440.848,118
-1,1444.133,118
-1,1447.095,118
-1,1450.204,118
-1,1453.096,118
-1,1456.138,118
-1,1459.426,118
-1,1462.369,118
-1,1465.265,118
-1,1468.293,118
-1,1471.261,118
-1,1475.824,118
-1,1478.773,118
-1,1481.653,118
-1,1484.553,118
-1,1487.545,118
-1,1492.124,118
-1,1495.305,118
-1,1498.242,118
-1,1501.087,118
-1,1504.351,118
-1,1508.625,118
-1,1511.625,118
-1,1515.501,118
-1,1518.516,118
-1,1521.672,118
-1,1524.871,118
-1,1527.863,118
-1,1530.845,118
-1,1533.756,118
-1,1536.808,118
-1,1540.069,118
-1,1543.416,118
-1,1546.298,118
-1,1549.254,118
-1,1552.151,118
-1,1555.194,118
-1,1558.607,118
-1,1561.889,118
-1,1564.793,118
-1,1567.671,118
-1,1570.233,118
-1,1573.898,118
-1,1576.999,118
-1,1579.850,118
-1,1582.931,118
-1,1585.966,118
-1,1589.047,118
-1,1592.582,118
-1,1595.397,118
-1,1598.360,118
-1,1601.266,118
-1,1604.790,118
-1,1608.094,118
-1,1611.096,118
-1,1614.330,118
-1,1617.301,118
-1,1620.299,118
-1,1624.553,118
-1,1627.697,118
-1,1631.213,118
-1,1634.149,118
-1,1637.092,118
-1,1641.857,118
-1,1644.830,118
-1,1647.588,118
-1,1651.008,118
-1,1654.066,118
-1,1657.091,118
-1,1660.585,118
-1,1663.566,118
-1,1666.564,118
-1,1669.222,118
-1,1672.467,118
-1,1675.735,118
-1,1678.766,118
-1,1681.842,118
-1,1684.830,118
-1,1687.934,118
-1,1692.363,118
-1,1695.893,118
-1,1698.948,118
-1,1701.969,118
-1,1705.046,118
-1,1708.754,118
-1,1711.811,118
-1,1714.674,118
-1,1717.583,118
-1,1720.567,118
-1,1724.206,118
-1,1727.192,118
-1,1730.164,118
-1,1733.454,118
-1,1736.434,118
-1,1739.713,118
-1,1743.019,118
-1,1745.861,118
-1,1748.807,118
-1,1751.699,118
-1,1754.729,118
-1,1758.216,118
-1,1761.160,118
-1,1764.201,118
-1,1767.173,118
-1,1770.312,118
-1,1775.123,118
-1,1778.490,118
-1,1781.415,118
-1,1784.325,118
-1,1787.522,118
-1,1791.484,118
-1,1794.556,118
-1,1797.723,118
-1,1800.634,118
-1,1803.886,118
-1,1807.846,118
-1,1810.825,118
-1,1813.731,118
-1,1817.585,118
-1,1820.861,118
-1,1824.121,118
-1,1827.092,118
-1,1830.114,118
-1,1833.210,118
-1,1836.245,118
-1,1839.611,118
-1,1842.860,118
-1,1845.744,118
-1,1848.697,118
-1,1851.673,118
-1,1854.358,118
-1,1859.073,118
-1,1862.172,118
-1,1865.186,118
-1,1868.220,118
-1,1871.441,118
-1,1875.611,118
-1,1878.684,118
-1,1881.637,118
-1,1884.625,118
-1,1887.749,118
-1,1892.327,118
-1,1895.278,118
-1,1898.309,118
-1,1901.250,118
-1,1904.312,118
-1,1907.679,118
-1,1911.079,118
-1,1914.453,118
-1,1917.526,118
-1,1920.635,118
-1,1923.789,118
-1,1927.049,118
-1,1930.421,118
-1,1933.754,118
-1,1936.824,118
-1,1939.886,118
-1,1943.075,118
-1,1946.501,118
-1,1949.296,118
-1,1952.180,118
-1,1954.829,118
-1,1958.892,118
-1,1962.092,118
-1,1965.044,118
-1,1967.907,118
-1,1970.870,118
-1,1973.993,118
-1,1977.254,118
-1,1980.215,118
-1,1983.246,118
-1,1986.393,118
-1,1989.534,118
-1,1992.827,118
-1,1995.642,118
-1,1998.582,118
-1,2001.495,118
-1,2004.760,118
-1,2008.459,118
-1,2011.572,118
-1,2014.443,118
-1,2017.548,118
-1,2020.724,118
-1,2024.152,118
-1,2027.396,118
-1,2030.339,118
-1,2033.297,118
-1,2036.390,118
-1,2039.461,118
-1,2042.628,118
-1,2046.088,118
-1,2049.116,118
-1,2052.163,118
-1,2055.142,118
-1,2058.018,118
-1,2061.564,118
-1,2064.791,118
-1,2067.725,118
-1,2070.861,118
-1,2073.873,118
-1,2077.386,118
-1,2080.325,119
-1,2083.478,119
-1,2086.594,119
-1,2089.897,119
-1,2093.237,119
-1,2096.335,119
-1,2099.298,119
-1,2102.205,119
-1,2105.311,119
-1,2108.613,119
-1,2111.597,119
-1,2114.765,119
-1,2118.351,119
-1,2121.384,119
-1,2124.471,119
-1,2127.640,119
-1,2130.575,119
-1,2133.520,119
-1,2136.538,119
-1,2139.555,119
-1,2143.778,119
-1,2146.615,119
-1,2149.639,119
-1,2152.593,119
-1,2155.589,119
-1,2158.642,119
-1,2162.362,119
-1,2165.263,119
-1,2168.207,119
-1,2171.232,119
-1,2174.167,119
-1,2177.496,119
-1,2180.478,119
-1,2183.625,119
-1,2186.830,119
-1,2190.088,119
-1,2193.413,119
-1,2196.296,119
-1,2199.298,119
-1,2202.214,119
-1,2205.226,119
-1,2208.261,119
-1,2211.453,119
-1,2214.344,119
-1,2217.485,119
-1,2220.467,119
-1,2223.577,119
-1,2226.859,119
-1,2230.263,119
-1,2233.450,119
-1,2236.375,119
-1,2239.311,119
-1,2242.338,119
-1,2245.515,120
-1,2248.571,120
-1,2251.732,120
-1,2254.704,120
-1,2257.702,120
-1,2260.797,120
-1,2264.219,120
-1,2267.362,120
-1,2270.616,120
-1,2273.794,120
-1,2278.585,120
-1,2281.487,120
-1,2284.403,120
-1,2287.622,120
-1,2290.983,120
-1,2294.061,120
-1,2296.978,120
-1,2299.989,120
-1,2302.798,120
-1,2306.333,120
-1,2309.438,120
-1,2312.514,120
-1,2315.586,120
-1,2318.446,120
-1,2321.976,120
-1,2325.646,120
-1,2328.553,120
-1,2331.446,120
-1,2334.325,120
-1,2337.767,120
-1,2340.997,120
-1,2344.000,120
-1,2346.892,120
-1,2349.818,120
-1,2352.845,120
-1,2355.933,120
-1,2359.090,120
-1,2362.137,120
-1,2365.205,120
-1,2368.250,120
-1,2371.314,120
-1,2375.091,120
-1,2378.096,120
-1,2381.026,120
-1,2383.956,120
-1,2387.007,120
-1,2390.220,120
-1,2392.735,120
-1,2395.687,120
-1,2399.214,120
-1,2402.264,120
-1,2405.270,120
-1,2408.524,120
-1,2411.880,120
-1,2414.719,120
-1,2417.695,120
-1,2421.865,120
-1,2425.499,120
-1,2428.578,120
-1,2431.492,120
-1,2434.412,120
-1,2437.210,120
-1,2441.260,120
-1,2444.370,120
-1,2447.498,120
-1,2450.456,120
-1,2454.199,120
-1,2457.580,120
-1,2460.642,120
-1,2463.600,120
-1,2466.701,120
-1,2469.658,120
-1,2472.956,120
-1,2476.097,120
-1,2478.483,120
-1,2481.502,120
-1,2484.409,120
-1,2487.385,120
-1,2490.634,120
-1,2493.968,120
-1,2496.891,120
-1,2500.042,120
-1,2503.221,120
-1,2506.485,120
-1,2510.108,120
-1,2513.873,120
-1,2516.839,120
-1,2519.934,120
-1,2522.958,120
-1,2526.348,120
-1,2529.412,120
-1,2532.262,120
-1,2535.386,120
-1,2538.866,120
-1,2542.393,120
-1,2545.436,120
-1,2548.331,120
-1,2551.470,120
-1,2554.475,120
-1,2557.441,120
-1,2560.380,120
-1,2563.544,120
-1,2566.807,120
-1,2569.851,120
-1,2573.488,120
-1,2576.586,120
-1,2580.484,120
0,2583.765,0
0,2586.854,0
0,2589.885,0
0,2593.547,0
0,2596.482,0
0,2599.466,0
0,2602.408,0
0,2605.166,0
0,2609.248,0
0,2612.162,0
0,2615.153,0
0,2618.060,0
0,2620.867,0
0,2624.009,0
0,2627.236,0
0,2630.195,0
0,2633.304,0
0,2636.350,0
0,2639.351,0
0,2642.899,0
0,2645.966,0
0,2648.887,0
0,2651.854,0
0,2655.345,0
0,2659.254,0
0,2662.240,0
0,2665.242,0
0,2668.299,0
0,2671.332,0
0,2674.650,0
0,2678.160,0
0,2681.093,0
0,2684.236,0
0,2686.885,0
0,2690.006,0
0,2693.732,0
0,2696.785,0
0,2699.742,0
0,2702.884,0
0,2705.977,0
0,2709.869,0
0,2712.791,0
0,2715.787,0
0,2718.796,0
0,2722.777,0
0,2725.743,0
0,2728.739,0
0,2732.413,0
0,2735.334,0
0,2738.307,0
0,2741.386,0
0,2744.930,0
0,2748.027,0
0,2751.051,0
0,2754.063,0
0,2757.340,0
0,2760.686,0
0,2763.675,0
0,2766.687,0
0,2769.775,0
0,2772.987,0
0,2776.577,0
0,2779.727,0
0,2782.583,0
0,2785.836,0
0,2789.105,0
0,2792.634,0
0,2795.853,0
0,2798.817,0
0,2801.819,0
0,2804.928,0
0,2808.558,0
0,2811.978,0
0,2815.072,0
0,2818.051,0
0,2821.082,0
0,2824.572,0
0,2827.676,0
0,2830.784,0
0,2833.753,0
0,2836.692,0
0,2839.829,0
0,2843.325,0
0,2846.198,0
0,2849.106,0
0,2852.064,0
0,2854.750,0
0,2859.136,0
0,2862.055,0
0,2865.352,0
0,2868.363,0
0,2871.365,0
0,2874.409,0
0,2877.728,0
0,2880.890,0
0,2883.949,0
0,2886.922,0
0,2889.948,0
0,2892.920,0
0,2897.311,0
0,2900.388,0
0,2903.773,0
0,2906.827,0
0,2911.246,0
0,2914.220,0
0,2917.294,0
0,2920.539,0
0,2923.912,0
0,2927.223,0
0,2930.226,0
0,2933.204,0
0,2936.225,0
0,2939.182,0
0,2942.579,0
0,2945.510,0
0,2948.537,0
0,2951.490,0
0,2954.478,0
0,2957.550,0
0,2961.108,0
0,2964.228,0
0,2967.126,0
0,2970.630,0
0,2973.996,0
0,2977.593,0
0,2980.917,0
0,2984.003,0
0,2986.461,0
0,2989.236,0
0,2992.908,0
0,2995.466,0
0,2998.057,0
0,3000.718,0
0,3003.411,0
0,3006.371,0
0,3009.960,0
0,3012.461,0
0,3015.081,0
0,3017.599,0
0,3020.774,0
0,3025.535,0
0,3028.572,0
0,3031.288,0
0,3033.875,0
0,3036.823,0
0,3039.586,0
0,3042.853,0
0,3045.361,0
0,3047.831,0
0,3050.248,0
0,3053.117,0
0,3055.769,0
0,3058.415,0
0,3061.030,0
0,3063.913,0
0,3066.546,0
0,3069.581,0
0,3072.936,0
0,3075.695,0
0,3078.318,0
0,3081.205,0
0,3084.841,0
0,3087.948,0
0,3090.587,0
0,3093.551,0
0,3097.188,0
0,3099.912,0
0,3102.832,0
0,3105.603,0
0,3108.836,0
0,3111.695,0
0,3114.267,0
0,3116.802,0
0,3119.518,0
0,3122.095,0
0,3125.387,0
0,3128.404,0
0,3130.937,0
0,3133.922,0
0,3136.438,0
0,3140.439,0
0,3142.998,0
0,3145.654,0
0,3148.308,0
0,3150.872,0
0,3153.799,0
0,3157.852,0
0,3160.806,0
0,3163.825,0
0,3166.438,0
0,3168.935,0
0,3172.102,0
0,3174.938,0
0,3178.094,0
0,3181.020,0
0,3183.784,0
0,3186.592,0
0,3190.158,0
0,3192.806,0
0,3195.334,0
0,3197.716,0
0,3200.363,0
0,3202.950,0
0,3206.033,0
0,3209.020,0
0,3211.614,0
0,3214.324,0
0,3216.870,0
0,3219.666,0
0,3222.424,0
0,3225.327,0
0,3227.848,0
0,3232.982,0
0,3235.582,0
0,3238.228,0
0,3241.393,0
0,3245.211,0
0,3247.725,2
0,3250.467,2
0,3253.931,2
0,3257.710,2
0,3260.371,2
0,3263.108,2
0,3265.813,2
0,3268.474,2
0,3271.220,2
0,3274.709,2
0,3277.488,2
0,3280.145,2
0,3282.956,2
0,3285.523,2
0,3288.195,2
0,3291.862,2
0,3294.538,2
0,3297.044,2
0,3299.838,2
0,3302.374,2
0,3305.467,2
0,3308.988,2
0,3311.664,2
0,3314.111,2
0,3316.631,2
0,3319.019,2
0,3322.087,2
0,3325.684,2
0,3328.405,2
0,3330.849,2
0,3333.428,2
0,3336.000,2
0,3338.695,2
0,3341.837,2
0,3344.487,2
0,3347.001,2
0,3349.482,2
0,3352.140,2
0,3354.752,2
0,3357.570,2
0,3360.398,2
0,3363.469,2
0,3366.122,2
0,3368.757,2
0,3371.329,2
0,3374.154,2
0,3377.039,2
0,3380.654,2
0,3383.266,2
0,3385.833,2
0,3388.203,2
0,3390.751,2
0,3393.451,2
0,3396.029,2
0,3398.676,2
0,3401.413,2
0,3404.109,2
0,3407.162,2
0,3409.801,2
0,3412.312,3
0,3414.915,3
0,3419.900,3
0,3422.707,3
0,3425.320,3
0,3428.320,3
0,3431.885,3
0,3434.756,3
0,3437.407,3
0,3439.886,3
0,3444.285,3
0,3447.183,3
0,3449.893,3
0,3452.640,3
0,3455.851,3
0,3458.948,3
0,3461.643,3
0,3464.210,3
0,3466.767,3
0,3469.303,3
0,3472.298,3
0,3475.645,3
0,3478.870,3
0,3481.527,3
0,3484.134,3
0,3487.548,3
0,3491.345,3
0,3493.981,3
0,3496.797,3
0,3499.240,3
0,3501.864,3
0,3504.565,3
0,3508.343,3
0,3510.995,3
0,3513.627,3
0,3516.132,3
0,3518.782,3
0,3521.267,3
0,3525.387,3
0,3528.118,3
0,3530.617,3
0,3533.246,3
0,3536.361,3
0,3539.151,3
0,3542.725,3
0,3545.568,3
0,3548.188,3
0,3550.891,3
0,3553.908,3
0,3556.552,3
0,3560.784,3
0,3563.388,3
0,3565.834,3
0,3568.936,3
0,3571.555,3
0,3575.300,3
0,3577.788,3
0,3580.069,4
0,3582.418,4
0,3584.998,4
0,3588.238,4
0,3591.859,4
0,3594.442,4
0,3596.967,4
0,3599.387,4
0,3601.994,4
0,3604.693,4
0,3608.404,4
0,3611.066,4
0,3613.678,4
0,3616.347,4
0,3618.974,4
0,3621.624,4
0,3625.070,4
0,3628.492,4
0,3631.013,4
0,3633.633,4
0,3636.374,4
0,3639.561,4
0,3642.778,4
0,3645.381,4
0,3647.987,4
0,3650.579,4
0,3653.297,4
0,3656.075,4
0,3659.407,4
0,3661.838,4
0,3664.485,4
0,3667.010,4
0,3669.371,4
0,3672.265,4
0,3675.560,4
0,3678.298,4
0,3680.897,4
0,3683.543,4
0,3686.660,4
0,3690.928,4
0,3693.686,4
0,3696.613,4
0,3699.287,4
0,3701.965,4
0,3705.588,4
0,3708.448,4
0,3710.976,4
0,3713.340,4
0,3715.830,4
0,3719.027,4
0,3721.650,4
0,3724.236,4
0,3726.874,4
0,3729.220,4
0,3731.885,4
0,3734.494,4
0,3737.401,4
0,3740.817,4
0,3743.411,4
0,3745.679,5
0,3748.346,5
0,3752.316,5
0,3755.041,5
0,3757.692,5
0,3760.374,5
0,3764.654,5
0,3767.230,5
0,3769.994,5
0,3772.641,5
0,3775.335,5
0,3779.209,5
0,3781.709,5
0,3784.295,5
0,3787.097,5
0,3791.581,5
0,3794.271,5
0,3796.977,5
0,3799.694,5
0,3802.237,5
0,3804.885,5
0,3808.648,5
0,3811.255,5
0,3813.805,5
0,3816.372,5
0,3819.023,5
0,3821.515,5
0,3825.423,5
0,3827.988,5
0,3830.441,5
0,3833.202,5
0,3835.846,5
0,3838.617,5
0,3842.147,5
0,3844.896,5
0,3847.480,5
0,3850.064,5
0,3852.658,5
0,3855.565,5
0,3858.881,5
0,3861.660,5
0,3864.239,5
0,3866.778,5
0,3869.317,5
0,3872.589,5
0,3875.828,5
0,3878.130,5
0,3881.153,5
0,3883.665,5
0,3886.246,5
0,3888.815,5
0,3891.410,5
0,3893.927,5
0,3896.637,5
0,3900.418,5
0,3903.342,5
0,3906.048,5
0,3908.499,5
0,3912.456,5
0,3914.753,6
0,3917.365,6
0,3919.931,6
0,3922.616,6
0,3926.139,6
0,3929.412,6
0,3932.042,6
0,3934.611,6
0,3937.213,6
0,3941.700,6
0,3944.376,6
0,3946.961,6
0,3949.552,6
0,3952.146,6
0,3954.662,6
0,3958.456,6
0,3961.127,6
0,3963.600,6
0,3966.130,6
0,3968.812,6
0,3971.416,6
0,3975.134,6
0,3978.218,6
0,3980.758,6
0,3983.275,6
0,3985.927,6
0,3988.547,6
0,3992.329,6
0,3995.038,6
0,3997.607,6
0,4000.341,6
0,4003.419,6
0,4006.181,6
0,4009.465,6
0,4011.985,6
0,4014.411,6
0,4017.002,6
0,4020.004,6
0,4022.580,6
0,4026.281,6
0,4028.769,6
0,4031.314,6
0,4033.851,6
0,4036.684,6
0,4039.325,6
0,4042.938,6
0,4045.443,6
0,4048.005,6
0,4050.675,6
0,4053.384,6
0,4056.038,6
0,4059.146,6
0,4062.607,6
0,4065.135,6
0,4067.501,6
0,4070.207,6
0,4073.362,6
0,4076.481,6
0,4078.946,7
0,4081.355,7
0,4084.047,7
0,4086.692,7
0,4089.147,7
0,4092.986,7
0,4095.550,7
0,4098.201,7
0,4100.780,7
0,4103.670,7
0,4106.380,7
0,4109.616,7
0,4112.027,7
0,4114.553,7
0,4117.053,7
0,4119.555,7
0,4122.425,7
0,4125.608,7
0,4128.324,7
0,4131.275,7
0,4133.760,7
0,4136.553,7
0,4139.183,7
0,4142.825,7
0,4145.347,7
0,4147.870,7
0,4150.462,7
0,4153.493,7
0,4156.054,7
0,4159.694,7
0,4162.165,7
0,4164.750,7
0,4167.308,7
0,4169.760,7
0,4172.532,7
0,4176.137,7
0,4178.628,7
0,4181.036,7
0,4183.568,7
0,4186.401,7
0,4189.330,7
0,4193.060,7
0,4195.512,7
0,4197.998,7
0,4200.527,7
0,4203.337,7
0,4206.236,7
0,4209.740,7
0,4212.059,7
0,4214.594,7
0,4217.124,7
0,4219.817,7
0,4222.456,7
0,4225.181,7
0,4228.979,7
0,4232.335,7
0,4234.937,7
0,4237.644,7
0,4241.365,7
0,4244.039,7
0,4246.799,8
0,4249.610,8
0,4252.188,8
0,4254.814,8
0,4258.643,8
0,4261.241,8
0,4263.588,8
0,4266.214,8
0,4268.797,8
0,4271.291,8
0,4273.984,8
0,4277.518,8
0,4280.318,8
0,4282.948,8
0,4285.379,8
0,4287.920,8
0,4290.435,8
0,4294.183,8
0,4296.809,8
0,4299.248,8
0,4301.683,8
0,4304.869,8
0,4307.615,8
0,4311.025,8
0,4313.459,8
0,4316.142,8
0,4318.578,8
0,4321.299,8
0,4323.887,8
0,4327.315,8
0,4329.989,8
0,4332.579,8
0,4335.199,8
0,4337.834,8
0,4340.449,8
0,4344.073,8
0,4346.571,8
0,4348.936,8
0,4351.528,8
0,4354.126,8
0,4356.932,8
0,4360.331,8
0,4362.909,8
0,4365.545,8
0,4368.590,8
0,4371.258,8
0,4374.030,8
0,4377.423,8
0,4379.968,8
0,4382.597,8
0,4385.310,8
0,4387.894,8
0,4390.365,8
0,4392.938,8
0,4396.119,8
0,4399.906,8
0,4402.573,8
0,4405.217,8
0,4409.719,8
0,4412.254,9
0,4414.842,9
0,4417.474,9
0,4420.150,9
0,4424.388,9
0,4426.930,9
0,4429.270,9
0,4431.874,9
0,4434.532,9
0,4437.155,9
0,4441.370,9
0,4443.941,9
0,4446.483,9
0,4448.887,9
0,4451.464,9
0,4454.553,9
0,4458.213,9
0,4461.229,9
0,4464.202,9
0,4466.729,9
0,4469.393,9
0,4472.050,9
0,4475.859,9
0,4478.549,9
0,4481.112,9
0,4483.741,9
0,4486.379,9
0,4488.975,9
0,4492.896,9
0,4495.494,9
0,4498.220,9
0,4501.048,9
0,4503.972,9
0,4506.530,9
0,4510.277,9
0,4513.046,9
0,4515.706,9
0,4518.291,9
0,4521.022,9
0,4524.541,9
0,4527.226,9
0,4529.592,9
0,4532.070,9
0,4535.567,9
0,4539.259,9
0,4542.248,9
0,4545.044,9
0,4547.529,9
0,4551.035,9
0,4554.010,9
0,4557.114,9
0,4561.775,9
0,4564.237,9
0,4566.929,9
0,4569.517,9
0,4572.187,9
0,4575.751,9
0,4578.311,10
0,4580.855,10
0,4583.300,10
0,4586.203,10
0,4589.056,10
0,4592.407,10
0,4595.134,10
0,4597.637,10
0,4600.157,10
0,4602.812,10
0,4605.502,10
0,4609.111,10
0,4612.117,10
0,4614.720,10
0,4617.288,10
0,4619.991,10
0,4622.895,10
0,4626.565,10
0,4629.125,10
0,4631.760,10
0,4634.285,10
0,4637.041,10
0,4639.952,10
0,4643.376,10
0,4645.677,10
0,4648.172,10
0,4650.694,10
0,4653.301,10
0,4656.011,10
0,4659.598,10
0,4662.434,10
0,4665.006,10
0,4667.604,10
0,4670.683,10
0,4673.345,10
0,4676.927,10
0,4679.385,10
0,4681.983,10
0,4684.693,10
0,4687.111,10
0,4691.450,10
0,4694.155,10
0,4696.803,10
0,4699.391,10
0,4702.458,10
0,4705.159,10
0,4708.755,10
0,4711.469,10
0,4713.997,10
0,4716.617,10
0,4719.263,10
0,4721.809,10
0,4724.371,10
0,4726.924,10
0,4729.354,10
0,4731.894,10
0,4734.490,10
0,4738.277,10
0,4741.102,10
0,4743.690,10
0,4746.422,11
0,4750.726,11
0,4753.553,11
0,4756.084,11
0,4758.648,11
0,4763.334,11
0,4765.867,11
0,4768.567,11
0,4771.149,11
0,4775.452,11
0,4778.206,11
0,4780.768,11
0,4783.703,11
0,4787.121,11
0,4789.986,11
0,4793.548,11
0,4796.063,11
0,4798.809,11
0,4801.492,11
0,4804.073,11
0,4806.655,11
0,4811.127,11
0,4813.868,11
0,4816.448,11
0,4819.045,11
0,4821.638,11
0,4825.798,11
0,4828.337,11
0,4830.881,11
0,4833.424,11
0,4837.167,11
0,4841.752,11
0,4844.455,11
0,4846.914,11
0,4849.293,11
0,4851.973,11
0,4854.653,11
0,4858.508,11
0,4861.242,11
0,4863.843,11
0,4866.739,11
0,4869.797,11
0,4872.615,11
0,4876.336,11
0,4878.955,11
0,4881.601,11
0,4884.272,11
0,4887.030,11
0,4889.756,11
0,4892.249,11
0,4896.169,11
0,4899.216,11
0,4901.772,11
0,4904.447,11
0,4907.571,11
0,4911.389,11
0,4914.418,12
0,4917.106,12
0,4919.909,12
0,4922.715,12
0,4926.585,12
0,4929.291,12
0,4931.849,12
0,4934.441,12
0,4937.182,12
0,4939.817,12
0,4943.433,12
0,4945.994,12
0,4948.451,12
0,4950.971,12
0,4953.801,12
0,4956.596,12
0,4960.108,12
0,4962.585,12
0,4965.372,12
0,4967.919,12
0,4970.728,12
0,4973.468,12
0,4976.991,12
0,4979.558,12
0,4982.272,12
0,4985.023,12
0,4987.732,12
0,4990.789,12
0,4993.849,12
0,4996.681,12
0,4999.349,12
0,5001.803,12
0,5004.596,12
0,5008.579,12
0,5011.214,12
0,5013.696,12
0,5016.722,12
0,5019.397,12
0,5022.069,12
0,5025.972,12
0,5028.538,12
0,5031.063,12
0,5033.707,12
0,5036.373,12
0,5039.380,12
0,5043.228,12
0,5045.758,12
0,5048.399,12
0,5050.942,12
0,5053.680,12
0,5056.451,12
0,5058.840,12
0,5061.495,12
0,5065.615,12
0,5068.255,12
0,5071.376,12
0,5073.960,12
0,5078.455,12
0,5081.009,13
0,5083.556,13
0,5086.169,13
0,5089.075,13
0,5092.877,13
0,5095.489,13
0,5098.125,13
0,5100.678,13
0,5103.806,13
0,5106.469,13
0,5110.371,13
0,5112.872,13
0,5115.558,13
0,5118.242,13
0,5120.850,13
0,5123.656,13
0,5127.031,13
0,5129.815,13
0,5132.577,13
0,5135.246,13
0,5139.010,13
0,5142.601,13
0,5145.200,13
0,5147.776,13
0,5150.357,13
0,5153.213,13
0,5155.932,13
0,5159.645,13
0,5162.351,13
0,5164.940,13
0,5167.412,13
0,5170.050,13
0,5172.599,13
0,5176.697,13
0,5179.264,13
0,5181.912,13
0,5185.147,13
0,5187.779,13
0,5192.486,13
0,5195.538,13
0,5198.270,13
0,5200.890,13
0,5203.513,13
0,5206.518,13
0,5210.237,13
0,5212.668,13
0,5215.412,13
0,5217.934,13
0,5221.158,13
0,5223.797,13
0,5226.482,13
0,5230.743,13
0,5233.244,13
0,5235.947,13
0,5238.702,13
0,5241.886,13
0,5245.057,13
0,5247.560,14
0,5250.206,14
0,5252.961,14
0,5255.631,14
0,5259.364,14
0,5261.981,14
0,5264.568,14
0,5267.286,14
0,5269.785,14
0,5272.461,14
0,5276.599,14
0,5279.198,14
0,5282.072,14
0,5284.705,14
0,5287.339,14
0,5291.708,14
0,5294.339,14
0,5296.929,14
0,5299.623,14
0,5302.361,14
0,5305.146,14
0,5309.276,14
0,5311.995,14
0,5314.695,14
0,5317.278,14
0,5319.814,14
0,5322.380,14
0,5326.284,14
0,5328.866,14
0,5331.429,14
0,5333.940,14
0,5336.573,14
0,5339.701,14
0,5343.305,14
0,5345.593,14
0,5348.119,14
0,5350.690,14
0,5353.763,14
0,5356.673,14
0,5360.170,14
0,5363.157,14
0,5366.219,14
0,5368.891,14
0,5371.621,14
0,5375.458,14
0,5378.231,14
0,5380.775,14
0,5383.411,14
0,5386.058,14
0,5388.695,14
0,5391.629,14
0,5394.590,14
0,5397.051,14
0,5401.130,14
0,5404.530,14
0,5407.168,14
0,5409.894,14
0,5412.669,15
0,5416.346,15
0,5418.875,15
0,5421.482,15
0,5423.969,15
0,5426.631,15
0,5431.178,15
0,5434.087,15
0,5436.773,15
0,5440.346,15
0,5444.609,15
0,5447.268,15
0,5449.959,15
0,5452.539,15
0,5455.466,15
0,5459.989,15
0,5462.577,15
0,5465.196,15
0,5467.771,15
0,5470.400,15
0,5473.012,15
0,5477.148,15
0,5479.512,15
0,5482.154,15
0,5484.949,15
0,5487.441,15
0,5490.107,15
0,5493.727,15
0,5496.414,15
0,5499.038,15
0,5501.674,15
0,5505.559,15
0,5510.060,15
0,5513.255,15
0,5515.814,15
0,5518.831,15
0,5521.457,15
0,5524.093,15
0,5527.792,15
0,5530.552,15
0,5533.194,15
0,5535.814,15
0,5538.449,15
0,5541.345,15
0,5544.896,15
0,5547.863,15
0,5550.562,15
0,5553.154,15
0,5556.124,15
0,5558.753,15
0,5561.398,15
0,5564.669,15
0,5568.058,15
0,5571.020,15
0,5573.592,15
0,5576.514,15
0,5579.092,16
0,5582.739,16
0,5585.517,16
0,5588.104,16
0,5590.644,16
0,5593.172,16
0,5596.604,16
0,5599.111,16
0,5601.627,16
0,5604.315,16
0,5606.891,16
0,5610.523,16
0,5613.516,16
0,5616.252,16
0,5618.888,16
0,5621.506,16
0,5625.904,16
0,5628.383,16
0,5631.337,16
0,5633.863,16
0,5636.705,16
0,5640.594,16
0,5643.177,16
0,5645.626,16
0,5648.251,16
0,5650.860,16
0,5653.553,16
0,5656.258,16
0,5659.530,16
0,5662.025,16
0,5664.521,16
0,5667.041,16
0,5669.793,16
0,5672.260,16
0,5676.076,16
0,5678.633,16
0,5681.250,16
0,5683.797,16
0,5686.465,16
0,5689.133,16
0,5692.802,16
0,5695.301,16
0,5697.897,16
0,5700.465,16
0,5703.125,16
0,5705.569,16
0,5709.124,16
0,5712.026,16
0,5714.399,16
0,5716.919,16
0,5719.709,16
0,5722.374,16
0,5724.915,16
0,5728.153,16
0,5730.899,16
0,5733.355,16
0,5735.943,16
0,5738.674,16
0,5742.286,16
0,5745.023,17
0,5747.656,17
0,5750.199,17
0,5752.713,17
0,5755.330,17
0,5759.385,17
0,5761.875,17
0,5764.619,17
0,5767.239,17
0,5770.054,17
0,5772.652,17
0,5776.743,17
0,5779.262,17
0,5781.684,17
0,5784.832,17
0,5787.483,17
0,5790.192,17
0,5793.842,17
0,5796.453,17
0,5798.926,17
0,5801.470,17
0,5804.283,17
0,5807.308,17
0,5810.842,17
0,5813.392,17
0,5815.974,17
0,5818.575,17
0,5821.171,17
0,5823.778,17
0,5827.476,17
0,5830.060,17
0,5832.712,17
0,5835.405,17
0,5837.998,17
0,5841.542,17
0,5844.323,17
0,5846.833,17
0,5849.864,17
0,5852.326,17
0,5854.988,17
0,5857.723,17
0,5861.010,17
0,5863.559,17
0,5866.382,17
0,5869.038,17
0,5871.668,17
0,5874.379,17
0,5877.690,17
0,5880.849,17
0,5883.484,17
0,5886.566,17
0,5889.268,17
0,5891.803,17
0,5894.378,17
0,5896.695,17
0,5899.142,17
0,5902.234,17
0,5905.119,17
0,5907.998,17
0,5910.696,17
0,5913.313,18
0,5915.931,18
0,5918.374,18
0,5921.136,18
0,5923.745,18
0,5926.517,18
0,5929.287,18
0,5931.732,18
0,5934.313,18
0,5936.968,18
0,5939.896,18
0,5942.650,18
0,5945.251,18
0,5948.670,18
0,5951.185,18
0,5953.740,18
0,5956.361,18
0,5958.774,18
0,5961.489,18
0,5964.657,18
0,5967.744,18
0,5970.428,18
0,5972.988,18
0,5975.474,18
0,5978.060,18
0,5980.847,18
0,5983.713,18
0,5987.407,18
0,5990.579,18
0,5993.235,18
0,5996.015,18
0,5998.780,18
0,6001.608,18
0,6004.728,18
0,6008.349,18
0,6011.162,18
0,6013.573,18
0,6016.193,18
0,6018.820,18
0,6021.521,18
0,6024.828,18
0,6027.884,18
0,6030.440,18
0,6033.041,18
0,6035.814,18
0,6038.479,18
0,6041.180,18
0,6045.538,18
0,6048.070,18
0,6050.666,18
0,6053.803,18
0,6056.264,18
0,6058.960,18
0,6061.615,18
0,6065.736,18
0,6068.460,18
0,6071.031,18
0,6073.528,18
0,6076.273,18
0,6080.131,18
0,6082.764,19
0,6085.440,19
0,6088.089,19
0,6090.776,19
0,6093.485,19
0,6096.627,19
0,6099.912,19
0,6103.133,19
0,6106.343,19
0,6109.474,19
0,6112.433,19
0,6117.169,19
0,6120.438,19
0,6123.732,19
0,6126.895,19
0,6129.794,19
0,6134.667,19
0,6138.140,19
0,6141.140,19
0,6143.743,19
0,6146.826,19
0,6150.542,19
0,6153.603,19
0,6156.672,19
0,6159.738,19
0,6162.785,19
0,6166.071,19
0,6169.118,19
0,6172.007,19
0,6174.909,19
0,6179.302,19
0,6182.098,19
0,6185.030,19
0,6187.909,19
0,6191.012,19
0,6194.644,19
0,6197.621,19
0,6200.546,19
0,6203.813,19
0,6206.827,19
0,6210.479,19
0,6213.474,19
0,6216.517,19
0,6219.460,19
0,6222.408,19
0,6225.337,19
0,6228.059,19
0,6232.351,19
0,6235.369,19
0,6238.298,19
0,6243.181,19
0,6246.083,20
0,6249.069,20
0,6251.985,20
0,6254.955,20
0,6258.468,20
0,6261.541,20
0,6264.465,20
0,6267.600,20
0,6270.570,20
0,6275.325,20
0,6278.440,20
0,6281.418,20
0,6284.336,20
0,6287.364,20
0,6291.565,20
0,6294.666,20
0,6297.577,20
0,6300.427,20
0,6303.161,20
0,6306.188,20
0,6309.809,20
0,6312.653,20
0,6315.610,20
0,6318.653,20
0,6321.279,20
0,6325.696,20
0,6328.629,20
0,6331.498,20
0,6334.399,20
0,6337.417,20
0,6341.843,20
0,6344.797,20
0,6348.569,20
0,6351.582,20
0,6354.584,20
0,6359.129,20
0,6362.056,20
0,6364.979,20
0,6367.854,20
0,6371.573,20
0,6375.195,20
0,6377.812,20
0,6380.812,20
0,6383.725,20
0,6386.613,20
0,6389.564,20
0,6392.539,20
0,6396.412,20
0,6399.301,20
0,6402.251,20
0,6405.289,20
0,6408.812,20
0,6411.815,20
0,6414.704,21
0,6417.589,21
0,6422.096,21
0,6425.719,21
0,6428.595,21
0,6431.523,21
0,6434.468,21
0,6437.445,21
0,6441.568,21
0,6444.582,21
0,6447.560,21
0,6450.385,21
0,6453.199,21
0,6456.497,21
0,6459.637,21
0,6462.696,21
0,6465.563,21
0,6468.418,21
0,6470.823,21
0,6473.340,21
0,6476.198,21
0,6479.131,21
0,6481.633,21
0,6484.188,21
0,6486.772,21
0,6489.349,21
0,6491.889,21
0,6494.468,21
0,6497.122,21
0,6500.027,21
0,6503.030,21
0,6506.692,21
0,6511.003,21
0,6514.340,21
0,6517.315,21
0,6520.460,21
0,6524.791,21
0,6527.837,21
0,6530.925,21
0,6533.950,21
0,6537.800,21
0,6540.977,21
0,6544.071,21
0,6547.208,21
0,6551.007,21
0,6554.316,21
0,6557.275,21
0,6560.247,21
0,6563.225,21
0,6566.179,21
0,6569.280,21
0,6573.032,21
0,6576.064,21
0,6578.914,21
0,6581.978,21
0,6585.542,21
0,6588.629,21
0,6591.586,21
0,6594.260,21
0,6597.449,22
0,6601.155,22
0,6604.440,22
0,6607.396,22
0,6610.352,22
0,6613.443,22
0,6617.019,22
0,6620.204,22
0,6623.217,22
0,6626.218,22
0,6628.704,22
0,6633.120,22
0,6636.242,22
0,6639.316,22
0,6642.195,22
0,6645.194,22
0,6649.747,22
0,6653.689,22
0,6656.737,22
0,6659.710,22
0,6662.766,22
0,6666.477,22
0,6669.540,22
0,6672.525,22
0,6675.430,22
0,6678.089,22
0,6680.839,22
0,6684.552,22
0,6687.784,22
0,6690.811,22
0,6693.739,22
0,6696.752,22
0,6700.717,22
0,6704.956,22
0,6707.858,22
0,6710.902,22
0,6713.824,22
0,6717.561,22
0,6720.636,22
0,6723.569,22
0,6726.167,22
0,6729.100,22
0,6732.129,22
0,6735.750,22
0,6738.842,22
0,6741.892,22
0,6744.843,22
0,6747.713,22
0,6751.553,22
0,6754.776,22
0,6757.735,22
0,6760.633,22
0,6763.558,23
0,6767.173,23
0,6770.353,23
0,6773.438,23
0,6776.397,23
0,6779.320,23
0,6783.169,23
0,6786.337,23
0,6789.406,23
0,6792.449,23
0,6795.941,23
0,6800.390,23
0,6803.796,23
0,6806.723,23
0,6809.606,23
0,6812.477,23
0,6815.551,23
0,6819.245,23
0,6822.362,23
0,6825.279,23
0,6828.244,23
0,6831.228,23
0,6834.753,23
0,6837.755,23
0,6840.689,23
0,6843.634,23
0,6846.696,23
0,6850.356,23
0,6853.621,23
0,6856.575,23
0,6859.484,23
0,6862.333,23
0,6866.550,23
0,6869.485,23
0,6872.181,23
0,6875.149,23
0,6878.168,23
0,6881.007,23
0,6884.921,23
0,6887.941,23
0,6890.922,23
0,6893.823,23
0,6896.820,23
0,6901.628,23
0,6904.671,23
0,6907.570,23
0,6910.438,23
0,6913.407,23
0,6917.190,23
0,6920.463,23
0,6923.627,23
0,6926.519,23
0,6929.375,24
0,6933.159,24
0,6936.255,24
0,6939.313,24
0,6942.261,24
0,6945.371,24
0,6949.897,24
0,6953.006,24
0,6956.889,24
0,6959.993,24
0,6962.913,24
0,6967.047,24
0,6970.519,24
0,6973.637,24
0,6976.685,24
0,6979.538,24
0,6983.017,24
0,6986.123,24
0,6989.081,24
0,6992.048,24
0,6995.256,24
0,6998.142,24
0,7001.528,24
0,7004.637,24
0,7007.635,24
0,7010.535,24
0,7013.420,24
0,7017.079,24
0,7020.409,24
0,7023.367,24
0,7026.258,24
0,7029.185,24
0,7033.231,24
0,7036.599,24
0,7039.695,24
0,7042.645,24
0,7045.466,24
0,7049.756,24
0,7052.793,24
0,7055.817,24
0,7059.106,24
0,7062.371,24
0,7066.454,24
0,7069.114,24
0,7071.975,24
0,7074.889,24
0,7077.739,24
0,7080.255,24
0,7084.300,24
0,7087.356,24
0,7090.307,24
0,7093.293,24
0,7096.130,25
0,7099.922,25
0,7102.990,25
0,7105.997,25
0,7108.937,25
0,7112.151,25
0,7116.614,25
0,7119.788,25
0,7122.851,25
0,7125.815,25
0,7129.082,25
0,7133.411,25
0,7136.440,25
0,7139.472,25
0,7142.478,25
0,7145.578,25
0,7150.328,25
0,7153.455,25
0,7156.442,25
0,7159.393,25
0,7162.220,25
0,7166.292,25
0,7169.405,25
0,7172.357,25
0,7175.347,25
0,7178.291,25
0,7181.144,25
0,7184.730,25
0,7187.758,25
0,7190.718,25
0,7193.661,25
0,7196.391,25
0,7200.384,25
0,7203.713,25
0,7206.770,25
0,7209.755,25
0,7212.642,25
0,7216.501,25
0,7219.422,25
0,7222.422,25
0,7225.610,25
0,7228.342,25
0,7232.850,25
0,7236.128,25
0,7239.067,25
0,7241.929,25
0,7244.841,25
0,7247.794,25
0,7251.624,25
0,7254.788,25
0,7258.532,25
0,7261.465,25
0,7264.387,26
0,7268.053,26
0,7271.047,26
0,7274.032,26
0,7276.912,26
0,7279.830,26
0,7282.914,26
0,7286.172,26
0,7289.325,26
0,7292.287,26
0,7295.521,26
0,7299.812,26
0,7302.880,26
0,7305.808,26
0,7308.735,26
0,7311.720,26
0,7314.522,26
0,7318.099,26
0,7321.080,26
0,7324.025,26
0,7326.938,26
0,7329.907,26
0,7333.551,26
0,7336.549,26
0,7339.536,26
0,7342.470,26
0,7345.625,26
0,7349.004,26
0,7352.032,26
0,7354.976,26
0,7357.910,26
0,7360.809,26
0,7363.677,26
0,7367.903,26
0,7371.082,26
0,7374.049,26
0,7376.948,26
0,7379.990,26
0,7383.690,26
0,7386.739,26
0,7389.676,26
0,7392.583,26
0,7395.512,26
0,7398.577,26
0,7402.048,26
0,7405.113,26
0,7408.252,26
0,7411.293,26
0,7414.178,26
0,7418.662,26
0,7421.691,26
0,7424.699,26
0,7427.618,26
0,7430.662,27
0,7434.054,27
0,7437.031,27
0,7440.036,27
0,7443.061,27
0,7445.899,27
0,7450.514,27
0,7453.518,27
0,7456.539,27
0,7459.488,27
0,7462.301,27
0,7467.040,27
0,7470.076,27
0,7473.121,27
0,7476.026,27
0,7478.845,27
0,7481.878,27
0,7485.258,27
0,7488.283,27
0,7491.280,27
0,7494.220,27
0,7496.798,27
0,7501.034,27
0,7504.188,27
0,7507.069,27
0,7510.048,27
0,7512.996,27
0,7516.615,27
0,7519.721,27
0,7522.651,27
0,7525.633,27
0,7528.693,27
0,7531.833,27
0,7535.056,27
0,7538.144,27
0,7541.074,27
0,7543.986,27
0,7546.902,27
0,7551.263,27
0,7554.320,27
0,7557.191,27
0,7561.385,27
0,7565.611,27
0,7569.075,27
0,7572.055,27
0,7575.043,27
0,7577.948,27
0,7580.786,27
0,7585.143,27
0,7588.211,27
0,7591.101,27
0,7595.405,27
0,7598.399,29
0,7601.859,29
0,7604.978,29
0,7607.999,29
0,7610.999,29
0,7614.064,29
0,7617.822,29
0,7620.855,29
0,7623.810,29
0,7626.747,29
0,7629.791,29
0,7633.682,29
0,7637.227,29
0,7640.606,29
0,7643.477,29
0,7646.486,29
0,7650.724,29
0,7653.786,29
0,7656.724,29
0,7659.598,29
0,7662.478,29
0,7666.537,29
0,7669.588,29
0,7672.510,29
0,7675.580,29
0,7678.721,29
0,7681.693,29
0,7684.738,29
0,7687.855,29
0,7690.967,29
0,7693.887,29
0,7696.363,29
0,7700.381,29
0,7703.604,29
0,7706.700,29
0,7709.680,29
0,7712.669,29
0,7716.734,29
0,7720.152,29
0,7723.299,29
0,7726.325,29
0,7729.602,29
0,7733.895,29
0,7736.890,29
0,7739.961,29
0,7743.006,29
0,7746.006,29
0,7749.945,29
0,7753.034,29
0,7756.044,29
0,7759.033,29
0,7762.244,30
0,7766.440,30
0,7769.270,30
0,7772.293,30
0,7775.334,30
0,7778.579,30
0,7783.391,30
0,7786.617,30
0,7789.738,30
0,7792.682,30
0,7795.702,30
0,7800.405,30
0,7803.722,30
0,7806.863,30
0,7809.891,30
0,7812.899,30
0,7816.506,30
0,7819.824,30
0,7822.812,30
0,7825.806,30
0,7828.873,30
0,7833.647,30
0,7837.016,30
0,7840.001,30
0,7842.950,30
0,7845.941,30
0,7848.973,30
0,7852.422,30
0,7855.529,30
0,7858.468,30
0,7862.398,30
0,7866.951,30
0,7870.240,30
0,7873.548,30
0,7876.537,30
0,7879.570,30
0,7883.577,30
0,7886.864,30
0,7889.844,30
0,7892.931,30
0,7895.910,30
0,7898.249,30
0,7902.372,30
0,7905.571,30
0,7908.794,30
0,7911.658,30
0,7914.413,30
0,7918.460,30
0,7921.811,30
0,7924.838,30
0,7928.279,30
0,7931.218,31
0,7935.390,31
0,7938.213,31
0,7940.889,31
0,7943.744,31
0,7946.380,31
0,7951.003,31
0,7953.819,31
0,7956.567,31
0,7959.240,31
0,7961.989,31
0,7964.900,31
0,7968.390,31
0,7971.607,31
0,7974.589,31
0,7977.012,31
0,7979.482,31
0,7983.772,31
0,7986.507,31
0,7989.174,31
0,7991.751,31
0,7994.637,31
0,7997.526,31
0,8001.364,31
0,8004.131,31
0,8006.749,31
0,8009.414,31
0,8012.141,31
0,8016.326,31
0,8019.092,31
0,8021.811,31
0,8024.386,31
0,8027.134,31
0,8029.747,31
0,8034.204,31
0,8036.907,31
0,8039.718,31
0,8042.478,31
0,8045.444,31
0,8048.297,31
0,8051.983,31
0,8054.672,31
0,8057.218,31
0,8059.739,31
0,8062.814,31
0,8065.394,31
0,8068.079,31
0,8071.118,31
0,8074.378,31
0,8078.046,31
0,8080.623,31
0,8083.289,31
0,8086.140,31
0,8090.328,31
0,8093.123,31
0,8095.860,31
0,8098.474,32
0,8101.499,32
0,8104.954,32
0,8107.855,32
0,8110.361,32
0,8112.916,32
0,8117.132,32
0,8119.967,32
0,8122.589,32
0,8125.115,32
0,8127.711,32
0,8130.712,32
0,8134.426,32
0,8137.449,32
0,8140.146,32
0,8142.747,32
0,8145.311,32
0,8149.371,32
0,8152.135,32
0,8155.256,32
0,8157.909,32
0,8160.517,32
0,8164.523,32
0,8168.041,32
0,8170.758,32
0,8173.435,32
0,8176.101,32
0,8178.731,32
0,8183.259,32
0,8185.950,32
0,8189.239,32
0,8191.878,32
0,8194.371,32
0,8196.934,32
0,8201.382,32
0,8204.292,32
0,8206.962,32
0,8209.573,32
0,8212.145,32
0,8216.117,32
0,8218.906,32
0,8221.541,32
0,8224.791,32
0,8227.532,32
0,8230.308,32
0,8233.877,32
0,8236.765,32
0,8239.369,32
0,8242.535,32
0,8245.047,32
0,8249.473,32
0,8252.198,32
0,8254.839,32
0,8257.621,32
0,8260.191,32
0,8262.766,33
0,8266.653,33
0,8269.817,33
0,8272.453,33
0,8275.112,33
0,8277.728,33
0,8280.326,33
0,8284.581,33
0,8288.123,33
0,8290.980,33
0,8293.605,33
0,8296.129,33
0,8298.920,33
0,8302.231,33
0,8304.978,33
0,8307.807,33
0,8310.363,33
0,8312.991,33
0,8317.177,33
0,8319.916,33
0,8322.639,33
0,8325.231,33
0,8327.813,33
0,8330.618,33
0,8334.617,33
0,8338.141,33
0,8340.615,33
0,8343.218,33
0,8345.795,33
0,8350.542,33
0,8353.406,33
0,8356.095,33
0,8358.711,33
0,8361.444,33
0,8364.130,33
0,8367.527,33
0,8370.253,33
0,8373.055,33
0,8375.708,33
0,8378.487,33
0,8382.797,33
0,8385.618,33
0,8388.285,33
0,8391.132,33
0,8394.291,33
0,8396.993,33
0,8400.759,33
0,8403.710,33
0,8406.402,33
0,8409.106,33
0,8411.987,33
0,8416.219,33
0,8419.183,33
0,8421.806,33
0,8424.418,33
0,8426.962,33
0,8429.589,34
0,8433.618,34
0,8436.462,34
0,8439.092,34
0,8441.891,34
0,8444.595,34
0,8447.182,34
0,8451.052,34
0,8454.185,34
0,8456.667,34
0,8459.355,34
0,8461.985,34
0,8466.528,34
0,8469.364,34
0,8471.935,34
0,8474.807,34
0,8477.585,34
0,8480.560,34
0,8484.094,34
0,8487.049,34
0,8489.596,34
0,8492.326,34
0,8495.302,34
0,8499.872,34
0,8502.689,34
0,8505.406,34
0,8508.042,34
0,8510.707,34
0,8513.354,34
0,8517.751,34
0,8521.744,34
0,8524.441,34
0,8527.085,34
0,8529.895,34
0,8533.810,34
0,8536.578,34
0,8539.381,34
0,8542.233,34
0,8545.301,34
0,8549.890,34
0,8552.607,34
0,8555.331,34
0,8557.999,34
0,8560.759,34
0,8563.403,34
0,8567.812,34
0,8570.745,34
0,8573.495,34
0,8576.241,34
0,8578.866,34
0,8582.772,34
0,8585.683,34
0,8588.265,34
0,8591.026,34
0,8594.100,34
0,8596.822,35
0,8600.960,35
0,8604.078,35
0,8606.857,35
0,8609.539,35
0,8612.137,35
0,8615.202,35
0,8618.544,35
0,8621.318,35
0,8623.937,35
0,8626.678,35
0,8629.238,35
0,8633.445,35
0,8636.209,35
0,8638.919,35
0,8641.566,35
0,8644.222,35
0,8646.905,35
0,8650.410,35
0,8653.127,35
0,8655.834,35
0,8658.632,35
0,8661.331,35
0,8664.070,35
0,8666.795,35
0,8671.080,35
0,8673.643,35
0,8676.303,35
0,8678.810,35
0,8681.578,35
0,8684.998,35
0,8687.713,35
0,8690.306,35
0,8692.943,35
0,8695.479,35
0,8698.692,35
0,8701.521,35
0,8704.207,35
0,8706.960,35
0,8709.601,35
0,8712.278,35
0,8716.053,35
0,8718.697,35
0,8721.294,35
0,8724.124,35
0,8726.762,35
0,8729.632,35
0,8732.906,35
0,8735.481,35
0,8738.078,35
0,8740.636,35
0,8743.195,35
0,8745.747,35
0,8749.656,35
0,8752.359,35
0,8755.020,35
0,8757.666,35
0,8760.237,35
0,8762.772,36
0,8766.328,36
0,8769.746,36
0,8772.268,36
0,8774.783,36
0,8777.354,36
0,8779.950,36
0,8783.938,36
0,8786.569,36
0,8789.126,36
0,8791.685,36
0,8794.340,36
0,8797.193,36
0,8800.139,36
0,8802.704,36
0,8805.320,36
0,8807.957,36
0,8810.558,36
0,8813.305,36
0,8816.599,36
0,8819.378,36
0,8822.413,36
0,8825.014,36
0,8827.553,36
0,8830.145,36
0,8833.900,36
0,8836.452,36
0,8838.829,36
0,8841.471,36
0,8844.058,36
0,8846.711,36
0,8850.381,36
0,8853.023,36
0,8855.590,36
0,8858.154,36
0,8860.836,36
0,8864.155,36
0,8866.958,36
0,8869.698,36
0,8872.471,36
0,8875.032,36
0,8877.623,36
0,8880.138,36
0,8884.932,36
0,8887.752,36
0,8890.301,36
0,8892.931,36
0,8895.494,36
0,8899.823,36
0,8902.505,36
0,8905.182,36
0,8907.830,36
0,8910.316,36
0,8913.022,36
0,8916.558,36
0,8918.952,36
0,8921.573,36
0,8924.082,36
0,8926.570,36
0,8929.014,37
0,8933.119,37
0,8935.696,37
0,8938.303,37
0,8941.016,37
0,8943.371,37
0,8945.731,37
0,8948.506,37
0,8951.663,37
0,8954.168,37
0,8956.730,37
0,8959.229,37
0,8961.611,37
0,8964.350,37
0,8967.644,37
0,8970.298,37
0,8972.780,37
0,8975.337,37
0,8978.037,37
0,8981.158,37
0,8984.308,37
0,8987.051,37
0,8989.634,37
0,8992.271,37
0,8995.093,37
0,8997.862,37
0,9001.068,37
0,9003.728,37
0,9006.310,37
0,9008.963,37
0,9011.784,37
0,9014.573,37
0,9017.843,37
0,9020.484,37
0,9023.097,37
0,9025.594,37
0,9028.989,37
0,9033.656,37
0,9036.454,37
0,9038.932,37
0,9041.553,37
0,9044.119,37
0,9046.988,37
0,9051.212,37
0,9053.935,37
0,9056.502,37
0,9059.061,37
0,9062.067,37
0,9065.043,37
0,9069.251,37
0,9072.602,37
0,9075.088,37
0,9077.652,37
0,9080.042,37
0,9084.820,37
0,9087.464,37
0,9090.053,37
0,9092.769,37
0,9095.253,38
0,9097.854,38
0,9101.728,38
0,9104.789,38
0,9107.599,38
0,9110.210,38
0,9112.779,38
0,9116.523,38
0,9118.983,38
0,9121.622,38
0,9124.525,38
0,9127.040,38
0,9129.462,38
0,9133.576,38
0,9136.413,38
0,9139.072,38
0,9141.644,38
0,9144.222,38
0,9147.056,38
0,9150.614,38
0,9153.657,38
0,9156.200,38
0,9158.817,38
0,9161.827,38
0,9165.915,38
0,9168.633,38
0,9171.193,38
0,9173.695,38
0,9176.743,38
0,9179.269,38
0,9182.858,38
0,9185.543,38
0,9188.140,38
0,9190.746,38
0,9193.202,38
0,9195.855,38
0,9199.804,38
0,9202.406,38
0,9205.047,38
0,9207.902,38
0,9210.441,38
0,9213.178,38
0,9217.024,38
0,9219.906,38
0,9222.572,38
0,9225.212,38
0,9227.714,38
0,9230.201,38
0,9232.723,38
0,9236.146,38
0,9238.848,38
0,9241.468,38
0,9244.001,38
0,9246.549,38
0,9250.482,38
0,9253.277,38
0,9255.924,38
0,9258.887,38
0,9261.569,38
0,9264.117,39
0,9267.687,39
0,9270.727,39
0,9273.157,39
0,9275.854,39
0,9278.265,39
0,9281.406,39
0,9284.539,39
0,9287.256,39
0,9289.673,39
0,9292.340,39
0,9295.058,39
0,9297.748,39
0,9300.946,39
0,9303.578,39
0,9306.197,39
0,9308.744,39
0,9311.391,39
0,9314.037,39
0,9317.561,39
0,9320.317,39
0,9323.603,39
0,9326.441,39
0,9328.939,39
0,9332.561,39
0,9335.723,39
0,9338.389,39
0,9340.910,39
0,9343.471,39
0,9345.899,39
0,9349.753,39
0,9352.367,39
0,9354.980,39
0,9357.752,39
0,9360.135,39
0,9363.184,39
0,9366.803,39
0,9369.763,39
0,9372.429,39
0,9375.778,39
0,9378.333,39
0,9382.455,39
0,9385.017,39
0,9387.639,39
0,9389.985,39
0,9392.697,39
0,9395.248,39
0,9397.926,39
0,9401.175,39
0,9403.817,39
0,9406.391,39
0,9409.028,39
0,9411.999,39
0,9416.365,39
0,9419.091,39
0,9421.557,39
0,9424.072,39
0,9426.770,39
0,9429.655,40
0,9432.994,40
0,9435.589,40
0,9438.283,40
0,9440.898,40
0,9443.264,40
0,9445.850,40
0,9449.917,40
0,9452.715,40
0,9455.310,40
0,9458.009,40
0,9460.518,40
0,9463.125,40
0,9467.027,40
0,9469.745,40
0,9472.350,40
0,9474.903,40
0,9477.367,40
0,9479.921,40
0,9483.884,40
0,9486.486,40
0,9489.155,40
0,9491.655,40
0,9494.252,40
0,9496.839,40
0,9500.645,40
0,9503.258,40
0,9505.855,40
0,9508.380,40
0,9510.900,40
0,9513.612,40
0,9517.300,40
0,9519.824,40
0,9522.425,40
0,9524.963,40
0,9527.448,40
0,9530.842,40
0,9533.961,40
0,9537.413,40
0,9539.870,40
0,9542.276,40
0,9544.872,40
0,9547.499,40
0,9550.991,40
0,9553.634,40
0,9557.564,40
0,9560.307,40
0,9562.796,40
0,9567.160,40
0,9569.720,40
0,9572.130,40
0,9574.706,40
0,9577.364,40
0,9580.072,40
0,9583.999,40
0,9586.921,40
0,9589.590,40
0,9592.227,40
0,9594.689,40
0,9599.003,41
0,9601.656,41
0,9604.066,41
0,9606.570,41
0,9609.129,41
0,9611.684,41
0,9614.358,41
0,9617.749,41
0,9620.443,41
0,9623.025,41
0,9625.604,41
0,9628.352,41
0,9631.047,41
0,9634.373,41
0,9637.594,41
0,9640.950,41
0,9643.562,41
0,9646.129,41
0,9650.916,41
0,9653.541,41
0,9656.150,41
0,9658.675,41
0,9661.372,41
0,9663.964,41
0,9668.200,41
0,9671.229,41
0,9673.780,41
0,9677.072,41
0,9679.657,41
0,9682.413,41
0,9685.643,41
0,9688.372,41
0,9691.112,41
0,9693.655,41
0,9696.318,41
0,9700.224,41
0,9702.826,41
0,9705.434,41
0,9708.004,41
0,9710.585,41
0,9713.066,41
0,9717.280,41
0,9720.020,41
0,9722.655,41
0,9725.110,41
0,9727.677,41
0,9730.383,41
0,9735.137,41
0,9737.768,41
0,9740.803,41
0,9743.313,41
0,9746.188,41
0,9749.311,41
0,9752.315,41
0,9754.879,41
0,9758.016,41
0,9760.546,41
0,9763.082,42
0,9765.850,42
0,9769.022,42
0,9771.846,42
0,9774.672,42
0,9777.075,42
0,9779.664,42
0,9782.424,42
0,9785.614,42
0,9788.273,42
0,9790.950,42
0,9793.467,42
0,9795.930,42
0,9798.638,42
0,9801.423,42
0,9804.248,42
0,9806.932,42
0,9809.702,42
0,9812.179,42
0,9814.784,42
0,9818.881,42
0,9821.579,42
0,9824.314,42
0,9826.953,42
0,9829.671,42
0,9833.666,42
0,9836.380,42
0,9839.068,42
0,9841.656,42
0,9844.618,42
0,9847.645,42
0,9851.759,42
0,9855.395,42
0,9863.829,42
0,9867.858,42
0,9871.055,42
0,9875.096,42
0,9878.504,42
0,9881.417,42
0,9884.284,42
0,9887.117,42
0,9889.861,42
0,9892.683,42
0,9895.724,42
0,9898.520,42
0,9901.236,42
0,9904.156,42
0,9907.397,42
0,9910.341,42
0,9913.181,42
0,9916.226,42
0,9919.011,42
0,9921.778,42
0,9925.218,42
0,9928.698,42
0,9932.646,43
0,9935.676,43
0,9938.958,43
0,9941.902,43
0,9946.080,43
0,9949.328,43
0,9952.112,43
0,9955.151,43
0,9959.787,43
0,9962.568,43
0,9965.391,43
0,9968.286,43
0,9971.265,43
0,9974.173,43
0,9977.097,43
0,9981.524,43
0,9984.157,43
0,9986.992,43
0,9989.877,43
0,9992.886,43
0,9997.283,43
0,10000.584,43
0,10003.865,43
0,10006.996,43
0,10011.358,43
0,10014.489,43
0,10017.539,43
0,10020.282,43
0,10023.484,43
0,10026.786,43
0,10030.213,43
0,10033.378,43
0,10036.549,43
0,10039.729,43
0,10043.121,43
0,10046.910,43
0,10050.021,43
0,10053.183,43
0,10056.106,43
0,10059.126,43
0,10062.169,43
0,10065.342,43
0,10069.784,43
0,10073.739,43
0,10076.899,43
0,10079.451,44
0,10083.332,44
0,10088.137,44
0,10090.940,44
0,10093.525,44
0,10096.461,44
0,10099.168,44
0,10102.863,44
0,10105.671,44
0,10108.294,44
0,10110.877,44
0,10113.919,44
0,10117.668,44
0,10120.795,44
0,10123.805,44
0,10126.435,44
0,10128.998,44
0,10132.545,44
0,10135.700,44
0,10138.344,44
0,10141.462,44
0,10145.530,44
0,10148.160,44
0,10150.814,44
0,10153.448,44
0,10156.463,44
0,10160.312,44
0,10162.849,44
0,10165.500,44
0,10168.224,44
0,10170.939,44
0,10173.963,44
0,10177.314,44
0,10179.989,44
0,10182.706,44
0,10185.425,44
0,10188.151,44
0,10191.900,44
0,10195.091,44
0,10197.663,44
0,10200.669,44
0,10203.319,44
0,10206.051,44
0,10210.502,44
0,10213.605,44
0,10216.778,44
0,10219.480,44
0,10222.225,44
0,10224.934,44
0,10227.753,44
0,10231.858,44
0,10234.701,44
0,10237.770,44
0,10240.470,44
0,10243.314,44
0,10247.010,44
0,10249.554,45
0,10252.377,45
0,10255.142,45
0,10257.857,45
0,10260.890,45
0,10263.797,45
0,10266.885,45
0,10269.664,45
0,10272.465,45
0,10275.209,45
0,10278.859,45
0,10282.136,45
0,10284.871,45
0,10287.752,45
0,10290.322,45
0,10294.821,45
0,10297.826,45
0,10300.437,45
0,10303.008,45
0,10305.698,45
0,10308.496,45
0,10312.088,45
0,10314.882,45
0,10317.359,45
0,10319.992,45
0,10322.699,45
0,10326.673,45
0,10329.215,45
0,10331.872,45
0,10334.953,45
0,10338.284,45
0,10343.052,45
0,10345.614,45
0,10348.345,45
0,10351.032,45
0,10353.741,45
0,10356.680,45
0,10360.134,45
0,10362.717,45
0,10365.283,45
0,10367.883,45
0,10370.717,45
0,10373.430,45
0,10377.194,45
0,10379.706,45
0,10382.393,45
0,10385.059,45
0,10387.732,45
0,10390.443,45
0,10393.122,45
0,10397.229,45
0,10399.936,45
0,10402.826,45
0,10405.516,45
0,10409.165,45
0,10411.752,46
0,10414.292,46
0,10416.899,46
0,10419.332,46
0,10422.084,46
0,10425.993,46
0,10428.532,46
0,10431.173,46
0,10433.735,46
0,10436.784,46
0,10439.520,46
0,10443.342,46
0,10445.894,46
0,10448.537,46
0,10451.181,46
0,10454.187,46
0,10458.382,46
0,10461.144,46
0,10463.699,46
0,10466.406,46
0,10469.091,46
0,10471.835,46
0,10475.582,46
0,10478.492,46
0,10481.303,46
0,10483.817,46
0,10486.479,46
0,10489.263,46
0,10493.340,46
0,10495.982,46
0,10498.551,46
0,10501.342,46
0,10504.067,46
0,10508.460,46
0,10511.184,46
0,10515.083,46
0,10517.727,46
0,10520.439,46
0,10525.014,46
0,10527.785,46
0,10530.334,46
0,10532.944,46
0,10535.614,46
0,10538.879,46
0,10542.217,46
0,10545.259,46
0,10548.317,46
0,10550.973,46
0,10553.766,46
0,10556.349,46
0,10558.912,46
0,10561.820,46
0,10564.416,46
0,10568.674,46
0,10571.187,46
0,10573.765,46
0,10576.394,46
0,10580.784,47
0,10584.285,47
0,10586.930,47
0,10589.576,47
0,10593.476,47
0,10595.948,47
0,10598.536,47
0,10601.318,47
0,10603.887,47
0,10606.740,47
0,10610.051,47
0,10612.635,47
0,10615.333,47
0,10617.950,47
0,10620.603,47
0,10624.653,47
0,10627.545,47
0,10630.037,47
0,10632.618,47
0,10635.231,47
0,10637.839,47
0,10641.713,47
0,10644.228,47
0,10647.101,47
0,10649.857,47
0,10653.141,47
0,10657.524,47
0,10660.146,47
0,10662.804,47
0,10665.443,47
0,10667.988,47
0,10670.576,47
0,10674.197,47
0,10676.803,47
0,10679.264,47
0,10681.832,47
0,10684.394,47
0,10686.970,47
0,10691.785,47
0,10694.351,47
0,10696.708,47
0,10699.187,47
0,10702.400,47
0,10705.001,47
0,10709.834,47
0,10712.384,47
0,10715.021,47
0,10717.638,47
0,10720.310,47
0,10723.114,47
0,10727.276,47
0,10729.911,47
0,10732.572,47
0,10735.195,47
0,10737.846,47
0,10741.595,47
0,10744.259,47
0,10746.797,48
0,10749.381,48
0,10752.038,48
0,10754.812,48
0,10758.567,48
0,10761.265,48
0,10763.599,48
0,10766.113,48
0,10768.587,48
0,10771.211,48
0,10774.362,48
0,10777.868,48
0,10780.609,48
0,10783.225,48
0,10785.638,48
0,10788.175,48
0,10791.004,48
0,10795.150,48
0,10797.572,48
0,10800.412,48
0,10803.301,48
0,10805.930,48
0,10810.100,48
0,10812.624,48
0,10815.228,48
0,10817.772,48
0,10820.660,48
0,10823.688,48
0,10827.007,48
0,10829.659,48
0,10832.344,48
0,10834.976,48
0,10837.604,48
0,10840.245,48
0,10843.966,48
0,10846.626,48
0,10849.253,48
0,10851.839,48
0,10854.382,48
0,10856.970,48
0,10860.532,48
0,10863.176,48
0,10865.820,48
0,10868.270,48
0,10871.094,48
0,10874.900,48
0,10877.643,48
0,10880.626,48
0,10883.471,48
0,10887.453,48
0,10890.069,48
0,10892.733,48
0,10895.436,48
0,10898.260,48
0,10901.666,48
0,10904.374,48
0,10906.808,48
0,10909.570,48
0,10913.835,48
0,10916.216,49
0,10918.926,49
0,10922.008,49
0,10925.313,49
0,10928.014,49
0,10930.566,49
0,10933.198,49
0,10935.913,49
0,10939.372,49
0,10942.306,49
0,10944.966,49
0,10947.505,49
0,10950.067,49
0,10952.647,49
0,10955.599,49
0,10958.917,49
0,10961.779,49
0,10964.292,49
0,10966.875,49
0,10969.436,49
0,10971.944,49
0,10975.566,49
0,10978.330,49
0,10980.879,49
0,10983.702,49
0,10986.548,49
0,10989.666,49
0,10992.773,49
0,10995.085,49
0,10997.492,49
0,11000.084,49
0,11002.611,49
0,11005.085,49
0,11008.785,49
0,11011.413,49
0,11013.894,49
0,11016.550,49
0,11019.177,49
0,11021.689,49
0,11025.394,49
0,11027.965,49
0,11030.577,49
0,11033.185,49
0,11035.761,49
0,11038.364,49
0,11041.939,49
0,11044.810,49
0,11047.590,49
0,11050.100,49
0,11052.788,49
0,11055.180,49
0,11057.754,49
0,11060.271,49
0,11063.691,49
0,11066.271,49
0,11068.891,49
0,11071.365,49
0,11075.088,49
0,11077.781,49
0,11080.325,50
0,11083.435,50
0,11086.035,50
0,11089.000,50
0,11092.430,50
0,11094.969,50
0,11097.437,50
0,11099.849,50
0,11102.424,50
0,11105.757,50
0,11108.780,50
0,11111.511,50
0,11114.000,50
0,11116.587,50
0,11119.164,50
0,11121.798,50
0,11124.459,50
0,11127.799,50
0,11130.299,50
0,11132.942,50
0,11135.618,50
0,11138.122,50
0,11141.891,50
0,11144.410,50
0,11146.883,50
0,11149.577,50
0,11152.172,50
0,11154.775,50
0,11157.294,50
0,11161.170,50
0,11163.686,50
0,11166.528,50
0,11169.158,50
0,11171.925,50
0,11176.013,50
0,11178.520,50
0,11181.078,50
0,11183.636,50
0,11186.083,50
0,11189.295,50
0,11193.215,50
0,11196.259,50
0,11198.877,50
0,11201.521,50
0,11204.132,50
0,11207.949,50
0,11210.520,50
0,11213.161,50
0,11215.945,50
0,11218.508,50
0,11221.463,50
0,11224.384,50
0,11227.122,50
0,11230.181,50
0,11232.807,50
0,11235.254,50
0,11237.893,50
0,11241.605,50
0,11244.105,50
0,11246.988,51
0,11250.025,51
0,11252.895,51
0,11255.523,51
0,11258.578,51
0,11261.597,51
0,11264.108,51
0,11266.714,51
0,11269.301,51
0,11271.895,51
0,11275.981,51
0,11278.447,51
0,11281.165,51
0,11283.703,51
0,11286.222,51
0,11289.230,51
0,11292.377,51
0,11294.980,51
0,11297.582,51
0,11300.139,51
0,11302.699,51
0,11305.178,51
0,11309.103,51
0,11311.614,51
0,11314.059,51
0,11316.603,51
0,11319.001,51
0,11321.635,51
0,11325.487,51
0,11328.286,51
0,11330.812,51
0,11333.300,51
0,11335.797,51
0,11338.324,51
0,11341.252,51
0,11344.663,51
0,11347.136,51
0,11349.700,51
0,11352.278,51
0,11354.991,51
0,11359.141,51
0,11361.688,51
0,11364.247,51
0,11366.768,51
0,11369.253,51
0,11371.940,51
0,11375.941,51
0,11378.562,51
0,11381.133,51
0,11383.536,51
0,11386.098,51
0,11388.504,51
0,11391.137,51
0,11393.903,51
0,11397.721,51
0,11400.242,51
0,11403.398,51
0,11405.878,51
0,11409.870,51
0,11412.384,52
0,11414.944,52
0,11417.573,52
0,11420.197,52
0,11422.828,52
0,11426.374,52
0,11428.901,52
0,11431.546,52
0,11434.085,52
0,11436.971,52
0,11439.856,52
0,11443.262,52
0,11445.730,52
0,11448.291,52
0,11450.853,52
0,11453.404,52
0,11456.148,52
0,11459.933,52
0,11462.428,52
0,11464.916,52
0,11467.645,52
0,11470.470,52
0,11473.099,52
0,11476.856,52
0,11479.341,52
0,11481.891,52
0,11484.324,52
0,11486.834,52
0,11490.810,52
0,11494.011,52
0,11496.648,52
0,11499.190,52
0,11501.775,52
0,11504.302,52
0,11506.702,52
0,11510.433,52
0,11512.961,52
0,11515.625,52
0,11518.224,52
0,11521.036,52
0,11524.150,52
0,11527.301,52
0,11529.849,52
0,11532.441,52
0,11534.981,52
0,11537.579,52
0,11540.393,52
0,11544.155,52
0,11546.551,52
0,11549.273,52
0,11551.825,52
0,11554.787,52
0,11557.600,52
0,11561.951,52
0,11565.112,52
0,11568.230,52
0,11570.754,52
0,11573.572,52
0,11576.918,52
0,11579.526,53
0,11582.281,53
0,11584.771,53
0,11587.376,53
0,11589.831,53
0,11593.662,53
0,11596.131,53
0,11598.704,53
0,11601.226,53
0,11603.808,53
0,11606.522,53
0,11609.792,53
0,11612.290,53
0,11614.946,53
0,11617.510,53
0,11620.133,53
0,11624.613,53
0,11627.198,53
0,11629.518,53
0,11632.173,53
0,11634.748,53
0,11637.627,53
0,11641.048,53
0,11643.591,53
0,11646.155,53
0,11648.788,53
0,11651.419,53
0,11654.504,53
0,11657.700,53
0,11660.223,53
0,11663.330,53
0,11665.910,53
0,11668.442,53
0,11670.992,53
0,11673.687,53
0,11677.042,53
0,11679.667,53
0,11682.379,53
0,11684.999,53
0,11687.667,53
0,11690.202,53
0,11693.963,53
0,11696.567,53
0,11699.244,53
0,11701.824,53
0,11704.317,53
0,11707.406,53
0,11710.364,53
0,11712.999,53
0,11715.720,53
0,11718.096,53
0,11720.993,53
0,11723.776,53
0,11726.502,53
0,11730.276,53
0,11733.031,53
0,11735.639,53
0,11738.212,53
0,11741.996,53
0,11744.580,53
0,11747.117,55
0,11749.937,55
0,11752.526,55
0,11755.735,55
0,11758.850,55
0,11761.624,55
0,11764.172,55
0,11766.772,55
0,11769.358,55
0,11772.183,55
0,11776.206,55
0,11779.149,55
0,11781.840,55
0,11784.772,55
0,11787.695,55
0,11792.643,55
0,11795.996,55
0,11798.699,55
0,11801.252,55
0,11804.494,55
0,11807.010,55
0,11811.057,55
0,11813.593,55
0,11816.203,55
0,11818.872,55
0,11821.475,55
0,11824.226,55
0,11827.287,55
0,11829.949,55
0,11832.637,55
0,11835.247,55
0,11837.823,55
0,11840.611,55
0,11844.159,55
0,11846.978,55
0,11849.475,55
0,11851.914,55
0,11854.564,55
0,11858.171,55
0,11860.826,55
0,11863.305,55
0,11865.805,55
0,11868.492,55
0,11872.030,55
0,11875.188,55
0,11877.710,55
0,11880.107,55
0,11883.397,55
0,11885.991,55
0,11888.654,55
0,11893.064,55
0,11895.922,55
0,11898.466,55
0,11901.097,55
0,11903.608,55
0,11907.421,55
0,11909.998,55
0,11912.308,56
0,11914.793,56
0,11917.306,56
0,11920.568,56
0,11924.877,56
0,11927.590,56
0,11929.969,56
0,11932.503,56
0,11935.122,56
0,11937.744,56
0,11941.400,56
0,11943.884,56
0,11946.676,56
0,11949.336,56
0,11952.035,56
0,11955.119,56
0,11958.352,56
0,11961.058,56
0,11963.666,56
0,11966.334,56
0,11968.763,56
0,11971.186,56
0,11975.062,56
0,11977.622,56
0,11980.114,56
0,11982.615,56
0,11985.300,56
0,11988.435,56
0,11991.744,56
0,11994.418,56
0,11997.323,56
0,11999.879,56
0,12002.559,56
0,12005.831,56
0,12009.224,56
0,12011.784,56
0,12014.306,56
0,12016.882,56
0,12019.702,56
0,12022.445,56
0,12025.902,56
0,12028.643,56
0,12031.244,56
0,12033.860,56
0,12036.629,56
0,12039.597,56
0,12042.966,56
0,12045.551,56
0,12048.069,56
0,12050.491,56
0,12053.062,56
0,12055.691,56
0,12058.264,56
0,12060.946,56
0,12063.468,56
0,12066.076,56
0,12070.736,56
0,12073.387,56
0,12076.013,56
0,12078.694,56
0,12081.286,57
0,12085.490,57
0,12088.593,57
0,12092.121,57
0,12095.111,57
0,12099.547,57
0,12102.087,57
0,12104.788,57
0,12107.362,57
0,12109.991,57
0,12112.835,57
0,12115.596,57
0,12118.220,57
0,12120.925,57
0,12123.478,57
0,12126.151,57
0,12130.786,57
0,12133.481,57
0,12136.198,57
0,12138.865,57
0,12142.899,57
0,12145.437,57
0,12148.031,57
0,12150.992,57
0,12153.577,57
0,12156.321,57
0,12160.054,57
0,12162.429,57
0,12165.113,57
0,12167.724,57
0,12170.438,57
0,12173.129,57
0,12176.509,57
0,12179.417,57
0,12182.020,57
0,12184.594,57
0,12187.242,57
0,12191.524,57
0,12194.006,57
0,12196.828,57
0,12199.656,57
0,12202.336,57
0,12205.005,57
0,12208.878,57
0,12211.697,57
0,12214.216,57
0,12216.678,57
0,12219.132,57
0,12221.654,57
0,12224.465,57
0,12228.168,57
0,12230.675,57
0,12233.243,57
0,12236.006,57
0,12238.684,57
0,12242.471,57
0,12245.076,58
0,12247.624,58
0,12250.110,58
0,12252.690,58
0,12255.297,58
0,12259.019,58
0,12261.725,58
0,12264.245,58
0,12266.765,58
0,12269.495,58
0,12272.138,58
0,12275.828,58
0,12278.434,58
0,12281.269,58
0,12283.771,58
0,12286.382,58
0,12289.420,58
0,12293.314,58
0,12295.910,58
0,12298.466,58
0,12300.992,58
0,12303.601,58
0,12306.026,58
0,12309.931,58
0,12312.403,58
0,12314.915,58
0,12317.463,58
0,12319.902,58
0,12322.563,58
0,12326.601,58
0,12329.082,58
0,12331.611,58
0,12334.157,58
0,12336.796,58
0,12339.659,58
0,12343.154,58
0,12345.582,58
0,12348.156,58
0,12350.814,58
0,12353.482,58
0,12356.113,58
0,12359.577,58
0,12362.024,58
0,12364.568,58
0,12367.070,58
0,12369.934,58
0,12372.664,58
0,12376.262,58
0,12379.221,58
0,12381.674,58
0,12384.663,58
0,12387.183,58
0,12389.684,58
0,12393.088,58
0,12396.800,58
0,12399.768,58
0,12402.392,58
0,12405.018,58
0,12407.726,58
0,12411.479,58
0,12413.986,59
0,12416.554,59
0,12419.133,59
0,12421.691,59
0,12424.334,59
0,12428.692,59
0,12431.117,59
0,12433.817,59
0,12436.353,59
0,12438.974,59
0,12441.622,59
0,12445.167,59
0,12447.655,59
0,12450.312,59
0,12453.066,59
0,12455.716,59
0,12458.571,59
0,12461.766,59
0,12464.657,59
0,12467.180,59
0,12469.709,59
0,12472.272,59
0,12475.081,59
0,12478.611,59
0,12481.122,59
0,12483.981,59
0,12486.707,59
0,12489.487,59
0,12492.226,59
0,12495.968,59
0,12498.500,59
0,12501.524,59
0,12503.952,59
0,12506.608,59
0,12510.950,59
0,12513.533,59
0,12516.080,59
0,12519.125,59
0,12521.677,59
0,12524.539,59
0,12528.174,59
0,12531.049,59
0,12533.644,59
0,12536.304,59
0,12538.956,59
0,12541.639,59
0,12545.233,59
0,12548.112,59
0,12550.650,59
0,12553.346,59
0,12555.979,59
0,12558.528,59
0,12561.120,59
0,12563.713,59
0,12567.917,59
0,12570.668,59
0,12573.291,59
0,12576.000,59
0,12578.963,59
0,12583.302,59
0,12585.874,60
0,12588.516,60
0,12591.148,60
0,12593.961,60
0,12597.689,60
0,12600.380,60
0,12603.030,60
0,12605.680,60
0,12608.365,60
0,12611.802,60
0,12614.318,60
0,12616.944,60
0,12619.686,60
0,12622.884,60
0,12627.009,60
0,12629.455,60
0,12632.089,60
0,12634.741,60
0,12637.494,60
0,12640.182,60
0,12643.946,60
0,12646.743,60
0,12649.833,60
0,12652.646,60
0,12655.170,60
0,12659.543,60
0,12661.930,60
0,12664.300,60
0,12666.809,60
0,12669.561,60
0,12672.674,60
0,12676.303,60
0,12678.829,60
0,12681.505,60
0,12684.080,60
0,12686.902,60
0,12689.385,60
0,12692.218,60
0,12696.042,60
0,12698.600,60
0,12701.207,60
0,12703.792,60
0,12706.418,60
0,12710.535,60
0,12713.099,60
0,12715.757,60
0,12718.311,60
0,12721.398,60
0,12724.113,60
0,12726.727,60
0,12730.539,60
0,12733.150,60
0,12736.239,60
0,12738.800,60
0,12742.626,60
0,12745.093,61
0,12747.642,61
0,12750.147,61
0,12753.231,61
0,12755.884,61
0,12759.921,61
0,12762.488,61
0,12765.165,61
0,12767.746,61
0,12770.403,61
0,12773.074,61
0,12776.662,61
0,12779.197,61
0,12781.796,61
0,12784.438,61
0,12787.040,61
0,12789.651,61
0,12793.403,61
0,12795.916,61
0,12798.517,61
0,12801.094,61
0,12803.861,61
0,12806.915,61
0,12810.166,61
0,12812.735,61
0,12815.376,61
0,12817.940,61
0,12820.568,61
0,12823.102,61
0,12826.820,61
0,12829.166,61
0,12831.710,61
0,12834.778,61
0,12837.177,61
0,12839.733,61
0,12843.491,61
0,12845.943,61
0,12848.528,61
0,12851.076,61
0,12853.663,61
0,12856.483,61
0,12860.040,61
0,12862.947,61
0,12865.653,61
0,12868.231,61
0,12871.073,61
0,12875.478,61
0,12878.373,61
0,12881.085,61
0,12884.109,61
0,12888.009,61
0,12890.578,61
0,12893.208,61
0,12895.583,61
0,12898.587,61
0,12901.900,61
0,12904.875,61
0,12907.368,61
0,12909.882,61
0,12912.376,62
0,12915.170,62
0,12918.587,62
0,12921.225,62
0,12923.719,62
0,12926.267,62
0,12928.836,62
0,12932.608,62
0,12935.333,62
0,12937.875,62
0,12940.468,62
0,12943.312,62
0,12947.052,62
0,12949.591,62
0,12952.196,62
0,12954.848,62
0,12958.591,62
0,12961.078,62
0,12963.641,62
0,12966.337,62
0,12968.889,62
0,12971.953,62
0,12975.884,62
0,12978.797,62
0,12981.418,62
0,12984.437,62
0,12987.128,62
0,12989.762,62
0,12992.596,62
0,12996.067,62
0,12999.277,62
0,13001.942,62
0,13004.360,62
0,13008.228,62
0,13010.930,62
0,13013.414,62
0,13015.978,62
0,13019.060,62
0,13021.729,62
0,13024.973,62
0,13028.367,62
0,13030.797,62
0,13033.323,62
0,13035.846,62
0,13038.385,62
0,13042.030,62
0,13044.586,62
0,13047.013,62
0,13049.658,62
0,13052.280,62
0,13054.858,62
0,13057.503,62
0,13060.147,62
0,13063.797,62
0,13066.494,62
0,13069.096,62
0,13071.947,62
0,13075.385,62
0,13078.102,62
0,13080.583,63
0,13083.236,63
0,13085.911,63
0,13088.736,63
0,13092.179,63
0,13094.814,63
0,13097.387,63
0,13100.024,63
0,13102.583,63
0,13105.353,63
0,13108.747,63
0,13111.365,63
0,13114.067,63
0,13116.634,63
0,13119.232,63
0,13121.899,63
0,13125.642,63
0,13128.431,63
0,13131.002,63
0,13133.555,63
0,13136.159,63
0,13139.033,63
0,13142.371,63
0,13145.032,63
0,13147.610,63
0,13150.284,63
0,13153.164,63
0,13155.923,63
0,13159.282,63
0,13161.786,63
0,13164.327,63
0,13166.818,63
0,13169.411,63
0,13172.121,63
0,13175.198,63
0,13178.427,63
0,13180.990,63
0,13183.702,63
0,13186.326,63
0,13189.024,63
0,13191.798,63
0,13195.056,63
0,13197.531,63
0,13200.402,63
0,13203.026,63
0,13205.615,63
0,13208.263,63
0,13210.998,63
0,13213.844,63
0,13216.522,63
0,13218.969,63
0,13221.559,63
0,13224.121,63
0,13226.660,63
0,13229.179,63
0,13231.949,63
0,13234.866,63
0,13237.655,63
0,13240.249,63
0,13243.042,63
0,13245.516,64
0,13248.239,64
0,13250.965,64
0,13254.502,64
0,13257.125,64
0,13259.779,64
0,13262.318,64
0,13264.872,64
0,13267.749,64
0,13270.613,64
0,13273.515,64
0,13276.177,64
0,13278.647,64
0,13281.235,64
0,13283.846,64
0,13286.594,64
0,13289.641,64
0,13292.382,64
0,13295.342,64
0,13297.735,64
0,13301.107,64
0,13303.662,64
0,13306.570,64
0,13309.280,64
0,13311.897,64
0,13314.404,64
0,13317.134,64
0,13321.281,64
0,13324.153,64
0,13326.766,64
0,13329.388,64
0,13331.817,64
0,13334.448,64
0,13337.256,64
0,13340.413,64
0,13343.018,64
0,13345.581,64
0,13348.168,64
0,13350.897,64
0,13353.629,64
0,13356.338,64
0,13359.011,64
0,13361.761,64
0,13364.299,64
0,13366.795,64
0,13369.452,64
0,13372.840,64
0,13375.601,64
0,13378.294,64
0,13380.835,64
0,13383.433,64
0,13386.445,64
0,13390.049,64
0,13393.793,64
0,13396.408,64
0,13399.284,64
0,13401.867,64
0,13404.518,64
0,13406.914,64
0,13409.833,64
0,13412.313,64
0,13414.865,64
0,13417.980,64
0,13420.680,64
0,13423.248,64
0,13425.917,64
0,13428.523,65
0,13431.356,65
0,13434.495,65
0,13437.399,65
0,13439.986,65
0,13442.729,65
0,13445.250,65
0,13447.964,65
0,13450.756,65
0,13453.525,65
0,13456.238,65
0,13458.860,65
0,13461.670,65
0,13465.221,65
0,13467.897,65
0,13470.272,65
0,13473.045,65
0,13476.842,65
0,13479.355,65
0,13481.921,65
0,13484.429,65
0,13487.426,65
0,13491.062,65
0,13493.619,65
0,13496.168,65
0,13498.650,65
0,13501.001,65
0,13503.552,65
0,13506.489,65
0,13509.887,65
0,13512.235,65
0,13515.254,65
0,13517.819,65
0,13520.326,65
0,13523.951,65
0,13526.545,65
0,13528.820,65
0,13531.399,65
0,13533.958,65
0,13537.048,65
0,13540.534,65
0,13543.138,65
0,13545.676,65
0,13548.582,65
0,13551.200,65
0,13553.924,65
0,13556.586,65
0,13559.617,65
0,13562.996,65
0,13565.473,65
0,13567.913,65
0,13570.707,65
0,13574.109,65
0,13576.749,65
0,13579.203,66
0,13581.729,66
0,13584.342,66
0,13586.801,66
0,13589.519,66
0,13593.051,66
0,13595.612,66
0,13598.146,66
0,13600.785,66
0,13604.248,66
0,13607.874,66
0,13610.470,66
0,13613.103,66
0,13615.651,66
0,13618.294,66
0,13620.863,66
0,13624.733,66
0,13627.401,66
0,13630.036,66
0,13632.879,66
0,13635.302,66
0,13637.876,66
0,13641.607,66
0,13644.347,66
0,13646.809,66
0,13649.314,66
0,13651.970,66
0,13654.637,66
0,13658.303,66
0,13661.037,66
0,13663.572,66
0,13666.151,66
0,13668.608,66
0,13671.231,66
0,13674.933,66
0,13677.592,66
0,13680.184,66
0,13682.741,66
0,13685.419,66
0,13688.040,66
0,13691.515,66
0,13694.209,66
0,13696.745,66
0,13699.400,66
0,13702.261,66
0,13705.359,66
0,13708.711,66
0,13711.515,66
0,13714.032,66
0,13716.720,66
0,13719.377,66
0,13722.098,66
0,13724.703,66
0,13728.315,66
0,13730.769,66
0,13733.379,66
0,13735.976,66
0,13738.589,66
0,13742.217,66
0,13744.957,67
0,13747.513,67
0,13750.041,67
0,13752.493,67
0,13755.009,67
0,13758.882,67
0,13761.606,67
0,13764.239,67
0,13766.787,67
0,13769.423,67
0,13772.145,67
0,13776.210,67
0,13778.756,67
0,13781.352,67
0,13784.027,67
0,13786.686,67
0,13789.461,67
0,13793.288,67
0,13795.778,67
0,13798.335,67
0,13800.854,67
0,13803.566,67
0,13805.944,67
0,13809.967,67
0,13812.383,67
0,13814.981,67
0,13817.417,67
0,13820.271,67
0,13822.973,67
0,13826.718,67
0,13829.029,67
0,13831.502,67
0,13834.173,67
0,13836.632,67
0,13839.169,67
0,13842.787,67
0,13845.344,67
0,13847.862,67
0,13850.405,67
0,13852.871,67
0,13855.474,67
0,13859.142,67
0,13861.657,67
0,13864.176,67
0,13866.671,67
0,13869.241,67
0,13871.889,67
0,13875.812,67
0,13878.382,67
0,13881.301,67
0,13884.174,67
0,13887.089,67
0,13889.607,67
0,13892.122,67
0,13895.224,67
0,13898.183,67
0,13900.776,67
0,13903.426,67
0,13906.692,67
0,13909.884,67
0,13912.773,68
0,13916.045,68
0,13918.681,68
0,13921.193,68
0,13923.724,68
0,13926.432,68
0,13929.867,68
0,13932.315,68
0,13934.746,68
0,13937.555,68
0,13941.043,68
0,13943.669,68
0,13946.381,68
0,13949.028,68
0,13951.590,68
0,13954.141,68
0,13956.803,68
0,13959.656,68
0,13962.408,68
0,13965.287,68
0,13967.822,68
0,13970.609,68
0,13973.405,68
0,13976.244,68
0,13979.814,68
0,13982.793,68
0,13985.896,68
0,13988.435,68
0,13991.133,68
0,13994.350,68
0,13997.784,68
0,14000.428,68
0,14003.118,68
0,14007.757,68
0,14010.276,68
0,14012.814,68
0,14015.493,68
0,14018.318,68
0,14021.392,68
0,14024.927,68
0,14027.481,68
0,14030.451,68
0,14033.020,68
0,14035.460,68
0,14038.092,68
0,14041.711,68
0,14044.380,68
0,14047.006,68
0,14049.682,68
0,14052.289,68
0,14055.051,68
0,14057.609,68
0,14060.162,68
0,14064.237,68
0,14066.845,68
0,14069.898,68
0,14072.522,68
0,14075.200,68
0,14078.429,68
0,14080.948,69
0,14083.733,69
0,14086.202,69
0,14088.925,69
0,14091.800,69
0,14095.033,69
0,14097.601,69
0,14100.051,69
0,14102.887,69
0,14105.939,69
0,14109.189,69
0,14111.654,69
0,14114.230,69
0,14116.704,69
0,14119.227,69
0,14121.772,69
0,14124.523,69
0,14128.007,69
0,14130.475,69
0,14133.091,69
0,14135.774,69
0,14138.372,69
0,14141.198,69
0,14144.744,69
0,14147.231,69
0,14149.925,69
0,14152.518,69
0,14155.106,69
0,14158.506,69
0,14161.061,69
0,14163.575,69
0,14166.238,69
0,14168.802,69
0,14171.369,69
0,14174.013,69
0,14177.579,69
0,14179.912,69
0,14182.440,69
0,14185.039,69
0,14187.772,69
0,14191.329,69
0,14193.939,69
0,14196.589,69
0,14199.259,69
0,14201.814,69
0,14204.395,69
0,14207.894,69
0,14211.034,69
0,14213.743,69
0,14216.487,69
0,14219.523,69
0,14222.112,69
0,14224.740,69
0,14227.749,69
0,14230.233,69
0,14233.546,69
0,14236.292,69
0,14238.975,69
0,14241.937,69
0,14245.049,69
0,14247.703,70
0,14250.504,70
0,14253.530,70
0,14256.423,70
0,14259.083,70
0,14261.961,70
0,14264.575,70
0,14267.407,70
0,14270.024,70
0,14272.608,70
0,14275.169,70
0,14277.721,70
0,14280.244,70
0,14283.436,70
0,14286.364,70
0,14288.757,70
0,14291.317,70
0,14293.780,70
0,14297.066,70
0,14299.929,70
0,14302.682,70
0,14305.315,70
0,14308.038,70
0,14310.636,70
0,14312.959,70
0,14315.943,70
0,14319.131,70
0,14321.867,70
0,14324.412,70
0,14326.966,70
0,14329.699,70
0,14332.487,70
0,14335.270,70
0,14338.172,70
0,14340.902,70
0,14343.484,70
0,14345.845,70
0,14348.562,70
0,14351.154,70
0,14354.147,70
0,14356.690,70
0,14359.682,70
0,14362.202,70
0,14364.779,70
0,14368.154,70
0,14370.644,70
0,14373.178,70
0,14375.814,70
0,14378.748,70
0,14382.222,70
0,14384.855,70
0,14387.686,70
0,14390.087,70
0,14392.773,70
0,14395.455,70
0,14398.750,70
0,14401.454,70
0,14404.002,70
0,14406.747,70
0,14409.467,70
0,14413.140,70
0,14415.703,71
0,14418.307,71
0,14420.863,71
0,14423.382,71
0,14426.764,71
0,14429.233,71
0,14431.806,71
0,14434.414,71
0,14437.074,71
0,14439.947,71
0,14443.227,71
0,14445.600,71
0,14448.215,71
0,14450.780,71
0,14453.424,71
0,14456.416,71
0,14459.777,71
0,14462.222,71
0,14464.805,71
0,14467.280,71
0,14470.024,71
0,14472.734,71
0,14475.943,71
0,14478.395,71
0,14480.849,71
0,14483.362,71
0,14485.860,71
0,14488.462,71
0,14492.346,71
0,14494.838,71
0,14497.772,71
0,14500.270,71
0,14503.389,71
0,14506.151,71
0,14511.140,71
0,14513.800,71
0,14516.336,71
0,14518.700,71
0,14521.336,71
0,14524.888,71
0,14527.536,71
0,14530.263,71
0,14532.783,71
0,14535.253,71
0,14537.840,71
0,14542.058,71
0,14544.618,71
0,14547.003,71
0,14549.695,71
0,14552.264,71
0,14555.374,71
0,14558.016,71
0,14561.970,71
0,14564.532,71
0,14567.044,71
0,14569.999,71
0,14572.814,71
0,14576.435,71
0,14578.966,72
0,14581.401,72
0,14583.896,72
0,14586.550,72
0,14589.045,72
0,14592.509,72
0,14594.911,72
0,14597.535,72
0,14599.924,72
0,14602.247,72
0,14604.728,72
0,14609.026,72
0,14611.786,72
0,14614.330,72
0,14616.950,72
0,14619.574,72
0,14622.092,72
0,14625.669,72
0,14628.234,72
0,14630.693,72
0,14633.933,72
0,14636.747,72
0,14639.587,72
0,14642.878,72
0,14645.355,72
0,14647.892,72
0,14650.435,72
0,14653.197,72
0,14655.847,72
0,14659.289,72
0,14661.815,72
0,14664.323,72
0,14666.851,72
0,14669.457,72
0,14672.100,72
0,14674.978,72
0,14677.661,72
0,14680.631,72
0,14683.248,72
0,14685.816,72
0,14688.438,72
0,14691.039,72
0,14694.539,72
0,14697.056,72
0,14699.583,72
0,14702.169,72
0,14705.259,72
0,14709.224,72
0,14711.748,72
0,14714.261,72
0,14716.735,72
0,14719.202,72
0,14721.728,72
0,14724.443,72
0,14727.312,72
0,14731.128,72
0,14733.784,72
0,14736.341,72
0,14738.841,72
0,14741.497,72
0,14744.670,72
0,14747.281,73
0,14749.841,73
0,14752.310,73
0,14754.789,73
0,14757.651,73
0,14760.872,73
0,14763.371,73
0,14765.908,73
0,14768.283,73
0,14770.896,73
0,14773.899,73
0,14777.672,73
0,14780.306,73
0,14783.060,73
0,14785.635,73
0,14788.225,73
0,14791.240,73
0,14794.395,73
0,14797.011,73
0,14799.490,73
0,14802.130,73
0,14804.841,73
0,14807.464,73
0,14811.064,73
0,14813.565,73
0,14816.285,73
0,14818.943,73
0,14821.570,73
0,14824.328,73
0,14827.924,73
0,14830.541,73
0,14833.162,73
0,14836.038,73
0,14838.701,73
0,14841.725,73
0,14845.094,73
0,14847.528,73
0,14850.152,73
0,14852.682,73
0,14855.381,73
0,14858.120,73
0,14861.585,73
0,14863.943,73
0,14866.477,73
0,14869.124,73
0,14871.717,73
0,14874.202,73
0,14877.855,73
0,14880.404,73
0,14883.399,73
0,14886.067,73
0,14888.697,73
0,14891.106,73
0,14893.585,73
0,14896.454,73
0,14899.684,73
0,14903.029,73
0,14905.765,73
0,14908.667,73
0,14911.350,73
0,14914.326,74
0,14917.128,74
0,14920.461,74
0,14923.849,74
0,14926.573,74
0,14929.018,74
0,14931.680,74
0,14935.591,74
0,14938.371,74
0,14941.045,74
0,14943.746,74
0,14946.625,74
0,14950.011,74
0,14952.944,74
0,14955.685,74
0,14958.333,74
0,14962.511,74
0,14965.085,74
0,14967.760,74
0,14970.447,74
0,14973.320,74
0,14976.055,74
0,14980.692,74
0,14983.453,74
0,14986.528,74
0,14989.228,74
0,14992.946,74
0,14995.488,74
0,14998.279,74
0,15000.754,74
0,15003.239,74
0,15005.899,74
0,15010.221,74
0,15012.826,74
0,15015.574,74
0,15018.255,74
0,15021.187,74
0,15024.339,74
0,15027.676,74
0,15030.064,74
0,15033.186,74
0,15035.900,74
0,15038.624,74
0,15042.349,74
0,15045.069,74
0,15047.652,74
0,15050.245,74
0,15053.698,74
0,15056.390,74
0,15059.127,74
0,15063.550,74
0,15066.644,74
0,15069.301,74
0,15072.061,74
0,15074.920,74
0,15078.635,74
0,15081.221,75
0,15083.951,75
0,15086.616,75
0,15089.356,75
0,15093.041,75
0,15095.654,75
0,15098.368,75
0,15101.094,75
0,15103.680,75
0,15106.399,75
0,15110.153,75
0,15113.846,75
0,15116.632,75
0,15119.313,75
0,15121.994,75
0,15125.791,75
0,15128.569,75
0,15131.127,75
0,15133.868,75
0,15136.636,75
0,15139.728,75
0,15143.193,75
0,15145.804,75
0,15148.467,75
0,15151.477,75
0,15154.196,75
0,15157.141,75
0,15160.585,75
0,15163.137,75
0,15165.895,75
0,15168.575,75
0,15171.864,75
0,15174.950,75
0,15178.212,75
0,15180.771,75
0,15183.365,75
0,15186.178,75
0,15188.961,75
0,15192.661,75
0,15195.239,75
0,15197.950,75
0,15200.594,75
0,15203.275,75
0,15206.210,75
0,15209.504,75
0,15212.014,75
0,15214.662,75
0,15217.052,75
0,15219.809,75
0,15222.523,75
0,15225.583,75
0,15228.715,75
0,15232.410,75
0,15235.201,75
0,15237.959,75
0,15241.018,75
0,15244.958,75
0,15247.902,76
0,15250.550,76
0,15253.248,76
0,15255.978,76
0,15259.830,76
0,15262.390,76
0,15264.982,76
0,15267.637,76
0,15270.513,76
0,15273.173,76
0,15276.874,76
0,15279.958,76
0,15283.175,76
0,15285.956,76
0,15288.744,76
0,15292.583,76
0,15295.285,76
0,15298.330,76
0,15301.380,76
0,15304.120,76
0,15306.943,76
0,15310.308,76
0,15312.965,76
0,15315.714,76
0,15318.195,76
0,15320.864,76
0,15323.645,76
0,15326.922,76
0,15329.287,76
0,15332.019,76
0,15334.665,76
0,15337.163,76
0,15341.434,76
0,15344.179,76
0,15346.881,76
0,15349.485,76
0,15352.693,76
0,15355.377,76
0,15359.082,76
0,15361.705,76
0,15364.310,76
0,15366.795,76
0,15369.760,76
0,15372.475,76
0,15376.034,76
0,15378.512,76
0,15381.080,76
0,15383.666,76
0,15386.216,76
0,15388.897,76
0,15392.007,76
0,15395.237,76
0,15398.947,76
0,15401.749,76
0,15404.404,76
0,15407.477,76
0,15411.051,76
0,15414.388,77
0,15417.143,77
0,15420.013,77
0,15422.734,77
0,15426.302,77
0,15428.871,77
0,15431.525,77
0,15434.038,77
0,15436.671,77
0,15439.565,77
0,15443.099,77
0,15445.644,77
0,15448.344,77
0,15451.081,77
0,15454.135,77
0,15458.447,77
0,15461.206,77
0,15463.675,77
0,15466.309,77
0,15469.038,77
0,15471.636,77
0,15474.269,77
0,15476.760,77
0,15479.805,77
0,15482.562,77
0,15485.274,77
0,15488.724,77
0,15491.914,77
0,15495.297,77
0,15497.808,77
0,15500.576,77
0,15503.241,77
0,15505.942,77
0,15509.983,77
0,15513.903,77
0,15516.521,77
0,15519.067,77
0,15521.684,77
0,15524.285,77
0,15527.816,77
0,15530.277,77
0,15532.801,77
0,15535.551,77
0,15538.259,77
0,15541.083,77
0,15544.849,77
0,15547.769,77
0,15550.400,77
0,15553.235,77
0,15555.874,77
0,15559.143,77
0,15562.929,77
0,15565.490,77
0,15568.084,77
0,15570.921,77
0,15575.479,77
0,15578.424,78
0,15580.998,78
0,15583.580,78
0,15586.276,78
0,15588.849,78
0,15593.274,78
0,15595.749,78
0,15598.169,78
0,15600.766,78
0,15603.242,78
0,15605.902,78
0,15609.596,78
0,15612.104,78
0,15614.694,78
0,15617.235,78
0,15619.881,78
0,15622.601,78
0,15626.630,78
0,15629.208,78
0,15631.863,78
0,15634.460,78
0,15637.074,78
0,15639.615,78
0,15642.281,78
0,15645.067,78
0,15648.153,78
0,15650.765,78
0,15653.776,78
0,15656.371,78
0,15658.962,78
0,15661.806,78
0,15664.521,78
0,15667.224,78
0,15669.786,78
0,15672.372,78
0,15674.944,78
0,15677.632,78
0,15680.161,78
0,15682.868,78
0,15685.723,78
0,15688.274,78
0,15690.877,78
0,15693.618,78
0,15696.134,78
0,15698.960,78
0,15701.706,78
0,15705.076,78
0,15707.926,78
0,15710.488,78
0,15713.039,78
0,15716.720,78
0,15720.491,78
0,15723.143,78
0,15725.918,78
0,15728.331,78
0,15731.043,78
0,15735.072,78
0,15737.712,78
0,15740.224,78
0,15742.816,78
0,15746.599,78
0,15749.126,79
0,15751.763,79
0,15754.357,79
0,15758.112,79
0,15760.598,79
0,15763.251,79
0,15765.895,79
0,15768.553,79
0,15771.186,79
0,15774.987,79
0,15778.105,79
0,15780.874,79
0,15783.674,79
0,15786.764,79
0,15789.747,79
0,15793.169,79
0,15795.642,79
0,15798.287,79
0,15800.959,79
0,15803.475,79
0,15806.103,79
0,15809.877,79
0,15812.394,79
0,15815.045,79
0,15817.752,79
0,15820.438,79
0,15823.156,79
0,15826.679,79
0,15829.153,79
0,15831.793,79
0,15834.133,79
0,15836.894,79
0,15839.578,79
0,15843.145,79
0,15845.684,79
0,15848.304,79
0,15850.896,79
0,15853.548,79
0,15856.121,79
0,15860.113,79
0,15862.637,79
0,15865.226,79
0,15867.831,79
0,15870.284,79
0,15872.878,79
0,15876.831,79
0,15879.292,79
0,15881.879,79
0,15884.473,79
0,15887.059,79
0,15889.660,79
0,15892.281,79
0,15895.081,79
0,15897.646,79
0,15900.198,79
0,15904.624,79
0,15907.049,79
0,15909.691,79
0,15912.192,80
0,15914.827,80
0,15918.426,80
0,15921.112,80
0,15923.984,80
0,15926.550,80
0,15929.447,80
0,15933.517,80
0,15936.172,80
0,15938.697,80
0,15941.149,80
0,15944.400,80
0,15948.074,80
0,15950.608,80
0,15953.415,80
0,15956.548,80
0,15959.891,80
0,15962.390,80
0,15965.046,80
0,15967.642,80
0,15970.182,80
0,15972.884,80
0,15976.221,80
0,15978.675,80
0,15981.200,80
0,15983.669,80
0,15986.503,80
0,15989.165,80
0,15992.027,80
0,15994.882,80
0,15997.232,80
0,15999.882,80
0,16003.107,80
0,16005.706,80
0,16009.259,80
0,16011.780,80
0,16014.296,80
0,16017.515,80
0,16020.329,80
0,16023.037,80
0,16026.301,80
0,16028.852,80
0,16031.367,80
0,16033.878,80
0,16036.474,80
0,16039.020,80
0,16043.171,80
0,16045.500,80
0,16048.017,80
0,16050.523,80
0,16053.352,80
0,16056.031,80
0,16058.961,80
0,16062.586,80
0,16065.091,80
0,16067.504,80
0,16070.057,80
0,16072.750,80
0,16076.386,80
0,16078.827,82
0,16081.357,82
0,16083.968,82
0,16087.147,82
0,16091.045,82
0,16093.603,82
0,16096.137,82
0,16098.762,82
0,16101.352,82
0,16103.950,82
0,16108.138,82
0,16110.676,82
0,16113.464,82
0,16116.113,82
0,16118.674,82
0,16121.370,82
0,16124.985,82
0,16127.651,82
0,16130.195,82
0,16132.731,82
0,16135.379,82
0,16137.979,82
0,16141.509,82
0,16144.183,82
0,16146.621,82
0,16149.086,82
0,16151.694,82
0,16154.459,82
0,16157.801,82
0,16160.236,82
0,16162.902,82
0,16165.516,82
0,16168.087,82
0,16170.684,82
0,16174.841,82
0,16177.871,82
0,16180.867,82
0,16183.476,82
0,16186.285,82
0,16188.953,82
0,16192.582,82
0,16195.303,82
0,16197.887,82
0,16200.425,82
0,16203.142,82
0,16207.363,82
0,16209.769,82
0,16212.234,82
0,16214.811,82
0,16217.346,82
0,16219.994,82
0,16222.630,82
0,16225.387,82
0,16228.940,82
0,16231.559,82
0,16234.153,82
0,16236.927,82
0,16239.644,82
0,16243.077,82
0,16245.548,83
0,16248.156,83
0,16250.720,83
0,16253.335,83
0,16256.089,83
0,16259.480,83
0,16262.008,83
0,16264.503,83
0,16266.932,83
0,16269.475,83
0,16272.575,83
0,16275.853,83
0,16278.443,83
0,16280.867,83
0,16283.294,83
0,16285.874,83
0,16288.708,83
0,16291.858,83
0,16294.556,83
0,16297.066,83
0,16299.771,83
0,16302.236,83
0,16305.010,83
0,16308.790,83
0,16311.471,83
0,16313.937,83
0,16316.653,83
0,16320.283,83
0,16323.018,83
0,16326.510,83
0,16329.015,83
0,16331.594,83
0,16334.193,83
0,16336.919,83
0,16341.044,83
0,16343.705,83
0,16346.269,83
0,16349.311,83
0,16351.935,83
0,16354.792,83
0,16358.185,83
0,16360.878,83
0,16363.507,83
0,16365.979,83
0,16368.545,83
0,16371.171,83
0,16375.204,83
0,16377.823,83
0,16380.424,83
0,16382.945,83
0,16385.530,83
0,16388.103,83
0,16390.740,83
0,16393.391,83
0,16397.036,83
0,16399.546,83
0,16402.163,83
0,16404.695,83
0,16408.441,83
0,16411.079,83
0,16413.582,84
0,16416.403,84
0,16418.947,84
0,16421.884,84
0,16425.116,84
0,16427.747,84
0,16430.219,84
0,16432.753,84
0,16435.527,84
0,16438.388,84
0,16441.885,84
0,16444.515,84
0,16446.787,84
0,16449.453,84
0,16452.066,84
0,16454.989,84
0,16458.363,84
0,16461.050,84
0,16463.653,84
0,16466.310,84
0,16468.926,84
0,16471.489,84
0,16475.070,84
0,16477.646,84
0,16480.198,84
0,16482.809,84
0,16485.547,84
0,16488.272,84
0,16491.941,84
0,16494.716,84
0,16497.238,84
0,16499.753,84
0,16502.826,84
0,16506.110,84
0,16509.234,84
0,16511.877,84
0,16514.418,84
0,16516.947,84
0,16519.419,84
0,16522.157,84
0,16525.675,84
0,16528.245,84
0,16530.785,84
0,16533.298,84
0,16536.308,84
0,16539.079,84
0,16542.395,84
0,16545.387,84
0,16548.054,84
0,16550.590,84
0,16553.202,84
0,16555.840,84
0,16558.927,84
0,16562.205,84
0,16564.903,84
0,16567.498,84
0,16570.092,84
0,16572.653,84
0,16576.188,84
0,16578.672,85
0,16581.546,85
0,16584.012,85
0,16586.620,85
0,16589.650,85
0,16592.667,85
0,16595.058,85
0,16597.569,85
0,16600.112,85
0,16602.968,85
0,16607.171,85
0,16609.822,85
0,16612.291,85
0,16614.972,85
0,16617.521,85
0,16621.007,85
0,16624.744,85
0,16627.491,85
0,16630.277,85
0,16632.927,85
0,16635.575,85
0,16638.195,85
0,16642.209,85
0,16644.863,85
0,16647.481,85
0,16650.028,85
0,16652.652,85
0,16655.393,85
0,16658.900,85
0,16661.797,85
0,16664.355,85
0,16666.913,85
0,16669.529,85
0,16672.283,85
0,16675.420,85
0,16678.563,85
0,16681.063,85
0,16683.530,85
0,16686.381,85
0,16689.055,85
0,16692.591,85
0,16695.170,85
0,16697.814,85
0,16700.314,85
0,16704.627,85
0,16707.965,85
0,16710.648,85
0,16713.272,85
0,16715.912,85
0,16718.470,85
0,16721.059,85
0,16723.633,85
0,16728.154,85
0,16730.663,85
0,16733.316,85
0,16736.026,85
0,16739.990,85
0,16742.431,85
0,16745.542,86
0,16748.092,86
0,16750.737,86
0,16753.693,86
0,16757.323,86
0,16760.134,86
0,16762.685,86
0,16765.209,86
0,16767.736,86
0,16770.292,86
0,16773.113,86
0,16776.396,86
0,16778.722,86
0,16781.352,86
0,16785.322,86
0,16788.037,86
0,16790.667,86
0,16794.148,86
0,16796.659,86
0,16799.090,86
0,16801.705,86
0,16804.512,86
0,16808.684,86
0,16811.355,86
0,16813.811,86
0,16816.327,86
0,16818.938,86
0,16821.515,86
0,16825.839,86
0,16828.356,86
0,16830.949,86
0,16833.451,86
0,16835.950,86
0,16838.516,86
0,16842.617,86
0,16845.187,86
0,16847.719,86
0,16850.207,86
0,16853.185,86
0,16855.888,86
0,16859.753,86
0,16862.057,86
0,16865.047,86
0,16867.394,86
0,16869.991,86
0,16872.651,86
0,16876.320,86
0,16878.820,86
0,16881.452,86
0,16883.923,86
0,16886.336,86
0,16888.731,86
0,16891.178,86
0,16895.380,86
0,16897.879,86
0,16900.550,86
0,16903.202,86
0,16905.985,86
0,16909.661,86
0,16912.141,87
0,16914.726,87
0,16917.114,87
0,16919.636,87
0,16923.122,87
0,16926.479,87
0,16928.773,87
0,16931.330,87
0,16933.804,87
0,16936.366,87
0,16938.971,87
0,16942.580,87
0,16945.108,87
0,16947.755,87
0,16950.331,87
0,16953.020,87
0,16955.733,87
0,16958.919,87
0,16961.593,87
0,16964.156,87
0,16966.672,87
0,16969.185,87
0,16971.894,87
0,16975.403,87
0,16978.079,87
0,16980.594,87
0,16983.140,87
0,16985.883,87
0,16988.526,87
0,16992.083,87
0,16994.709,87
0,16997.267,87
0,17000.202,87
0,17003.296,87
0,17006.043,87
0,17009.360,87
0,17011.871,87
0,17014.354,87
0,17016.889,87
0,17019.890,87
0,17022.709,87
0,17026.576,87
0,17029.095,87
0,17031.783,87
0,17034.238,87
0,17037.043,87
0,17040.205,87
0,17043.339,87
0,17045.886,87
0,17048.527,87
0,17051.129,87
0,17054.139,87
0,17056.771,87
0,17059.247,87
0,17063.357,87
0,17065.909,87
0,17068.518,87
0,17071.035,87
0,17073.573,87
0,17077.187,87
0,17079.785,88
0,17082.515,88
0,17085.160,88
0,17087.572,88
0,17090.061,88
0,17093.492,88
0,17095.971,88
0,17098.670,88
0,17101.270,88
0,17104.062,88
0,17107.295,88
0,17110.139,88
0,17112.641,88
0,17115.250,88
0,17117.735,88
0,17120.162,88
0,17122.914,88
0,17126.310,88
0,17129.035,88
0,17131.395,88
0,17134.240,88
0,17136.895,88
0,17139.943,88
0,17143.052,88
0,17145.526,88
0,17148.076,88
0,17151.095,88
0,17153.687,88
0,17156.190,88
0,17160.352,88
0,17162.908,88
0,17165.538,88
0,17168.169,88
0,17170.744,88
0,17173.875,88
0,17176.762,88
0,17179.700,88
0,17182.257,88
0,17185.278,88
0,17188.193,88
0,17190.972,88
0,17194.204,88
0,17196.610,88
0,17199.229,88
0,17201.840,88
0,17204.379,88
0,17206.997,88
0,17210.283,88
0,17212.872,88
0,17215.436,88
0,17217.966,88
0,17220.515,88
0,17223.692,88
0,17226.706,88
0,17230.198,88
0,17232.839,88
0,17235.369,88
0,17237.996,88
0,17241.466,88
0,17244.141,88
0,17246.844,89
0,17249.585,89
0,17252.174,89
0,17254.833,89
0,17258.522,89
0,17261.231,89
0,17263.748,89
0,17266.285,89
0,17268.881,89
0,17271.536,89
0,17274.469,89
0,17277.234,89
0,17279.993,89
0,17282.554,89
0,17285.125,89
0,17287.751,89
0,17291.757,89
0,17294.316,89
0,17296.834,89
0,17299.310,89
0,17301.986,89
0,17304.542,89
0,17307.057,89
0,17310.513,89
0,17313.019,89
0,17316.253,89
0,17318.885,89
0,17321.516,89
0,17325.437,89
0,17328.160,89
0,17330.712,89
0,17333.237,89
0,17335.745,89
0,17338.349,89
0,17340.914,89
0,17344.446,89
0,17347.044,89
0,17349.434,89
0,17352.063,89
0,17354.644,89
0,17358.522,89
0,17361.330,89
0,17363.763,89
0,17366.637,89
0,17369.308,89
0,17372.061,89
0,17375.659,89
0,17378.538,89
0,17381.100,89
0,17383.647,89
0,17386.358,89
0,17389.076,89
0,17391.640,89
0,17394.310,89
0,17397.856,89
0,17400.472,89
0,17403.151,89
0,17405.788,89
0,17410.013,89
0,17412.550,90
0,17415.149,90
0,17417.738,90
0,17420.678,90
0,17423.609,90
0,17426.858,90
0,17429.362,90
0,17431.945,90
0,17434.618,90
0,17437.705,90
0,17441.870,90
0,17444.556,90
0,17447.143,90
0,17449.724,90
0,17452.352,90
0,17455.043,90
0,17458.583,90
0,17461.152,90
0,17463.770,90
0,17466.455,90
0,17469.039,90
0,17471.637,90
0,17475.642,90
0,17478.318,90
0,17480.891,90
0,17483.415,90
0,17486.016,90
0,17488.643,90
0,17492.282,90
0,17495.140,90
0,17498.083,90
0,17500.556,90
0,17503.324,90
0,17506.095,90
0,17509.722,90
0,17512.208,90
0,17515.236,90
0,17517.631,90
0,17520.263,90
0,17522.955,90
0,17526.519,90
0,17529.013,90
0,17531.644,90
0,17534.189,90
0,17537.562,90
0,17540.205,90
0,17543.798,90
0,17546.378,90
0,17549.071,90
0,17551.566,90
0,17554.141,90
0,17556.791,90
0,17559.846,90
0,17562.656,90
0,17566.762,90
0,17569.786,90
0,17572.518,90
0,17576.980,90
0,17579.615,91
0,17582.262,91
0,17584.934,91
0,17587.616,91
0,17591.486,91
0,17594.091,91
0,17596.942,91
0,17599.674,91
0,17602.217,91
0,17604.825,91
0,17608.626,91
0,17611.913,91
0,17614.615,91
0,17617.154,91
0,17619.865,91
0,17624.216,91
0,17626.860,91
0,17629.383,91
0,17632.155,91
0,17634.846,91
0,17637.480,91
0,17640.434,91
0,17643.055,91
0,17646.354,91
0,17648.868,91
0,17651.508,91
0,17654.191,91
0,17658.003,91
0,17660.647,91
0,17663.248,91
0,17665.907,91
0,17668.531,91
0,17671.119,91
0,17674.822,91
0,17677.565,91
0,17680.128,91
0,17682.774,91
0,17685.382,91
0,17688.001,91
0,17691.481,91
0,17694.249,91
0,17696.795,91
0,17699.337,91
0,17701.972,91
0,17704.552,91
0,17707.162,91
0,17711.037,91
0,17713.628,91
0,17716.132,91
0,17718.717,91
0,17721.532,91
0,17724.286,91
0,17728.257,91
0,17730.805,91
0,17733.340,91
0,17736.268,91
0,17739.326,91
0,17742.519,91
0,17745.063,92
0,17747.543,92
0,17750.022,92
0,17752.463,92
0,17755.238,92
0,17758.983,92
0,17761.868,92
0,17764.441,92
0,17766.935,92
0,17769.623,92
0,17772.237,92
0,17776.270,92
0,17778.934,92
0,17781.432,92
0,17784.006,92
0,17786.556,92
0,17789.156,92
0,17793.032,92
0,17795.588,92
0,17798.238,92
0,17800.986,92
0,17803.617,92
0,17806.168,92
0,17809.934,92
0,17812.439,92
0,17815.013,92
0,17817.587,92
0,17820.259,92
0,17823.120,92
0,17827.213,92
0,17830.650,92
0,17833.303,92
0,17835.904,92
0,17838.554,92
0,17842.905,92
0,17845.868,92
0,17848.454,92
0,17850.881,92
0,17853.652,92
0,17856.201,92
0,17859.955,92
0,17862.409,92
0,17865.009,92
0,17867.599,92
0,17870.146,92
0,17872.849,92
0,17876.441,92
0,17879.490,92
0,17881.958,92
0,17884.561,92
0,17887.088,92
0,17889.679,92
0,17892.344,92
0,17895.949,92
0,17898.564,92
0,17901.384,92
0,17903.968,92
0,17906.547,92
0,17910.158,92
0,17912.796,93
0,17915.446,93
0,17918.004,93
0,17920.546,93
0,17923.185,93
0,17926.547,93
0,17929.514,93
0,17932.169,93
0,17934.813,93
0,17937.427,93
0,17941.586,93
0,17944.214,93
0,17946.666,93
0,17949.191,93
0,17951.702,93
0,17954.182,93
0,17958.011,93
0,17961.115,93
0,17963.724,93
0,17966.277,93
0,17968.861,93
0,17971.513,93
0,17975.158,93
0,17977.786,93
0,17980.286,93
0,17982.910,93
0,17985.641,93
0,17988.294,93
0,17991.772,93
0,17994.389,93
0,17996.965,93
0,17999.404,93
0,18002.327,93
0,18005.357,93
0,18008.173,93
0,18010.836,93
0,18013.690,93
0,18016.118,93
0,18019.130,93
0,18021.854,93
0,18024.902,93
0,18027.553,93
0,18030.517,93
0,18033.101,93
0,18035.585,93
0,18038.214,93
0,18041.401,93
0,18044.285,93
0,18046.838,93
0,18049.711,93
0,18052.224,93
0,18054.882,93
0,18057.336,93
0,18059.927,93
0,18062.417,93
0,18065.510,93
0,18068.796,93
0,18071.493,93
0,18074.128,93
0,18077.267,93
0,18079.991,94
0,18083.243,94
0,18086.607,94
0,18089.570,94
0,18092.175,94
0,18094.920,94
0,18097.545,94
0,18100.477,94
0,18103.721,94
0,18106.424,94
0,18108.982,94
0,18111.772,94
0,18114.583,94
0,18118.042,94
0,18121.325,94
0,18123.967,94
0,18126.550,94
0,18128.976,94
0,18132.351,94
0,18135.646,94
0,18138.623,94
0,18141.551,94
0,18144.181,94
0,18146.951,94
0,18149.677,94
0,18153.104,94
0,18155.813,94
0,18158.383,94
0,18161.037,94
0,18163.595,94
0,18166.333,94
0,18169.777,94
0,18172.488,94
0,18175.075,94
0,18177.596,94
0,18181.770,94
0,18184.272,94
0,18187.337,94
0,18189.923,94
0,18194.061,94
0,18196.800,94
0,18199.307,94
0,18201.835,94
0,18204.780,94
0,18208.122,94
0,18210.753,94
0,18213.614,94
0,18216.295,94
0,18218.775,94
0,18221.351,94
0,18223.951,94
0,18226.624,94
0,18229.439,94
0,18232.631,94
0,18235.323,94
0,18237.905,94
0,18240.593,94
0,18243.392,94
0,18246.183,94
0,18248.820,95
0,18251.425,95
0,18254.091,95
0,18256.672,95
0,18259.545,95
0,18262.765,95
0,18266.067,95
0,18268.699,95
0,18271.775,95
0,18274.624,95
0,18277.132,95
0,18280.739,95
0,18283.719,95
0,18286.799,95
0,18289.489,95
0,18291.895,95
0,18294.813,95
0,18297.521,95
0,18301.037,95
0,18303.740,95
0,18306.402,95
0,18308.826,95
0,18311.347,95
0,18314.671,95
0,18317.065,95
0,18319.781,95
0,18322.786,95
0,18325.240,95
0,18327.751,95
0,18332.006,95
0,18334.674,95
0,18338.003,95
0,18342.126,95
0,18344.709,95
0,18347.350,95
0,18349.929,95
0,18352.721,95
0,18355.492,95
0,18358.862,95
0,18362.087,95
0,18364.579,95
0,18367.113,95
0,18369.792,95
0,18372.422,95
0,18374.928,95
0,18377.713,95
0,18380.452,95
0,18382.957,95
0,18385.629,95
0,18388.238,95
0,18390.781,95
0,18393.426,95
0,18396.408,95
0,18399.723,95
0,18402.351,95
0,18404.957,95
0,18407.485,95
0,18410.136,95
0,18414.038,95
0,18416.828,96
0,18419.465,96
0,18422.036,96
0,18424.614,96
0,18428.676,96
0,18431.180,96
0,18434.844,96
0,18437.404,96
0,18440.511,96
0,18443.592,96
0,18446.216,96
0,18448.873,96
0,18451.428,96
0,18453.934,96
0,18456.355,96
0,18460.100,96
0,18462.482,96
0,18465.132,96
0,18467.695,96
0,18470.962,96
0,18473.728,96
0,18477.108,96
0,18479.646,96
0,18482.268,96
0,18484.885,96
0,18487.684,96
0,18490.440,96
0,18493.864,96
0,18496.349,96
0,18498.924,96
0,18502.864,96
0,18505.453,96
0,18509.773,96
0,18512.122,96
0,18515.202,96
0,18517.766,96
0,18520.367,96
0,18522.799,96
0,18526.455,96
0,18528.970,96
0,18531.615,96
0,18534.166,96
0,18536.697,96
0,18539.729,96
0,18543.151,96
0,18545.603,96
0,18548.270,96
0,18550.830,96
0,18553.583,96
0,18556.180,96
0,18558.791,96
0,18561.419,96
0,18565.200,96
0,18567.881,96
0,18570.488,96
0,18573.015,96
0,18576.116,96
0,18579.776,96
0,18582.285,97
0,18585.183,97
0,18587.848,97
0,18590.559,97
0,18593.950,97
0,18596.941,97
0,18599.332,97
0,18601.910,97
0,18604.462,97
0,18608.367,97
0,18610.972,97
0,18613.523,97
0,18616.027,97
0,18618.623,97
0,18621.297,97
0,18625.256,97
0,18627.908,97
0,18630.261,97
0,18632.937,97
0,18635.420,97
0,18638.093,97
0,18641.038,97
0,18644.275,97
0,18646.822,97
0,18649.443,97
0,18652.042,97
0,18654.621,97
0,18658.863,97
0,18661.620,97
0,18664.208,97
0,18666.728,97
0,18669.303,97
0,18671.988,97
0,18676.063,97
0,18678.554,97
0,18681.218,97
0,18683.810,97
0,18686.526,97
0,18689.244,97
0,18693.002,97
0,18695.593,97
0,18698.202,97
0,18700.767,97
0,18703.282,97
0,18705.874,97
0,18709.670,97
0,18712.187,97
0,18714.798,97
0,18717.330,97
0,18719.844,97
0,18722.409,97
0,18725.400,97
0,18728.038,97
0,18732.034,97
0,18735.420,97
0,18738.021,97
0,18740.495,97
0,18743.089,97
0,18746.884,97
0,18749.151,98
0,18751.709,98
0,18754.306,98
0,18756.822,98
0,18760.288,98
0,18762.782,98
0,18765.593,98
0,18768.088,98
0,18770.505,98
0,18773.005,98
0,18776.772,98
0,18779.287,98
0,18781.812,98
0,18784.177,98
0,18787.111,98
0,18789.777,98
0,18793.180,98
0,18795.682,98
0,18798.136,98
0,18800.730,98
0,18803.515,98
0,18806.038,98
0,18809.783,98
0,18812.185,98
0,18814.816,98
0,18817.351,98
0,18819.950,98
0,18822.615,98
0,18826.450,98
0,18828.956,98
0,18831.387,98
0,18833.920,98
0,18836.642,98
0,18839.231,98
0,18842.910,98
0,18845.375,98
0,18847.993,98
0,18850.525,98
0,18853.092,98
0,18855.705,98
0,18859.414,98
0,18861.970,98
0,18864.511,98
0,18867.052,98
0,18870.166,98
0,18872.825,98
0,18876.479,98
0,18878.747,98
0,18881.382,98
0,18883.836,98
0,18886.393,98
0,18889.073,98
0,18891.642,98
0,18896.651,98
0,18899.212,98
0,18901.769,98
0,18904.331,98
0,18907.842,98
0,18910.673,98
0,18913.541,99
0,18916.447,99
0,18919.382,99
0,18922.402,99
0,18925.449,99
0,18928.151,99
0,18930.660,99
0,18933.267,99
0,18936.015,99
0,18938.672,99
0,18942.384,99
0,18945.013,99
0,18947.667,99
0,18950.258,99
0,18953.317,99
0,18956.020,99
0,18959.249,99
0,18961.856,99
0,18964.414,99
0,18966.950,99
0,18969.645,99
0,18972.313,99
0,18976.316,99
0,18978.804,99
0,18981.115,99
0,18983.675,99
0,18986.301,99
0,18989.158,99
0,18992.356,99
0,18995.051,99
0,18997.678,99
0,19000.311,99
0,19003.252,99
0,19007.198,99
0,19009.631,99
0,19012.139,99
0,19014.737,99
0,19017.312,99
0,19019.924,99
0,19024.380,99
0,19026.984,99
0,19029.554,99
0,19032.111,99
0,19034.763,99
0,19038.106,99
0,19041.666,99
0,19044.315,99
0,19046.778,99
0,19049.206,99
0,19051.894,99
0,19054.411,99
0,19057.035,99
0,19060.491,99
0,19063.116,99
0,19065.771,99
0,19068.327,99
0,19071.309,99
0,19075.354,99
0,19078.069,99
0,19081.017,100
0,19083.659,100
0,19086.165,100
0,19089.108,100
0,19091.745,100
0,19094.405,100
0,19097.448,100
0,19100.299,100
0,19102.913,100
0,19105.515,100
0,19108.144,100
0,19111.646,100
0,19114.140,100
0,19116.875,100
0,19119.491,100
0,19122.187,100
0,19125.611,100
0,19128.227,100
0,19130.741,100
0,19133.433,100
0,19135.903,100
0,19138.487,100
0,19141.940,100
0,19144.589,100
0,19146.842,100
0,19149.335,100
0,19151.924,100
0,19154.457,100
0,19158.430,100
0,19161.059,100
0,19163.502,100
0,19166.390,100
0,19169.018,100
0,19171.910,100
0,19175.292,100
0,19178.533,100
0,19181.155,100
0,19183.788,100
0,19186.286,100
0,19189.013,100
0,19192.277,100
0,19194.863,100
0,19197.435,100
0,19200.002,100
0,19202.544,100
0,19204.990,100
0,19208.640,100
0,19211.264,100
0,19213.690,100
0,19216.218,100
0,19218.874,100
0,19221.417,100
0,19223.917,100
0,19226.500,100
0,19230.086,100
0,19232.553,100
0,19235.055,100
0,19238.115,100
0,19240.914,100
0,19244.060,100
0,19246.686,101
0,19249.232,101
0,19251.807,101
0,19254.224,101
0,19256.766,101
0,19260.156,101
0,19262.736,101
0,19265.187,101
0,19268.088,101
0,19270.601,101
0,19273.457,101
0,19276.742,101
0,19279.311,101
0,19281.962,101
0,19284.376,101
0,19287.239,101
0,19289.978,101
0,19293.254,101
0,19295.824,101
0,19298.410,101
0,19300.970,101
0,19303.663,101
0,19306.170,101
0,19309.804,101
0,19312.306,101
0,19314.916,101
0,19317.506,101
0,19320.125,101
0,19323.062,101
0,19326.394,101
0,19328.855,101
0,19331.732,101
0,19334.355,101
0,19337.011,101
0,19340.234,101
0,19343.628,101
0,19346.214,101
0,19348.749,101
0,19351.383,101
0,19354.395,101
0,19358.267,101
0,19361.323,101
0,19363.945,101
0,19366.873,101
0,19369.585,101
0,19372.255,101
0,19375.732,101
0,19378.211,101
0,19380.788,101
0,19383.366,101
0,19385.743,101
0,19388.361,101
0,19391.109,101
0,19393.751,101
0,19397.224,101
0,19399.834,101
0,19402.243,101
0,19404.830,101
0,19408.084,101
0,19411.234,101
0,19413.807,102
0,19416.309,102
0,19418.664,102
0,19421.149,102
0,19425.002,102
0,19427.676,102
0,19430.144,102
0,19432.600,102
0,19435.092,102
0,19437.890,102
0,19442.182,102
0,19444.998,102
0,19447.557,102
0,19450.154,102
0,19452.682,102
0,19455.380,102
0,19458.665,102
0,19461.196,102
0,19463.720,102
0,19466.349,102
0,19468.936,102
0,19471.561,102
0,19475.565,102
0,19478.516,102
0,19481.157,102
0,19483.609,102
0,19486.328,102
0,19488.958,102
0,19493.163,102
0,19495.719,102
0,19498.332,102
0,19500.892,102
0,19503.480,102
0,19506.080,102
0,19509.711,102
0,19512.173,102
0,19514.737,102
0,19517.336,102
0,19519.936,102
0,19522.462,102
0,19526.059,102
0,19528.585,102
0,19531.064,102
0,19533.599,102
0,19536.259,102
0,19538.914,102
0,19542.051,102
0,19545.244,102
0,19547.767,102
0,19550.387,102
0,19552.998,102
0,19555.406,102
0,19558.063,102
0,19562.103,102
0,19564.711,102
0,19567.306,102
0,19569.923,102
0,19572.546,102
0,19576.044,102
0,19578.574,103
0,19581.100,103
0,19583.684,103
0,19586.683,103
0,19589.425,103
0,19592.643,103
0,19595.218,103
0,19597.791,103
0,19600.391,103
0,19603.681,103
0,19606.381,103
0,19608.856,103
0,19611.503,103
0,19614.274,103
0,19616.744,103
0,19619.518,103
0,19622.094,103
0,19624.482,103
0,19627.120,103
0,19630.061,103
0,19632.876,103
0,19635.595,103
0,19638.186,103
0,19641.902,103
0,19645.947,103
0,19648.524,103
0,19651.086,103
0,19653.655,103
0,19656.504,103
0,19660.012,103
0,19662.567,103
0,19665.174,103
0,19667.721,103
0,19670.374,103
0,19674.228,103
0,19676.849,103
0,19679.367,103
0,19681.980,103
0,19684.546,103
0,19687.176,103
0,19691.347,103
0,19694.018,103
0,19696.589,103
0,19699.172,103
0,19701.749,103
0,19704.379,103
0,19707.445,103
0,19710.264,103
0,19712.715,103
0,19715.331,103
0,19717.855,103
0,19720.531,103
0,19723.152,103
0,19725.802,103
0,19729.980,103
0,19732.714,103
0,19735.389,103
0,19738.402,103
0,19741.255,103
0,19744.726,103
0,19747.199,104
0,19749.726,104
0,19752.320,104
0,19754.846,104
0,19758.674,104
0,19761.368,104
0,19763.897,104
0,19766.432,104
0,19769.039,104
0,19771.653,104
0,19774.393,104
0,19777.668,104
0,19780.206,104
0,19782.716,104
0,19785.743,104
0,19788.443,104
0,19791.144,104
0,19794.393,104
0,19796.852,104
0,19799.397,104
0,19801.997,104
0,19804.773,104
0,19809.353,104
0,19811.999,104
0,19815.007,104
0,19818.081,104
0,19821.366,104
0,19824.404,104
0,19827.625,104
0,19830.172,104
0,19832.600,104
0,19835.415,104
0,19838.602,104
0,19842.531,104
0,19845.229,104
0,19847.800,104
0,19850.249,104
0,19853.617,104
0,19856.276,104
0,19859.958,104
0,19862.597,104
0,19865.288,104
0,19867.869,104
0,19870.593,104
0,19873.304,104
0,19876.949,104
0,19879.587,104
0,19882.318,104
0,19885.020,104
0,19887.601,104
0,19889.982,104
0,19892.561,104
0,19896.173,104
0,19898.777,104
0,19901.317,104
0,19903.998,104
0,19906.650,104
0,19910.132,104
0,19912.645,105
0,19915.367,105
0,19917.899,105
0,19920.543,105
0,19923.153,105
0,19926.506,105
0,19928.992,105
0,19931.614,105
0,19934.274,105
0,19937.151,105
0,19939.927,105
0,19943.471,105
0,19946.016,105
0,19948.497,105
0,19951.015,105
0,19953.620,105
0,19956.224,105
0,19959.884,105
0,19962.451,105
0,19965.154,105
0,19967.862,105
0,19971.013,105
0,19973.745,105
0,19977.539,105
0,19980.215,105
0,19982.980,105
0,19985.704,105
0,19988.433,105
0,19991.457,105
0,19994.651,105
0,19997.177,105
0,19999.996,105
0,20002.998,105
0,20005.717,105
0,20009.483,105
0,20012.498,105
0,20015.254,105
0,20017.976,105
0,20020.571,105
0,20023.218,105
0,20026.159,105
0,20029.038,105
0,20031.618,105
0,20034.286,105
0,20036.999,105
0,20039.627,105
0,20043.307,105
0,20045.855,105
0,20048.577,105
0,20051.074,105
0,20054.128,105
0,20056.757,105
0,20059.408,105
0,20062.094,105
0,20065.436,105
0,20068.231,105
0,20070.715,105
0,20073.319,105
0,20076.016,105
0,20080.028,105
0,20082.577,106
0,20085.341,106
0,20088.039,106
0,20091.217,106
0,20094.722,106
0,20097.707,106
0,20100.758,106
0,20103.813,106
0,20106.560,106
0,20110.150,106
0,20112.713,106
0,20115.500,106
0,20118.175,106
0,20120.914,106
0,20123.599,106
0,20126.927,106
0,20129.521,106
0,20132.103,106
0,20134.841,106
0,20137.474,106
0,20140.125,106
0,20143.644,106
0,20146.592,106
0,20149.613,106
0,20152.305,106
0,20155.399,106
0,20159.190,106
0,20161.796,106
0,20164.512,106
0,20167.161,106
0,20170.061,106
0,20173.085,106
0,20175.885,106
0,20179.290,106
0,20182.679,106
0,20185.600,106
0,20188.300,106
0,20191.025,106
0,20193.604,106
0,20197.485,106
0,20200.324,106
0,20203.134,106
0,20205.907,106
0,20208.684,106
0,20212.086,106
0,20214.628,106
0,20217.231,106
0,20220.391,106
0,20222.996,106
0,20225.672,106
0,20229.174,106
0,20231.730,106
0,20234.205,106
0,20236.842,106
0,20239.538,106
0,20243.199,106
0,20246.604,107
0,20249.216,107
0,20251.911,107
0,20254.449,107
0,20257.035,107
0,20260.592,107
0,20263.557,107
0,20266.534,107
0,20269.257,107
0,20271.905,107
0,20276.426,107
0,20278.908,107
0,20281.445,107
0,20284.089,107
0,20286.640,107
0,20289.407,107
0,20292.858,107
0,20295.473,107
0,20298.218,107
0,20300.926,107
0,20303.903,107
0,20306.717,107
0,20310.388,107
0,20313.027,107
0,20315.711,107
0,20318.378,107
0,20321.142,107
0,20324.263,107
0,20327.247,107
0,20329.860,107
0,20332.572,107
0,20335.267,107
0,20337.987,107
0,20341.683,107
0,20344.410,107
0,20346.913,107
0,20349.678,107
0,20352.349,107
0,20354.962,107
0,20358.983,107
0,20361.723,107
0,20364.329,107
0,20366.929,107
0,20369.886,107
0,20372.688,107
0,20376.797,107
0,20379.807,107
0,20382.483,107
0,20385.226,107
0,20387.844,107
0,20390.466,107
0,20393.209,107
0,20396.751,107
0,20399.364,107
0,20401.963,107
0,20404.819,107
0,20407.627,107
0,20410.866,107
0,20413.832,109
0,20416.382,109
0,20419.035,109
0,20421.800,109
0,20425.504,109
0,20428.322,109
0,20431.033,109
0,20433.655,109
0,20436.346,109
0,20439.143,109
0,20442.778,109
0,20445.356,109
0,20448.012,109
0,20450.573,109
0,20453.386,109
0,20456.103,109
0,20459.982,109
0,20462.608,109
0,20465.332,109
0,20468.094,109
0,20470.899,109
0,20473.939,109
0,20477.107,109
0,20479.689,109
0,20482.326,109
0,20484.978,109
0,20487.672,109
0,20490.441,109
0,20493.660,109
0,20496.232,109
0,20498.991,109
0,20501.827,109
0,20504.523,109
0,20507.263,109
0,20510.765,109
0,20513.917,109
0,20516.980,109
0,20521.059,109
0,20523.560,109
0,20527.157,109
0,20529.682,109
0,20532.201,109
0,20534.996,109
0,20537.728,109
0,20540.546,109
0,20544.318,109
0,20547.599,109
0,20552.127,109
0,20555.549,109
0,20559.031,109
0,20562.216,109
0,20564.759,109
0,20567.409,109
0,20570.040,109
0,20572.795,109
0,20576.470,109
0,20579.513,110
0,20582.087,110
0,20585.072,110
0,20587.808,110
0,20590.610,110
0,20593.759,110
0,20596.460,110
0,20599.534,110
0,20602.035,110
0,20604.795,110
0,20609.108,110
0,20611.736,110
0,20614.243,110
0,20616.856,110
0,20619.656,110
0,20622.353,110
0,20625.702,110
0,20628.280,110
0,20631.258,110
0,20633.794,110
0,20636.391,110
0,20639.037,110
0,20642.918,110
0,20645.368,110
0,20648.287,110
0,20650.872,110
0,20653.586,110
0,20656.372,110
0,20659.584,110
0,20662.192,110
0,20665.104,110
0,20667.497,110
0,20670.044,110
0,20672.677,110
0,20676.352,110
0,20678.865,110
0,20681.570,110
0,20684.175,110
0,20686.762,110
0,20689.429,110
0,20693.089,110
0,20696.093,110
0,20698.607,110
0,20701.063,110
0,20703.883,110
0,20706.740,110
0,20710.066,110
0,20712.987,110
0,20715.475,110
0,20718.498,110
0,20721.053,110
0,20723.640,110
0,20726.234,110
0,20730.108,110
0,20732.880,110
0,20735.653,110
0,20738.284,110
0,20742.577,110
0,20745.127,111
0,20747.469,111
0,20750.022,111
0,20752.989,111
0,20755.422,111
0,20758.968,111
0,20761.724,111
0,20764.303,111
0,20766.863,111
0,20769.360,111
0,20771.947,111
0,20775.875,111
0,20778.367,111
0,20780.932,111
0,20783.583,111
0,20786.472,111
0,20789.271,111
0,20792.506,111
0,20795.614,111
0,20798.228,111
0,20800.800,111
0,20803.361,111
0,20805.978,111
0,20809.202,111
0,20811.713,111
0,20814.237,111
0,20816.551,111
0,20818.988,111
0,20821.582,111
0,20824.986,111
0,20827.681,111
0,20829.968,111
0,20832.514,111
0,20835.146,111
0,20837.850,111
0,20841.548,111
0,20844.405,111
0,20846.884,111
0,20850.180,111
0,20853.007,111
0,20857.059,111
0,20859.547,111
0,20862.077,111
0,20865.029,111
0,20867.475,111
0,20870.102,111
0,20874.211,111
0,20876.683,111
0,20879.156,111
0,20882.133,111
0,20884.722,111
0,20887.477,111
0,20890.037,111
0,20893.819,111
0,20896.345,111
0,20898.983,111
0,20901.652,111
0,20904.248,111
0,20907.607,111
0,20910.212,111
0,20913.191,112
0,20915.879,112
0,20918.485,112
0,20920.954,112
0,20924.594,112
0,20927.149,112
0,20929.703,112
0,20932.343,112
0,20934.928,112
0,20937.674,112
0,20941.643,112
0,20945.304,112
0,20947.748,112
0,20950.463,112
0,20953.169,112
0,20956.353,112
0,20959.059,112
0,20961.678,112
0,20964.439,112
0,20967.464,112
0,20970.098,112
0,20972.714,112
0,20975.368,112
0,20978.098,112
0,20980.942,112
0,20983.816,112
0,20986.930,112
0,20989.590,112
0,20992.069,112
0,20994.776,112
0,20998.574,112
0,21001.220,112
0,21003.895,112
0,21006.398,112
0,21010.281,112
0,21012.713,112
0,21015.352,112
0,21018.502,112
0,21021.166,112
0,21025.668,112
0,21028.847,112
0,21031.898,112
0,21034.377,112
0,21037.855,112
0,21043.016,112
0,21046.178,112
0,21049.233,112
0,21052.304,112
0,21055.466,112
0,21058.633,112
0,21062.741,112
0,21065.942,112
0,21069.568,112
0,21072.939,112
0,21076.705,112
0,21081.656,113
0,21084.723,113
0,21087.888,113
0,21091.665,113
0,21094.885,113
0,21097.852,113
0,21100.822,113
0,21104.127,113
0,21108.600,113
0,21111.959,113
0,21115.115,113
0,21118.099,113
0,21120.796,113
0,21124.733,113
0,21128.091,113
0,21131.207,113
0,21134.180,113
0,21137.229,113
0,21140.765,113
0,21143.754,113
0,21146.659,113
0,21149.641,113
0,21153.409,113
0,21158.155,113
0,21161.203,113
0,21164.369,113
0,21167.361,113
0,21169.848,113
0,21173.912,113
0,21176.963,113
0,21179.941,113
0,21183.116,113
0,21186.291,113
0,21189.422,113
0,21192.572,113
0,21194.902,113
0,21197.627,113
0,21200.697,113
0,21203.721,113
0,21207.677,113
0,21210.760,113
0,21213.639,113
0,21216.648,113
0,21219.817,113
0,21223.022,113
0,21227.592,113
0,21230.556,113
0,21233.570,113
0,21236.732,113
0,21240.883,113
0,21244.179,113
0,21247.112,114
0,21250.048,114
0,21253.194,114
0,21256.312,114
0,21259.556,114
0,21262.430,114
0,21265.435,114
0,21268.380,114
0,21271.411,114
0,21275.035,114
0,21278.108,114
0,21281.060,114
0,21284.153,114
0,21287.163,114
0,21290.915,114
0,21293.984,114
0,21296.939,114
0,21299.950,114
0,21303.085,114
0,21307.531,114
0,21310.526,114
0,21313.430,114
0,21316.521,114
0,21319.212,114
0,21322.452,114
0,21325.602,114
0,21328.834,114
0,21331.697,114
0,21334.578,114
0,21337.582,114
0,21341.157,114
0,21344.169,114
0,21347.125,114
0,21350.033,114
0,21353.112,114
0,21356.269,114
0,21359.450,114
0,21362.304,114
0,21365.256,114
0,21368.148,114
0,21371.136,114
0,21374.193,114
0,21377.581,114
0,21380.437,114
0,21383.477,114
0,21386.805,114
0,21389.832,114
0,21392.841,114
0,21396.189,114
0,21399.221,114
0,21402.470,114
0,21405.385,114
0,21408.606,114
0,21411.849,114
0,21415.098,115
0,21418.243,115
0,21421.618,115
0,21424.610,115
0,21427.616,115
0,21430.561,115
0,21433.676,115
0,21437.037,115
0,21440.136,115
0,21443.208,115
0,21446.189,115
0,21449.586,115
0,21452.653,115
0,21456.374,115
0,21459.495,115
0,21463.168,115
0,21466.540,115
0,21469.631,115
0,21472.693,115
0,21475.679,115
0,21478.717,115
0,21481.797,115
0,21484.930,115
0,21487.851,115
0,21490.333,115
0,21493.375,115
0,21496.317,115
0,21499.400,115
0,21502.607,115
0,21505.585,115
0,21508.524,115
0,21511.465,115
0,21515.329,115
0,21518.335,115
0,21521.413,115
0,21524.472,115
0,21527.879,115
0,21530.855,115
0,21533.728,115
0,21537.101,115
0,21540.353,115
0,21543.550,115
0,21546.624,115
0,21549.668,115
0,21552.695,115
0,21555.730,115
0,21558.736,115
0,21562.591,115
0,21565.446,115
0,21568.337,115
0,21571.466,115
0,21575.515,115
0,21578.796,116
0,21581.837,116
0,21584.785,116
0,21587.791,116
0,21590.913,116
0,21594.205,116
0,21597.115,116
0,21600.047,116
0,21603.254,116
0,21606.192,116
0,21610.355,116
0,21613.228,116
0,21616.195,116
0,21619.180,116
0,21622.131,116
0,21625.411,116
0,21628.711,116
0,21631.680,116
0,21634.601,116
0,21637.592,116
0,21640.684,116
0,21644.085,116
0,21646.911,116
0,21649.864,116
0,21652.901,116
0,21656.001,116
0,21659.131,116
0,21662.592,116
0,21665.767,116
0,21668.749,116
0,21671.933,116
0,21674.905,116
0,21677.977,116
0,21681.074,116
0,21683.938,116
0,21687.131,116
0,21690.153,116
0,21693.319,116
0,21696.717,116
0,21700.170,116
0,21704.190,116
0,21707.620,116
0,21711.713,116
0,21714.792,116
0,21717.727,116
0,21720.776,116
0,21723.370,116
0,21726.297,116
0,21729.255,116
0,21732.259,116
0,21735.417,116
0,21738.500,116
0,21741.522,116
0,21744.201,116
0,21747.103,117
0,21750.118,117
0,21753.605,117
0,21757.773,117
0,21760.989,117
0,21764.065,117
0,21767.246,117
0,21770.474,117
0,21773.359,117
0,21776.383,117
0,21779.523,117
0,21782.071,117
0,21786.224,117
0,21789.322,117
0,21792.411,117
0,21795.479,117
0,21799.206,117
0,21802.495,117
0,21805.584,117
0,21808.677,117
0,21813.166,117
0,21816.678,117
0,21819.926,117
0,21823.101,117
0,21826.501,117
0,21829.390,117
0,21832.372,117
0,21835.401,117
0,21838.478,117
0,21842.084,117
0,21845.163,117
0,21848.162,117
0,21851.015,117
0,21854.387,117
0,21857.746,117
0,21860.761,117
0,21863.926,117
0,21866.866,117
0,21869.801,117
0,21874.095,117
0,21877.410,117
0,21880.306,117
0,21883.489,117
0,21886.595,117
0,21889.701,117
0,21894.026,117
0,21896.938,117
0,21900.075,117
0,21903.363,117
0,21906.582,117
0,21909.959,117
0,21912.811,118
0,21915.731,118
0,21918.761,118
0,21921.904,118
0,21924.759,118
0,21927.785,118
0,21930.562,118
0,21933.603,118
0,21936.828,118
0,21940.606,118
0,21943.597,118
0,21946.616,118
0,21949.582,118
0,21952.575,118
0,21955.685,118
0,21959.122,118
0,21962.001,118
0,21964.873,118
0,21967.823,118
0,21971.015,118
0,21975.356,118
0,21978.622,118
0,21981.523,118
0,21984.505,118
0,21987.489,118
0,21990.867,118
0,21994.242,118
0,21997.076,118
0,22000.067,118
0,22003.025,118
0,22006.070,118
0,22009.517,118
0,22012.426,118
0,22015.351,118
0,22018.340,118
0,22021.284,118
0,22024.378,118
0,22027.720,118
0,22030.636,118
0,22033.555,118
0,22036.775,118
0,22039.817,118
0,22043.459,118
0,22046.342,118
0,22049.321,118
0,22052.231,118
0,22055.226,118
0,22059.046,118
0,22062.850,118
0,22065.800,118
0,22068.858,118
0,22071.966,118
0,22076.639,118
0,22079.548,119
0,22082.478,119
0,22085.404,119
0,22088.463,119
0,22091.658,119
0,22094.982,119
0,22097.812,119
0,22100.664,119
0,22103.719,119
0,22107.585,119
0,22110.661,119
0,22113.557,119
0,22116.494,119
0,22119.450,119
0,22122.443,119
0,22125.995,119
0,22128.825,119
0,22131.767,119
0,22134.711,119
0,22137.738,119
0,22142.021,119
0,22145.210,119
0,22148.177,119
0,22151.273,119
0,22154.224,119
0,22157.248,119
0,22160.408,119
0,22163.374,119
0,22166.252,119
0,22169.277,119
0,22172.446,119
0,22175.632,119
0,22178.790,119
0,22181.791,119
0,22184.703,119
0,22187.647,119
0,22191.607,119
0,22194.333,119
0,22197.196,119
0,22200.134,119
0,22203.035,119
0,22206.247,119
0,22209.526,119
0,22212.673,119
0,22215.620,119
0,22218.607,119
0,22221.465,119
0,22224.501,119
0,22227.946,119
0,22230.759,119
0,22233.583,119
0,22236.707,119
0,22240.682,119
0,22243.731,119
0,22246.619,120
0,22249.654,120
0,22252.727,120
0,22255.896,120
0,22259.112,120
0,22262.337,120
0,22265.451,120
0,22268.583,120
0,22271.626,120
0,22275.125,120
0,22278.263,120
0,22281.158,120
0,22284.091,120
0,22287.476,120
0,22290.918,120
0,22294.125,120
0,22297.105,120
0,22300.062,120
0,22303.405,120
0,22306.556,120
0,22309.960,120
0,22312.810,120
0,22315.800,120
0,22318.931,120
0,22321.903,120
0,22325.112,120
0,22328.927,120
0,22332.009,120
0,22334.962,120
0,22338.097,120
0,22341.163,120
0,22344.711,120
0,22347.559,120
0,22350.553,120
0,22353.588,120
0,22358.066,120
0,22361.986,120
0,22365.090,120
0,22367.950,120
0,22370.849,120
0,22373.766,120
0,22377.450,120
0,22380.368,120
0,22383.395,120
0,22386.516,120
0,22389.675,120
0,22392.678,120
0,22396.378,120
0,22399.318,120
0,22402.428,120
0,22405.479,120
0,22409.047,120
0,22412.096,120
0,22415.082,120
0,22418.040,120
0,22421.162,120
0,22425.255,120
0,22428.417,120
0,22431.373,120
0,22434.631,120
0,22437.661,120
0,22442.309,120
0,22445.852,120
0,22449.009,120
0,22452.109,120
0,22455.255,120
0,22458.876,120
0,22462.192,120
0,22465.257,120
0,22468.307,120
0,22471.282,120
0,22474.807,120
0,22477.919,120
0,22480.898,120
0,22483.471,120
0,22486.563,120
0,22489.708,120
0,22493.151,120
0,22496.282,120
0,22499.405,120
0,22502.428,120
0,22505.092,120
0,22508.554,120
0,22511.851,120
0,22514.821,120
0,22517.830,120
0,22520.789,120
0,22523.885,120
0,22527.011,120
0,22530.009,120
0,22533.390,120
0,22536.038,120
0,22539.130,120
0,22542.189,120
0,22545.576,120
0,22549.089,120
0,22552.555,120
0,22555.661,120
0,22558.686,120
0,22561.865,120
0,22564.923,120
0,22567.892,120
0,22572.790,120
0,22576.874,120
1,22580.502,0
1,22585.552,0
1,22588.660,0
1,22591.727,0
1,22594.721,0
1,22599.081,0
1,22601.951,0
1,22605.298,0
1,22608.620,0
1,22611.904,0
1,22614.772,0
1,22617.777,0
1,22620.774,0
1,22624.494,0
1,22627.489,0
1,22630.456,0
1,22633.350,0
1,22636.574,0
1,22639.618,0
1,22643.119,0
1,22645.954,0
1,22649.323,0
1,22652.290,0
1,22654.930,0
1,22659.142,0
1,22663.223,0
1,22666.157,0
1,22669.119,0
1,22672.103,0
1,22676.559,0
1,22679.440,0
1,22682.398,0
1,22685.397,0
1,22688.471,0
1,22691.907,0
1,22694.956,0
1,22697.965,0
1,22700.872,0
1,22703.845,0
1,22709.408,0
1,22712.305,0
1,22715.298,0
1,22718.321,0
1,22721.234,0
1,22724.161,0
1,22727.861,0
1,22730.821,0
1,22733.684,0
1,22736.666,0
1,22741.128,0
1,22744.111,0
1,22747.003,0
1,22749.977,0
1,22753.116,0
1,22757.714,0
1,22760.766,0
1,22763.703,0
1,22766.687,0
1,22769.674,0
1,22772.710,0
1,22776.220,0
1,22779.148,0
1,22782.207,0
1,22785.412,0
1,22789.017,0
1,22792.207,0
1,22795.319,0
1,22798.397,0
1,22801.347,0
1,22804.284,0
1,22807.239,0
1,22810.176,0
1,22813.181,0
1,22816.302,0
1,22819.337,0
1,22822.268,0
1,22825.173,0
1,22828.310,0
1,22831.769,0
1,22834.929,0
1,22837.949,0
1,22840.881,0
1,22843.869,0
1,22846.794,0
1,22849.757,0
1,22852.925,0
1,22856.180,0
1,22859.106,0
1,22862.170,0
1,22865.334,0
1,22868.537,0
1,22871.532,0
1,22874.443,0
1,22877.666,0
1,22881.227,0
1,22884.445,0
1,22887.352,0
1,22890.279,0
1,22893.400,0
1,22896.768,0
1,22899.805,0
1,22902.800,0
1,22905.735,0
1,22909.535,0
1,22912.378,0
1,22915.281,0
1,22918.136,0
1,22921.107,0
1,22924.609,0
1,22927.782,0
1,22930.865,0
1,22933.827,0
1,22936.780,0
1,22941.490,0
1,22944.710,0
1,22947.559,0
1,22950.472,0
1,22954.023,0
1,22957.122,0
1,22960.642,0
1,22964.485,0
1,22967.434,0
1,22970.482,0
1,22973.509,0
1,22976.077,0
1,22979.128,0
1,22982.094,0
1,22985.075,0
1,22988.020,0
1,22992.818,0
1,22995.662,0
1,22998.645,0
1,23001.496,0
1,23004.425,0
1,23009.178,0
1,23012.264,0
1,23015.097,0
1,23017.967,0
1,23020.865,0
1,23025.505,0
1,23028.453,0
1,23031.215,0
1,23034.215,0
1,23037.525,0
1,23040.661,0
1,23043.861,0
1,23046.769,0
1,23049.708,0
1,23052.655,0
1,23055.584,0
1,23058.516,0
1,23061.491,0
1,23065.379,0
1,23068.397,0
1,23071.283,0
1,23074.170,0
1,23078.225,0
1,23081.070,0
1,23083.875,0
1,23086.756,0
1,23089.797,0
1,23093.420,0
1,23096.264,0
1,23099.293,0
1,23102.252,0
1,23105.423,0
1,23109.028,0
1,23112.043,0
1,23114.984,0
1,23117.885,0
1,23120.904,0
1,23125.055,0
1,23128.019,0
1,23130.795,0
1,23133.640,0
1,23136.800,0
1,23140.717,0
1,23143.810,0
1,23146.688,0
1,23149.729,0
1,23152.727,0
1,23155.883,0
1,23159.136,0
1,23161.946,0
1,23164.810,0
1,23167.764,0
1,23170.274,0
1,23174.396,0
1,23177.331,0
1,23180.181,0
1,23183.038,0
1,23185.994,0
1,23188.983,0
1,23192.364,0
1,23195.250,0
1,23198.166,0
1,23201.016,0
1,23204.037,0
1,23207.724,0
1,23210.685,0
1,23213.590,0
1,23216.626,0
1,23219.593,0
1,23222.096,0
1,23224.627,0
1,23228.644,0
1,23231.483,0
1,23234.331,0
1,23237.444,0
1,23241.059,0
1,23244.066,0
1,23246.933,2
1,23249.917,2
1,23252.864,2
1,23255.980,2
1,23259.303,2
1,23262.346,2
1,23266.168,2
1,23269.338,2
1,23272.440,2
1,23275.626,2
1,23278.638,2
1,23281.406,2
1,23284.284,2
1,23287.053,2
1,23291.179,2
1,23294.150,2
1,23297.106,2
1,23300.066,2
1,23303.025,2
1,23306.207,2
1,23309.587,2
1,23312.466,2
1,23315.657,2
1,23318.855,2
1,23322.173,2
1,23326.157,2
1,23329.065,2
1,23332.025,2
1,23335.162,2
1,23338.191,2
1,23341.996,2
1,23345.025,2
1,23348.088,2
1,23350.976,2
1,23353.948,2
1,23358.089,2
1,23361.148,2
1,23364.080,2
1,23367.026,2
1,23370.004,2
1,23373.972,2
1,23376.883,2
1,23379.726,2
1,23382.629,2
1,23385.694,2
1,23388.631,2
1,23391.814,2
1,23395.249,2
1,23398.030,2
1,23400.901,2
1,23403.890,2
1,23407.860,2
1,23410.795,2
1,23413.739,3
1,23416.625,3
1,23419.616,3
1,23423.892,3
1,23426.939,3
1,23430.086,3
1,23433.170,3
1,23436.405,3
1,23439.524,3
1,23443.041,3
1,23446.069,3
1,23448.909,3
1,23451.934,3
1,23454.960,3
1,23458.702,3
1,23461.843,3
1,23464.793,3
1,23467.725,3
1,23470.749,3
1,23474.537,3
1,23477.630,3
1,23480.543,3
1,23483.373,3
1,23486.566,3
1,23491.061,3
1,23494.117,3
1,23496.976,3
1,23500.085,3
1,23503.387,3
1,23507.718,3
1,23510.724,3
1,23513.590,3
1,23516.592,3
1,23519.534,3
1,23522.646,3
1,23525.902,3
1,23528.900,3
1,23531.708,3
1,23534.603,3
1,23537.678,3
1,23541.573,3
1,23544.630,3
1,23547.506,3
1,23550.419,3
1,23553.505,3
1,23556.174,3
1,23559.277,3
1,23563.272,3
1,23567.211,3
1,23570.227,3
1,23572.868,3
1,23577.050,3
1,23580.042,4
1,23583.050,4
1,23586.021,4
1,23588.962,4
1,23592.573,4
1,23595.418,4
1,23598.350,4
1,23601.247,4
1,23604.364,4
1,23607.124,4
1,23610.165,4
1,23613.659,4
1,23616.618,4
1,23619.620,4
1,23622.808,4
1,23626.011,4
1,23628.620,4
1,23631.473,4
1,23634.310,4
1,23637.564,4
1,23641.036,4
1,23644.018,4
1,23646.805,4
1,23649.654,4
1,23652.543,4
1,23655.704,4
1,23658.847,4
1,23662.051,4
1,23665.008,4
1,23667.943,4
1,23671.028,4
1,23675.847,4
1,23678.707,4
1,23681.607,4
1,23684.480,4
1,23687.380,4
1,23690.660,4
1,23693.846,4
1,23696.719,4
1,23699.599,4
1,23703.022,4
1,23706.326,4
1,23709.838,4
1,23713.427,4
1,23716.368,4
1,23719.360,4
1,23722.261,4
1,23725.307,4
1,23729.001,4
1,23731.838,4
1,23734.814,4
1,23737.731,4
1,23740.684,4
1,23743.882,4
1,23746.772,5
1,23749.745,5
1,23752.627,5
1,23755.385,5
1,23759.422,5
1,23762.433,5
1,23765.335,5
1,23768.204,5
1,23771.166,5
1,23775.889,5
1,23778.983,5
1,23781.862,5
1,23784.833,5
1,23787.875,5
1,23790.957,5
1,23794.076,5
1,23797.182,5
1,23800.106,5
1,23803.369,5
1,23806.508,5
1,23809.778,5
1,23813.037,5
1,23815.985,5
1,23818.934,5
1,23821.961,5
1,23825.150,5
1,23828.237,5
1,23831.037,5
1,23833.939,5
1,23836.891,5
1,23839.882,5
1,23842.839,5
1,23846.452,5
1,23849.473,5
1,23852.378,5
1,23855.345,5
1,23858.775,5
1,23861.946,5
1,23864.896,5
1,23868.593,5
1,23871.572,5
1,23876.050,5
1,23878.893,5
1,23881.887,5
1,23884.778,5
1,23887.879,5
1,23890.774,5
1,23893.893,5
1,23897.376,5
1,23900.342,5
1,23903.496,5
1,23906.768,5
1,23910.095,5
1,23913.077,6
1,23916.017,6
1,23918.886,6
1,23921.443,6
1,23925.556,6
1,23928.671,6
1,23931.615,6
1,23934.488,6
1,23937.454,6
1,23942.229,6
1,23945.356,6
1,23948.336,6
1,23951.221,6
1,23954.445,6
1,23959.020,6
1,23962.006,6
1,23965.019,6
1,23968.065,6
1,23971.011,6
1,23973.994,6
1,23977.478,6
1,23980.654,6
1,23983.685,6
1,23986.676,6
1,23989.760,6
1,23993.586,6
1,23996.460,6
1,23999.430,6
1,24002.357,6
1,24005.413,6
1,24008.583,6
1,24014.519,6
1,24018.903,6
1,24022.055,6
1,24026.419,6
1,24029.311,6
1,24032.128,6
1,24035.114,6
1,24037.692,6
1,24042.104,6
1,24045.310,6
1,24048.305,6
1,24051.170,6
1,24054.207,6
1,24057.106,6
1,24060.135,6
1,24063.906,6
1,24066.822,6
1,24069.830,6
1,24072.825,6
1,24076.236,6
1,24079.190,7
1,24082.115,7
1,24085.146,7
1,24088.145,7
1,24091.210,7
1,24094.613,7
1,24097.535,7
1,24100.388,7
1,24103.390,7
1,24106.018,7
1,24110.030,7
1,24112.877,7
1,24115.901,7
1,24118.858,7
1,24121.834,7
1,24125.189,7
1,24128.509,7
1,24131.348,7
1,24134.262,7
1,24137.169,7
1,24140.185,7
1,24143.792,7
1,24146.601,7
1,24149.445,7
1,24152.326,7
1,24154.963,7
1,24159.242,7
1,24162.074,7
1,24165.017,7
1,24167.899,7
1,24171.733,7
1,24175.217,7
1,24178.175,7
1,24180.935,7
1,24183.892,7
1,24186.992,7
1,24189.959,7
1,24193.015,7
1,24196.076,7
1,24199.192,7
1,24202.077,7
1,24205.037,7
1,24207.988,7
1,24211.039,7
1,24213.936,7
1,24216.999,7
1,24219.917,7
1,24222.819,7
1,24225.703,7
1,24228.686,7
1,24231.825,7
1,24234.451,7
1,24237.664,7
1,24240.646,7
1,24243.590,7
1,24246.477,8
1,24249.426,8
1,24253.033,8
1,24256.368,8
1,24259.277,8
1,24262.321,8
1,24265.415,8
1,24268.461,8
1,24271.514,8
1,24274.712,8
1,24277.762,8
1,24280.766,8
1,24283.970,8
1,24287.063,8
1,24290.244,8
1,24293.568,8
1,24296.340,8
1,24299.403,8
1,24302.449,8
1,24306.111,8
1,24309.036,8
1,24311.569,8
1,24314.609,8
1,24317.976,8
1,24321.034,8
1,24324.033,8
1,24328.845,8
1,24331.706,8
1,24334.648,8
1,24338.044,8
1,24341.551,8
1,24344.607,8
1,24347.480,8
1,24350.343,8
1,24353.301,8
1,24356.334,8
1,24359.745,8
1,24362.622,8
1,24365.578,8
1,24368.555,8
1,24371.322,8
1,24375.505,8
1,24378.726,8
1,24381.724,8
1,24384.627,8
1,24387.546,8
1,24390.436,8
1,24393.404,8
1,24397.214,8
1,24400.168,8
1,24403.191,8
1,24406.192,8
1,24410.291,8
1,24413.187,9
1,24416.068,9
1,24419.056,9
1,24422.084,9
1,24425.550,9
1,24428.749,9
1,24431.652,9
1,24434.499,9
1,24437.385,9
1,24440.431,9
1,24443.895,9
1,24446.777,9
1,24449.733,9
1,24452.680,9
1,24455.762,9
1,24459.519,9
1,24462.433,9
1,24465.414,9
1,24468.371,9
1,24471.272,9
1,24475.879,9
1,24478.739,9
1,24481.717,9
1,24484.662,9
1,24487.614,9
1,24490.728,9
1,24494.132,9
1,24497.029,9
1,24500.110,9
1,24504.383,9
1,24508.405,9
1,24511.491,9
1,24514.428,9
1,24517.273,9
1,24520.149,9
1,24523.115,9
1,24526.595,9
1,24529.462,9
1,24532.424,9
1,24535.538,9
1,24538.840,9
1,24542.460,9
1,24545.610,9
1,24548.540,9
1,24551.737,9
1,24554.717,9
1,24557.715,9
1,24562.075,9
1,24565.440,9
1,24568.539,9
1,24571.600,9
1,24575.686,9
1,24578.872,10
1,24581.827,10
1,24584.772,10
1,24587.334,10
1,24590.409,10
1,24593.805,10
1,24596.817,10
1,24599.752,10
1,24602.859,10
1,24605.899,10
1,24609.532,10
1,24612.436,10
1,24615.380,10
1,24618.358,10
1,24620.955,10
1,24625.593,10
1,24628.185,10
1,24631.098,10
1,24633.985,10
1,24637.002,10
1,24640.172,10
1,24643.680,10
1,24646.688,10
1,24649.610,10
1,24652.648,10
1,24655.729,10
1,24659.408,10
1,24662.428,10
1,24665.376,10
1,24668.479,10
1,24671.383,10
1,24675.551,10
1,24678.992,10
1,24681.992,10
1,24685.066,10
1,24688.082,10
1,24692.187,10
1,24695.390,10
1,24698.327,10
1,24701.266,10
1,24704.267,10
1,24707.375,10
1,24710.710,10
1,24713.977,10
1,24716.931,10
1,24720.097,10
1,24723.172,10
1,24726.247,10
1,24729.945,10
1,24733.072,10
1,24736.008,10
1,24739.138,10
1,24742.714,10
1,24745.611,11
1,24748.709,11
1,24751.763,11
1,24754.682,11
1,24759.357,11
1,24762.213,11
1,24765.207,11
1,24768.159,11
1,24771.223,11
1,24775.790,11
1,24779.505,11
1,24782.927,11
1,24786.090,11
1,24789.206,11
1,24792.668,11
1,24795.555,11
1,24798.482,11
1,24801.495,11
1,24804.458,11
1,24809.030,11
1,24812.067,11
1,24815.051,11
1,24817.931,11
1,24821.266,11
1,24825.840,11
1,24828.717,11
1,24831.679,11
1,24834.623,11
1,24837.635,11
1,24842.213,11
1,24845.407,11
1,24848.451,11
1,24851.438,11
1,24854.412,11
1,24857.863,11
1,24861.108,11
1,24864.098,11
1,24867.006,11
1,24869.574,11
1,24872.699,11
1,24876.029,11
1,24879.234,11
1,24883.222,11
1,24887.104,11
1,24890.220,11
1,24893.051,11
1,24897.030,11
1,24900.044,11
1,24903.118,11
1,24905.854,11
1,24910.236,11
1,24913.200,12
1,24916.097,12
1,24919.118,12
1,24922.096,12
1,24925.759,12
1,24928.794,12
1,24931.750,12
1,24934.727,12
1,24937.740,12
1,24942.500,12
1,24945.374,12
1,24948.351,12
1,24951.297,12
1,24954.518,12
1,24957.595,12
1,24961.109,12
1,24963.959,12
1,24966.863,12
1,24969.797,12
1,24973.019,12
1,24976.189,12
1,24979.028,12
1,24981.905,12
1,24984.828,12
1,24987.574,12
1,24991.964,12
1,24995.101,12
1,24998.153,12
1,25001.210,12
1,25004.153,12
1,25008.839,12
1,25012.033,12
1,25014.940,12
1,25017.903,12
1,25021.062,12
1,25025.246,12
1,25028.365,12
1,25031.294,12
1,25034.301,12
1,25037.300,12
1,25041.231,12
1,25044.204,12
1,25047.048,12
1,25049.968,12
1,25053.224,12
1,25056.324,12
1,25059.308,12
1,25063.114,12
1,25065.999,12
1,25069.050,12
1,25072.114,12
1,25075.209,12
1,25078.425,12
1,25082.221,13
1,25085.214,13
1,25088.283,13
1,25092.859,13
1,25095.764,13
1,25098.689,13
1,25101.679,13
1,25104.585,13
1,25107.680,13
1,25110.818,13
1,25113.747,13
1,25116.628,13
1,25119.531,13
1,25122.527,13
1,25125.944,13
1,25128.766,13
1,25131.871,13
1,25134.867,13
1,25137.830,13
1,25142.318,13
1,25145.283,13
1,25148.179,13
1,25151.118,13
1,25153.996,13
1,25157.023,13
1,25160.200,13
1,25163.239,13
1,25166.123,13
1,25169.005,13
1,25171.841,13
1,25175.646,13
1,25178.622,13
1,25181.618,13
1,25184.563,13
1,25187.539,13
1,25192.040,13
1,25195.241,13
1,25198.072,13
1,25201.056,13
1,25203.534,13
1,25207.954,13
1,25210.889,13
1,25213.893,13
1,25216.764,13
1,25219.779,13
1,25222.919,13
1,25225.825,13
1,25229.440,13
1,25232.255,13
1,25235.284,13
1,25238.239,13
1,25242.026,13
1,25245.057,13
1,25247.982,14
1,25250.880,14
1,25254.014,14
1,25257.118,14
1,25260.426,14
1,25263.334,14
1,25266.376,14
1,25269.366,14
1,25272.416,14
1,25275.265,14
1,25278.434,14
1,25281.215,14
1,25284.059,14
1,25286.936,14
1,25290.055,14
1,25293.334,14
1,25296.224,14
1,25299.266,14
1,25302.145,14
1,25305.095,14
1,25309.101,14
1,25312.024,14
1,25314.941,14
1,25317.820,14
1,25320.348,14
1,25323.546,14
1,25326.763,14
1,25329.560,14
1,25332.545,14
1,25335.526,14
1,25338.601,14
1,25342.221,14
1,25345.418,14
1,25348.583,14
1,25351.632,14
1,25354.604,14
1,25358.408,14
1,25361.413,14
1,25364.283,14
1,25367.248,14
1,25370.226,14
1,25373.423,14
1,25376.708,14
1,25379.724,14
1,25383.372,14
1,25386.593,14
1,25389.767,14
1,25393.015,14
1,25396.127,14
1,25399.064,14
1,25402.043,14
1,25405.084,14
1,25407.853,14
1,25410.838,14
1,25413.801,15
1,25416.639,15
1,25419.578,15
1,25422.831,15
1,25426.019,15
1,25428.970,15
1,25431.980,15
1,25435.053,15
1,25438.139,15
1,25441.781,15
1,25444.841,15
1,25447.700,15
1,25450.612,15
1,25453.648,15
1,25456.615,15
1,25460.145,15
1,25463.089,15
1,25466.086,15
1,25469.095,15
1,25471.736,15
1,25475.494,15
1,25478.698,15
1,25481.607,15
1,25484.467,15
1,25487.394,15
1,25490.736,15
1,25493.749,15
1,25496.607,15
1,25499.709,15
1,25502.829,15
1,25507.632,15
1,25510.671,15
1,25513.626,15
1,25516.628,15
1,25519.836,15
1,25524.559,15
1,25527.617,15
1,25530.464,15
1,25533.068,15
1,25536.149,15
1,25540.802,15
1,25543.836,15
1,25546.765,15
1,25549.671,15
1,25552.646,15
1,25555.572,15
1,25558.479,15
1,25562.984,15
1,25565.913,15
1,25568.887,15
1,25572.091,15
1,25575.640,15
1,25578.743,16
1,25581.666,16
1,25584.661,16
1,25587.624,16
1,25591.146,16
1,25594.113,16
1,25597.047,16
1,25600.111,16
1,25603.110,16
1,25606.228,16
1,25609.533,16
1,25612.358,16
1,25615.303,16
1,25618.238,16
1,25621.114,16
1,25624.594,16
1,25627.597,16
1,25630.533,16
1,25633.421,16
1,25636.642,16
1,25639.596,16
1,25643.009,16
1,25645.715,16
1,25648.602,16
1,25651.468,16
1,25654.443,16
1,25657.740,16
1,25660.699,16
1,25663.791,16
1,25666.621,16
1,25669.528,16
1,25673.965,16
1,25676.920,16
1,25679.825,16
1,25682.853,16
1,25687.721,16
1,25691.271,16
1,25694.546,16
1,25697.548,16
1,25700.477,16
1,25703.383,16
1,25706.487,16
1,25709.819,16
1,25712.645,16
1,25715.559,16
1,25718.397,16
1,25721.325,16
1,25724.288,16
1,25727.275,16
1,25730.477,16
1,25733.644,16
1,25736.761,16
1,25739.909,16
1,25742.942,16
1,25746.125,17
1,25749.288,17
1,25752.292,17
1,25754.869,17
1,25757.827,17
1,25761.001,17
1,25764.153,17
1,25767.247,17
1,25770.331,17
1,25773.298,17
1,25776.107,17
1,25779.670,17
1,25782.926,17
1,25785.920,17
1,25788.898,17
1,25791.894,17
1,25795.111,17
1,25798.397,17
1,25801.736,17
1,25804.897,17
1,25807.863,17
1,25811.115,17
1,25814.308,17
1,25817.301,17
1,25820.208,17
1,25823.118,17
1,25826.135,17
1,25829.203,17
1,25832.233,17
1,25835.417,17
1,25838.378,17
1,25841.358,17
1,25844.501,17
1,25847.695,17
1,25850.772,17
1,25853.787,17
1,25856.821,17
1,25859.766,17
1,25862.589,17
1,25865.671,17
1,25868.868,17
1,25872.158,17
1,25875.292,17
1,25878.552,17
1,25882.298,17
1,25885.858,17
1,25888.918,17
1,25891.817,17
1,25894.922,17
1,25899.042,17
1,25902.112,17
1,25905.199,17
1,25908.723,17
1,25912.142,17
1,25915.042,18
1,25918.052,18
1,25921.426,18
1,25925.576,18
1,25928.683,18
1,25931.616,18
1,25934.545,18
1,25937.003,18
1,25941.338,18
1,25944.384,18
1,25947.346,18
1,25950.240,18
1,25953.098,18
1,25957.524,18
1,25960.467,18
1,25963.338,18
1,25966.271,18
1,25969.221,18
1,25972.287,18
1,25975.891,18
1,25978.784,18
1,25981.667,18
1,25984.626,18
1,25987.975,18
1,25991.974,18
1,25995.001,18
1,25997.862,18
1,26000.752,18
1,26003.926,18
1,26007.823,18
1,26010.805,18
1,26013.667,18
1,26016.636,18
1,26019.695,18
1,26022.799,18
1,26025.958,18
1,26028.746,18
1,26031.698,18
1,26034.575,18
1,26037.451,18
1,26041.568,18
1,26044.633,18
1,26047.460,18
1,26050.288,18
1,26053.462,18
1,26056.452,18
1,26060.524,18
1,26063.421,18
1,26066.293,18
1,26069.496,18
1,26072.495,18
1,26075.886,18
1,26078.732,19
1,26081.589,19
1,26084.522,19
1,26087.478,19
1,26090.526,19
1,26093.523,19
1,26096.478,19
1,26099.337,19
1,26102.308,19
1,26105.249,19
1,26109.397,19
1,26112.434,19
1,26115.459,19
1,26118.474,19
1,26121.414,19
1,26124.401,19
1,26127.045,19
1,26130.671,19
1,26133.585,19
1,26136.627,19
1,26139.633,19
1,26142.856,19
1,26146.250,19
1,26149.463,19
1,26152.418,19
1,26155.475,19
1,26158.474,19
1,26161.481,19
1,26165.286,19
1,26168.329,19
1,26171.280,19
1,26174.301,19
1,26177.540,19
1,26180.467,19
1,26183.374,19
1,26186.600,19
1,26189.697,19
1,26193.073,19
1,26195.979,19
1,26198.825,19
1,26201.724,19
1,26204.559,19
1,26209.050,19
1,26212.209,19
1,26215.214,19
1,26218.278,19
1,26221.171,19
1,26224.134,19
1,26227.150,19
1,26230.209,19
1,26233.866,19
1,26236.872,19
1,26240.003,19
1,26242.989,19
1,26247.082,19
1,26250.036,20
1,26252.939,20
1,26255.499,20
1,26259.585,20
1,26262.432,20
1,26265.286,20
1,26268.136,20
1,26271.115,20
1,26274.044,20
1,26277.131,20
1,26280.073,20
1,26283.033,20
1,26285.994,20
1,26289.962,20
1,26293.940,20
1,26297.060,20
1,26300.053,20
1,26303.108,20
1,26306.047,20
1,26309.184,20
1,26312.185,20
1,26315.529,20
1,26318.559,20
1,26321.490,20
1,26324.432,20
1,26327.521,20
1,26330.510,20
1,26333.594,20
1,26336.584,20
1,26339.567,20
1,26342.495,20
1,26345.373,20
1,26348.443,20
1,26351.575,20
1,26354.458,20
1,26357.338,20
1,26360.203,20
1,26363.362,20
1,26366.443,20
1,26369.629,20
1,26372.520,20
1,26375.478,20
1,26378.608,20
1,26382.412,20
1,26385.516,20
1,26388.462,20
1,26391.661,20
1,26394.845,20
1,26398.338,20
1,26401.392,20
1,26404.275,20
1,26407.235,20
1,26410.907,20
1,26413.877,21
1,26416.728,21
1,26419.746,21
1,26422.762,21
1,26426.540,21
1,26429.379,21
1,26432.385,21
1,26435.432,21
1,26438.614,21
1,26441.762,21
1,26445.138,21
1,26448.063,21
1,26451.020,21
1,26453.629,21
1,26456.149,21
1,26459.243,21
1,26462.464,21
1,26466.126,21
1,26468.862,21
1,26471.935,21
1,26475.091,21
1,26479.621,21
1,26482.135,21
1,26484.851,21
1,26488.239,21
1,26491.811,21
1,26494.660,21
1,26499.126,21
1,26503.178,21
1,26507.290,21
1,26510.633,21
1,26513.520,21
1,26516.561,21
1,26519.457,21
1,26522.742,21
1,26526.045,21
1,26529.824,21
1,26533.763,21
1,26536.519,21
1,26539.159,21
1,26542.199,21
1,26545.537,21
1,26548.325,21
1,26552.120,21
1,26555.342,21
1,26558.309,21
1,26561.381,21
1,26564.309,21
1,26567.349,21
1,26570.593,21
1,26573.918,21
1,26577.165,21
1,26581.244,21
1,26584.132,21
1,26587.414,21
1,26591.852,21
1,26594.984,21
1,26599.930,22
1,26602.991,22
1,26606.045,22
1,26609.049,22
1,26612.169,22
1,26616.217,22
1,26619.376,22
1,26622.592,22
1,26625.127,22
1,26627.858,22
1,26630.986,22
1,26634.056,22
1,26637.047,22
1,26640.229,22
1,26643.305,22
1,26646.704,22
1,26649.727,22
1,26652.914,22
1,26655.594,22
1,26659.122,22
1,26662.087,22
1,26664.715,22
1,26667.316,22
1,26670.566,22
1,26673.805,22
1,26676.852,22
1,26679.961,22
1,26682.940,22
1,26685.903,22
1,26688.921,22
1,26692.024,22
1,26696.698,22
1,26699.704,22
1,26702.737,22
1,26705.777,22
1,26709.252,22
1,26712.138,22
1,26715.113,22
1,26718.369,22
1,26721.378,22
1,26724.266,22
1,26727.249,22
1,26730.554,22
1,26733.567,22
1,26737.816,22
1,26741.886,22
1,26745.167,22
1,26748.803,22
1,26751.704,23
1,26754.915,23
1,26757.916,23
1,26761.870,23
1,26764.803,23
1,26767.899,23
1,26770.875,23
1,26773.960,23
1,26777.671,23
1,26780.658,23
1,26784.568,23
1,26787.785,23
1,26790.985,23
1,26794.529,23
1,26797.368,23
1,26800.120,23
1,26803.422,23
1,26806.713,23
1,26810.402,23
1,26814.437,23
1,26817.391,23
1,26820.988,23
1,26825.433,23
1,26828.651,23
1,26831.567,23
1,26834.469,23
1,26837.424,23
1,26840.525,23
1,26843.382,23
1,26846.248,23
1,26849.268,23
1,26852.280,23
1,26855.333,23
1,26859.213,23
1,26862.100,23
1,26865.087,23
1,26868.084,23
1,26871.168,23
1,26874.341,23
1,26877.680,23
1,26880.589,23
1,26883.511,23
1,26887.090,23
1,26890.192,23
1,26894.286,23
1,26898.381,23
1,26901.419,23
1,26904.380,23
1,26907.357,23
1,26911.101,23
1,26913.907,24
1,26916.848,24
1,26919.855,24
1,26923.083,24
1,26926.620,24
1,26929.686,24
1,26932.714,24
1,26935.826,24
1,26938.911,24
1,26942.902,24
1,26945.810,24
1,26948.767,24
1,26951.651,24
1,26954.974,24
1,26958.543,24
1,26961.608,24
1,26964.435,24
1,26967.416,24
1,26970.384,24
1,26973.444,24
1,26977.302,24
1,26980.278,24
1,26983.308,24
1,26986.290,24
1,26989.340,24
1,26992.886,24
1,26995.755,24
1,26998.701,24
1,27001.646,24
1,27005.085,24
1,27009.747,24
1,27012.634,24
1,27015.602,24
1,27018.582,24
1,27021.569,24
1,27025.919,24
1,27028.876,24
1,27031.829,24
1,27034.777,24
1,27037.736,24
1,27040.817,24
1,27044.078,24
1,27046.968,24
1,27049.904,24
1,27052.789,24
1,27055.803,24
1,27058.746,24
1,27062.519,24
1,27065.519,24
1,27068.596,24
1,27071.576,24
1,27074.750,24
1,27077.679,24
1,27080.578,25
1,27083.479,25
1,27086.475,25
1,27089.503,25
1,27092.576,25
1,27096.131,25
1,27099.037,25
1,27102.013,25
1,27105.447,25
1,27108.552,25
1,27111.685,25
1,27114.688,25
1,27117.593,25
1,27120.740,25
1,27123.808,25
1,27127.419,25
1,27130.584,25
1,27133.459,25
1,27136.929,25
1,27140.257,25
1,27143.446,25
1,27146.487,25
1,27149.674,25
1,27152.655,25
1,27155.661,25
1,27158.987,25
1,27162.690,25
1,27165.857,25
1,27168.834,25
1,27171.758,25
1,27175.029,25
1,27178.257,25
1,27181.225,25
1,27184.382,25
1,27187.349,25
1,27190.275,25
1,27193.349,25
1,27197.569,25
1,27200.853,25
1,27204.210,25
1,27207.393,25
1,27210.420,25
1,27213.311,25
1,27216.653,25
1,27219.945,25
1,27223.080,25
1,27226.104,25
1,27229.056,25
1,27232.001,25
1,27235.216,25
1,27238.369,25
1,27241.634,25
1,27244.781,25
1,27247.729,26
1,27250.693,26
1,27253.797,26
1,27256.982,26
1,27260.285,26
1,27263.324,26
1,27266.321,26
1,27269.202,26
1,27273.450,26
1,27276.575,26
1,27279.743,26
1,27282.912,26
1,27286.055,26
1,27289.051,26
1,27292.209,26
1,27295.535,26
1,27298.464,26
1,27301.438,26
1,27304.498,26
1,27307.217,26
1,27310.442,26
1,27313.371,26
1,27316.313,26
1,27319.213,26
1,27322.305,26
1,27325.423,26
1,27328.568,26
1,27331.526,26
1,27334.472,26
1,27337.560,26
1,27340.700,26
1,27343.989,26
1,27346.880,26
1,27349.982,26
1,27353.183,26
1,27356.364,26
1,27359.513,26
1,27362.551,26
1,27365.597,26
1,27368.635,26
1,27371.898,26
1,27375.494,26
1,27378.895,26
1,27381.714,26
1,27384.241,26
1,27387.392,26
1,27390.971,26
1,27393.561,26
1,27396.557,26
1,27399.481,26
1,27402.485,26
1,27405.082,26
1,27409.157,26
1,27412.439,26
1,27415.467,26
1,27418.604,26
1,27422.024,26
1,27425.128,26
1,27428.104,26
1,27430.879,27
1,27434.704,27
1,27438.146,27
1,27441.134,27
1,27444.083,27
1,27447.108,27
1,27450.878,27
1,27453.921,27
1,27456.878,27
1,27459.926,27
1,27462.855,27
1,27466.211,27
1,27469.381,27
1,27472.366,27
1,27475.294,27
1,27478.548,27
1,27482.818,27
1,27485.908,27
1,27488.867,27
1,27491.846,27
1,27494.808,27
1,27498.674,27
1,27502.252,27
1,27505.608,27
1,27508.640,27
1,27511.811,27
1,27515.357,27
1,27518.364,27
1,27521.329,27
1,27524.604,27
1,27527.483,27
1,27530.414,27
1,27533.539,27
1,27536.960,27
1,27540.359,27
1,27543.883,27
1,27547.257,27
1,27550.914,27
1,27555.229,27
1,27558.301,27
1,27561.383,27
1,27564.298,27
1,27567.671,27
1,27571.054,27
1,27574.114,27
1,27577.054,27
1,27580.074,27
1,27583.610,27
1,27586.701,27
1,27589.691,27
1,27592.706,27
1,27595.646,29
1,27599.722,29
1,27602.781,29
1,27605.852,29
1,27608.961,29
1,27611.881,29
1,27614.706,29
1,27618.399,29
1,27621.411,29
1,27624.400,29
1,27627.350,29
1,27630.292,29
1,27633.708,29
1,27636.941,29
1,27640.046,29
1,27643.204,29
1,27646.140,29
1,27649.620,29
1,27652.721,29
1,27655.752,29
1,27658.787,29
1,27661.828,29
1,27666.210,29
1,27669.322,29
1,27672.342,29
1,27675.332,29
1,27678.476,29
1,27682.374,29
1,27684.898,29
1,27687.979,29
1,27690.892,29
1,27693.865,29
1,27696.964,29
1,27700.927,29
1,27704.143,29
1,27707.166,29
1,27710.092,29
1,27713.001,29
1,27716.421,29
1,27719.568,29
1,27722.534,29
1,27725.479,29
1,27728.426,29
1,27731.471,29
1,27734.778,29
1,27737.919,29
1,27740.871,29
1,27743.772,29
1,27746.714,29
1,27750.288,29
1,27753.686,29
1,27756.719,29
1,27759.575,29
1,27762.556,30
1,27766.374,30
1,27769.492,30
1,27772.465,30
1,27775.531,30
1,27778.721,30
1,27783.935,30
1,27787.174,30
1,27790.238,30
1,27792.962,30
1,27795.874,30
1,27799.809,30
1,27802.823,30
1,27805.845,30
1,27808.841,30
1,27812.258,30
1,27816.523,30
1,27819.529,30
1,27822.463,30
1,27825.378,30
1,27828.399,30
1,27832.738,30
1,27835.838,30
1,27838.890,30
1,27842.111,30
1,27845.544,30
1,27849.688,30
1,27852.768,30
1,27855.708,30
1,27858.683,30
1,27861.949,30
1,27866.318,30
1,27869.491,30
1,27872.603,30
1,27875.649,30
1,27878.937,30
1,27882.899,30
1,27886.025,30
1,27888.937,30
1,27892.165,30
1,27895.300,30
1,27899.905,30
1,27902.907,30
1,27905.947,30
1,27908.855,30
1,27911.956,30
1,27916.386,30
1,27919.539,30
1,27922.566,30
1,27925.504,30
1,27928.561,30
1,27931.536,31
1,27934.899,31
1,27937.932,31
1,27940.913,31
1,27943.793,31
1,27946.648,31
1,27950.878,31
1,27953.865,31
1,27956.831,31
1,27959.807,31
1,27962.659,31
1,27966.849,31
1,27970.062,31
1,27973.020,31
1,27975.959,31
1,27978.956,31
1,27981.723,31
1,27984.947,31
1,27988.095,31
1,27990.978,31
1,27993.928,31
1,27996.816,31
1,28000.218,31
1,28003.206,31
1,28006.258,31
1,28009.307,31
1,28012.235,31
1,28016.647,31
1,28019.762,31
1,28022.734,31
1,28025.670,31
1,28028.727,31
1,28032.573,31
1,28035.608,31
1,28038.614,31
1,28041.647,31
1,28044.595,31
1,28047.459,31
1,28051.251,31
1,28054.246,31
1,28057.180,31
1,28060.093,31
1,28063.029,31
1,28066.430,31
1,28069.392,31
1,28072.385,31
1,28075.361,31
1,28078.018,31
1,28081.173,31
1,28084.471,31
1,28087.656,31
1,28090.647,31
1,28093.556,31
1,28096.539,32
1,28100.194,32
1,28104.608,32
1,28107.596,32
1,28110.567,32
1,28113.503,32
1,28117.169,32
1,28120.206,32
1,28123.310,32
1,28126.381,32
1,28129.328,32
1,28133.229,32
1,28136.240,32
1,28139.178,32
1,28142.167,32
1,28145.171,32
1,28148.106,32
1,28151.532,32
1,28154.532,32
1,28157.440,32
1,28160.345,32
1,28163.305,32
1,28166.807,32
1,28169.824,32
1,28172.799,32
1,28175.709,32
1,28178.658,32
1,28183.466,32
1,28186.496,32
1,28189.449,32
1,28192.393,32
1,28195.876,32
1,28200.203,32
1,28203.407,32
1,28206.433,32
1,28209.323,32
1,28212.219,32
1,28215.411,32
1,28218.558,32
1,28221.606,32
1,28224.678,32
1,28227.668,32
1,28230.527,32
1,28234.575,32
1,28237.520,32
1,28240.563,32
1,28243.549,32
1,28246.440,32
1,28250.194,32
1,28253.242,32
1,28256.257,32
1,28259.205,32
1,28262.060,33
1,28266.803,33
1,28269.916,33
1,28272.921,33
1,28275.828,33
1,28278.882,33
1,28282.014,33
1,28285.207,33
1,28288.203,33
1,28291.146,33
1,28294.090,33
1,28297.058,33
1,28300.826,33
1,28303.799,33
1,28306.756,33
1,28309.870,33
1,28312.228,33
1,28315.438,33
1,28318.579,33
1,28321.597,33
1,28324.669,33
1,28327.684,33
1,28330.793,33
1,28334.143,33
1,28337.154,33
1,28340.172,33
1,28343.259,33
1,28345.714,33
1,28350.364,33
1,28353.393,33
1,28356.356,33
1,28359.335,33
1,28362.178,33
1,28366.611,33
1,28369.710,33
1,28372.884,33
1,28375.780,33
1,28378.992,33
1,28383.372,33
1,28386.633,33
1,28389.689,33
1,28392.725,33
1,28395.329,33
1,28398.477,33
1,28401.736,33
1,28405.456,33
1,28408.780,33
1,28411.309,33
1,28414.176,33
1,28417.602,33
1,28420.765,33
1,28423.794,33
1,28426.760,33
1,28429.641,34
1,28433.492,34
1,28436.584,34
1,28439.539,34
1,28442.502,34
1,28445.510,34
1,28448.624,34
1,28451.738,34
1,28454.702,34
1,28457.637,34
1,28460.547,34
1,28463.049,34
1,28467.060,34
1,28470.043,34
1,28473.002,34
1,28476.040,34
1,28478.942,34
1,28481.997,34
1,28485.386,34
1,28488.537,34
1,28491.788,34
1,28494.725,34
1,28497.578,34
1,28501.642,34
1,28504.742,34
1,28507.651,34
1,28510.577,34
1,28513.478,34
1,28517.276,34
1,28520.434,34
1,28523.367,34
1,28526.367,34
1,28529.288,34
1,28533.811,34
1,28537.228,34
1,28540.317,34
1,28543.368,34
1,28546.213,34
1,28551.131,34
1,28555.332,34
1,28558.591,34
1,28561.548,34
1,28563.962,34
1,28568.302,34
1,28571.345,34
1,28574.367,34
1,28577.331,34
1,28580.309,34
1,28583.940,34
1,28586.974,34
1,28589.979,34
1,28593.007,34
1,28595.882,35
1,28600.070,35
1,28603.401,35
1,28606.437,35
1,28609.422,35
1,28612.267,35
1,28615.121,35
1,28618.659,35
1,28621.609,35
1,28624.520,35
1,28627.393,35
1,28630.428,35
1,28633.794,35
1,28636.721,35
1,28639.765,35
1,28642.729,35
1,28645.569,35
1,28650.229,35
1,28652.886,35
1,28655.954,35
1,28658.969,35
1,28661.904,35
1,28665.192,35
1,28668.394,35
1,28671.480,35
1,28674.536,35
1,28677.414,35
1,28679.965,35
1,28683.620,35
1,28686.895,35
1,28689.850,35
1,28692.818,35
1,28695.757,35
1,28700.463,35
1,28703.849,35
1,28707.539,35
1,28710.644,35
1,28713.294,35
1,28717.482,35
1,28720.785,35
1,28723.718,35
1,28726.267,35
1,28729.127,35
1,28732.227,35
1,28735.624,35
1,28738.666,35
1,28741.715,35
1,28744.725,35
1,28747.672,35
1,28751.541,35
1,28754.545,35
1,28757.475,35
1,28760.415,35
1,28762.943,36
1,28767.305,36
1,28770.258,36
1,28773.387,36
1,28776.630,36
1,28779.272,36
1,28783.653,36
1,28786.750,36
1,28789.878,36
1,28793.150,36
1,28796.002,36
1,28800.663,36
1,28803.627,36
1,28806.584,36
1,28809.599,36
1,28812.520,36
1,28816.849,36
1,28820.044,36
1,28822.981,36
1,28825.880,36
1,28828.724,36
1,28831.788,36
1,28834.999,36
1,28838.001,36
1,28840.882,36
1,28843.459,36
1,28846.333,36
1,28850.923,36
1,28853.947,36
1,28856.886,36
1,28859.918,36
1,28862.992,36
1,28866.568,36
1,28869.260,36
1,28872.361,36
1,28875.274,36
1,28878.128,36
1,28880.991,36
1,28885.093,36
1,28888.120,36
1,28891.446,36
1,28894.440,36
1,28897.499,36
1,28900.430,36
1,28903.974,36
1,28906.957,36
1,28909.956,36
1,28912.888,36
1,28917.124,36
1,28920.561,36
1,28923.454,36
1,28926.407,36
1,28929.218,37
1,28933.855,37
1,28937.127,37
1,28940.162,37
1,28943.099,37
1,28945.951,37
1,28950.146,37
1,28953.308,37
1,28956.373,37
1,28959.283,37
1,28962.101,37
1,28964.873,37
1,28968.534,37
1,28971.510,37
1,28974.486,37
1,28977.338,37
1,28980.225,37
1,28984.403,37
1,28987.361,37
1,28990.210,37
1,28993.324,37
1,28995.621,37
1,29000.141,37
1,29002.679,37
1,29005.653,37
1,29009.464,37
1,29012.365,37
1,29016.868,37
1,29019.944,37
1,29023.107,37
1,29026.065,37
1,29028.911,37
1,29033.861,37
1,29037.061,37
1,29039.971,37
1,29043.012,37
1,29045.957,37
1,29050.676,37
1,29053.789,37
1,29056.697,37
1,29059.684,37
1,29062.491,37
1,29066.902,37
1,29070.027,37
1,29072.993,37
1,29075.927,37
1,29078.881,37
1,29082.073,37
1,29085.437,37
1,29088.430,37
1,29091.399,37
1,29094.496,37
1,29097.338,38
1,29101.032,38
1,29104.033,38
1,29106.920,38
1,29109.934,38
1,29112.841,38
1,29116.368,38
1,29119.377,38
1,29122.356,38
1,29125.182,38
1,29128.178,38
1,29131.008,38
1,29134.447,38
1,29137.495,38
1,29140.450,38
1,29143.335,38
1,29146.259,38
1,29149.700,38
1,29152.789,38
1,29155.838,38
1,29158.773,38
1,29161.800,38
1,29166.236,38
1,29169.245,38
1,29172.162,38
1,29175.205,38
1,29178.209,38
1,29181.134,38
1,29184.672,38
1,29188.109,38
1,29191.117,38
1,29194.001,38
1,29197.038,38
1,29200.540,38
1,29203.212,38
1,29206.293,38
1,29209.262,38
1,29212.368,38
1,29216.760,38
1,29219.824,38
1,29222.909,38
1,29225.844,38
1,29228.959,38
1,29233.098,38
1,29236.123,38
1,29239.213,38
1,29242.114,38
1,29245.168,38
1,29249.696,38
1,29252.764,38
1,29255.939,38
1,29258.902,38
1,29262.174,39
1,29266.504,39
1,29269.542,39
1,29272.500,39
1,29275.460,39
1,29278.381,39
1,29281.301,39
1,29284.688,39
1,29287.715,39
1,29290.614,39
1,29293.488,39
1,29296.071,39
1,29299.901,39
1,29303.023,39
1,29305.937,39
1,29308.889,39
1,29312.678,39
1,29316.195,39
1,29319.208,39
1,29322.186,39
1,29325.135,39
1,29328.069,39
1,29331.011,39
1,29334.723,39
1,29337.716,39
1,29340.773,39
1,29343.288,39
1,29346.174,39
1,29350.547,39
1,29353.942,39
1,29356.981,39
1,29359.951,39
1,29363.079,39
1,29366.351,39
1,29369.375,39
1,29372.329,39
1,29375.247,39
1,29378.146,39
1,29381.138,39
1,29384.490,39
1,29387.529,39
1,29390.519,39
1,29393.494,39
1,29396.565,39
1,29400.205,39
1,29403.676,39
1,29406.829,39
1,29409.831,39
1,29412.691,39
1,29416.229,39
1,29419.403,39
1,29422.360,39
1,29425.291,39
1,29428.437,39
1,29432.773,40
1,29436.004,40
1,29439.039,40
1,29441.997,40
1,29445.242,40
1,29449.770,40
1,29452.847,40
1,29455.841,40
1,29458.873,40
1,29462.060,40
1,29466.785,40
1,29470.005,40
1,29472.970,40
1,29475.869,40
1,29478.916,40
1,29482.302,40
1,29485.666,40
1,29488.775,40
1,29491.815,40
1,29494.803,40
1,29497.672,40
1,29501.103,40
1,29504.303,40
1,29507.262,40
1,29510.193,40
1,29514.687,40
1,29517.913,40
1,29521.056,40
1,29524.051,40
1,29527.010,40
1,29530.079,40
1,29534.179,40
1,29537.243,40
1,29540.311,40
1,29543.348,40
1,29546.228,40
1,29550.908,40
1,29553.949,40
1,29557.012,40
1,29560.073,40
1,29562.952,40
1,29567.456,40
1,29570.526,40
1,29573.510,40
1,29576.676,40
1,29579.628,40
1,29584.116,40
1,29587.180,40
1,29590.210,40
1,29593.088,40
1,29595.954,41
1,29599.169,41
1,29602.434,41
1,29605.442,41
1,29608.444,41
1,29611.586,41
1,29615.387,41
1,29619.221,41
1,29622.221,41
1,29625.320,41
1,29628.475,41
1,29631.070,41
1,29634.838,41
1,29638.028,41
1,29641.100,41
1,29644.015,41
1,29647.041,41
1,29651.138,41
1,29654.334,41
1,29657.226,41
1,29660.247,41
1,29662.860,41
1,29667.351,41
1,29670.399,41
1,29673.395,41
1,29676.333,41
1,29679.234,41
1,29684.027,41
1,29687.101,41
1,29690.000,41
1,29693.020,41
1,29695.972,41
1,29699.184,41
1,29702.783,41
1,29705.968,41
1,29709.049,41
1,29712.492,41
1,29717.418,41
1,29720.512,41
1,29723.724,41
1,29726.784,41
1,29729.781,41
1,29732.815,41
1,29736.507,41
1,29739.626,41
1,29742.623,41
1,29745.572,41
1,29748.677,41
1,29752.010,41
1,29755.097,41
1,29758.243,41
1,29761.241,41
1,29763.624,42
1,29767.371,42
1,29770.577,42
1,29773.680,42
1,29776.719,42
1,29779.933,42
1,29784.708,42
1,29787.819,42
1,29790.905,42
1,29793.874,42
1,29796.843,42
1,29801.029,42
1,29804.006,42
1,29806.906,42
1,29809.939,42
1,29812.766,42
1,29816.490,42
1,29819.457,42
1,29822.435,42
1,29825.287,42
1,29828.497,42
1,29831.470,42
1,29834.619,42
1,29837.651,42
1,29840.650,42
1,29843.648,42
1,29846.510,42
1,29850.676,42
1,29853.684,42
1,29856.629,42
1,29860.028,42
1,29863.115,42
1,29866.822,42
1,29869.880,42
1,29873.032,42
1,29875.953,42
1,29878.555,42
1,29881.587,42
1,29884.916,42
1,29888.417,42
1,29891.431,42
1,29894.423,42
1,29897.249,42
1,29900.308,42
1,29904.072,42
1,29907.053,42
1,29910.029,42
1,29912.907,42
1,29917.754,42
1,29920.951,42
1,29923.930,42
1,29926.901,42
1,29929.911,43
1,29933.736,43
1,29936.970,43
1,29940.013,43
1,29943.070,43
1,29945.910,43
1,29950.043,43
1,29952.698,43
1,29955.916,43
1,29958.982,43
1,29962.244,43
1,29965.355,43
1,29968.735,43
1,29971.796,43
1,29974.954,43
1,29978.140,43
1,29981.168,43
1,29985.697,43
1,29988.764,43
1,29991.669,43
1,29994.627,43
1,29997.430,43
1,30001.418,43
1,30004.493,43
1,30007.453,43
1,30010.457,43
1,30013.418,43
1,30017.222,43
1,30020.395,43
1,30023.377,43
1,30026.460,43
1,30029.357,43
1,30033.563,43
1,30036.760,43
1,30039.871,43
1,30042.863,43
1,30045.648,43
1,30049.676,43
1,30052.870,43
1,30055.880,43
1,30058.822,43
1,30061.880,43
1,30066.540,43
1,30069.825,43
1,30072.796,43
1,30075.672,43
1,30078.842,43
1,30082.802,43
1,30086.024,43
1,30088.933,43
1,30091.973,43
1,30094.605,43
1,30097.579,44
1,30100.833,44
1,30103.957,44
1,30107.040,44
1,30109.992,44
1,30112.829,44
1,30116.403,44
1,30119.445,44
1,30122.460,44
1,30125.386,44
1,30128.487,44
1,30133.277,44
1,30136.608,44
1,30139.812,44
1,30142.856,44
1,30145.780,44
1,30149.847,44
1,30152.924,44
1,30155.863,44
1,30158.716,44
1,30161.772,44
1,30166.042,44
1,30168.997,44
1,30171.916,44
1,30174.842,44
1,30177.814,44
1,30180.749,44
1,30184.458,44
1,30187.475,44
1,30190.357,44
1,30193.258,44
1,30196.102,44
1,30199.598,44
1,30202.719,44
1,30205.833,44
1,30208.753,44
1,30211.795,44
1,30214.682,44
1,30218.656,44
1,30221.633,44
1,30224.661,44
1,30227.625,44
1,30230.630,44
1,30234.094,44
1,30237.066,44
1,30240.101,44
1,30242.995,44
1,30245.880,44
1,30250.241,44
1,30253.477,44
1,30256.602,44
1,30259.693,44
1,30262.675,45
1,30266.353,45
1,30269.470,45
1,30272.395,45
1,30275.355,45
1,30278.421,45
1,30283.108,45
1,30286.143,45
1,30289.128,45
1,30292.017,45
1,30295.070,45
1,30298.040,45
1,30301.228,45
1,30304.194,45
1,30307.185,45
1,30310.082,45
1,30313.094,45
1,30316.726,45
1,30319.687,45
1,30322.683,45
1,30325.542,45
1,30328.768,45
1,30333.036,45
1,30336.096,45
1,30338.998,45
1,30342.080,45
1,30345.218,45
1,30349.855,45
1,30352.940,45
1,30355.929,45
1,30358.927,45
1,30362.106,45
1,30366.222,45
1,30369.344,45
1,30372.312,45
1,30375.175,45
1,30378.030,45
1,30380.848,45
1,30384.284,45
1,30387.363,45
1,30390.228,45
1,30393.361,45
1,30396.302,45
1,30400.196,45
1,30403.355,45
1,30406.394,45
1,30409.395,45
1,30412.320,45
1,30416.453,45
1,30419.750,45
1,30422.715,45
1,30425.631,45
1,30428.781,46
1,30432.700,46
1,30435.752,46
1,30438.754,46
1,30441.739,46
1,30444.706,46
1,30447.603,46
1,30451.258,46
1,30454.336,46
1,30457.422,46
1,30460.297,46
1,30463.155,46
1,30466.792,46
1,30470.075,46
1,30473.118,46
1,30476.004,46
1,30478.879,46
1,30482.265,46
1,30485.466,46
1,30488.472,46
1,30491.595,46
1,30494.542,46
1,30497.441,46
1,30501.175,46
1,30503.811,46
1,30506.868,46
1,30509.876,46
1,30512.747,46
1,30516.417,46
1,30520.536,46
1,30523.638,46
1,30526.600,46
1,30529.123,46
1,30532.233,46
1,30535.604,46
1,30538.815,46
1,30542.063,46
1,30544.767,46
1,30547.922,46
1,30551.016,46
1,30554.036,46
1,30556.983,46
1,30559.923,46
1,30562.786,46
1,30566.480,46
1,30569.409,46
1,30572.306,46
1,30575.373,46
1,30578.529,46
1,30582.915,46
1,30585.953,46
1,30588.890,46
1,30591.769,46
1,30598.058,46
1,30602.833,47
1,30605.981,47
1,30610.349,47
1,30614.526,47
1,30618.330,47
1,30621.852,47
1,30624.988,47
1,30628.242,47
1,30631.180,47
1,30634.677,47
1,30637.643,47
1,30640.554,47
1,30643.395,47
1,30646.398,47
1,30649.792,47
1,30652.803,47
1,30655.773,47
1,30658.865,47
1,30661.974,47
1,30665.788,47
1,30668.937,47
1,30671.869,47
1,30674.768,47
1,30677.777,47
1,30680.715,47
1,30685.477,47
1,30688.608,47
1,30691.683,47
1,30694.660,47
1,30697.554,47
1,30701.860,47
1,30704.974,47
1,30707.593,47
1,30710.707,47
1,30713.238,47
1,30717.147,47
1,30720.173,47
1,30723.385,47
1,30726.492,47
1,30729.412,47
1,30732.966,47
1,30736.039,47
1,30738.968,47
1,30741.861,47
1,30744.784,47
1,30747.721,47
1,30751.906,47
1,30754.914,47
1,30758.158,47
1,30761.098,47
1,30763.969,48
1,30767.016,48
1,30770.718,48
1,30773.735,48
1,30776.846,48
1,30779.877,48
1,30783.287,48
1,30786.371,48
1,30789.408,48
1,30792.408,48
1,30795.758,48
1,30800.432,48
1,30803.480,48
1,30806.366,48
1,30809.179,48
1,30812.060,48
1,30816.364,48
1,30819.461,48
1,30823.188,48
1,30826.126,48
1,30829.002,48
1,30833.492,48
1,30836.542,48
1,30839.600,48
1,30842.526,48
1,30845.675,48
1,30850.171,48
1,30853.267,48
1,30856.265,48
1,30859.213,48
1,30862.130,48
1,30866.856,48
1,30869.991,48
1,30873.056,48
1,30875.988,48
1,30878.900,48
1,30881.980,48
1,30885.310,48
1,30888.400,48
1,30891.518,48
1,30894.776,48
1,30897.525,48
1,30900.401,48
1,30904.051,48
1,30907.111,48
1,30910.032,48
1,30913.018,48
1,30917.375,48
1,30920.442,48
1,30923.328,48
1,30926.312,48
1,30929.150,49
1,30933.530,49
1,30936.871,49
1,30939.886,49
1,30942.791,49
1,30945.627,49
1,30948.865,49
1,30952.220,49
1,30955.245,49
1,30958.272,49
1,30961.184,49
1,30964.193,49
1,30967.655,49
1,30970.647,49
1,30973.674,49
1,30976.596,49
1,30979.499,49
1,30983.279,49
1,30986.491,49
1,30989.459,49
1,30992.363,49
1,30995.471,49
1,31000.227,49
1,31003.330,49
1,31006.275,49
1,31009.155,49
1,31012.025,49
1,31016.643,49
1,31019.614,49
1,31022.560,49
1,31025.494,49
1,31028.494,49
1,31031.468,49
1,31034.703,49
1,31037.823,49
1,31040.770,49
1,31043.716,49
1,31046.611,49
1,31050.545,49
1,31053.531,49
1,31056.577,49
1,31059.554,49
1,31062.453,49
1,31065.529,49
1,31069.456,49
1,31072.611,49
1,31075.580,49
1,31078.993,49
1,31082.844,49
1,31086.006,49
1,31089.015,49
1,31091.885,49
1,31094.842,49
1,31097.430,50
1,31101.454,50
1,31104.441,50
1,31107.348,50
1,31110.345,50
1,31113.239,50
1,31117.054,50
1,31120.062,50
1,31123.034,50
1,31126.804,50
1,31129.438,50
1,31133.851,50
1,31136.895,50
1,31140.011,50
1,31143.167,50
1,31146.008,50
1,31149.940,50
1,31153.150,50
1,31156.134,50
1,31159.242,50
1,31162.140,50
1,31164.864,50
1,31168.468,50
1,31171.406,50
1,31174.276,50
1,31177.113,50
1,31179.999,50
1,31183.834,50
1,31186.816,50
1,31189.753,50
1,31192.699,50
1,31195.648,50
1,31200.211,50
1,31203.190,50
1,31206.196,50
1,31209.233,50
1,31212.076,50
1,31215.167,50
1,31218.284,50
1,31221.325,50
1,31224.266,50
1,31227.137,50
1,31230.018,50
1,31233.863,50
1,31236.939,50
1,31239.865,50
1,31242.771,50
1,31245.212,50
1,31247.933,50
1,31251.702,50
1,31254.700,50
1,31257.631,50
1,31260.547,50
1,31263.394,51
1,31267.095,51
1,31270.168,51
1,31273.283,51
1,31276.399,51
1,31279.333,51
1,31283.549,51
1,31286.577,51
1,31289.564,51
1,31292.452,51
1,31295.273,51
1,31298.255,51
1,31301.671,51
1,31304.875,51
1,31307.877,51
1,31310.853,51
1,31313.673,51
1,31318.039,51
1,31320.996,51
1,31323.829,51
1,31326.706,51
1,31329.723,51
1,31333.268,51
1,31336.459,51
1,31339.476,51
1,31342.408,51
1,31345.400,51
1,31348.519,51
1,31351.729,51
1,31354.702,51
1,31357.686,51
1,31360.536,51
1,31363.428,51
1,31366.897,51
1,31370.090,51
1,31373.018,51
1,31375.870,51
1,31378.724,51
1,31383.368,51
1,31386.405,51
1,31389.367,51
1,31392.261,51
1,31395.439,51
1,31400.293,51
1,31403.411,51
1,31405.899,51
1,31408.794,51
1,31411.830,51
1,31414.887,51
1,31418.216,51
1,31421.235,51
1,31424.321,51
1,31428.099,51
1,31431.097,52
1,31435.290,52
1,31438.594,52
1,31441.605,52
1,31444.529,52
1,31447.183,52
1,31451.054,52
1,31453.710,52
1,31456.764,52
1,31459.694,52
1,31462.248,52
1,31466.284,52
1,31469.383,52
1,31472.404,52
1,31475.342,52
1,31478.414,52
1,31482.798,52
1,31485.931,52
1,31488.902,52
1,31491.805,52
1,31494.720,52
1,31497.570,52
1,31501.183,52
1,31504.401,52
1,31507.464,52
1,31510.391,52
1,31513.271,52
1,31516.760,52
1,31520.097,52
1,31523.092,52
1,31526.095,52
1,31528.966,52
1,31533.141,52
1,31536.339,52
1,31539.408,52
1,31542.351,52
1,31545.528,52
1,31549.686,52
1,31552.729,52
1,31555.834,52
1,31558.802,52
1,31561.913,52
1,31566.039,52
1,31569.089,52
1,31571.998,52
1,31574.976,52
1,31577.980,52
1,31580.872,52
1,31584.267,52
1,31587.281,52
1,31590.199,52
1,31593.192,52
1,31596.294,53
1,31600.111,53
1,31603.225,53
1,31606.223,53
1,31609.110,53
1,31612.027,53
1,31616.263,53
1,31619.310,53
1,31622.219,53
1,31625.060,53
1,31627.916,53
1,31630.831,53
1,31634.133,53
1,31637.131,53
1,31640.081,53
1,31643.236,53
1,31646.128,53
1,31650.072,53
1,31653.164,53
1,31656.146,53
1,31658.994,53
1,31661.955,53
1,31666.466,53
1,31669.561,53
1,31672.430,53
1,31675.274,53
1,31678.062,53
1,31680.890,53
1,31683.879,53
1,31687.324,53
1,31690.328,53
1,31693.300,53
1,31696.133,53
1,31699.742,53
1,31702.675,53
1,31705.666,53
1,31708.498,53
1,31711.739,53
1,31714.615,53
1,31718.044,53
1,31721.023,53
1,31723.979,53
1,31726.949,53
1,31730.888,53
1,31734.524,53
1,31737.834,53
1,31740.714,53
1,31743.578,53
1,31746.596,53
1,31750.175,53
1,31753.771,53
1,31756.715,53
1,31759.809,53
1,31762.527,55
1,31766.219,55
1,31769.268,55
1,31772.248,55
1,31775.349,55
1,31778.572,55
1,31783.076,55
1,31786.060,55
1,31789.108,55
1,31792.030,55
1,31795.035,55
1,31797.649,55
1,31801.697,55
1,31804.668,55
1,31807.524,55
1,31810.371,55
1,31813.325,55
1,31816.888,55
1,31819.973,55
1,31823.129,55
1,31826.151,55
1,31829.072,55
1,31833.059,55
1,31836.274,55
1,31839.283,55
1,31842.100,55
1,31845.233,55
1,31849.559,55
1,31852.673,55
1,31855.647,55
1,31858.593,55
1,31861.543,55
1,31864.469,55
1,31868.124,55
1,31871.115,55
1,31874.111,55
1,31876.984,55
1,31879.942,55
1,31883.623,55
1,31886.773,55
1,31889.764,55
1,31892.771,55
1,31895.734,55
1,31900.283,55
1,31903.458,55
1,31906.573,55
1,31909.696,55
1,31912.707,55
1,31916.471,55
1,31919.474,55
1,31922.486,55
1,31925.434,55
1,31928.598,55
1,31932.980,56
1,31936.073,56
1,31939.072,56
1,31942.007,56
1,31945.199,56
1,31948.203,56
1,31951.330,56
1,31954.648,56
1,31957.661,56
1,31960.567,56
1,31963.630,56
1,31967.231,56
1,31970.464,56
1,31973.486,56
1,31976.466,56
1,31979.459,56
1,31982.871,56
1,31986.004,56
1,31989.108,56
1,31992.145,56
1,31995.107,56
1,31998.080,56
1,32001.477,56
1,32004.547,56
1,32007.514,56
1,32010.466,56
1,32013.420,56
1,32016.964,56
1,32020.288,56
1,32023.336,56
1,32026.381,56
1,32029.027,56
1,32033.115,56
1,32036.236,56
1,32039.251,56
1,32042.200,56
1,32044.948,56
1,32048.022,56
1,32051.215,56
1,32054.312,56
1,32057.278,56
1,32060.262,56
1,32063.200,56
1,32066.930,56
1,32070.170,56
1,32073.307,56
1,32076.172,56
1,32079.088,56
1,32083.337,56
1,32086.425,56
1,32089.460,56
1,32092.389,56
1,32095.502,57
1,32098.669,57
1,32101.731,57
1,32104.924,57
1,32107.915,57
1,32110.833,57
1,32113.761,57
1,32117.325,57
1,32120.661,57
1,32123.646,57
1,32126.748,57
1,32130.029,57
1,32133.478,57
1,32137.202,57
1,32140.192,57
1,32143.186,57
1,32145.587,57
1,32149.708,57
1,32152.722,57
1,32155.801,57
1,32158.762,57
1,32161.802,57
1,32164.821,57
1,32168.004,57
1,32171.260,57
1,32174.158,57
1,32177.101,57
1,32180.112,57
1,32183.661,57
1,32186.862,57
1,32189.893,57
1,32192.957,57
1,32195.819,57
1,32200.434,57
1,32203.553,57
1,32206.560,57
1,32209.563,57
1,32212.357,57
1,32215.451,57
1,32218.800,57
1,32221.840,57
1,32224.780,57
1,32227.375,57
1,32230.348,57
1,32234.968,57
1,32238.014,57
1,32241.041,57
1,32244.065,57
1,32247.865,57
1,32251.166,57
1,32254.081,57
1,32256.929,57
1,32259.889,57
1,32262.793,58
1,32266.216,58
1,32269.323,58
1,32272.252,58
1,32275.315,58
1,32278.422,58
1,32281.539,58
1,32284.751,58
1,32288.202,58
1,32291.494,58
1,32294.533,58
1,32297.393,58
1,32300.814,58
1,32303.748,58
1,32306.650,58
1,32309.742,58
1,32312.586,58
1,32316.550,58
1,32319.611,58
1,32322.577,58
1,32325.481,58
1,32328.606,58
1,32331.736,58
1,32335.298,58
1,32338.471,58
1,32341.813,58
1,32344.868,58
1,32347.769,58
1,32351.142,58
1,32354.135,58
1,32357.173,58
1,32360.029,58
1,32363.056,58
1,32366.597,58
1,32369.551,58
1,32372.594,58
1,32375.523,58
1,32378.834,58
1,32383.554,58
1,32386.855,58
1,32389.885,58
1,32392.820,58
1,32395.282,58
1,32398.466,58
1,32401.827,58
1,32404.889,58
1,32407.869,58
1,32410.813,58
1,32413.516,58
1,32417.124,58
1,32420.354,58
1,32423.350,58
1,32426.316,58
1,32429.183,59
1,32433.455,59
1,32436.567,59
1,32439.524,59
1,32442.431,59
1,32445.365,59
1,32448.445,59
1,32451.681,59
1,32454.792,59
1,32457.867,59
1,32460.788,59
1,32463.836,59
1,32467.162,59
1,32470.602,59
1,32473.558,59
1,32476.559,59
1,32479.472,59
1,32483.068,59
1,32486.164,59
1,32489.150,59
1,32492.009,59
1,32495.204,59
1,32498.183,59
1,32501.424,59
1,32504.471,59
1,32507.551,59
1,32510.807,59
1,32514.061,59
1,32517.290,59
1,32520.924,59
1,32523.981,59
1,32526.927,59
1,32529.978,59
1,32533.440,59
1,32536.545,59
1,32539.644,59
1,32542.735,59
1,32545.624,59
1,32549.878,59
1,32552.852,59
1,32555.781,59
1,32558.659,59
1,32561.781,59
1,32565.929,59
1,32568.996,59
1,32571.926,59
1,32575.104,59
1,32577.960,59
1,32580.827,59
1,32584.399,59
1,32587.365,59
1,32590.343,59
1,32593.285,59
1,32596.341,60
1,32600.013,60
1,32603.016,60
1,32606.312,60
1,32609.166,60
1,32611.963,60
1,32616.198,60
1,32619.384,60
1,32622.515,60
1,32625.396,60
1,32628.376,60
1,32631.253,60
1,32634.656,60
1,32638.332,60
1,32641.349,60
1,32644.265,60
1,32647.202,60
1,32650.638,60
1,32654.020,60
1,32656.959,60
1,32659.814,60
1,32662.252,60
1,32666.194,60
1,32669.291,60
1,32672.261,60
1,32675.186,60
1,32678.083,60
1,32681.013,60
1,32684.327,60
1,32687.408,60
1,32690.361,60
1,32693.371,60
1,32696.327,60
1,32699.829,60
1,32703.565,60
1,32706.684,60
1,32709.754,60
1,32712.713,60
1,32716.700,60
1,32719.781,60
1,32722.744,60
1,32725.655,60
1,32728.895,60
1,32732.687,60
1,32735.764,60
1,32738.701,60
1,32741.695,60
1,32744.652,60
1,32747.535,60
1,32751.239,60
1,32754.313,60
1,32757.303,60
1,32760.122,60
1,32763.037,61
1,32766.537,61
1,32769.567,61
1,32772.543,61
1,32775.493,61
1,32778.489,61
1,32781.532,61
1,32786.014,61
1,32789.260,61
1,32792.197,61
1,32795.357,61
1,32800.137,61
1,32803.300,61
1,32806.433,61
1,32809.525,61
1,32812.407,61
1,32815.706,61
1,32818.779,61
1,32821.741,61
1,32824.960,61
1,32827.924,61
1,32830.919,61
1,32834.212,61
1,32837.233,61
1,32840.331,61
1,32843.428,61
1,32846.439,61
1,32849.881,61
1,32853.110,61
1,32856.198,61
1,32859.178,61
1,32862.096,61
1,32866.273,61
1,32869.420,61
1,32872.440,61
1,32875.336,61
1,32878.059,61
1,32881.005,61
1,32884.248,61
1,32887.339,61
1,32890.254,61
1,32893.186,61
1,32897.376,61
1,32900.552,61
1,32903.575,61
1,32906.613,61
1,32909.560,61
1,32912.459,61
1,32916.357,61
1,32919.328,61
1,32922.269,61
1,32925.168,61
1,32928.056,61
1,32930.927,62
1,32934.708,62
1,32937.679,62
1,32941.532,62
1,32944.496,62
1,32947.481,62
1,32950.927,62
1,32954.304,62
1,32957.332,62
1,32960.283,62
1,32963.264,62
1,32966.773,62
1,32969.874,62
1,32972.955,62
1,32975.887,62
1,32978.773,62
1,32982.726,62
1,32985.744,62
1,32988.649,62
1,32991.576,62
1,32994.476,62
1,32997.388,62
1,33000.838,62
1,33004.025,62
1,33006.989,62
1,33010.151,62
1,33013.161,62
1,33016.696,62
1,33019.800,62
1,33022.930,62
1,33025.881,62
1,33028.766,62
1,33033.043,62
1,33036.092,62
1,33038.927,62
1,33041.840,62
1,33044.697,62
1,33047.495,62
1,33051.425,62
1,33054.421,62
1,33057.243,62
1,33060.113,62
1,33062.948,62
1,33067.215,62
1,33070.720,62
1,33073.692,62
1,33076.602,62
1,33079.512,62
1,33083.559,62
1,33086.733,62
1,33089.732,62
1,33092.735,62
1,33095.872,63
1,33100.295,63
1,33103.486,63
1,33106.474,63
1,33109.300,63
1,33112.113,63
1,33116.332,63
1,33119.341,63
1,33122.211,63
1,33125.101,63
1,33128.006,63
1,33130.818,63
1,33134.524,63
1,33137.593,63
1,33140.517,63
1,33143.395,63
1,33146.219,63
1,33149.961,63
1,33153.148,63
1,33156.130,63
1,33159.086,63
1,33162.139,63
1,33165.042,63
1,33167.984,63
1,33171.675,63
1,33174.859,63
1,33177.843,63
1,33180.700,63
1,33184.016,63
1,33187.150,63
1,33190.294,63
1,33193.204,63
1,33196.039,63
1,33198.924,63
1,33201.930,63
1,33205.002,63
1,33208.164,63
1,33211.124,63
1,33214.099,63
1,33216.973,63
1,33219.971,63
1,33223.091,63
1,33227.247,63
1,33230.236,63
1,33233.283,63
1,33236.646,63
1,33239.864,63
1,33243.677,63
1,33246.796,63
1,33250.062,63
1,33253.243,63
1,33256.314,63
1,33259.347,63
1,33262.195,64
1,33265.278,64
1,33268.428,64
1,33271.282,64
1,33274.186,64
1,33277.266,64
1,33280.115,64
1,33283.192,64
1,33286.377,64
1,33289.341,64
1,33292.234,64
1,33295.321,64
1,33298.175,64
1,33301.225,64
1,33304.324,64
1,33307.400,64
1,33310.272,64
1,33313.235,64
1,33316.392,64
1,33319.512,64
1,33322.599,64
1,33325.530,64
1,33328.865,64
1,33331.869,64
1,33334.914,64
1,33338.125,64
1,33341.433,64
1,33344.445,64
1,33347.301,64
1,33350.456,64
1,33353.510,64
1,33356.918,64
1,33360.005,64
1,33362.833,64
1,33365.744,64
1,33368.760,64
1,33371.837,64
1,33375.048,64
1,33378.054,64
1,33380.999,64
1,33383.512,64
1,33386.683,64
1,33389.851,64
1,33393.013,64
1,33395.986,64
1,33398.792,64
1,33401.723,64
1,33404.668,64
1,33407.661,64
1,33410.747,64
1,33413.823,64
1,33416.664,64
1,33419.624,64
1,33422.647,64
1,33425.698,64
1,33428.815,64
1,33431.840,65
1,33434.820,65
1,33437.872,65
1,33440.967,65
1,33444.113,65
1,33447.293,65
1,33450.220,65
1,33453.175,65
1,33455.976,65
1,33459.071,65
1,33462.332,65
1,33465.349,65
1,33468.197,65
1,33471.179,65
1,33474.147,65
1,33478.354,65
1,33481.472,65
1,33484.535,65
1,33487.392,65
1,33490.428,65
1,33493.076,65
1,33496.692,65
1,33499.927,65
1,33502.861,65
1,33505.892,65
1,33509.749,65
1,33513.038,65
1,33516.297,65
1,33519.274,65
1,33522.248,65
1,33525.179,65
1,33528.283,65
1,33531.546,65
1,33534.810,65
1,33537.812,65
1,33540.852,65
1,33544.201,65
1,33547.579,65
1,33551.245,65
1,33554.389,65
1,33557.277,65
1,33560.175,65
1,33563.195,65
1,33566.152,65
1,33569.275,65
1,33572.406,65
1,33575.397,65
1,33578.437,65
1,33581.240,66
1,33584.323,66
1,33587.812,66
1,33590.929,66
1,33593.773,66
1,33596.765,66
1,33599.710,66
1,33602.831,66
1,33606.234,66
1,33609.228,66
1,33612.085,66
1,33614.958,66
1,33618.007,66
1,33621.075,66
1,33624.138,66
1,33627.097,66
1,33630.039,66
1,33633.053,66
1,33636.434,66
1,33639.722,66
1,33642.784,66
1,33645.680,66
1,33648.113,66
1,33651.171,66
1,33654.328,66
1,33657.452,66
1,33660.373,66
1,33663.206,66
1,33666.187,66
1,33669.229,66
1,33672.356,66
1,33675.490,66
1,33678.646,66
1,33681.279,66
1,33684.518,66
1,33688.274,66
1,33691.878,66
1,33694.956,66
1,33697.751,66
1,33700.692,66
1,33705.026,66
1,33708.348,66
1,33711.561,66
1,33714.472,66
1,33717.425,66
1,33720.339,66
1,33723.347,66
1,33726.679,66
1,33729.603,66
1,33732.534,66
1,33735.187,66
1,33738.172,66
1,33741.292,66
1,33744.383,66
1,33747.453,66
1,33750.353,66
1,33753.337,66
1,33756.346,66
1,33759.710,66
1,33762.954,67
1,33766.084,67
1,33769.026,67
1,33772.147,67
1,33775.245,67
1,33778.437,67
1,33781.329,67
1,33784.520,67
1,33787.628,67
1,33790.798,67
1,33793.950,67
1,33796.882,67
1,33799.960,67
1,33802.998,67
1,33805.981,67
1,33809.005,67
1,33811.895,67
1,33815.290,67
1,33818.201,67
1,33821.131,67
1,33824.050,67
1,33827.203,67
1,33830.330,67
1,33833.348,67
1,33836.604,67
1,33839.603,67
1,33842.607,67
1,33847.089,67
1,33850.066,67
1,33853.007,67
1,33856.018,67
1,33859.029,67
1,33861.998,67
1,33865.246,67
1,33868.141,67
1,33871.182,67
1,33874.278,67
1,33877.981,67
1,33881.242,67
1,33884.191,67
1,33887.047,67
1,33890.018,67
1,33893.088,67
1,33896.885,67
1,33900.167,67
1,33903.702,67
1,33906.623,67
1,33909.487,67
1,33912.364,68
1,33915.612,68
1,33918.755,68
1,33921.974,68
1,33924.877,68
1,33927.903,68
1,33930.835,68
1,33934.016,68
1,33937.131,68
1,33939.630,68
1,33942.685,68
1,33945.512,68
1,33948.601,68
1,33951.700,68
1,33955.277,68
1,33958.319,68
1,33961.341,68
1,33964.253,68
1,33967.967,68
1,33971.110,68
1,33973.980,68
1,33976.865,68
1,33979.995,68
1,33983.481,68
1,33986.614,68
1,33989.587,68
1,33994.241,68
1,33997.175,68
1,34000.019,68
1,34002.952,68
1,34007.384,68
1,34010.296,68
1,34013.150,68
1,34016.042,68
1,34019.055,68
1,34022.235,68
1,34026.287,68
1,34029.203,68
1,34032.152,68
1,34035.134,68
1,34037.772,68
1,34040.843,68
1,34043.888,68
1,34046.748,68
1,34049.868,68
1,34052.215,68
1,34054.965,68
1,34057.766,68
1,34062.370,68
1,34065.262,68
1,34068.216,68
1,34071.281,68
1,34075.328,68
1,34078.244,68
1,34081.040,69
1,34083.912,69
1,34086.997,69
1,34090.046,69
1,34093.350,69
1,34096.173,69
1,34099.062,69
1,34101.950,69
1,34105.051,69
1,34108.320,69
1,34111.335,69
1,34114.153,69
1,34117.084,69
1,34120.178,69
1,34123.171,69
1,34126.511,69
1,34129.889,69
1,34132.483,69
1,34135.473,69
1,34138.236,69
1,34142.016,69
1,34145.077,69
1,34148.925,69
1,34151.940,69
1,34154.844,69
1,34159.250,69
1,34162.144,69
1,34165.194,69
1,34168.052,69
1,34170.968,69
1,34175.152,69
1,34178.201,69
1,34181.069,69
1,34183.943,69
1,34187.197,69
1,34190.321,69
1,34193.675,69
1,34196.628,69
1,34199.664,69
1,34202.711,69
1,34205.674,69
1,34209.247,69
1,34212.120,69
1,34215.054,69
1,34217.999,69
1,34220.923,69
1,34223.864,69
1,34226.917,69
1,34230.480,69
1,34233.346,69
1,34236.323,69
1,34239.410,69
1,34242.821,69
1,34245.695,70
1,34248.723,70
1,34251.693,70
1,34254.785,70
1,34258.913,70
1,34261.997,70
1,34264.930,70
1,34267.829,70
1,34271.050,70
1,34274.030,70
1,34277.331,70
1,34280.266,70
1,34283.254,70
1,34285.920,70
1,34289.134,70
1,34292.453,70
1,34295.305,70
1,34298.257,70
1,34301.274,70
1,34304.336,70
1,34308.131,70
1,34311.174,70
1,34313.990,70
1,34316.899,70
1,34319.984,70
1,34323.136,70
1,34326.730,70
1,34329.618,70
1,34332.581,70
1,34335.728,70
1,34338.763,70
1,34342.722,70
1,34345.579,70
1,34348.475,70
1,34351.347,70
1,34354.327,70
1,34357.332,70
1,34360.997,70
1,34363.890,70
1,34366.855,70
1,34369.850,70
1,34373.047,70
1,34376.716,70
1,34379.616,70
1,34382.531,70
1,34385.552,70
1,34388.456,70
1,34391.511,70
1,34396.223,70
1,34399.132,70
1,34402.059,70
1,34404.585,70
1,34407.799,70
1,34410.952,70
1,34414.034,71
1,34416.937,71
1,34420.027,71
1,34423.150,71
1,34427.503,71
1,34430.468,71
1,34433.343,71
1,34436.350,71
1,34439.470,71
1,34443.063,71
1,34445.971,71
1,34449.938,71
1,34453.296,71
1,34456.696,71
1,34460.054,71
1,34462.959,71
1,34465.956,71
1,34468.981,71
1,34471.947,71
1,34475.983,71
1,34479.071,71
1,34481.889,71
1,34484.868,71
1,34487.873,71
1,34491.800,71
1,34494.955,71
1,34497.835,71
1,34500.754,71
1,34503.722,71
1,34506.810,71
1,34510.434,71
1,34513.452,71
1,34516.452,71
1,34519.486,71
1,34522.558,71
1,34526.487,71
1,34529.407,71
1,34532.366,71
1,34535.466,71
1,34538.663,71
1,34543.052,71
1,34545.925,71
1,34548.970,71
1,34551.921,71
1,34555.162,71
1,34558.270,71
1,34561.660,71
1,34565.112,71
1,34568.106,71
1,34571.053,71
1,34574.217,71
1,34577.510,71
1,34580.494,72
1,34583.373,72
1,34586.591,72
1,34589.625,72
1,34593.086,72
1,34595.996,72
1,34599.023,72
1,34602.002,72
1,34604.986,72
1,34607.958,72
1,34611.081,72
1,34614.246,72
1,34617.199,72
1,34620.254,72
1,34623.485,72
1,34627.032,72
1,34629.956,72
1,34632.895,72
1,34635.913,72
1,34639.131,72
1,34642.397,72
1,34645.314,72
1,34648.347,72
1,34651.340,72
1,34654.267,72
1,34657.320,72
1,34660.716,72
1,34663.936,72
1,34666.893,72
1,34669.923,72
1,34672.950,72
1,34676.053,72
1,34679.397,72
1,34682.400,72
1,34685.340,72
1,34688.237,72
1,34691.241,72
1,34694.377,72
1,34698.144,72
1,34701.399,72
1,34704.277,72
1,34708.194,72
1,34711.858,72
1,34715.384,72
1,34718.426,72
1,34721.568,72
1,34724.729,72
1,34729.145,72
1,34732.005,72
1,34734.947,72
1,34737.937,72
1,34741.518,72
1,34744.584,72
1,34747.525,73
1,34751.162,73
1,34754.194,73
1,34757.415,73
1,34760.883,73
1,34763.975,73
1,34766.908,73
1,34770.128,73
1,34773.210,73
1,34776.275,73
1,34779.607,73
1,34782.510,73
1,34785.565,73
1,34788.607,73
1,34792.474,73
1,34795.301,73
1,34798.213,73
1,34801.057,73
1,34804.014,73
1,34807.098,73
1,34810.839,73
1,34813.735,73
1,34816.635,73
1,34819.546,73
1,34822.541,73
1,34825.996,73
1,34829.003,73
1,34831.882,73
1,34834.814,73
1,34837.744,73
1,34842.225,73
1,34845.269,73
1,34848.240,73
1,34851.137,73
1,34854.111,73
1,34857.752,73
1,34860.820,73
1,34863.737,73
1,34866.660,73
1,34869.757,73
1,34872.388,73
1,34876.220,73
1,34878.979,73
1,34881.904,73
1,34884.808,73
1,34887.737,73
1,34890.575,73
1,34893.541,73
1,34897.093,73
1,34900.031,73
1,34902.955,73
1,34905.914,73
1,34909.275,73
1,34912.105,74
1,34915.094,74
1,34918.171,74
1,34921.119,74
1,34924.123,74
1,34927.598,74
1,34930.437,74
1,34933.368,74
1,34937.618,74
1,34941.865,74
1,34944.935,74
1,34947.762,74
1,34950.569,74
1,34953.574,74
1,34956.645,74
1,34960.153,74
1,34963.134,74
1,34966.069,74
1,34969.111,74
1,34972.210,74
1,34975.673,74
1,34978.958,74
1,34982.105,74
1,34985.078,74
1,34987.620,74
1,34991.933,74
1,34994.969,74
1,34997.854,74
1,35000.771,74
1,35003.785,74
1,35006.906,74
1,35010.258,74
1,35013.148,74
1,35016.011,74
1,35019.002,74
1,35022.023,74
1,35026.723,74
1,35029.882,74
1,35032.970,74
1,35035.942,74
1,35038.915,74
1,35042.513,74
1,35045.365,74
1,35048.344,74
1,35052.196,74
1,35055.242,74
1,35058.284,74
1,35061.755,74
1,35064.582,74
1,35067.544,74
1,35070.524,74
1,35075.280,74
1,35078.514,74
1,35081.448,75
1,35084.427,75
1,35087.401,75
1,35090.448,75
1,35093.940,75
1,35096.868,75
1,35099.878,75
1,35102.845,75
1,35105.883,75
1,35109.346,75
1,35112.150,75
1,35115.233,75
1,35118.281,75
1,35121.414,75
1,35125.594,75
1,35128.604,75
1,35131.561,75
1,35134.483,75
1,35137.529,75
1,35142.445,75
1,35145.363,75
1,35148.274,75
1,35151.216,75
1,35154.478,75
1,35158.821,75
1,35161.929,75
1,35164.852,75
1,35167.757,75
1,35170.682,75
1,35173.760,75
1,35177.014,75
1,35179.955,75
1,35182.877,75
1,35185.834,75
1,35188.823,75
1,35192.381,75
1,35195.488,75
1,35198.455,75
1,35201.413,75
1,35204.323,75
1,35208.791,75
1,35211.844,75
1,35214.731,75
1,35217.584,75
1,35220.499,75
1,35223.429,75
1,35226.593,75
1,35230.151,75
1,35233.093,75
1,35236.116,75
1,35239.297,75
1,35242.738,75
1,35245.187,76
1,35248.160,76
1,35251.082,76
1,35254.348,76
1,35258.614,76
1,35261.774,76
1,35264.650,76
1,35267.686,76
1,35270.641,76
1,35273.762,76
1,35277.079,76
1,35279.959,76
1,35282.934,76
1,35286.020,76
1,35289.089,76
1,35292.469,76
1,35295.302,76
1,35298.230,76
1,35301.158,76
1,35304.471,76
1,35308.764,76
1,35312.130,76
1,35315.019,76
1,35318.037,76
1,35321.143,76
1,35325.854,76
1,35328.724,76
1,35331.618,76
1,35334.488,76
1,35337.447,76
1,35341.933,76
1,35345.161,76
1,35348.011,76
1,35350.874,76
1,35354.636,76
1,35358.526,76
1,35361.524,76
1,35364.474,76
1,35367.318,76
1,35370.293,76
1,35373.593,76
1,35376.961,76
1,35379.930,76
1,35382.901,76
1,35385.868,76
1,35388.843,76
1,35391.740,76
1,35394.896,76
1,35398.539,76
1,35401.416,76
1,35404.352,76
1,35407.914,76
1,35411.046,76
1,35413.878,77
1,35416.742,77
1,35419.662,77
1,35422.702,77
1,35426.284,77
1,35429.120,77
1,35432.058,77
1,35435.231,77
1,35438.374,77
1,35441.945,77
1,35445.047,77
1,35447.906,77
1,35450.789,77
1,35453.778,77
1,35457.008,77
1,35460.118,77
1,35463.055,77
1,35465.863,77
1,35468.806,77
1,35471.866,77
1,35475.848,77
1,35478.694,77
1,35481.704,77
1,35484.614,77
1,35487.560,77
1,35490.708,77
1,35493.784,77
1,35496.690,77
1,35500.117,77
1,35503.150,77
1,35506.701,77
1,35509.833,77
1,35512.786,77
1,35515.713,77
1,35518.709,77
1,35521.721,77
1,35524.982,77
1,35527.956,77
1,35530.788,77
1,35533.690,77
1,35536.679,77
1,35539.872,77
1,35543.132,77
1,35546.036,77
1,35549.055,77
1,35552.071,77
1,35555.967,77
1,35559.418,77
1,35562.997,77
1,35566.772,77
1,35570.024,77
1,35573.078,77
1,35576.034,77
1,35578.928,78
1,35582.137,78
1,35585.389,78
1,35588.357,78
1,35591.005,78
1,35595.544,78
1,35598.292,78
1,35601.264,78
1,35604.376,78
1,35608.523,78
1,35611.530,78
1,35614.348,78
1,35617.322,78
1,35620.382,78
1,35623.387,78
1,35626.594,78
1,35629.560,78
1,35632.559,78
1,35635.523,78
1,35638.543,78
1,35642.429,78
1,35645.329,78
1,35648.264,78
1,35651.301,78
1,35654.447,78
1,35658.857,78
1,35662.319,78
1,35665.276,78
1,35668.341,78
1,35671.275,78
1,35675.385,78
1,35678.410,78
1,35681.320,78
1,35684.175,78
1,35687.366,78
1,35690.837,78
1,35693.885,78
1,35696.753,78
1,35699.796,78
1,35702.716,78
1,35705.863,78
1,35709.234,78
1,35712.109,78
1,35715.145,78
1,35718.157,78
1,35721.036,78
1,35724.123,78
1,35728.136,78
1,35730.976,78
1,35733.878,78
1,35736.866,78
1,35740.062,78
1,35743.573,78
1,35746.511,79
1,35749.507,79
1,35752.464,79
1,35755.444,79
1,35758.875,79
1,35761.945,79
1,35764.916,79
1,35767.935,79
1,35770.859,79
1,35774.878,79
1,35777.916,79
1,35780.751,79
1,35783.733,79
1,35786.717,79
1,35789.803,79
1,35793.492,79
1,35796.471,79
1,35799.416,79
1,35802.354,79
1,35805.300,79
1,35809.120,79
1,35812.107,79
1,35815.106,79
1,35818.055,79
1,35821.006,79
1,35824.399,79
1,35827.348,79
1,35830.207,79
1,35833.350,79
1,35836.690,79
1,35840.626,79
1,35843.705,79
1,35846.579,79
1,35849.434,79
1,35852.396,79
1,35855.611,79
1,35858.819,79
1,35862.406,79
1,35865.326,79
1,35868.261,79
1,35871.277,79
1,35874.445,79
1,35877.633,79
1,35880.588,79
1,35883.493,79
1,35886.950,79
1,35889.368,79
1,35892.335,79
1,35895.984,79
1,35898.900,79
1,35901.844,79
1,35904.863,79
1,35908.348,79
1,35911.366,79
1,35914.204,80
1,35917.164,80
1,35920.096,80
1,35923.306,80
1,35926.376,80
1,35929.275,80
1,35932.322,80
1,35935.291,80
1,35938.403,80
1,35941.806,80
1,35944.869,80
1,35947.674,80
1,35950.549,80
1,35953.498,80
1,35956.494,80
1,35960.530,80
1,35963.964,80
1,35966.849,80
1,35970.094,80
1,35973.360,80
1,35976.865,80
1,35979.842,80
1,35982.704,80
1,35985.643,80
1,35988.614,80
1,35992.851,80
1,35995.743,80
1,35998.677,80
1,36001.746,80
1,36004.684,80
1,36007.643,80
1,36011.020,80
1,36013.959,80
1,36016.843,80
1,36020.322,80
1,36023.342,80
1,36026.903,80
1,36029.758,80
1,36032.666,80
1,36035.708,80
1,36038.772,80
1,36042.559,80
1,36045.465,80
1,36048.399,80
1,36051.333,80
1,36054.380,80
1,36057.438,80
1,36060.558,80
1,36064.053,80
1,36066.947,80
1,36070.021,80
1,36073.289,80
1,36076.959,80
1,36079.917,82
1,36082.935,82
1,36085.998,82
1,36089.062,82
1,36092.616,82
1,36095.598,82
1,36098.573,82
1,36101.579,82
1,36104.105,82
1,36107.100,82
1,36110.610,82
1,36113.706,82
1,36116.605,82
1,36119.688,82
1,36123.305,82
1,36126.604,82
1,36129.515,82
1,36132.542,82
1,36135.779,82
1,36138.863,82
1,36142.726,82
1,36145.691,82
1,36148.558,82
1,36151.538,82
1,36154.435,82
1,36159.044,82
1,36162.027,82
1,36164.953,82
1,36167.866,82
1,36170.351,82
1,36174.391,82
1,36177.428,82
1,36180.350,82
1,36183.250,82
1,36186.169,82
1,36189.430,82
1,36192.505,82
1,36195.425,82
1,36198.494,82
1,36201.755,82
1,36205.030,82
1,36208.477,82
1,36211.521,82
1,36214.395,82
1,36217.275,82
1,36220.269,82
1,36223.273,82
1,36226.303,82
1,36230.127,82
1,36233.138,82
1,36236.045,82
1,36239.060,82
1,36242.421,82
1,36245.309,83
1,36248.257,83
1,36251.202,83
1,36254.116,83
1,36257.206,83
1,36260.357,83
1,36264.054,83
1,36267.210,83
1,36270.126,83
1,36273.438,83
1,36276.846,83
1,36279.696,83
1,36282.753,83
1,36285.810,83
1,36288.816,83
1,36292.107,83
1,36295.306,83
1,36298.327,83
1,36301.201,83
1,36304.134,83
1,36308.408,83
1,36311.489,83
1,36314.330,83
1,36317.224,83
1,36320.543,83
1,36325.365,83
1,36328.360,83
1,36331.151,83
1,36334.091,83
1,36337.189,83
1,36341.997,83
1,36345.124,83
1,36347.944,83
1,36350.840,83
1,36354.050,83
1,36357.069,83
1,36360.317,83
1,36363.182,83
1,36366.105,83
1,36369.003,83
1,36371.952,83
1,36375.515,83
1,36378.604,83
1,36381.492,83
1,36384.399,83
1,36387.251,83
1,36390.102,83
1,36393.066,83
1,36395.913,83
1,36398.875,83
1,36402.481,83
1,36405.579,83
1,36408.622,83
1,36411.593,83
1,36415.760,83
1,36418.723,84
1,36421.681,84
1,36424.694,84
1,36428.149,84
1,36431.006,84
1,36433.960,84
1,36436.882,84
1,36439.906,84
1,36443.426,84
1,36446.452,84
1,36449.346,84
1,36452.322,84
1,36455.255,84
1,36458.285,84
1,36461.350,84
1,36464.194,84
1,36467.063,84
1,36469.945,84
1,36472.994,84
1,36476.013,84
1,36480.281,84
1,36483.247,84
1,36486.162,84
1,36489.673,84
1,36492.992,84
1,36495.893,84
1,36498.821,84
1,36501.899,84
1,36504.958,84
1,36508.513,84
1,36511.666,84
1,36514.517,84
1,36517.377,84
1,36520.450,84
1,36523.467,84
1,36526.600,84
1,36529.863,84
1,36532.889,84
1,36535.901,84
1,36539.060,84
1,36542.136,84
1,36545.362,84
1,36548.417,84
1,36551.306,84
1,36554.235,84
1,36558.339,84
1,36561.596,84
1,36565.588,84
1,36568.589,84
1,36571.644,84
1,36575.405,84
1,36578.599,85
1,36581.596,85
1,36584.552,85
1,36587.503,85
1,36591.190,85
1,36594.147,85
1,36596.980,85
1,36599.902,85
1,36602.813,85
1,36605.939,85
1,36608.843,85
1,36611.838,85
1,36615.302,85
1,36618.358,85
1,36621.402,85
1,36625.240,85
1,36628.273,85
1,36631.112,85
1,36634.065,85
1,36637.115,85
1,36641.007,85
1,36644.053,85
1,36647.009,85
1,36649.961,85
1,36652.947,85
1,36656.102,85
1,36659.348,85
1,36662.280,85
1,36665.337,85
1,36668.418,85
1,36671.397,85
1,36675.281,85
1,36678.357,85
1,36681.216,85
1,36684.091,85
1,36687.104,85
1,36690.799,85
1,36693.848,85
1,36696.838,85
1,36699.921,85
1,36702.950,85
1,36705.999,85
1,36709.787,85
1,36713.069,85
1,36716.032,85
1,36718.541,85
1,36721.086,85
1,36724.121,85
1,36727.700,85
1,36730.580,85
1,36733.516,85
1,36736.715,85
1,36741.040,85
1,36744.065,85
1,36747.027,86
1,36750.088,86
1,36753.036,86
1,36756.226,86
1,36759.399,86
1,36762.450,86
1,36765.335,86
1,36768.356,86
1,36771.372,86
1,36774.991,86
1,36778.029,86
1,36781.034,86
1,36784.082,86
1,36787.148,86
1,36791.710,86
1,36794.926,86
1,36797.909,86
1,36800.816,86
1,36803.761,86
1,36808.382,86
1,36811.755,86
1,36814.633,86
1,36817.555,86
1,36820.511,86
1,36825.240,86
1,36828.338,86
1,36831.249,86
1,36834.247,86
1,36837.212,86
1,36840.596,86
1,36843.727,86
1,36847.031,86
1,36849.955,86
1,36852.893,86
1,36855.931,86
1,36858.987,86
1,36862.295,86
1,36865.518,86
1,36869.580,86
1,36872.668,86
1,36875.698,86
1,36878.862,86
1,36882.087,86
1,36885.152,86
1,36887.989,86
1,36890.984,86
1,36893.954,86
1,36896.893,86
1,36899.992,86
1,36903.378,86
1,36906.524,86
1,36909.628,86
1,36912.547,87
1,36916.026,87
1,36919.276,87
1,36922.491,87
1,36925.438,87
1,36928.465,87
1,36931.378,87
1,36934.509,87
1,36937.605,87
1,36940.885,87
1,36943.835,87
1,36946.770,87
1,36949.716,87
1,36952.936,87
1,36956.503,87
1,36959.680,87
1,36962.857,87
1,36965.860,87
1,36969.044,87
1,36971.857,87
1,36975.194,87
1,36978.275,87
1,36981.333,87
1,36984.034,87
1,36987.209,87
1,36990.273,87
1,36993.454,87
1,36996.479,87
1,36999.412,87
1,37002.649,87
1,37005.395,87
1,37008.634,87
1,37012.027,87
1,37014.912,87
1,37017.894,87
1,37022.488,87
1,37025.592,87
1,37028.706,87
1,37031.656,87
1,37034.751,87
1,37038.079,87
1,37041.393,87
1,37044.426,87
1,37047.671,87
1,37050.899,87
1,37053.853,87
1,37056.899,87
1,37060.066,87
1,37064.760,87
1,37067.637,87
1,37070.586,87
1,37073.349,87
1,37076.931,87
1,37079.878,88
1,37082.890,88
1,37086.021,88
1,37089.139,88
1,37092.239,88
1,37095.440,88
1,37098.548,88
1,37101.555,88
1,37104.567,88
1,37108.269,88
1,37111.319,88
1,37114.108,88
1,37117.060,88
1,37119.975,88
1,37123.138,88
1,37126.326,88
1,37129.204,88
1,37132.138,88
1,37135.207,88
1,37138.171,88
1,37141.195,88
1,37144.266,88
1,37147.294,88
1,37150.254,88
1,37153.273,88
1,37156.377,88
1,37159.870,88
1,37162.855,88
1,37165.872,88
1,37168.721,88
1,37172.533,88
1,37176.754,88
1,37180.113,88
1,37183.180,88
1,37186.063,88
1,37189.179,88
1,37192.515,88
1,37195.479,88
1,37198.490,88
1,37201.444,88
1,37204.341,88
1,37208.928,88
1,37212.227,88
1,37215.229,88
1,37218.277,88
1,37221.292,88
1,37224.197,88
1,37227.043,88
1,37230.767,88
1,37233.668,88
1,37236.591,88
1,37239.553,88
1,37244.113,88
1,37247.015,89
1,37249.949,89
1,37252.913,89
1,37255.917,89
1,37259.321,89
1,37262.171,89
1,37264.593,89
1,37267.744,89
1,37270.704,89
1,37273.723,89
1,37277.137,89
1,37280.006,89
1,37283.054,89
1,37285.981,89
1,37289.878,89
1,37293.327,89
1,37296.354,89
1,37299.347,89
1,37302.274,89
1,37304.961,89
1,37309.008,89
1,37312.228,89
1,37315.207,89
1,37318.112,89
1,37321.041,89
1,37324.287,89
1,37327.409,89
1,37330.253,89
1,37333.136,89
1,37336.027,89
1,37338.970,89
1,37343.478,89
1,37346.453,89
1,37349.468,89
1,37352.420,89
1,37355.560,89
1,37358.902,89
1,37362.031,89
1,37365.018,89
1,37367.972,89
1,37370.874,89
1,37374.323,89
1,37377.537,89
1,37380.546,89
1,37383.398,89
1,37386.291,89
1,37389.182,89
1,37392.089,89
1,37395.822,89
1,37398.795,89
1,37401.714,89
1,37404.648,89
1,37409.009,89
1,37412.020,89
1,37414.882,90
1,37417.736,90
1,37420.573,90
1,37424.099,90
1,37427.238,90
1,37430.184,90
1,37433.306,90
1,37436.298,90
1,37439.348,90
1,37442.798,90
1,37445.831,90
1,37448.689,90
1,37451.610,90
1,37454.557,90
1,37458.224,90
1,37461.289,90
1,37464.225,90
1,37467.060,90
1,37469.705,90
1,37475.227,90
1,37478.282,90
1,37481.294,90
1,37484.190,90
1,37487.217,90
1,37490.268,90
1,37493.663,90
1,37496.599,90
1,37500.470,90
1,37503.774,90
1,37506.833,90
1,37510.337,90
1,37513.368,90
1,37516.349,90
1,37519.300,90
1,37522.398,90
1,37525.903,90
1,37528.777,90
1,37531.945,90
1,37534.961,90
1,37537.980,90
1,37541.475,90
1,37544.489,90
1,37547.340,90
1,37550.315,90
1,37553.236,90
1,37556.317,90
1,37559.426,90
1,37562.955,90
1,37565.818,90
1,37568.618,90
1,37571.671,90
1,37575.912,90
1,37578.808,91
1,37581.918,91
1,37584.895,91
1,37587.896,91
1,37591.853,91
1,37594.839,91
1,37597.628,91
1,37600.466,91
1,37603.386,91
1,37606.032,91
1,37609.966,91
1,37613.042,91
1,37616.049,91
1,37619.134,91
1,37622.071,91
1,37625.685,91
1,37628.820,91
1,37631.771,91
1,37634.712,91
1,37637.718,91
1,37641.589,91
1,37644.628,91
1,37647.416,91
1,37650.330,91
1,37653.172,91
1,37656.587,91
1,37660.054,91
1,37663.031,91
1,37665.974,91
1,37668.887,91
1,37671.801,91
1,37675.562,91
1,37678.657,91
1,37681.513,91
1,37684.477,91
1,37687.344,91
1,37691.871,91
1,37694.944,91
1,37697.897,91
1,37700.795,91
1,37703.723,91
1,37706.944,91
1,37710.165,91
1,37713.153,91
1,37716.044,91
1,37719.011,91
1,37721.920,91
1,37725.192,91
1,37728.635,91
1,37731.461,91
1,37734.353,91
1,37737.295,91
1,37740.364,91
1,37743.623,91
1,37746.563,92
1,37749.556,92
1,37752.591,92
1,37755.540,92
1,37758.939,92
1,37761.967,92
1,37764.908,92
1,37767.892,92
1,37770.803,92
1,37775.599,92
1,37779.129,92
1,37782.078,92
1,37786.226,92
1,37789.384,92
1,37792.889,92
1,37795.768,92
1,37798.785,92
1,37801.752,92
1,37804.753,92
1,37807.815,92
1,37810.655,92
1,37813.590,92
1,37816.491,92
1,37819.399,92
1,37822.384,92
1,37825.733,92
1,37828.692,92
1,37831.807,92
1,37834.784,92
1,37837.743,92
1,37842.148,92
1,37845.301,92
1,37848.382,92
1,37851.288,92
1,37854.243,92
1,37858.660,92
1,37861.830,92
1,37864.669,92
1,37867.649,92
1,37870.618,92
1,37874.032,92
1,37877.202,92
1,37880.135,92
1,37883.335,92
1,37887.088,92
1,37891.167,92
1,37895.289,92
1,37898.219,92
1,37901.238,92
1,37903.886,92
1,37907.056,92
1,37910.295,92
1,37913.327,93
1,37916.388,93
1,37919.357,93
1,37922.404,93
1,37925.955,93
1,37929.219,93
1,37932.197,93
1,37935.184,93
1,37938.331,93
1,37942.382,93
1,37945.315,93
1,37948.279,93
1,37951.202,93
1,37954.123,93
1,37958.306,93
1,37961.463,93
1,37964.330,93
1,37967.212,93
1,37970.093,93
1,37973.771,93
1,37976.831,93
1,37979.780,93
1,37982.749,93
1,37985.778,93
1,37988.825,93
1,37992.480,93
1,37995.340,93
1,37998.337,93
1,38001.239,93
1,38004.147,93
1,38008.614,93
1,38011.803,93
1,38014.642,93
1,38017.562,93
1,38020.434,93
1,38023.983,93
1,38027.191,93
1,38030.118,93
1,38032.823,93
1,38035.821,93
1,38038.816,93
1,38042.299,93
1,38045.350,93
1,38048.395,93
1,38051.332,93
1,38054.363,93
1,38057.275,93
1,38060.276,93
1,38064.110,93
1,38067.014,93
1,38069.917,93
1,38073.080,93
1,38077.185,93
1,38080.320,94
1,38083.264,94
1,38086.410,94
1,38090.517,94
1,38093.539,94
1,38096.532,94
1,38099.504,94
1,38102.497,94
1,38105.711,94
1,38108.856,94
1,38112.164,94
1,38114.732,94
1,38117.835,94
1,38120.737,94
1,38124.374,94
1,38127.314,94
1,38130.273,94
1,38133.118,94
1,38135.790,94
1,38138.891,94
1,38142.051,94
1,38145.138,94
1,38147.977,94
1,38150.875,94
1,38153.933,94
1,38157.358,94
1,38160.347,94
1,38163.274,94
1,38166.203,94
1,38169.145,94
1,38172.250,94
1,38175.547,94
1,38178.787,94
1,38181.746,94
1,38184.669,94
1,38187.626,94
1,38191.487,94
1,38194.068,94
1,38196.960,94
1,38203.862,94
1,38207.690,94
1,38210.775,94
1,38213.754,94
1,38216.758,94
1,38219.880,94
1,38222.729,94
1,38225.699,94
1,38228.787,94
1,38231.738,94
1,38234.682,94
1,38237.551,94
1,38240.313,94
1,38244.366,94
1,38247.350,94
1,38250.240,94
1,38253.149,94
1,38256.856,94
1,38260.011,94
1,38263.243,95
1,38267.539,95
1,38270.068,95
1,38273.003,95
1,38276.007,95
1,38278.893,95
1,38282.735,95
1,38285.802,95
1,38288.839,95
1,38291.715,95
1,38294.580,95
1,38297.363,95
1,38300.642,95
1,38303.527,95
1,38306.673,95
1,38309.827,95
1,38312.730,95
1,38316.162,95
1,38319.264,95
1,38322.340,95
1,38325.333,95
1,38328.375,95
1,38332.671,95
1,38335.746,95
1,38338.677,95
1,38341.579,95
1,38344.638,95
1,38347.527,95
1,38350.836,95
1,38353.734,95
1,38356.689,95
1,38359.789,95
1,38362.898,95
1,38365.966,95
1,38369.091,95
1,38372.078,95
1,38374.987,95
1,38378.711,95
1,38382.667,95
1,38385.733,95
1,38388.774,95
1,38391.724,95
1,38394.802,95
1,38397.334,95
1,38400.398,95
1,38403.679,95
1,38406.758,95
1,38409.842,95
1,38412.338,95
1,38416.156,95
1,38419.213,95
1,38422.257,95
1,38425.134,95
1,38428.078,95
1,38430.721,96
1,38434.318,96
1,38437.304,96
1,38440.261,96
1,38443.308,96
1,38446.258,96
1,38450.440,96
1,38453.423,96
1,38456.522,96
1,38459.637,96
1,38462.650,96
1,38466.225,96
1,38469.211,96
1,38472.116,96
1,38475.047,96
1,38478.015,96
1,38480.971,96
1,38484.158,96
1,38487.122,96
1,38490.128,96
1,38493.239,96
1,38496.174,96
1,38499.841,96
1,38502.845,96
1,38505.966,96
1,38509.002,96
1,38512.088,96
1,38516.639,96
1,38519.582,96
1,38522.566,96
1,38525.527,96
1,38528.459,96
1,38532.400,96
1,38535.522,96
1,38538.554,96
1,38541.448,96
1,38544.494,96
1,38547.604,96
1,38550.838,96
1,38553.774,96
1,38556.801,96
1,38559.835,96
1,38562.675,96
1,38566.159,96
1,38569.191,96
1,38572.257,96
1,38575.209,96
1,38578.170,96
1,38581.059,96
1,38584.313,96
1,38587.265,96
1,38590.242,96
1,38593.151,96
1,38596.047,97
1,38599.477,97
1,38602.533,97
1,38605.622,97
1,38608.844,97
1,38611.829,97
1,38616.050,97
1,38619.138,97
1,38622.108,97
1,38625.052,97
1,38628.214,97
1,38631.081,97
1,38634.302,97
1,38637.234,97
1,38640.135,97
1,38643.136,97
1,38646.012,97
1,38649.509,97
1,38652.584,97
1,38655.593,97
1,38658.623,97
1,38661.686,97
1,38666.036,97
1,38669.109,97
1,38672.211,97
1,38675.215,97
1,38678.183,97
1,38682.378,97
1,38685.406,97
1,38688.460,97
1,38691.591,97
1,38694.596,97
1,38697.503,97
1,38700.653,97
1,38703.541,97
1,38706.768,97
1,38709.849,97
1,38713.048,97
1,38716.112,97
1,38719.150,97
1,38722.107,97
1,38725.153,97
1,38728.242,97
1,38730.774,97
1,38734.661,97
1,38737.686,97
1,38740.630,97
1,38743.545,97
1,38746.353,97
1,38749.587,97
1,38752.701,97
1,38756.091,97
1,38758.508,97
1,38761.464,97
1,38764.326,98
1,38767.590,98
1,38770.511,98
1,38773.531,98
1,38776.486,98
1,38779.113,98
1,38782.794,98
1,38785.997,98
1,38789.104,98
1,38792.141,98
1,38795.233,98
1,38799.588,98
1,38802.746,98
1,38805.809,98
1,38808.810,98
1,38811.753,98
1,38816.285,98
1,38819.412,98
1,38822.497,98
1,38825.479,98
1,38828.447,98
1,38832.765,98
1,38835.785,98
1,38838.808,98
1,38841.801,98
1,38844.767,98
1,38847.621,98
1,38850.857,98
1,38853.851,98
1,38856.908,98
1,38859.861,98
1,38862.761,98
1,38866.217,98
1,38869.364,98
1,38872.367,98
1,38875.269,98
1,38878.253,98
1,38882.959,98
1,38886.507,98
1,38890.057,98
1,38893.117,98
1,38896.048,98
1,38899.798,98
1,38902.825,98
1,38905.842,98
1,38908.802,98
1,38911.946,98
1,38914.954,98
1,38917.900,98
1,38920.805,98
1,38923.283,98
1,38926.386,98
1,38929.370,99
1,38933.687,99
1,38936.731,99
1,38940.155,99
1,38943.101,99
1,38945.950,99
1,38949.100,99
1,38952.240,99
1,38955.300,99
1,38958.297,99
1,38961.252,99
1,38964.106,99
1,38968.035,99
1,38971.063,99
1,38974.105,99
1,38977.001,99
1,38980.123,99
1,38984.210,99
1,38987.385,99
1,38990.940,99
1,38993.870,99
1,38996.759,99
1,39000.441,99
1,39003.527,99
1,39006.683,99
1,39009.876,99
1,39012.456,99
1,39016.767,99
1,39019.781,99
1,39022.643,99
1,39025.629,99
1,39028.737,99
1,39031.919,99
1,39035.044,99
1,39038.059,99
1,39041.164,99
1,39044.070,99
1,39046.961,99
1,39050.246,99
1,39053.207,99
1,39056.177,99
1,39059.105,99
1,39062.231,99
1,39066.045,99
1,39069.124,99
1,39072.178,99
1,39075.098,99
1,39078.272,99
1,39081.158,99
1,39084.637,99
1,39087.630,99
1,39090.628,99
1,39093.591,99
1,39096.676,100
1,39099.983,100
1,39103.018,100
1,39106.031,100
1,39109.023,100
1,39112.275,100
1,39116.985,100
1,39120.069,100
1,39123.406,100
1,39126.478,100
1,39129.503,100
1,39133.352,100
1,39136.562,100
1,39139.613,100
1,39142.970,100
1,39145.927,100
1,39149.215,100
1,39152.430,100
1,39155.576,100
1,39158.841,100
1,39161.413,100
1,39164.589,100
1,39167.745,100
1,39170.772,100
1,39173.344,100
1,39176.486,100
1,39179.415,100
1,39183.513,100
1,39186.532,100
1,39189.592,100
1,39192.630,100
1,39195.765,100
1,39198.895,100
1,39202.118,100
1,39205.232,100
1,39208.293,100
1,39211.283,100
1,39213.962,100
1,39218.765,100
1,39221.896,100
1,39224.824,100
1,39228.406,100
1,39231.821,100
1,39235.245,100
1,39238.282,100
1,39241.363,100
1,39244.466,100
1,39247.471,100
1,39251.742,100
1,39254.900,100
1,39257.920,100
1,39261.215,100
1,39264.247,101
1,39267.875,101
1,39270.835,101
1,39273.849,101
1,39276.987,101
1,39280.045,101
1,39284.512,101
1,39288.362,101
1,39291.551,101
1,39294.603,101
1,39297.547,101
1,39301.539,101
1,39304.487,101
1,39307.472,101
1,39310.469,101
1,39313.159,101
1,39317.255,101
1,39320.281,101
1,39323.589,101
1,39326.539,101
1,39329.436,101
1,39333.670,101
1,39336.824,101
1,39340.196,101
1,39343.292,101
1,39346.177,101
1,39350.630,101
1,39353.730,101
1,39356.674,101
1,39359.695,101
1,39362.556,101
1,39367.125,101
1,39370.147,101
1,39373.255,101
1,39375.806,101
1,39378.927,101
1,39382.343,101
1,39385.398,101
1,39388.394,101
1,39391.294,101
1,39394.469,101
1,39397.383,101
1,39401.865,101
1,39404.919,101
1,39407.940,101
1,39410.889,101
1,39414.033,101
1,39417.436,101
1,39420.086,101
1,39423.126,101
1,39426.184,101
1,39429.149,102
1,39432.741,102
1,39435.863,102
1,39439.043,102
1,39442.062,102
1,39445.135,102
1,39448.238,102
1,39451.346,102
1,39454.497,102
1,39457.530,102
1,39460.452,102
1,39463.453,102
1,39467.060,102
1,39470.179,102
1,39473.109,102
1,39476.037,102
1,39478.931,102
1,39483.236,102
1,39486.275,102
1,39489.335,102
1,39492.414,102
1,39495.331,102
1,39498.438,102
1,39501.842,102
1,39504.915,102
1,39507.874,102
1,39510.778,102
1,39513.745,102
1,39516.936,102
1,39520.036,102
1,39522.962,102
1,39525.933,102
1,39528.762,102
1,39533.019,102
1,39536.117,102
1,39539.158,102
1,39542.071,102
1,39545.086,102
1,39548.172,102
1,39551.273,102
1,39554.214,102
1,39557.449,102
1,39560.455,102
1,39563.591,102
1,39566.963,102
1,39569.960,102
1,39572.952,102
1,39576.058,102
1,39578.965,102
1,39583.550,102
1,39586.513,102
1,39590.456,102
1,39593.388,102
1,39596.230,103
1,39600.414,103
1,39603.470,103
1,39606.602,103
1,39609.716,103
1,39612.587,103
1,39616.905,103
1,39619.822,103
1,39622.759,103
1,39625.864,103
1,39628.746,103
1,39633.134,103
1,39635.854,103
1,39638.810,103
1,39641.841,103
1,39644.977,103
1,39647.883,103
1,39651.943,103
1,39654.466,103
1,39657.434,103
1,39660.305,103
1,39662.714,103
1,39666.637,103
1,39669.438,103
1,39672.591,103
1,39675.672,103
1,39678.769,103
1,39681.912,103
1,39684.976,103
1,39687.897,103
1,39690.936,103
1,39693.863,103
1,39696.844,103
1,39700.519,103
1,39703.628,103
1,39707.472,103
1,39710.730,103
1,39713.301,103
1,39716.749,103
1,39719.939,103
1,39723.132,103
1,39725.910,103
1,39728.599,103
1,39731.273,103
1,39735.773,103
1,39739.122,103
1,39742.093,103
1,39745.222,103
1,39749.484,103
1,39752.553,103
1,39755.587,103
1,39758.567,103
1,39761.573,103
1,39764.182,104
1,39768.440,104
1,39771.215,104
1,39773.896,104
1,39776.726,104
1,39779.541,104
1,39782.403,104
1,39786.658,104
1,39790.069,104
1,39792.820,104
1,39795.825,104
1,39798.478,104
1,39801.631,104
1,39804.276,104
1,39807.093,104
1,39809.631,104
1,39812.090,104
1,39815.690,104
1,39818.342,104
1,39820.840,104
1,39823.465,104
1,39826.226,104
1,39828.758,104
1,39832.073,104
1,39834.630,104
1,39837.213,104
1,39839.857,104
1,39843.224,104
1,39845.608,104
1,39849.434,104
1,39852.040,104
1,39854.601,104
1,39857.084,104
1,39859.748,104
1,39862.262,104
1,39865.942,104
1,39868.651,104
1,39871.089,104
1,39874.240,104
1,39876.778,104
1,39879.416,104
1,39882.684,104
1,39885.414,104
1,39888.026,104
1,39891.566,104
1,39894.166,104
1,39896.765,104
1,39900.344,104
1,39903.000,104
1,39905.605,104
1,39908.232,104
1,39910.937,104
1,39913.298,104
1,39916.986,104
1,39919.657,104
1,39922.285,104
1,39924.883,104
1,39927.666,104
1,39930.188,105
1,39933.596,105
1,39936.200,105
1,39938.739,105
1,39941.364,105
1,39943.912,105
1,39946.388,105
1,39949.972,105
1,39953.077,105
1,39955.661,105
1,39958.266,105
1,39960.716,105
1,39963.279,105
1,39966.941,105
1,39969.739,105
1,39972.408,105
1,39975.069,105
1,39977.654,105
1,39980.339,105
1,39984.695,105
1,39987.852,105
1,39990.806,105
1,39993.341,105
1,39995.969,105
1,39999.328,105
1,40001.998,105
1,40004.587,105
1,40007.114,105
1,40009.606,105
1,40012.178,105
1,40014.779,105
1,40017.899,105
1,40020.571,105
1,40023.350,105
1,40026.026,105
1,40028.566,105
1,40032.063,105
1,40034.521,105
1,40037.068,105
1,40039.667,105
1,40042.312,105
1,40044.883,105
1,40047.590,105
1,40051.090,105
1,40053.543,105
1,40056.388,105
1,40059.006,105
1,40061.832,105
1,40065.197,105
1,40067.959,105
1,40070.537,105
1,40073.321,105
1,40075.997,105
1,40078.499,105
1,40082.414,105
1,40084.926,105
1,40087.809,105
1,40090.410,105
1,40092.878,105
1,40095.444,106
1,40097.983,106
1,40101.181,106
1,40104.301,106
1,40107.364,106
1,40109.978,106
1,40112.779,106
1,40116.560,106
1,40119.232,106
1,40121.853,106
1,40124.328,106
1,40126.844,106
1,40129.247,106
1,40133.068,106
1,40135.711,106
1,40138.299,106
1,40140.651,106
1,40143.128,106
1,40145.719,106
1,40148.971,106
1,40151.611,106
1,40154.121,106
1,40156.683,106
1,40159.174,106
1,40161.666,106
1,40164.285,106
1,40167.374,106
1,40169.933,106
1,40172.379,106
1,40174.984,106
1,40177.438,106
1,40180.109,106
1,40184.608,106
1,40187.263,106
1,40189.972,106
1,40193.459,106
1,40196.076,106
1,40199.134,106
1,40202.181,106
1,40204.829,106
1,40207.377,106
1,40209.969,106
1,40212.593,106
1,40215.786,106
1,40218.451,106
1,40221.033,106
1,40223.751,106
1,40226.756,106
1,40229.427,106
1,40232.389,106
1,40235.048,106
1,40237.961,106
1,40240.532,106
1,40243.144,106
1,40245.881,106
1,40248.949,106
1,40251.578,106
1,40254.072,106
1,40256.978,106
1,40259.543,106
1,40262.074,107
1,40265.656,107
1,40268.561,107
1,40271.101,107
1,40273.688,107
1,40276.216,107
1,40278.718,107
1,40281.999,107
1,40284.598,107
1,40287.258,107
1,40290.231,107
1,40292.771,107
1,40295.418,107
1,40299.199,107
1,40301.749,107
1,40304.306,107
1,40306.780,107
1,40309.267,107
1,40312.046,107
1,40314.700,107
1,40318.549,107
1,40321.159,107
1,40324.139,107
1,40326.773,107
1,40329.351,107
1,40333.117,107
1,40335.823,107
1,40338.498,107
1,40341.865,107
1,40344.420,107
1,40347.034,107
1,40350.410,107
1,40352.994,107
1,40355.378,107
1,40358.343,107
1,40360.925,107
1,40363.427,107
1,40366.907,107
1,40369.627,107
1,40372.133,107
1,40374.651,107
1,40377.217,107
1,40379.762,107
1,40383.191,107
1,40385.955,107
1,40388.562,107
1,40391.027,107
1,40393.576,107
1,40396.075,107
1,40399.733,107
1,40402.791,107
1,40405.418,107
1,40408.060,107
1,40410.627,107
1,40413.352,107
1,40416.500,107
1,40418.993,107
1,40421.566,107
1,40424.113,107
1,40426.630,107
1,40429.252,109
1,40432.363,109
1,40435.019,109
1,40437.591,109
1,40440.530,109
1,40443.096,109
1,40445.614,109
1,40449.480,109
1,40451.955,109
1,40454.788,109
1,40457.259,109
1,40459.628,109
1,40462.071,109
1,40464.790,109
1,40467.816,109
1,40470.442,109
1,40473.105,109
1,40475.498,109
1,40478.074,109
1,40480.624,109
1,40483.922,109
1,40486.367,109
1,40488.818,109
1,40491.361,109
1,40494.602,109
1,40497.100,109
1,40500.408,109
1,40504.313,109
1,40506.974,109
1,40509.536,109
1,40512.573,109
1,40515.648,109
1,40518.261,109
1,40520.822,109
1,40523.421,109
1,40525.996,109
1,40528.580,109
1,40532.620,109
1,40535.425,109
1,40537.919,109
1,40540.725,109
1,40543.355,109
1,40546.090,109
1,40549.826,109
1,40553.012,109
1,40555.729,109
1,40558.265,109
1,40560.846,109
1,40563.390,109
1,40567.154,109
1,40569.770,109
1,40572.252,109
1,40574.926,109
1,40577.558,109
1,40580.118,109
1,40582.927,109
1,40586.134,109
1,40588.723,109
1,40591.111,109
1,40593.384,109
1,40596.064,110
1,40598.832,110
1,40601.888,110
1,40604.556,110
1,40606.955,110
1,40609.443,110
1,40611.998,110
1,40615.779,110
1,40618.484,110
1,40621.163,110
1,40623.750,110
1,40626.280,110
1,40628.729,110
1,40631.444,110
1,40634.557,110
1,40637.177,110
1,40640.201,110
1,40642.735,110
1,40645.288,110
1,40649.226,110
1,40651.929,110
1,40654.666,110
1,40657.241,110
1,40659.770,110
1,40662.659,110
1,40666.228,110
1,40668.905,110
1,40671.527,110
1,40674.081,110
1,40676.454,110
1,40678.948,110
1,40681.570,110
1,40684.802,110
1,40687.510,110
1,40690.141,110
1,40692.785,110
1,40695.293,110
1,40698.327,110
1,40701.214,110
1,40703.836,110
1,40706.705,110
1,40709.437,110
1,40711.899,110
1,40714.655,110
1,40717.689,110
1,40720.275,110
1,40722.865,110
1,40725.464,110
1,40728.305,110
1,40731.045,110
1,40734.125,110
1,40736.753,110
1,40739.311,110
1,40742.009,110
1,40744.594,110
1,40747.442,110
1,40750.517,110
1,40753.228,110
1,40755.756,110
1,40758.476,110
1,40761.418,110
1,40763.917,111
1,40767.668,111
1,40770.065,111
1,40773.216,111
1,40775.872,111
1,40778.394,111
1,40781.108,111
1,40784.185,111
1,40787.207,111
1,40790.467,111
1,40793.006,111
1,40796.196,111
1,40799.513,111
1,40802.246,111
1,40805.405,111
1,40808.317,111
1,40811.082,111
1,40813.577,111
1,40816.200,111
1,40818.799,111
1,40821.414,111
1,40824.955,111
1,40827.381,111
1,40829.792,111
1,40832.583,111
1,40835.409,111
1,40838.013,111
1,40840.661,111
1,40843.167,111
1,40845.732,111
1,40849.663,111
1,40852.334,111
1,40854.778,111
1,40857.779,111
1,40860.366,111
1,40863.035,111
1,40866.653,111
1,40869.232,111
1,40871.945,111
1,40874.507,111
1,40876.978,111
1,40879.323,111
1,40881.979,111
1,40884.889,111
1,40887.522,111
1,40890.195,111
1,40892.735,111
1,40895.302,111
1,40897.811,111
1,40901.853,111
1,40904.507,111
1,40906.993,111
1,40909.676,111
1,40912.189,111
1,40915.896,111
1,40918.523,111
1,40921.131,111
1,40923.751,111
1,40926.281,111
1,40928.757,112
1,40931.766,112
1,40934.673,112
1,40937.441,112
1,40940.068,112
1,40942.724,112
1,40945.705,112
1,40949.375,112
1,40952.048,112
1,40954.758,112
1,40957.197,112
1,40959.784,112
1,40962.388,112
1,40966.214,112
1,40968.837,112
1,40971.282,112
1,40973.854,112
1,40976.399,112
1,40978.851,112
1,40982.960,112
1,40985.624,112
1,40988.214,112
1,40990.855,112
1,40993.303,112
1,40995.970,112
1,40999.828,112
1,41002.966,112
1,41005.358,112
1,41007.957,112
1,41010.484,112
1,41013.454,112
1,41016.771,112
1,41019.391,112
1,41021.713,112
1,41024.094,112
1,41026.620,112
1,41029.190,112
1,41033.167,112
1,41035.775,112
1,41038.368,112
1,41040.903,112
1,41043.402,112
1,41045.897,112
1,41049.732,112
1,41052.390,112
1,41055.073,112
1,41057.464,112
1,41060.062,112
1,41062.676,112
1,41066.472,112
1,41069.474,112
1,41072.094,112
1,41074.637,112
1,41077.414,112
1,41080.025,112
1,41083.554,112
1,41086.113,112
1,41088.620,112
1,41091.163,112
1,41093.649,112
1,41096.052,113
1,41100.068,113
1,41102.694,113
1,41105.303,113
1,41107.763,113
1,41110.282,113
1,41112.703,113
1,41116.492,113
1,41119.113,113
1,41121.670,113
1,41124.194,113
1,41126.754,113
1,41129.478,113
1,41133.486,113
1,41136.116,113
1,41138.591,113
1,41141.199,113
1,41144.264,113
1,41146.808,113
1,41150.002,113
1,41152.537,113
1,41155.179,113
1,41157.720,113
1,41160.252,113
1,41162.947,113
1,41166.328,113
1,41168.801,113
1,41171.159,113
1,41173.662,113
1,41176.365,113
1,41178.858,113
1,41182.909,113
1,41185.493,113
1,41188.094,113
1,41190.983,113
1,41193.356,113
1,41197.972,113
1,41201.037,113
1,41203.697,113
1,41206.302,113
1,41208.869,113
1,41211.706,113
1,41215.745,113
1,41218.389,113
1,41220.948,113
1,41223.514,113
1,41226.147,113
1,41228.823,113
1,41231.657,113
1,41235.407,113
1,41238.073,113
1,41240.686,113
1,41243.217,113
1,41245.836,113
1,41249.612,113
1,41252.228,113
1,41254.995,113
1,41257.563,113
1,41260.077,113
1,41262.555,114
1,41265.317,114
1,41268.792,114
1,41271.465,114
1,41274.021,114
1,41276.529,114
1,41278.975,114
1,41283.025,114
1,41285.795,114
1,41288.427,114
1,41291.048,114
1,41293.514,114
1,41296.431,114
1,41299.904,114
1,41302.538,114
1,41305.196,114
1,41307.788,114
1,41310.319,114
1,41312.825,114
1,41316.699,114
1,41319.474,114
1,41322.034,114
1,41324.506,114
1,41327.070,114
1,41329.725,114
1,41333.391,114
1,41336.167,114
1,41338.696,114
1,41341.228,114
1,41343.735,114
1,41346.140,114
1,41349.823,114
1,41352.601,114
1,41355.307,114
1,41357.870,114
1,41360.402,114
1,41362.967,114
1,41366.338,114
1,41368.991,114
1,41371.543,114
1,41374.049,114
1,41376.622,114
1,41379.147,114
1,41382.897,114
1,41385.551,114
1,41388.083,114
1,41390.584,114
1,41393.251,114
1,41395.821,114
1,41399.425,114
1,41402.768,114
1,41405.376,114
1,41407.953,114
1,41410.424,114
1,41413.038,114
1,41416.384,114
1,41418.943,114
1,41421.533,114
1,41424.036,114
1,41426.681,114
1,41429.274,115
1,41432.446,115
1,41435.190,115
1,41437.822,115
1,41440.732,115
1,41443.253,115
1,41445.871,115
1,41449.819,115
1,41452.455,115
1,41455.068,115
1,41457.636,115
1,41460.210,115
1,41462.837,115
1,41466.290,115
1,41468.861,115
1,41471.328,115
1,41473.903,115
1,41476.747,115
1,41479.183,115
1,41482.564,115
1,41485.269,115
1,41487.967,115
1,41490.562,115
1,41493.099,115
1,41495.670,115
1,41499.044,115
1,41502.100,115
1,41504.693,115
1,41507.414,115
1,41509.842,115
1,41512.206,115
1,41516.008,115
1,41518.684,115
1,41521.337,115
1,41523.927,115
1,41526.539,115
1,41529.119,115
1,41532.742,115
1,41535.461,115
1,41538.083,115
1,41540.679,115
1,41543.232,115
1,41546.194,115
1,41549.748,115
1,41552.465,115
1,41555.020,115
1,41557.964,115
1,41561.133,115
1,41563.715,115
1,41567.150,115
1,41569.885,115
1,41572.613,115
1,41575.174,115
1,41577.805,115
1,41580.330,115
1,41584.365,115
1,41586.964,115
1,41589.590,115
1,41592.203,115
1,41594.979,116
1,41599.140,116
1,41601.734,116
1,41604.318,116
1,41606.682,116
1,41609.255,116
1,41611.926,116
1,41615.929,116
1,41618.644,116
1,41621.237,116
1,41624.133,116
1,41626.649,116
1,41629.024,116
1,41632.932,116
1,41635.594,116
1,41638.230,116
1,41640.949,116
1,41643.503,116
1,41646.183,116
1,41649.702,116
1,41652.203,116
1,41654.848,116
1,41657.456,116
1,41660.048,116
1,41662.585,116
1,41666.590,116
1,41669.230,116
1,41671.816,116
1,41674.663,116
1,41677.264,116
1,41680.001,116
1,41683.457,116
1,41686.095,116
1,41688.814,116
1,41691.446,116
1,41694.076,116
1,41696.673,116
1,41700.564,116
1,41703.909,116
1,41706.867,116
1,41709.840,116
1,41712.353,116
1,41715.531,116
1,41718.049,116
1,41720.964,116
1,41723.870,116
1,41726.467,116
1,41729.041,116
1,41733.140,116
1,41735.626,116
1,41738.204,116
1,41740.752,116
1,41743.293,116
1,41745.781,116
1,41749.911,116
1,41752.490,116
1,41755.183,116
1,41757.761,116
1,41760.349,116
1,41762.970,117
1,41766.471,117
1,41769.061,117
1,41771.673,117
1,41774.328,117
1,41776.923,117
1,41779.563,117
1,41783.415,117
1,41786.234,117
1,41788.820,117
1,41791.432,117
1,41794.261,117
1,41796.824,117
1,41800.633,117
1,41803.099,117
1,41805.641,117
1,41808.374,117
1,41811.095,117
1,41813.572,117
1,41817.255,117
1,41819.873,117
1,41822.587,117
1,41825.229,117
1,41827.796,117
1,41830.751,117
1,41833.896,117
1,41836.593,117
1,41839.158,117
1,41841.836,117
1,41844.297,117
1,41846.773,117
1,41850.539,117
1,41853.157,117
1,41856.207,117
1,41858.839,117
1,41861.375,117
1,41864.053,117
1,41867.139,117
1,41869.647,117
1,41872.566,117
1,41875.123,117
1,41877.788,117
1,41880.370,117
1,41884.561,117
1,41887.201,117
1,41889.948,117
1,41892.696,117
1,41895.165,117
1,41897.768,117
1,41900.481,117
1,41903.642,117
1,41906.404,117
1,41909.007,117
1,41911.594,117
1,41915.365,117
1,41917.978,117
1,41920.831,117
1,41923.374,117
1,41925.836,117
1,41928.426,118
1,41932.896,118
1,41935.595,118
1,41938.209,118
1,41940.717,118
1,41943.336,118
1,41945.835,118
1,41949.912,118
1,41952.605,118
1,41955.229,118
1,41957.831,118
1,41960.345,118
1,41962.970,118
1,41966.341,118
1,41968.998,118
1,41971.622,118
1,41974.181,118
1,41976.678,118
1,41979.167,118
1,41982.675,118
1,41985.375,118
1,41988.028,118
1,41990.725,118
1,41993.282,118
1,41995.854,118
1,41999.159,118
1,42001.870,118
1,42005.613,118
1,42008.251,118
1,42010.944,118
1,42013.398,118
1,42017.461,118
1,42020.111,118
1,42022.845,118
1,42025.558,118
1,42028.248,118
1,42030.939,118
1,42034.085,118
1,42036.703,118
1,42039.548,118
1,42042.190,118
1,42044.766,118
1,42047.885,118
1,42051.116,118
1,42054.112,118
1,42056.972,118
1,42059.578,118
1,42062.142,118
1,42066.357,118
1,42068.901,118
1,42071.984,118
1,42074.555,118
1,42077.121,118
1,42079.926,118
1,42083.434,118
1,42086.488,118
1,42088.913,118
1,42091.542,118
1,42094.157,118
1,42096.665,119
1,42100.301,119
1,42103.009,119
1,42105.554,119
1,42108.197,119
1,42110.968,119
1,42113.533,119
1,42117.116,119
1,42119.965,119
1,42122.764,119
1,42125.472,119
1,42128.380,119
1,42131.155,119
1,42134.307,119
1,42136.947,119
1,42139.516,119
1,42142.182,119
1,42145.065,119
1,42147.609,119
1,42150.569,119
1,42153.177,119
1,42155.713,119
1,42158.432,119
1,42160.970,119
1,42163.473,119
1,42166.142,119
1,42169.481,119
1,42172.128,119
1,42174.819,119
1,42177.387,119
1,42179.768,119
1,42183.865,119
1,42186.570,119
1,42189.032,119
1,42191.557,119
1,42194.206,119
1,42196.715,119
1,42199.584,119
1,42202.636,119
1,42205.259,119
1,42207.890,119
1,42210.456,119
1,42213.146,119
1,42216.474,119
1,42218.924,119
1,42221.506,119
1,42224.050,119
1,42226.564,119
1,42229.121,119
1,42232.400,119
1,42235.080,119
1,42237.595,119
1,42240.274,119
1,42242.784,119
1,42245.183,119
1,42248.938,119
1,42251.660,119
1,42254.266,119
1,42256.859,119
1,42259.547,119
1,42262.421,120
1,42265.661,120
1,42268.371,120
1,42270.953,120
1,42274.048,120
1,42276.688,120
1,42279.078,120
1,42281.726,120
1,42285.272,120
1,42287.879,120
1,42290.812,120
1,42293.429,120
1,42296.098,120
1,42299.672,120
1,42302.394,120
1,42305.421,120
1,42308.696,120
1,42311.353,120
1,42315.331,120
1,42318.503,120
1,42321.117,120
1,42323.679,120
1,42326.263,120
1,42328.829,120
1,42332.128,120
1,42334.710,120
1,42337.685,120
1,42340.073,120
1,42342.790,120
1,42345.334,120
1,42349.219,120
1,42351.885,120
1,42354.553,120
1,42357.229,120
1,42359.803,120
1,42362.327,120
1,42365.647,120
1,42368.219,120
1,42370.810,120
1,42373.395,120
1,42376.063,120
1,42378.584,120
1,42382.371,120
1,42385.024,120
1,42387.641,120
1,42390.166,120
1,42392.747,120
1,42395.430,120
1,42397.785,120
1,42401.477,120
1,42404.161,120
1,42406.803,120
1,42409.433,120
1,42412.092,120
1,42415.827,120
1,42418.487,120
1,42421.157,120
1,42423.740,120
1,42426.431,120
1,42428.957,120
1,42432.270,120
1,42435.082,120
1,42437.739,120
1,42440.701,120
1,42443.137,120
1,42445.518,120
1,42448.540,120
1,42451.404,120
1,42454.075,120
1,42457.023,120
1,42459.587,120
1,42462.093,120
1,42465.623,120
1,42468.293,120
1,42470.895,120
1,42473.295,120
1,42475.897,120
1,42478.316,120
1,42482.330,120
1,42484.888,120
1,42487.435,120
1,42490.047,120
1,42492.667,120
1,42495.422,120
1,42498.186,120
1,42501.401,120
1,42503.970,120
1,42506.578,120
1,42509.471,120
1,42512.009,120
1,42515.261,120
1,42517.952,120
1,42520.632,120
1,42523.235,120
1,42525.693,120
1,42528.153,120
1,42530.753,120
1,42534.058,120
1,42536.828,120
1,42539.586,120
1,42542.033,120
1,42544.671,120
1,42547.156,120
1,42551.226,120
1,42555.235,120
1,42557.958,120
1,42560.769,120
1,42563.297,120
1,42565.981,120
1,42568.999,120
1,42571.685,120
1,42574.234,120
1,42577.005,120
1,42579.597,120
1,42582.257,120
1,42585.349,120
1,42587.978,120
1,42590.588,120
1,42593.174,120
2,42595.705,0
2,42599.588,0
2,42602.358,0
2,42604.923,0
2,42607.470,0
2,42610.832,0
2,42613.473,0
2,42617.409,0
2,42619.878,0
2,42622.900,0
2,42625.939,0
2,42628.395,0
2,42630.936,0
2,42633.764,0
2,42636.882,0
2,42639.560,0
2,42642.189,0
2,42644.702,0
2,42647.523,0
2,42650.549,0
2,42653.096,0
2,42655.431,0
2,42658.028,0
2,42660.549,0
2,42663.245,0
2,42666.736,0
2,42669.828,0
2,42672.375,0
2,42675.008,0
2,42677.558,0
2,42680.173,0
2,42683.841,0
2,42686.484,0
2,42689.062,0
2,42691.670,0
2,42694.240,0
2,42696.798,0
2,42701.155,0
2,42703.824,0
2,42706.611,0
2,42709.314,0
2,42711.774,0
2,42714.484,0
2,42717.663,0
2,42720.243,0
2,42723.302,0
2,42725.920,0
2,42728.446,0
2,42731.295,0
2,42734.901,0
2,42737.827,0
2,42740.406,0
2,42742.924,0
2,42745.384,0
2,42748.470,0
2,42751.092,0
2,42753.706,0
2,42756.645,0
2,42759.173,0
2,42761.727,0
2,42764.311,0
2,42767.435,0
2,42770.260,0
2,42773.334,0
2,42775.954,0
2,42778.492,0
2,42781.339,0
2,42784.774,0
2,42787.526,0
2,42790.112,0
2,42792.742,0
2,42795.253,0
2,42798.094,0
2,42801.628,0
2,42804.332,0
2,42806.910,0
2,42809.337,0
2,42811.895,0
2,42814.619,0
2,42817.909,0
2,42820.301,0
2,42822.848,0
2,42825.441,0
2,42828.039,0
2,42831.056,0
2,42833.872,0
2,42836.501,0
2,42839.015,0
2,42841.688,0
2,42844.330,0
2,42846.838,0
2,42849.407,0
2,42852.869,0
2,42855.552,0
2,42858.206,0
2,42860.760,0
2,42863.357,0
2,42866.362,0
2,42869.271,0
2,42871.957,0
2,42874.529,0
2,42877.039,0
2,42879.656,0
2,42883.706,0
2,42886.342,0
2,42888.897,0
2,42891.477,0
2,42894.078,0
2,42896.608,0
2,42899.424,0
2,42902.948,0
2,42905.707,0
2,42908.334,0
2,42911.546,0
2,42914.227,0
2,42917.280,0
2,42919.917,0
2,42922.556,0
2,42925.220,0
2,42927.771,0
2,42930.226,0
2,42932.899,0
2,42936.147,0
2,42938.792,0
2,42941.288,0
2,42944.263,0
2,42946.756,0
2,42950.681,0
2,42953.423,0
2,42956.129,0
2,42958.716,0
2,42961.454,0
2,42964.565,0
2,42967.459,0
2,42970.173,0
2,42973.227,0
2,42975.808,0
2,42978.397,0
2,42981.082,0
2,42984.101,0
2,42986.505,0
2,42989.237,0
2,42991.884,0
2,42994.473,0
2,42997.372,0
2,43001.140,0
2,43003.770,0
2,43006.705,0
2,43009.200,0
2,43011.767,0
2,43014.384,0
2,43017.552,0
2,43020.105,0
2,43023.238,0
2,43025.848,0
2,43028.370,0
2,43031.069,0
2,43034.056,0
2,43036.645,0
2,43039.162,0
2,43041.778,0
2,43044.482,0
2,43046.912,0
2,43051.074,0
2,43053.667,0
2,43056.418,0
2,43059.270,0
2,43061.759,0
2,43064.277,0
2,43066.703,0
2,43070.050,0
2,43072.624,0
2,43075.192,0
2,43077.755,0
2,43080.221,0
2,43084.257,0
2,43086.877,0
2,43089.668,0
2,43092.247,0
2,43095.348,0
2,43098.016,0
2,43101.230,0
2,43103.828,0
2,43106.460,0
2,43109.151,0
2,43111.621,0
2,43115.167,0
2,43117.738,0
2,43120.245,0
2,43123.152,0
2,43125.754,0
2,43128.353,0
2,43131.130,0
2,43134.099,0
2,43136.654,0
2,43139.621,0
2,43142.175,0
2,43145.216,0
2,43147.788,0
2,43150.859,0
2,43153.538,0
2,43156.297,0
2,43158.993,0
2,43161.749,0
2,43164.414,0
2,43167.578,0
2,43170.278,0
2,43173.078,0
2,43175.695,0
2,43178.418,0
2,43181.092,0
2,43184.186,0
2,43186.796,0
2,43189.599,0
2,43192.045,0
2,43194.881,0
2,43197.636,0
2,43200.734,0
2,43203.334,0
2,43205.860,0
2,43208.437,0
2,43211.088,0
2,43214.363,0
2,43217.963,0
2,43220.784,0
2,43223.340,0
2,43226.007,0
2,43228.576,0
2,43231.398,0
2,43234.466,0
2,43237.061,0
2,43239.498,0
2,43241.900,0
2,43244.540,0
2,43246.996,0
2,43249.693,0
2,43253.111,0
2,43255.532,0
2,43258.644,0
2,43261.240,0
2,43264.071,2
2,43267.143,2
2,43269.698,2
2,43272.257,2
2,43274.840,2
2,43277.398,2
2,43279.902,2
2,43283.744,2
2,43286.337,2
2,43288.843,2
2,43291.574,2
2,43294.110,2
2,43296.690,2
2,43299.424,2
2,43302.572,2
2,43305.277,2
2,43307.869,2
2,43310.412,2
2,43312.995,2
2,43315.778,2
2,43318.828,2
2,43321.435,2
2,43324.193,2
2,43326.792,2
2,43329.375,2
2,43333.356,2
2,43335.939,2
2,43338.562,2
2,43341.154,2
2,43343.786,2
2,43346.245,2
2,43348.921,2
2,43351.848,2
2,43354.497,2
2,43357.133,2
2,43359.675,2
2,43362.193,2
2,43366.248,2
2,43368.833,2
2,43371.298,2
2,43373.810,2
2,43376.186,2
2,43378.708,2
2,43382.740,2
2,43385.376,2
2,43387.776,2
2,43390.329,2
2,43392.841,2
2,43395.332,2
2,43399.624,2
2,43402.284,2
2,43404.901,2
2,43407.489,2
2,43409.955,2
2,43412.921,2
2,43416.353,2
2,43418.835,2
2,43421.264,2
2,43423.869,2
2,43426.739,2
2,43429.634,3
2,43433.116,3
2,43435.732,3
2,43438.323,3
2,43441.435,3
2,43444.141,3
2,43446.804,3
2,43451.060,3
2,43453.708,3
2,43456.469,3
2,43459.100,3
2,43461.610,3
2,43464.148,3
2,43467.283,3
2,43469.864,3
2,43472.631,3
2,43475.300,3
2,43478.006,3
2,43480.613,3
2,43483.917,3
2,43486.523,3
2,43489.467,3
2,43492.165,3
2,43494.635,3
2,43497.511,3
2,43500.805,3
2,43503.467,3
2,43506.273,3
2,43509.037,3
2,43513.187,3
2,43518.107,3
2,43521.004,3
2,43523.619,3
2,43526.688,3
2,43529.765,3
2,43533.346,3
2,43536.325,3
2,43538.902,3
2,43541.450,3
2,43544.054,3
2,43546.614,3
2,43549.489,3
2,43552.645,3
2,43556.293,3
2,43558.754,3
2,43561.242,3
2,43563.985,3
2,43566.961,3
2,43569.461,3
2,43571.968,3
2,43574.415,3
2,43576.959,3
2,43579.561,3
2,43583.855,3
2,43586.346,3
2,43588.862,3
2,43591.977,3
2,43594.529,3
2,43597.041,4
2,43599.782,4
2,43603.064,4
2,43605.963,4
2,43609.215,4
2,43611.740,4
2,43614.405,4
2,43617.582,4
2,43620.239,4
2,43622.820,4
2,43625.406,4
2,43627.898,4
2,43630.436,4
2,43633.770,4
2,43636.400,4
2,43638.961,4
2,43641.572,4
2,43644.051,4
2,43646.944,4
2,43651.206,4
2,43653.880,4
2,43656.765,4
2,43659.443,4
2,43662.124,4
2,43666.041,4
2,43668.642,4
2,43671.233,4
2,43673.988,4
2,43676.576,4
2,43679.200,4
2,43681.787,4
2,43685.015,4
2,43687.694,4
2,43690.331,4
2,43692.884,4
2,43695.375,4
2,43698.488,4
2,43701.507,4
2,43704.249,4
2,43707.108,4
2,43709.741,4
2,43712.228,4
2,43716.375,4
2,43719.264,4
2,43721.860,4
2,43724.609,4
2,43727.547,4
2,43730.009,4
2,43732.906,4
2,43735.995,4
2,43739.123,4
2,43741.769,4
2,43744.207,4
2,43746.735,4
2,43749.098,4
2,43752.433,4
2,43755.525,4
2,43758.194,4
2,43761.068,4
2,43763.609,5
2,43766.338,5
2,43769.585,5
2,43772.159,5
2,43774.813,5
2,43778.213,5
2,43780.826,5
2,43784.151,5
2,43786.870,5
2,43789.497,5
2,43792.236,5
2,43795.088,5
2,43799.326,5
2,43802.090,5
2,43804.715,5
2,43807.560,5
2,43810.149,5
2,43812.661,5
2,43816.408,5
2,43819.753,5
2,43822.401,5
2,43825.051,5
2,43827.626,5
2,43830.190,5
2,43833.814,5
2,43836.428,5
2,43838.992,5
2,43841.640,5
2,43844.325,5
2,43846.711,5
2,43850.445,5
2,43853.073,5
2,43855.909,5
2,43858.554,5
2,43861.563,5
2,43864.147,5
2,43867.893,5
2,43870.506,5
2,43873.917,5
2,43876.513,5
2,43879.035,5
2,43882.932,5
2,43885.627,5
2,43888.223,5
2,43890.825,5
2,43893.388,5
2,43896.332,5
2,43899.266,5
2,43902.956,5
2,43905.679,5
2,43908.394,5
2,43911.120,5
2,43914.279,5
2,43917.552,5
2,43920.268,5
2,43922.836,5
2,43925.508,5
2,43928.386,6
2,43932.269,6
2,43935.093,6
2,43937.766,6
2,43941.135,6
2,43943.626,6
2,43946.310,6
2,43949.552,6
2,43953.006,6
2,43956.041,6
2,43958.798,6
2,43961.456,6
2,43964.114,6
2,43966.810,6
2,43969.534,6
2,43972.251,6
2,43974.942,6
2,43977.519,6
2,43980.073,6
2,43982.755,6
2,43986.021,6
2,43988.871,6
2,43991.537,6
2,43994.193,6
2,43996.800,6
2,43999.819,6
2,44003.073,6
2,44005.831,6
2,44008.703,6
2,44011.390,6
2,44013.882,6
2,44017.197,6
2,44020.005,6
2,44022.675,6
2,44025.534,6
2,44028.179,6
2,44030.737,6
2,44033.667,6
2,44036.372,6
2,44040.014,6
2,44042.891,6
2,44045.590,6
2,44048.127,6
2,44050.774,6
2,44053.475,6
2,44056.616,6
2,44059.244,6
2,44061.824,6
2,44064.474,6
2,44067.033,6
2,44070.083,6
2,44073.631,6
2,44076.230,6
2,44078.841,6
2,44081.455,6
2,44084.171,6
2,44087.503,6
2,44090.206,6
2,44092.891,6
2,44095.405,7
2,44098.205,7
2,44101.528,7
2,44104.539,7
2,44107.183,7
2,44109.773,7
2,44112.149,7
2,44114.950,7
2,44118.204,7
2,44121.656,7
2,44124.313,7
2,44126.853,7
2,44129.416,7
2,44132.142,7
2,44135.559,7
2,44138.354,7
2,44141.031,7
2,44143.967,7
2,44147.354,7
2,44150.668,7
2,44153.420,7
2,44156.163,7
2,44158.928,7
2,44161.844,7
2,44164.534,7
2,44167.772,7
2,44170.417,7
2,44172.971,7
2,44175.843,7
2,44178.527,7
2,44181.307,7
2,44184.618,7
2,44187.355,7
2,44189.987,7
2,44193.060,7
2,44195.422,7
2,44198.572,7
2,44201.759,7
2,44204.486,7
2,44207.316,7
2,44209.923,7
2,44212.315,7
2,44215.035,7
2,44218.350,7
2,44221.147,7
2,44223.752,7
2,44226.709,7
2,44229.460,7
2,44232.273,7
2,44235.592,7
2,44238.343,7
2,44241.025,7
2,44243.687,7
2,44246.591,7
2,44250.640,7
2,44253.299,7
2,44255.987,7
2,44258.594,7
2,44261.509,7
2,44264.137,8
2,44268.212,8
2,44270.907,8
2,44273.363,8
2,44275.954,8
2,44278.484,8
2,44281.332,8
2,44284.524,8
2,44287.255,8
2,44290.062,8
2,44292.761,8
2,44295.553,8
2,44298.601,8
2,44301.657,8
2,44304.420,8
2,44306.989,8
2,44309.561,8
2,44312.085,8
2,44314.830,8
2,44318.258,8
2,44321.091,8
2,44323.904,8
2,44326.577,8
2,44329.615,8
2,44332.216,8
2,44336.279,8
2,44339.128,8
2,44341.790,8
2,44344.546,8
2,44347.115,8
2,44349.803,8
2,44353.315,8
2,44356.114,8
2,44358.833,8
2,44361.399,8
2,44363.754,8
2,44366.204,8
2,44368.989,8
2,44371.480,8
2,44374.201,8
2,44376.712,8
2,44379.524,8
2,44382.036,8
2,44384.760,8
2,44387.940,8
2,44390.666,8
2,44393.377,8
2,44396.021,8
2,44398.705,8
2,44401.161,8
2,44403.794,8
2,44407.424,8
2,44410.180,8
2,44413.193,8
2,44415.605,8
2,44418.204,8
2,44422.208,8
2,44425.613,8
2,44428.314,9
2,44430.893,9
2,44434.639,9
2,44437.320,9
2,44440.125,9
2,44442.733,9
2,44445.092,9
2,44448.350,9
2,44451.116,9
2,44453.638,9
2,44456.274,9
2,44458.932,9
2,44462.140,9
2,44465.037,9
2,44468.229,9
2,44470.884,9
2,44473.484,9
2,44476.080,9
2,44478.453,9
2,44481.083,9
2,44484.412,9
2,44487.059,9
2,44489.816,9
2,44492.520,9
2,44495.303,9
2,44498.103,9
2,44502.872,9
2,44505.550,9
2,44508.234,9
2,44511.343,9
2,44513.867,9
2,44517.508,9
2,44520.212,9
2,44522.805,9
2,44525.404,9
2,44528.012,9
2,44530.491,9
2,44533.950,9
2,44536.517,9
2,44539.781,9
2,44542.864,9
2,44545.417,9
2,44548.176,9
2,44551.263,9
2,44553.995,9
2,44556.694,9
2,44559.288,9
2,44561.804,9
2,44564.077,9
2,44566.583,9
2,44569.657,9
2,44572.415,9
2,44574.915,9
2,44577.543,9
2,44580.046,9
2,44582.760,9
2,44586.213,9
2,44588.899,9
2,44591.974,9
2,44594.505,9
2,44597.030,10
2,44599.729,10
2,44602.934,10
2,44605.602,10
2,44608.190,10
2,44610.816,10
2,44613.376,10
2,44616.067,10
2,44619.321,10
2,44621.978,10
2,44624.747,10
2,44627.841,10
2,44630.567,10
2,44633.517,10
2,44636.529,10
2,44639.424,10
2,44642.115,10
2,44644.562,10
2,44647.316,10
2,44650.774,10
2,44653.493,10
2,44656.618,10
2,44659.330,10
2,44661.827,10
2,44665.005,10
2,44667.702,10
2,44670.346,10
2,44672.878,10
2,44675.495,10
2,44678.376,10
2,44681.115,10
2,44684.080,10
2,44686.682,10
2,44689.358,10
2,44692.012,10
2,44694.702,10
2,44697.312,10
2,44700.399,10
2,44703.302,10
2,44706.168,10
2,44708.828,10
2,44711.415,10
2,44713.970,10
2,44717.129,10
2,44719.611,10
2,44722.042,10
2,44724.607,10
2,44727.999,10
2,44730.618,10
2,44733.750,10
2,44736.353,10
2,44738.926,10
2,44741.538,10
2,44744.165,10
2,44746.768,10
2,44750.623,10
2,44753.231,10
2,44755.851,10
2,44758.546,10
2,44761.031,10
2,44763.710,11
2,44766.252,11
2,44769.470,11
2,44772.150,11
2,44774.776,11
2,44777.467,11
2,44779.960,11
2,44782.348,11
2,44787.176,11
2,44790.075,11
2,44792.757,11
2,44795.782,11
2,44798.663,11
2,44801.657,11
2,44804.104,11
2,44806.640,11
2,44809.225,11
2,44811.698,11
2,44814.468,11
2,44817.388,11
2,44820.190,11
2,44822.797,11
2,44825.395,11
2,44827.867,11
2,44830.527,11
2,44833.666,11
2,44836.348,11
2,44838.874,11
2,44841.423,11
2,44844.359,11
2,44846.996,11
2,44849.924,11
2,44852.552,11
2,44855.816,11
2,44858.532,11
2,44861.115,11
2,44863.872,11
2,44867.778,11
2,44870.399,11
2,44873.225,11
2,44876.157,11
2,44878.617,11
2,44882.560,11
2,44885.717,11
2,44888.346,11
2,44890.909,11
2,44893.412,11
2,44895.880,11
2,44899.346,11
2,44902.029,11
2,44904.456,11
2,44907.010,11
2,44909.516,11
2,44912.061,11
2,44915.624,11
2,44918.396,11
2,44921.043,11
2,44924.033,11
2,44926.404,11
2,44928.894,12
2,44932.748,12
2,44935.747,12
2,44938.353,12
2,44940.998,12
2,44943.567,12
2,44946.094,12
2,44949.812,12
2,44952.381,12
2,44955.011,12
2,44957.665,12
2,44960.167,12
2,44962.781,12
2,44965.427,12
2,44968.208,12
2,44971.000,12
2,44973.831,12
2,44976.698,12
2,44979.368,12
2,44982.407,12
2,44986.003,12
2,44988.698,12
2,44991.285,12
2,44993.796,12
2,44996.365,12
2,45000.338,12
2,45003.038,12
2,45005.418,12
2,45007.869,12
2,45010.356,12
2,45012.912,12
2,45016.746,12
2,45019.607,12
2,45022.126,12
2,45024.657,12
2,45027.462,12
2,45030.633,12
2,45034.286,12
2,45037.023,12
2,45039.937,12
2,45042.569,12
2,45045.594,12
2,45049.488,12
2,45052.202,12
2,45054.821,12
2,45057.450,12
2,45060.062,12
2,45062.756,12
2,45065.533,12
2,45068.605,12
2,45071.270,12
2,45073.828,12
2,45076.416,12
2,45078.745,12
2,45081.455,12
2,45084.555,12
2,45087.195,12
2,45089.930,12
2,45092.648,12
2,45095.150,13
2,45098.277,13
2,45100.896,13
2,45103.414,13
2,45105.974,13
2,45108.700,13
2,45111.433,13
2,45114.216,13
2,45116.988,13
2,45119.659,13
2,45122.621,13
2,45125.254,13
2,45127.878,13
2,45130.155,13
2,45132.799,13
2,45136.155,13
2,45138.766,13
2,45141.422,13
2,45143.875,13
2,45146.268,13
2,45150.662,13
2,45153.231,13
2,45155.853,13
2,45158.398,13
2,45161.027,13
2,45163.463,13
2,45167.285,13
2,45169.870,13
2,45172.389,13
2,45174.971,13
2,45177.743,13
2,45180.223,13
2,45184.311,13
2,45186.977,13
2,45189.931,13
2,45192.706,13
2,45195.339,13
2,45198.151,13
2,45201.270,13
2,45203.980,13
2,45206.837,13
2,45209.525,13
2,45212.010,13
2,45214.720,13
2,45217.758,13
2,45220.300,13
2,45222.942,13
2,45225.546,13
2,45228.107,13
2,45230.857,13
2,45233.735,13
2,45236.177,13
2,45238.730,13
2,45241.284,13
2,45243.652,13
2,45246.111,13
2,45248.705,13
2,45251.627,13
2,45254.841,13
2,45257.457,13
2,45259.980,13
2,45262.579,14
2,45266.429,14
2,45269.174,14
2,45271.960,14
2,45274.496,14
2,45277.075,14
2,45279.784,14
2,45283.611,14
2,45286.318,14
2,45288.744,14
2,45291.352,14
2,45293.856,14
2,45296.690,14
2,45300.488,14
2,45303.165,14
2,45306.082,14
2,45308.569,14
2,45311.354,14
2,45314.226,14
2,45317.183,14
2,45319.776,14
2,45322.324,14
2,45324.936,14
2,45327.525,14
2,45330.057,14
2,45334.078,14
2,45336.775,14
2,45339.182,14
2,45341.770,14
2,45344.387,14
2,45347.253,14
2,45350.919,14
2,45353.534,14
2,45356.225,14
2,45358.780,14
2,45361.436,14
2,45364.249,14
2,45367.062,14
2,45369.661,14
2,45371.985,14
2,45374.608,14
2,45377.162,14
2,45379.716,14
2,45383.333,14
2,45386.022,14
2,45388.604,14
2,45391.276,14
2,45394.140,14
2,45396.615,14
2,45400.461,14
2,45403.096,14
2,45406.090,14
2,45408.742,14
2,45411.493,14
2,45415.510,14
2,45418.052,14
2,45420.749,14
2,45423.356,14
2,45425.961,14
2,45428.507,15
2,45431.246,15
2,45434.410,15
2,45437.029,15
2,45439.877,15
2,45442.443,15
2,45445.502,15
2,45449.900,15
2,45452.637,15
2,45455.330,15
2,45457.998,15
2,45460.642,15
2,45463.243,15
2,45466.603,15
2,45469.191,15
2,45471.717,15
2,45474.306,15
2,45476.646,15
2,45479.062,15
2,45481.578,15
2,45486.051,15
2,45488.703,15
2,45491.318,15
2,45494.242,15
2,45496.741,15
2,45500.723,15
2,45504.851,15
2,45507.835,15
2,45510.387,15
2,45512.814,15
2,45516.211,15
2,45518.931,15
2,45521.585,15
2,45524.158,15
2,45526.765,15
2,45529.355,15
2,45531.826,15
2,45534.385,15
2,45538.331,15
2,45540.990,15
2,45543.380,15
2,45545.992,15
2,45550.151,15
2,45552.975,15
2,45555.500,15
2,45557.936,15
2,45560.550,15
2,45563.373,15
2,45566.526,15
2,45569.116,15
2,45571.741,15
2,45574.236,15
2,45576.687,15
2,45579.432,15
2,45582.262,15
2,45584.963,15
2,45587.644,15
2,45590.686,15
2,45593.206,15
2,45595.646,16
2,45599.113,16
2,45601.691,16
2,45604.690,16
2,45607.145,16
2,45609.683,16
2,45613.901,16
2,45616.618,16
2,45619.434,16
2,45621.957,16
2,45624.424,16
2,45626.883,16
2,45629.673,16
2,45633.203,16
2,45636.569,16
2,45639.623,16
2,45642.231,16
2,45644.948,16
2,45647.618,16
2,45650.691,16
2,45653.408,16
2,45655.956,16
2,45658.521,16
2,45661.050,16
2,45663.493,16
2,45666.334,16
2,45669.274,16
2,45671.902,16
2,45674.384,16
2,45676.905,16
2,45679.802,16
2,45683.582,16
2,45686.182,16
2,45688.693,16
2,45691.239,16
2,45694.010,16
2,45696.707,16
2,45700.439,16
2,45703.025,16
2,45706.844,16
2,45709.391,16
2,45711.916,16
2,45714.627,16
2,45717.592,16
2,45720.196,16
2,45722.887,16
2,45725.532,16
2,45728.358,16
2,45731.406,16
2,45734.486,16
2,45737.503,16
2,45740.145,16
2,45742.723,16
2,45745.187,16
2,45748.128,16
2,45750.957,16
2,45753.657,16
2,45756.360,16
2,45758.921,16
2,45761.638,17
2,45764.309,17
2,45767.301,17
2,45769.882,17
2,45772.429,17
2,45775.116,17
2,45777.684,17
2,45780.351,17
2,45783.098,17
2,45786.057,17
2,45788.742,17
2,45791.323,17
2,45794.573,17
2,45797.374,17
2,45801.084,17
2,45803.652,17
2,45806.284,17
2,45808.925,17
2,45811.584,17
2,45814.209,17
2,45817.250,17
2,45819.736,17
2,45822.266,17
2,45824.866,17
2,45827.411,17
2,45829.844,17
2,45832.627,17
2,45835.550,17
2,45838.143,17
2,45840.658,17
2,45843.291,17
2,45845.964,17
2,45849.905,17
2,45852.350,17
2,45854.975,17
2,45857.619,17
2,45860.171,17
2,45864.975,17
2,45868.204,17
2,45870.916,17
2,45873.856,17
2,45876.381,17
2,45880.397,17
2,45883.628,17
2,45886.510,17
2,45890.029,17
2,45892.827,17
2,45895.325,17
2,45898.188,17
2,45900.954,17
2,45903.980,17
2,45906.765,17
2,45909.352,17
2,45911.937,17
2,45915.889,17
2,45918.448,17
2,45921.673,17
2,45924.234,17
2,45926.815,17
2,45929.306,18
2,45933.150,18
2,45935.885,18
2,45939.219,18
2,45941.758,18
2,45944.670,18
2,45947.125,18
2,45949.565,18
2,45952.922,18
2,45955.616,18
2,45958.189,18
2,45960.837,18
2,45963.368,18
2,45967.103,18
2,45969.677,18
2,45972.219,18
2,45974.764,18
2,45977.053,18
2,45979.643,18
2,45983.789,18
2,45986.392,18
2,45988.933,18
2,45991.305,18
2,45994.425,18
2,45996.959,18
2,46000.731,18
2,46003.339,18
2,46005.947,18
2,46008.518,18
2,46011.057,18
2,46013.827,18
2,46017.431,18
2,46019.992,18
2,46022.490,18
2,46025.087,18
2,46027.647,18
2,46030.238,18
2,46034.147,18
2,46036.561,18
2,46040.125,18
2,46042.697,18
2,46045.144,18
2,46047.720,18
2,46050.970,18
2,46053.570,18
2,46056.234,18
2,46058.850,18
2,46061.427,18
2,46063.990,18
2,46067.149,18
2,46069.759,18
2,46072.308,18
2,46074.822,18
2,46077.364,18
2,46079.928,18
2,46083.888,18
2,46086.484,18
2,46088.994,18
2,46091.676,18
2,46094.057,18
2,46096.948,19
2,46100.743,19
2,46103.363,19
2,46105.932,19
2,46108.585,19
2,46111.170,19
2,46113.607,19
2,46116.292,19
2,46119.120,19
2,46121.826,19
2,46124.413,19
2,46126.876,19
2,46129.444,19
2,46133.193,19
2,46135.836,19
2,46138.384,19
2,46140.917,19
2,46143.426,19
2,46146.060,19
2,46149.823,19
2,46152.616,19
2,46155.146,19
2,46157.665,19
2,46160.088,19
2,46162.722,19
2,46166.669,19
2,46169.330,19
2,46171.889,19
2,46174.411,19
2,46176.896,19
2,46179.272,19
2,46183.191,19
2,46185.826,19
2,46188.431,19
2,46190.968,19
2,46193.421,19
2,46195.935,19
2,46199.716,19
2,46202.134,19
2,46204.732,19
2,46207.139,19
2,46209.692,19
2,46212.216,19
2,46216.420,19
2,46219.094,19
2,46221.676,19
2,46224.671,19
2,46227.613,19
2,46230.160,19
2,46233.289,19
2,46236.235,19
2,46238.833,19
2,46241.906,19
2,46244.586,19
2,46247.234,19
2,46250.195,19
2,46252.769,19
2,46255.138,19
2,46257.673,19
2,46260.289,19
2,46262.888,20
2,46266.217,20
2,46268.798,20
2,46271.380,20
2,46274.089,20
2,46276.608,20
2,46279.164,20
2,46283.200,20
2,46285.928,20
2,46288.506,20
2,46291.050,20
2,46293.596,20
2,46296.172,20
2,46300.214,20
2,46302.842,20
2,46305.413,20
2,46308.010,20
2,46311.064,20
2,46313.510,20
2,46317.093,20
2,46319.660,20
2,46322.163,20
2,46324.737,20
2,46327.388,20
2,46330.019,20
2,46333.803,20
2,46336.376,20
2,46338.902,20
2,46341.472,20
2,46344.265,20
2,46346.730,20
2,46350.756,20
2,46353.348,20
2,46356.424,20
2,46359.196,20
2,46361.757,20
2,46364.689,20
2,46367.475,20
2,46370.096,20
2,46372.733,20
2,46375.363,20
2,46378.063,20
2,46380.785,20
2,46383.709,20
2,46386.323,20
2,46388.933,20
2,46391.506,20
2,46394.437,20
2,46396.897,20
2,46400.969,20
2,46403.585,20
2,46406.118,20
2,46408.525,20
2,46411.052,20
2,46413.503,20
2,46416.620,20
2,46419.176,20
2,46421.887,20
2,46424.429,20
2,46426.959,20
2,46429.485,21
2,46432.993,21
2,46435.685,21
2,46438.370,21
2,46440.914,21
2,46443.493,21
2,46446.099,21
2,46448.760,21
2,46451.813,21
2,46454.542,21
2,46457.157,21
2,46459.749,21
2,46462.199,21
2,46466.109,21
2,46469.109,21
2,46471.706,21
2,46474.258,21
2,46476.860,21
2,46479.303,21
2,46481.902,21
2,46485.726,21
2,46488.481,21
2,46491.154,21
2,46493.761,21
2,46496.274,21
2,46500.338,21
2,46502.947,21
2,46505.535,21
2,46508.166,21
2,46510.954,21
2,46513.907,21
2,46517.171,21
2,46519.782,21
2,46522.573,21
2,46525.213,21
2,46527.815,21
2,46530.264,21
2,46533.013,21
2,46536.114,21
2,46538.763,21
2,46541.305,21
2,46544.690,21
2,46547.668,21
2,46551.036,21
2,46553.693,21
2,46556.356,21
2,46558.978,21
2,46561.709,21
2,46564.701,21
2,46567.623,21
2,46570.202,21
2,46572.991,21
2,46575.583,21
2,46578.538,21
2,46581.357,21
2,46584.647,21
2,46587.425,21
2,46590.131,21
2,46592.765,21
2,46595.871,22
2,46599.660,22
2,46602.333,22
2,46604.893,22
2,46607.724,22
2,46610.379,22
2,46613.049,22
2,46617.088,22
2,46619.697,22
2,46622.289,22
2,46624.832,22
2,46627.424,22
2,46629.954,22
2,46633.843,22
2,46636.353,22
2,46638.736,22
2,46641.396,22
2,46644.225,22
2,46646.698,22
2,46650.682,22
2,46653.321,22
2,46656.237,22
2,46658.890,22
2,46661.619,22
2,46664.399,22
2,46667.432,22
2,46670.362,22
2,46672.907,22
2,46675.513,22
2,46678.332,22
2,46680.844,22
2,46684.076,22
2,46686.668,22
2,46689.387,22
2,46692.033,22
2,46694.621,22
2,46697.256,22
2,46700.890,22
2,46703.889,22
2,46706.433,22
2,46709.024,22
2,46712.103,22
2,46714.873,22
2,46717.648,22
2,46720.248,22
2,46722.961,22
2,46725.459,22
2,46728.025,22
2,46730.519,22
2,46734.484,22
2,46737.149,22
2,46739.720,22
2,46742.353,22
2,46745.177,22
2,46747.951,22
2,46751.137,22
2,46753.725,22
2,46756.288,22
2,46758.864,22
2,46761.672,23
2,46765.782,23
2,46768.509,23
2,46771.115,23
2,46773.740,23
2,46776.527,23
2,46779.012,23
2,46781.576,23
2,46785.269,23
2,46788.026,23
2,46790.794,23
2,46793.322,23
2,46795.726,23
2,46798.502,23
2,46801.669,23
2,46804.320,23
2,46807.220,23
2,46809.775,23
2,46812.221,23
2,46816.046,23
2,46818.501,23
2,46821.550,23
2,46823.978,23
2,46826.494,23
2,46829.285,23
2,46832.808,23
2,46835.559,23
2,46838.052,23
2,46840.986,23
2,46843.448,23
2,46846.954,23
2,46850.217,23
2,46853.028,23
2,46855.701,23
2,46858.312,23
2,46860.810,23
2,46863.430,23
2,46867.233,23
2,46869.874,23
2,46872.320,23
2,46874.733,23
2,46877.233,23
2,46880.066,23
2,46883.705,23
2,46886.336,23
2,46888.874,23
2,46891.315,23
2,46893.736,23
2,46896.302,23
2,46900.220,23
2,46902.896,23
2,46905.274,23
2,46907.873,23
2,46910.269,23
2,46912.845,23
2,46915.866,23
2,46919.024,23
2,46921.979,23
2,46925.322,23
2,46928.092,23
2,46930.806,24
2,46933.609,24
2,46936.175,24
2,46938.680,24
2,46941.060,24
2,46944.056,24
2,46946.735,24
2,46949.998,24
2,46952.796,24
2,46955.316,24
2,46957.958,24
2,46960.769,24
2,46963.179,24
2,46967.230,24
2,46969.812,24
2,46972.304,24
2,46974.945,24
2,46977.487,24
2,46980.401,24
2,46984.151,24
2,46986.708,24
2,46989.326,24
2,46991.809,24
2,46994.406,24
2,46996.980,24
2,47000.629,24
2,47003.215,24
2,47006.028,24
2,47008.667,24
2,47011.274,24
2,47013.948,24
2,47017.470,24
2,47020.046,24
2,47022.993,24
2,47025.583,24
2,47028.256,24
2,47030.914,24
2,47033.860,24
2,47036.520,24
2,47039.049,24
2,47041.616,24
2,47044.212,24
2,47046.688,24
2,47049.500,24
2,47052.802,24
2,47055.425,24
2,47057.964,24
2,47060.509,24
2,47063.353,24
2,47066.670,24
2,47069.257,24
2,47071.825,24
2,47074.387,24
2,47076.918,24
2,47079.585,24
2,47083.141,24
2,47085.702,24
2,47088.112,24
2,47090.602,24
2,47093.132,24
2,47095.636,25
2,47098.446,25
2,47101.354,25
2,47104.084,25
2,47107.005,25
2,47109.553,25
2,47112.052,25
2,47116.030,25
2,47118.460,25
2,47121.104,25
2,47123.883,25
2,47126.393,25
2,47128.855,25
2,47131.438,25
2,47134.622,25
2,47137.262,25
2,47139.798,25
2,47142.482,25
2,47145.189,25
2,47149.568,25
2,47152.311,25
2,47154.902,25
2,47157.507,25
2,47160.043,25
2,47162.596,25
2,47166.241,25
2,47168.908,25
2,47171.362,25
2,47173.902,25
2,47176.406,25
2,47178.817,25
2,47181.601,25
2,47184.645,25
2,47187.155,25
2,47189.688,25
2,47192.144,25
2,47195.228,25
2,47197.945,25
2,47200.888,25
2,47203.661,25
2,47206.151,25
2,47208.890,25
2,47211.588,25
2,47214.148,25
2,47217.164,25
2,47219.843,25
2,47223.187,25
2,47225.806,25
2,47228.420,25
2,47231.592,25
2,47234.033,25
2,47236.760,25
2,47239.655,25
2,47242.236,25
2,47245.041,25
2,47247.749,25
2,47250.752,25
2,47253.296,25
2,47255.918,25
2,47258.539,25
2,47261.186,25
2,47263.936,26
2,47267.002,26
2,47270.155,26
2,47272.892,26
2,47275.544,26
2,47278.187,26
2,47280.892,26
2,47283.844,26
2,47286.422,26
2,47288.730,26
2,47291.474,26
2,47294.257,26
2,47296.810,26
2,47300.378,26
2,47302.819,26
2,47305.353,26
2,47307.916,26
2,47310.762,26
2,47313.205,26
2,47317.232,26
2,47319.876,26
2,47322.826,26
2,47325.440,26
2,47327.973,26
2,47331.355,26
2,47334.474,26
2,47337.233,26
2,47339.914,26
2,47342.547,26
2,47345.180,26
2,47348.022,26
2,47351.025,26
2,47353.613,26
2,47356.217,26
2,47358.827,26
2,47361.450,26
2,47363.917,26
2,47367.480,26
2,47370.339,26
2,47372.857,26
2,47375.441,26
2,47378.084,26
2,47380.965,26
2,47383.471,26
2,47387.440,26
2,47390.105,26
2,47392.659,26
2,47395.187,26
2,47397.884,26
2,47401.398,26
2,47403.943,26
2,47406.453,26
2,47409.668,26
2,47412.518,26
2,47416.253,26
2,47418.836,26
2,47421.855,26
2,47424.383,26
2,47426.983,26
2,47429.584,26
2,47433.322,26
2,47436.444,26
2,47439.043,26
2,47441.762,26
2,47444.293,26
2,47446.804,26
2,47450.669,26
2,47453.408,26
2,47456.053,26
2,47458.600,26
2,47461.067,26
2,47463.584,26
2,47467.257,26
2,47469.875,26
2,47472.843,26
2,47475.508,26
2,47478.124,26
2,47480.681,26
2,47483.925,26
2,47486.354,26
2,47488.835,26
2,47491.474,26
2,47494.051,26
2,47497.039,26
2,47500.690,26
2,47503.340,26
2,47506.142,26
2,47508.809,26
2,47511.500,26
2,47514.178,26
2,47517.378,26
2,47520.088,26
2,47523.094,26
2,47525.713,26
2,47528.595,26
2,47532.285,26
2,47535.111,26
2,47537.748,26
2,47540.370,26
2,47542.984,26
2,47545.533,26
2,47548.387,26
2,47551.600,26
2,47554.259,26
2,47556.969,26
2,47559.418,26
2,47561.900,26
2,47564.670,26
2,47567.759,26
2,47570.678,26
2,47573.304,26
2,47576.055,26
2,47578.593,26
2,47582.598,26
2,47585.764,26
2,47588.372,26
2,47591.025,26
2,47593.509,26
2,47596.455,26
2,47600.129,26
2,47602.996,26
2,47605.619,26
2,47608.135,26
2,47611.026,26
2,47613.421,26
2,47617.421,26
2,47620.026,26
2,47623.326,26
2,47625.973,26
2,47628.515,26
2,47632.245,26
2,47635.499,26
2,47637.997,26
2,47640.605,26
2,47643.150,26
2,47645.626,26
2,47649.327,26
2,47652.005,26
2,47654.557,26
2,47657.257,26
2,47659.844,26
2,47662.487,26
2,47666.039,26
2,47668.606,26
2,47671.285,26
2,47674.019,26
2,47676.426,26
2,47679.005,26
2,47681.912,26
2,47684.916,26
2,47687.662,26
2,47690.241,26
2,47692.864,26
2,47695.577,26
2,47699.674,26
2,47702.308,26
2,47704.956,26
2,47707.580,26
2,47710.186,26
2,47712.739,26
2,47719.700,26
2,47723.481,26
2,47726.648,26
2,47729.531,26
2,47732.787,26
2,47735.589,26
2,47738.299,26
2,47741.002,26
2,47743.612,26
2,47746.320,26
2,47749.594,26
2,47753.073,26
2,47755.655,26
2,47758.343,26
2,47760.929,26
2,47764.125,26
2,47767.317,26
2,47769.995,26
2,47772.779,26
2,47775.530,26
2,47778.272,26
2,47780.924,26
2,47784.073,26
2,47786.740,26
2,47789.507,26
2,47792.288,26
2,47794.975,26
2,47798.343,26
2,47801.405,26
2,47804.210,26
2,47806.698,26
2,47809.281,26
2,47811.967,26
2,47814.627,26
2,47817.736,26
2,47820.372,26
2,47823.056,26
2,47825.651,26
2,47828.791,26
2,47833.340,26
2,47836.032,26
2,47838.628,26
2,47841.230,26
2,47844.321,26
2,47846.911,26
2,47850.453,26
2,47853.145,26
2,47855.699,26
2,47858.784,26
2,47861.722,26
2,47865.179,26
2,47867.835,26
2,47870.507,26
2,47873.533,26
2,47876.171,26
2,47878.738,26
2,47882.571,26
2,47885.602,26
2,47888.724,26
2,47891.363,26
2,47893.978,26
2,47896.600,26
2,47900.548,26
2,47903.147,26
2,47905.693,26
2,47908.352,26
2,47911.229,26
2,47913.965,26
2,47917.395,26
2,47920.063,26
2,47923.172,26
2,47925.848,26
2,47928.478,26
2,47932.428,26
2,47935.092,26
2,47937.781,26
2,47940.422,26
2,47943.017,26
2,47945.638,26
2,47949.548,26
2,47952.008,26
2,47954.811,26
2,47957.438,26
2,47959.862,26
2,47962.983,26
2,47966.800,26
2,47969.483,26
2,47972.081,26
2,47974.672,26
2,47977.391,26
2,47980.485,26
2,47984.091,26
2,47987.173,26
2,47989.792,26
2,47992.656,26
2,47995.362,26
2,47998.139,26
2,48001.285,26
2,48004.195,26
2,48007.249,26
2,48009.776,26
2,48012.693,26
2,48016.272,26
2,48018.911,26
2,48021.582,26
2,48024.298,26
2,48026.902,26
2,48029.512,26
2,48033.419,26
2,48036.813,26
2,48039.467,26
2,48042.124,26
2,48044.719,26
2,48047.377,26
2,48050.599,26
2,48054.192,26
2,48056.994,26
2,48059.629,26
2,48062.869,26
2,48065.909,26
2,48068.651,26
2,48071.310,26
2,48073.958,26
2,48076.505,26
2,48079.125,26
2,48082.814,26
2,48085.599,26
2,48088.236,26
2,48090.900,26
2,48093.512,26
2,48096.071,26
2,48099.997,26
2,48102.747,26
2,48105.408,26
2,48107.979,26
2,48110.718,26
2,48113.351,26
2,48117.270,26
2,48120.322,26
2,48123.241,26
2,48125.928,26
2,48128.816,26
2,48132.899,26
2,48135.687,26
2,48138.375,26
2,48141.006,26
2,48143.792,26
2,48146.214,26
2,48149.809,26
2,48152.471,26
2,48155.057,26
2,48157.918,26
2,48160.601,26
2,48163.210,26
2,48166.988,26
2,48169.625,26
2,48172.143,26
2,48174.675,26
2,48177.263,26
2,48180.092,26
2,48183.572,26
2,48186.210,26
2,48188.783,26
2,48191.488,26
2,48194.126,26
2,48196.698,26
2,48200.575,26
2,48203.317,26
2,48205.783,26
2,48208.420,26
2,48211.106,26
2,48213.576,26
2,48217.546,26
2,48220.174,26
2,48222.831,26
2,48225.511,26
2,48228.018,26
2,48230.715,26
2,48233.802,26
2,48236.446,26
2,48239.248,26
2,48241.967,26
2,48244.563,26
2,48247.123,26
2,48250.979,26
2,48253.633,26
2,48256.245,26
2,48258.893,26
2,48261.430,26
2,48264.796,26
2,48267.490,26
2,48270.123,26
2,48272.755,26
2,48275.420,26
2,48278.649,26
2,48281.844,26
2,48284.664,26
2,48287.361,26
2,48290.054,26
2,48292.658,26
2,48295.342,26
2,48299.019,26
2,48301.634,26
2,48304.220,26
2,48306.940,26
2,48309.507,26
2,48312.006,26
2,48315.727,26
2,48318.510,26
2,48321.153,26
2,48323.719,26
2,48326.266,26
2,48328.734,26
2,48332.200,26
2,48334.893,26
2,48337.342,26
2,48340.196,26
2,48342.784,26
2,48345.599,26
2,48349.405,26
2,48352.100,26
2,48355.407,26
2,48358.031,26
2,48360.744,26
2,48363.155,26
2,48366.910,26
2,48369.546,26
2,48372.330,26
2,48374.889,26
2,48377.516,26
2,48379.874,26
2,48384.157,26
2,48386.744,26
2,48389.395,26
2,48392.026,26
2,48394.802,26
2,48397.858,26
2,48400.997,26
2,48403.644,26
2,48406.365,26
2,48409.009,26
2,48412.239,26
2,48416.139,26
2,48418.857,26
2,48421.536,26
2,48424.050,26
2,48427.130,26
2,48429.946,26
2,48433.427,26
2,48436.075,26
2,48438.647,26
2,48441.222,26
2,48446.006,26
2,48448.742,26
2,48452.363,26
2,48455.111,26
2,48458.067,26
2,48460.698,26
2,48463.243,26
2,48466.657,26
2,48469.503,26
2,48472.173,26
2,48474.797,26
2,48477.398,26
2,48480.453,26
2,48484.170,26
2,48486.851,26
2,48490.072,26
2,48492.807,26
2,48495.419,26
2,48499.592,26
2,48502.885,26
2,48506.052,26
2,48508.700,26
2,48511.341,26
2,48514.350,26
2,48518.192,26
2,48520.962,26
2,48523.599,26
2,48526.187,26
2,48528.729,26
2,48533.063,26
2,48535.835,26
2,48538.846,26
2,48541.464,26
2,48543.984,26
2,48546.552,26
2,48549.179,26
2,48553.149,26
2,48555.982,26
2,48558.676,26
2,48562.131,26
2,48567.455,26
2,48570.524,26
2,48573.570,26
2,48576.220,26
2,48578.751,26
2,48582.832,26
2,48585.360,26
2,48587.995,26
2,48590.647,26
2,48593.175,26
2,48595.716,26
2,48599.761,26
2,48602.844,26
2,48605.505,26
2,48608.112,26
2,48610.707,26
2,48613.148,26
2,48617.402,26
2,48620.121,26
2,48623.124,26
2,48625.745,26
2,48628.313,26
2,48632.238,26
2,48635.061,26
2,48637.595,26
2,48640.157,26
2,48642.701,26
2,48645.233,26
2,48648.409,26
2,48651.575,26
2,48654.257,26
2,48657.579,26
2,48660.137,26
2,48662.660,26
2,48666.450,26
2,48669.128,26
2,48672.231,26
2,48674.728,26
2,48677.332,26
2,48679.982,26
2,48684.577,26
2,48687.272,26
2,48689.942,26
2,48692.726,26
2,48695.197,26
2,48698.612,26
2,48701.276,26
2,48704.224,26
2,48706.851,26
2,48709.453,26
2,48712.016,26
2,48715.055,26
2,48717.842,26
2,48720.717,26
2,48723.351,26
2,48725.948,26
2,48728.537,26
2,48731.698,26
2,48734.428,26
2,48737.050,26
2,48739.678,26
2,48742.355,26
2,48745.234,26
2,48748.045,26
2,48751.193,26
2,48753.933,26
2,48757.060,26
2,48760.173,26
2,48762.845,26
2,48766.250,26
2,48768.823,26
2,48771.386,26
2,48774.570,26
2,48777.490,26
2,48780.176,26
2,48783.434,26
2,48786.586,26
2,48789.638,26
2,48792.364,26
2,48795.153,26
2,48798.622,26
2,48801.409,26
2,48804.351,26
2,48807.410,26
2,48810.423,26
2,48813.484,26
2,48817.468,26
2,48820.007,26
2,48823.149,26
2,48825.722,26
2,48828.337,26
2,48831.096,26
2,48834.367,26
2,48837.005,26
2,48839.641,26
2,48842.220,26
2,48844.859,26
2,48847.615,26
2,48850.873,26
2,48853.414,26
2,48856.182,26
2,48858.918,26
2,48861.921,26
2,48864.734,26
2,48867.936,26
2,48870.742,26
2,48873.875,26
2,48876.514,26
2,48879.213,26
2,48883.299,26
2,48886.158,26
2,48888.602,26
2,48891.249,26
2,48894.441,26
2,48897.074,26
2,48901.482,26
2,48904.207,26
2,48907.070,26
2,48909.683,26
2,48912.469,26
2,48916.897,26
2,48919.842,26
2,48923.862,26
2,48926.415,26
2,48929.007,26
2,48931.694,26
2,48935.374,26
2,48938.761,26
2,48941.494,26
2,48944.819,26
2,48947.454,26
2,48951.367,26
2,48954.078,26
2,48957.338,26
2,48961.069,26
2,48963.735,26
2,48966.447,26
2,48969.777,26
2,48972.464,26
2,48975.149,26
2,48977.800,26
2,48980.466,26
2,48983.187,26
2,48986.329,26
2,48988.964,26
2,48991.507,26
2,48994.034,26
2,48996.784,26
2,49001.051,26
2,49003.876,26
2,49006.491,26
2,49009.560,26
2,49012.144,26
2,49014.875,26
2,49018.076,26
2,49021.132,26
2,49023.944,26
2,49026.841,26
2,49029.868,26
2,49033.581,26
2,49036.301,26
2,49038.790,26
2,49041.539,26
2,49044.502,26
2,49047.027,26
2,49049.599,26
2,49052.817,26
2,49055.955,26
2,49058.650,26
2,49061.487,26
2,49064.178,26
2,49067.160,26
2,49069.873,26
2,49072.836,26
2,49075.870,26
2,49078.899,26
2,49083.096,26
2,49085.759,26
2,49088.423,26
2,49090.864,26
2,49093.272,26
2,49095.751,26
2,49098.976,26
2,49101.431,26
2,49104.074,26
2,49106.937,26
2,49109.490,26
2,49112.029,26
2,49114.812,26
2,49118.446,26
2,49121.146,26
2,49123.798,26
2,49126.459,26
2,49128.870,26
2,49132.732,26
2,49135.357,26
2,49137.961,26
2,49140.575,26
2,49143.144,26
2,49145.503,26
2,49149.433,26
2,49152.155,26
2,49154.709,26
2,49157.350,26
2,49159.894,26
2,49162.565,26
2,49165.842,26
2,49168.490,26
2,49171.034,26
2,49173.626,26
2,49176.390,26
2,49178.978,26
2,49182.298,26
2,49184.995,26
2,49187.551,26
2,49190.231,26
2,49192.771,26
2,49195.647,26
2,49199.594,26
2,49202.309,26
2,49205.452,26
2,49208.416,26
2,49210.985,26
2,49213.976,26
2,49217.200,26
2,49219.829,26
2,49222.391,26
2,49224.969,26
2,49227.566,26
2,49230.073,26
2,49233.999,26
2,49236.617,26
2,49239.364,26
2,49242.064,26
2,49244.682,26
2,49247.337,26
2,49250.417,26
2,49253.047,26
2,49255.572,26
2,49258.143,26
2,49260.691,26
2,49264.059,26
2,49267.598,26
2,49270.193,26
2,49272.908,26
2,49275.582,26
2,49278.207,26
2,49280.812,26
2,49283.941,26
2,49286.964,26
2,49289.569,26
2,49292.291,26
2,49294.993,26
2,49298.282,26
2,49300.799,26
2,49303.357,26
2,49306.096,26
2,49308.743,26
2,49311.297,26
2,49314.362,26
2,49317.014,26
2,49319.648,26
2,49322.447,26
2,49325.050,26
2,49327.641,26
2,49330.117,26
2,49333.717,26
2,49336.331,26
2,49338.815,26
2,49341.495,26
2,49344.186,26
2,49346.811,26
2,49350.209,26
2,49352.649,26
2,49355.612,26
2,49358.046,26
2,49360.626,26
2,49363.199,26
2,49366.372,26
2,49368.923,26
2,49371.590,26
2,49374.172,26
2,49377.120,26
2,49379.674,26
2,49383.083,26
2,49385.682,26
2,49388.152,26
2,49390.682,26
2,49393.577,26
2,49396.370,26
2,49399.740,26
2,49402.405,26
2,49405.129,26
2,49407.656,26
2,49410.204,26
2,49412.665,26
2,49416.558,26
2,49419.429,26
2,49422.495,26
2,49425.154,26
2,49427.736,26
2,49430.271,26
2,49433.765,26
2,49436.344,26
2,49438.976,26
2,49441.595,26
2,49444.273,26
2,49446.639,26
2,49450.517,26
2,49453.147,26
2,49455.702,26
2,49458.141,26
2,49460.693,26
2,49463.240,26
2,49466.577,26
2,49469.492,26
2,49472.094,26
2,49475.156,26
2,49477.721,26
2,49480.260,26
2,49483.839,26
2,49486.237,26
2,49488.815,26
2,49491.676,26
2,49494.665,26
2,49497.205,26
2,49502.191,26
2,49504.931,26
2,49508.643,26
2,49511.412,26
2,49514.061,26
2,49517.420,26
2,49520.116,26
2,49522.819,26
2,49525.428,26
2,49527.880,26
2,49530.634,26
2,49533.725,26
2,49536.758,26
2,49539.455,26
2,49542.104,26
2,49544.844,26
2,49547.422,26
2,49551.290,26
2,49553.793,26
2,49556.428,26
2,49559.057,26
2,49562.049,26
2,49566.748,26
2,49569.343,26
2,49571.992,26
2,49574.581,26
2,49577.109,26
2,49579.762,26
2,49583.198,26
2,49585.800,26
2,49588.323,26
2,49590.941,26
2,49593.450,26
2,49596.328,26
2,49599.627,26
2,49602.325,26
2,49604.919,26
2,49607.449,26
2,49610.005,26
2,49612.893,26
2,49616.482,26
2,49619.255,26
2,49621.764,26
2,49624.371,26
2,49627.097,26
2,49629.735,26
2,49633.773,26
2,49636.653,26
2,49639.275,26
2,49641.895,26
2,49644.464,26
2,49646.958,26
2,49649.625,26
2,49652.502,26
2,49655.254,26
2,49657.880,26
2,49660.805,26
2,49663.471,26
2,49666.624,26
2,49669.396,26
2,49671.870,26
2,49674.299,26
2,49676.883,26
2,49679.833,26
2,49683.845,26
2,49686.510,26
2,49689.361,26
2,49692.009,26
2,49695.177,26
2,49697.759,26
2,49700.871,26
2,49703.434,26
2,49706.359,26
2,49708.997,26
2,49711.755,26
2,49714.456,26
2,49717.320,26
2,49719.927,26
2,49723.064,26
2,49725.703,26
2,49728.382,26
2,49731.142,26
2,49734.236,26
2,49736.787,26
2,49739.301,26
2,49741.870,26
2,49744.348,26
2,49747.262,26
2,49750.322,26
2,49752.976,26
2,49755.899,26
2,49758.579,26
2,49761.784,26
2,49764.343,26
2,49767.015,26
2,49769.948,26
2,49773.162,26
2,49775.890,26
2,49778.456,26
2,49781.293,26
2,49783.904,26
2,49786.890,26
2,49790.074,26
2,49793.150,26
2,49796.183,26
2,49798.814,26
2,49801.605,26
2,49804.460,26
2,49807.264,26
2,49809.835,26
2,49812.827,26
2,49815.493,26
2,49818.272,26
2,49821.338,26
2,49823.979,26
2,49826.567,26
2,49829.342,26
2,49832.570,26
2,49835.138,26
2,49837.872,26
2,49840.502,26
2,49843.424,26
2,49845.916,26
2,49848.701,26
2,49851.912,26
2,49854.424,26
2,49857.060,26
2,49859.650,26
2,49862.171,26
2,49864.925,26
2,49868.417,26
2,49871.048,26
2,49873.632,26
2,49876.210,26
2,49878.788,26
2,49881.607,26
2,49884.635,26
2,49887.437,26
2,49890.275,26
2,49892.853,26
2,49895.355,26
2,49898.206,26
2,49901.330,26
2,49904.022,26
2,49906.686,26
2,49909.226,26
2,49911.854,26
2,49914.540,26
2,49917.712,26
2,49920.346,26
2,49923.196,26
2,49925.810,26
2,49928.356,26
2,49931.192,26
2,49934.224,26
2,49936.861,26
2,49939.529,26
2,49942.176,26
2,49944.664,26
2,49947.632,26
2,49950.385,26
2,49953.004,26
2,49955.881,26
2,49958.400,26
2,49960.931,26
2,49963.409,26
2,49965.953,26
2,49969.693,26
2,49972.205,26
2,49975.209,26
2,49977.799,26
2,49980.684,26
2,49983.811,26
2,49986.423,26
2,49989.314,26
2,49991.932,26
2,49994.420,26
2,49997.387,26
2,50001.131,26
2,50003.815,26
2,50006.813,26
2,50009.370,26
2,50012.348,26
2,50016.226,26
2,50018.793,26
2,50021.566,26
2,50024.141,26
2,50027.077,26
2,50029.901,26
2,50033.251,26
2,50035.848,26
2,50038.365,26
2,50041.069,26
2,50043.619,26
2,50046.523,26
2,50050.774,26
2,50053.441,26
2,50056.428,26
2,50059.059,26
2,50061.621,26
2,50064.328,26
2,50067.570,26
2,50070.214,26
2,50072.792,26
2,50075.473,26
2,50078.078,26
2,50080.734,26
2,50083.768,26
2,50086.420,26
2,50088.989,26
2,50091.582,26
2,50094.012,26
2,50096.390,26
2,50098.959,26
2,50102.230,26
2,50104.917,26
2,50107.544,26
2,50110.338,26
2,50112.949,26
2,50116.411,26
2,50118.881,26
2,50121.543,26
2,50124.024,26
2,50126.526,26
2,50129.040,26
2,50131.832,26
2,50134.956,26
2,50137.594,26
2,50140.156,26
2,50142.776,26
2,50145.260,26
2,50147.898,26
2,50151.140,26
2,50153.598,26
2,50156.415,26
2,50159.018,26
2,50161.519,26
2,50164.243,26
2,50167.680,26
2,50170.984,26
2,50173.644,26
2,50176.082,26
2,50178.583,26
2,50181.394,26
2,50184.579,26
2,50187.304,26
2,50190.080,26
2,50192.695,26
2,50195.272,26
2,50198.213,26
2,50201.541,26
2,50204.169,26
2,50206.963,26
2,50209.502,26
2,50211.981,26
2,50214.664,26
2,50217.822,26
2,50220.504,26
2,50223.094,26
2,50225.673,26
2,50228.136,26
2,50230.827,26
2,50233.915,26
2,50236.477,26
2,50239.171,26
2,50241.737,26
2,50244.519,26
2,50247.641,26
2,50251.690,26
2,50254.378,26
2,50256.901,26
2,50259.537,26
2,50262.105,26
2,50266.082,26
2,50268.680,26
2,50271.402,26
2,50274.047,26
2,50276.587,26
2,50279.120,26
2,50281.884,26
2,50285.104,26
2,50287.742,26
2,50290.407,26
2,50292.959,26
2,50295.426,26
2,50298.133,26
2,50301.405,26
2,50304.046,26
2,50306.575,26
2,50309.186,26
2,50311.767,26
2,50314.341,26
2,50317.661,26
2,50320.228,26
2,50323.199,26
2,50325.800,26
2,50328.518,26
2,50331.614,26
2,50333.914,26
2,50336.466,26
2,50339.548,26
2,50342.061,26
2,50344.604,26
2,50347.358,26
2,50350.426,26
2,50352.989,26
2,50355.734,26
2,50358.325,26
2,50360.941,26
2,50363.477,26
2,50368.020,26
2,50370.701,26
2,50373.249,26
2,50375.799,26
2,50378.380,26
2,50381.019,26
2,50383.978,26
2,50386.707,26
2,50389.880,26
2,50392.476,26
2,50395.294,26
2,50398.151,26
2,50401.259,26
2,50403.887,26
2,50406.559,26
2,50409.089,26
2,50411.706,26
2,50414.482,26
2,50417.625,26
2,50420.671,26
2,50423.204,26
2,50425.954,26
2,50428.503,26
2,50432.533,26
2,50435.217,26
2,50437.799,26
2,50440.520,26
2,50442.920,26
2,50445.404,26
2,50448.214,26
2,50451.256,26
2,50453.809,26
2,50456.428,26
2,50459.258,26
2,50461.838,26
2,50464.766,26
2,50467.699,26
2,50470.718,26
2,50474.576,26
2,50477.181,26
2,50479.836,26
2,50483.600,26
2,50486.203,26
2,50488.736,26
2,50491.331,26
2,50494.091,26
2,50496.674,26
2,50499.404,26
2,50502.950,26
2,50505.655,26
2,50508.336,26
2,50510.993,26
2,50513.530,26
2,50517.461,26
2,50520.109,26
2,50522.737,26
2,50525.421,26
2,50528.042,26
2,50530.729,26
2,50533.891,26
2,50536.540,26
2,50539.387,26
2,50542.085,26
2,50545.147,26
2,50547.601,26
2,50552.201,26
2,50554.970,26
2,50557.606,26
2,50560.074,26
2,50562.635,26
2,50566.428,26
2,50569.531,26
2,50572.152,26
2,50574.740,26
2,50577.556,26
2,50580.572,26
2,50583.323,26
2,50586.286,26
2,50588.742,26
2,50591.409,26
2,50594.031,26
2,50596.546,26
2,50600.153,26
2,50602.810,26
2,50605.470,26
2,50608.075,26
2,50610.656,26
2,50613.144,26
2,50617.164,26
2,50619.764,26
2,50622.243,26
2,50624.820,26
2,50627.346,26
2,50630.047,26
2,50633.775,26
2,50636.439,26
2,50639.362,26
2,50641.839,26
2,50644.492,26
2,50646.971,26
2,50650.972,26
2,50653.497,26
2,50655.978,26
2,50658.571,26
2,50661.266,26
2,50664.396,26
2,50667.104,26
2,50669.714,26
2,50672.256,26
2,50674.652,26
2,50677.694,26
2,50680.358,26
2,50683.885,26
2,50686.414,26
2,50688.939,26
2,50691.485,26
2,50694.219,26
2,50697.294,26
2,50701.088,26
2,50703.676,26
2,50706.787,26
2,50709.387,26
2,50711.874,26
2,50715.911,26
2,50718.568,26
2,50721.257,26
2,50723.886,26
2,50726.819,26
2,50729.528,26
2,50732.663,26
2,50735.284,26
2,50738.222,26
2,50740.642,26
2,50743.203,26
2,50745.693,26
2,50748.424,26
2,50751.463,26
2,50754.016,26
2,50756.786,26
2,50759.365,26
2,50761.900,26
2,50764.608,26
2,50767.949,26
2,50770.705,26
2,50773.272,26
2,50776.599,26
2,50779.080,26
2,50781.972,26
2,50786.593,26
2,50789.332,26
2,50792.003,26
2,50794.839,26
2,50797.576,26
2,50800.633,26
2,50803.311,26
2,50806.062,26
2,50808.535,26
2,50811.122,26
2,50813.952,26
2,50817.658,26
2,50820.303,26
2,50822.962,26
2,50825.571,26
2,50828.444,26
2,50831.172,26
2,50834.015,26
2,50836.649,26
2,50839.199,26
2,50841.663,26
2,50844.270,26
2,50846.805,26
2,50851.041,26
2,50853.573,26
2,50856.549,26
2,50859.518,26
2,50862.022,26
2,50864.828,26
2,50868.046,26
2,50870.620,26
2,50873.311,26
2,50875.867,26
2,50878.400,26
2,50882.424,26
2,50885.362,26
2,50889.021,26
2,50891.972,26
2,50894.841,26
2,50897.518,26
2,50900.677,26
2,50903.345,26
2,50906.200,26
2,50908.785,26
2,50911.377,26
2,50914.183,26
2,50917.388,26
2,50920.015,26
2,50922.756,26
2,50925.284,26
2,50927.923,26
2,50931.019,26
2,50933.833,26
2,50936.468,26
2,50939.491,26
2,50941.992,26
2,50944.794,26
2,50947.611,26
2,50950.504,26
2,50953.480,26
2,50956.373,26
2,50958.996,26
2,50961.665,26
2,50964.277,26
2,50967.376,26
2,50969.820,26
2,50972.258,26
2,50975.307,26
2,50977.992,26
2,50980.495,26
2,50984.127,26
2,50986.953,26
2,50989.643,26
2,50992.258,26
2,50995.523,26
2,50999.611,26
2,51002.307,26
2,51005.006,26
2,51007.384,26
2,51009.925,26
2,51012.277,26
2,51016.573,26
2,51019.241,26
2,51021.983,26
2,51024.580,26
2,51027.438,26
2,51029.990,26
2,51032.781,26
2,51035.953,26
2,51038.559,26
2,51041.064,26
2,51043.585,26
2,51046.129,26
2,51049.265,26
2,51051.860,26
2,51054.478,26
2,51057.066,26
2,51059.617,26
2,51062.125,26
2,51064.889,26
2,51067.824,26
2,51070.443,26
2,51073.059,26
2,51075.657,26
2,51078.914,26
2,51082.967,26
2,51085.664,26
2,51088.091,26
2,51090.691,26
2,51093.192,26
2,51095.822,26
2,51099.662,26
2,51102.254,26
2,51104.950,26
2,51107.563,26
2,51110.410,26
2,51113.149,26
2,51116.723,26
2,51119.445,26
2,51122.008,26
2,51124.551,26
2,51127.227,26
2,51129.915,26
2,51133.466,26
2,51136.043,26
2,51138.573,26
2,51141.168,26
2,51143.928,26
2,51146.397,26
2,51150.370,26
2,51153.068,26
2,51155.642,26
2,51158.259,26
2,51160.858,26
2,51163.412,26
2,51167.036,26
2,51169.654,26
2,51172.228,26
2,51174.698,26
2,51177.519,26
2,51180.001,26
2,51182.785,26
2,51186.045,26
2,51189.092,26
2,51191.614,26
2,51194.358,26
2,51196.952,26
2,51199.699,26
2,51202.224,26
2,51208.242,26
2,51211.042,26
2,51213.977,26
2,51217.228,26
2,51219.789,26
2,51222.673,26
2,51225.343,26
2,51228.063,26
2,51230.615,26
2,51233.876,26
2,51236.597,26
2,51239.216,26
2,51241.776,26
2,51244.488,26
2,51246.996,26
2,51249.722,26
2,51252.525,26
2,51255.597,26
2,51258.331,26
2,51261.008,26
2,51263.480,26
2,51266.173,26
2,51269.508,26
2,51272.226,26
2,51274.770,26
2,51278.197,26
2,51280.718,26
2,51284.983,26
2,51287.705,26
2,51290.149,26
2,51292.687,26
2,51295.280,26
2,51297.985,26
2,51301.192,26
2,51303.856,26
2,51306.615,26
2,51309.398,26
2,51312.338,26
2,51315.152,26
2,51318.168,26
2,51320.870,26
2,51323.464,26
2,51326.027,26
2,51328.564,26
2,51331.608,26
2,51334.460,26
2,51337.100,26
2,51339.610,26
2,51342.374,26
2,51345.438,26
2,51348.226,26
2,51351.202,26
2,51353.844,26
2,51357.293,26
2,51359.923,26
2,51362.813,26
2,51367.121,26
2,51370.166,26
2,51372.968,26
2,51375.629,26
2,51378.681,26
2,51382.797,26
2,51385.580,26
2,51388.206,26
2,51390.778,26
2,51393.350,26
2,51396.010,26
2,51399.834,26
2,51402.680,26
2,51405.217,26
2,51407.840,26
2,51410.386,26
2,51412.924,26
2,51415.945,26
2,51418.804,26
2,51421.514,26
2,51424.192,26
2,51426.718,26
2,51429.360,26
2,51432.638,26
2,51435.324,26
2,51438.046,26
2,51440.660,26
2,51443.279,26
2,51445.814,26
2,51449.185,26
2,51452.219,26
2,51454.936,26
2,51457.938,26
2,51460.769,26
2,51463.149,26
2,51467.259,26
2,51469.886,26
2,51472.439,26
2,51475.127,26
2,51477.877,26
2,51480.473,26
2,51483.166,26
2,51486.262,26
2,51488.940,26
2,51491.634,26
2,51494.312,26
2,51497.008,26
2,51499.753,26
2,51502.953,26
2,51505.671,26
2,51508.619,26
2,51511.420,26
2,51514.690,26
2,51517.256,26
2,51520.583,26
2,51523.230,26
2,51525.947,26
2,51528.516,26
2,51531.244,26
2,51534.658,26
2,51537.340,26
2,51540.164,26
2,51542.813,26
2,51545.535,26
2,51548.867,26
2,51551.763,26
2,51554.531,26
2,51557.365,26
2,51560.036,26
2,51562.784,26
2,51565.589,26
2,51569.236,26
2,51571.965,26
2,51574.630,26
2,51577.527,26
2,51580.501,26
2,51584.825,26
2,51587.435,26
2,51589.963,26
2,51593.032,26
2,51595.596,26
2,51598.410,26
2,51601.579,26
2,51604.713,26
2,51607.100,26
2,51609.683,26
2,51612.155,26
2,51614.885,26
2,51617.988,26
2,51620.707,26
2,51623.357,26
2,51626.036,26
2,51628.550,26
2,51631.711,26
2,51634.332,26
2,51636.933,26
2,51639.579,26
2,51642.192,26
2,51644.968,26
2,51647.628,26
2,51650.769,26
2,51653.431,26
2,51656.022,26
2,51658.653,26
2,51661.361,26
2,51664.025,26
2,51667.423,26
2,51670.017,26
2,51672.948,26
2,51675.651,26
2,51678.682,26
2,51681.416,26
2,51685.233,26
2,51688.342,26
2,51690.973,26
2,51693.621,26
2,51696.304,26
2,51700.406,26
2,51703.078,26
2,51705.619,26
2,51708.258,26
2,51710.880,26
2,51713.392,26
2,51716.093,26
2,51719.272,26
2,51721.879,26
2,51724.455,26
2,51727.086,26
2,51729.918,26
2,51733.908,26
2,51736.595,26
2,51739.123,26
2,51741.755,26
2,51744.302,26
2,51746.769,26
2,51749.362,26
2,51752.516,26
2,51755.227,26
2,51757.916,26
2,51761.043,26
2,51763.662,26
2,51766.796,26
2,51769.266,26
2,51771.823,26
2,51774.451,26
2,51777.009,26
2,51779.474,26
2,51782.530,26
2,51785.427,26
2,51788.167,26
2,51790.764,26
2,51793.224,26
2,51795.715,26
2,51798.529,26
2,51801.677,26
2,51804.338,26
2,51806.938,26
2,51809.475,26
2,51811.973,26
2,51814.745,26
2,51817.883,26
2,51820.542,26
2,51823.098,26
2,51825.722,26
2,51828.382,26
2,51832.584,26
2,51835.226,26
2,51837.854,26
2,51840.443,26
2,51842.928,26
2,51845.434,26
2,51849.150,26
2,51851.834,26
2,51854.560,26
2,51856.989,26
2,51859.367,26
2,51862.277,26
2,51865.888,26
2,51868.422,26
2,51870.960,26
2,51873.549,26
2,51876.057,26
2,51878.408,26
2,51881.134,26
2,51883.925,26
2,51886.522,26
2,51889.403,26
2,51892.012,26
2,51894.641,26
2,51897.801,26
2,51900.531,26
2,51903.170,26
2,51905.760,26
2,51908.312,26
2,51910.878,26
2,51913.376,26
2,51917.090,26
2,51919.744,26
2,51922.670,26
2,51925.310,26
2,51928.046,26
2,51930.770,26
2,51933.781,26
2,51936.508,26
2,51939.060,26
2,51941.705,26
2,51944.295,26
2,51946.810,26
2,51950.327,26
2,51953.396,26
2,51956.144,26
2,51958.803,26
2,51961.378,26
2,51963.901,26
2,51967.568,26
2,51969.979,26
2,51972.770,26
2,51975.453,26
2,51978.058,26
2,51980.680,26
2,51983.899,26
2,51987.094,26
2,51990.056,26
2,51992.704,26
2,51995.325,26
2,51998.096,26
2,52001.045,26
2,52004.228,26
2,52006.651,26
2,52009.640,26
2,52012.197,26
2,52016.076,26
2,52018.752,26
2,52021.370,26
2,52023.956,26
2,52026.503,26
2,52028.996,26
2,52031.674,26
2,52034.009,26
2,52037.715,26
2,52040.330,26
2,52043.320,26
2,52046.000,26
2,52049.277,26
2,52051.756,26
2,52054.371,26
2,52056.969,26
2,52059.476,26
2,52062.036,26
2,52065.880,26
2,52068.636,26
2,52071.257,26
2,52073.823,26
2,52076.364,26
2,52078.833,26
2,52082.192,26
2,52085.129,26
2,52087.791,26
2,52090.703,26
2,52093.294,26
2,52096.018,26
2,52099.958,26
2,52102.739,26
2,52105.358,26
2,52107.997,26
2,52111.032,26
2,52113.604,26
2,52117.087,26
2,52119.697,26
2,52122.231,26
2,52124.861,26
2,52127.511,26
2,52130.052,26
2,52133.556,26
2,52136.268,26
2,52139.229,26
2,52141.818,26
2,52144.386,26
2,52146.968,26
2,52150.831,26
2,52153.481,26
2,52156.295,26
2,52158.904,26
2,52161.678,26
2,52165.443,26
2,52168.043,26
2,52170.602,26
2,52173.244,26
2,52175.851,26
2,52178.393,26
2,52181.634,26
2,52184.190,26
2,52186.605,26
2,52189.089,26
2,52191.685,26
2,52194.384,26
2,52196.882,26
2,52201.320,26
2,52204.051,26
2,52206.712,26
2,52209.350,26
2,52211.908,26
2,52215.651,26
2,52218.262,26
2,52220.895,26
2,52223.472,26
2,52226.108,26
2,52228.640,26
2,52231.822,26
2,52234.490,26
2,52237.110,26
2,52239.696,26
2,52242.332,26
2,52245.682,26
2,52248.941,26
2,52251.670,26
2,52254.141,26
2,52256.698,26
2,52259.392,26
2,52261.777,26
2,52265.724,26
2,52268.849,26
2,52271.475,26
2,52274.083,26
2,52276.644,26
2,52279.483,26
2,52282.668,26
2,52285.200,26
2,52288.421,26
2,52290.857,26
2,52293.351,26
2,52295.995,26
2,52299.658,26
2,52302.324,26
2,52304.909,26
2,52307.919,26
2,52310.850,26
2,52313.428,26
2,52316.829,26
2,52319.471,26
2,52321.998,26
2,52324.568,26
2,52327.164,26
2,52330.049,26
2,52333.281,26
2,52336.475,26
2,52339.360,26
2,52342.405,26
2,52345.458,26
2,52349.761,26
2,52352.507,26
2,52355.265,26
2,52357.918,26
2,52360.528,26
2,52363.419,26
2,52366.488,26
2,52369.338,26
2,52371.908,26
2,52374.565,26
2,52377.316,26
2,52379.922,26
2,52383.758,26
2,52386.428,26
2,52388.977,26
2,52391.643,26
2,52394.189,26
2,52396.616,26
2,52400.436,26
2,52402.921,26
2,52405.986,26
2,52408.573,26
2,52411.139,26
2,52413.657,26
2,52417.213,26
2,52419.872,26
2,52422.347,26
2,52424.898,26
2,52427.471,26
2,52429.822,26
2,52433.843,26
2,52436.574,26
2,52439.460,26
2,52442.060,26
2,52444.896,26
2,52447.975,26
2,52450.662,26
2,52453.603,26
2,52456.278,26
2,52458.921,26
2,52461.552,26
2,52464.363,26
2,52467.503,26
2,52470.857,26
2,52473.488,26
2,52476.086,26
2,52478.532,26
2,52481.145,26
2,52484.290,26
2,52486.901,26
2,52489.392,26
2,52491.829,26
2,52494.475,26
2,52497.022,26
2,52500.520,26
2,52503.159,26
2,52505.999,26
2,52508.556,26
2,52511.080,26
2,52513.513,26
2,52517.234,26
2,52519.652,26
2,52522.297,26
2,52524.870,26
2,52527.394,26
2,52529.969,26
2,52533.720,26
2,52536.393,26
2,52539.017,26
2,52541.750,26
2,52544.221,26
2,52548.080,26
2,52550.771,26
2,52553.264,26
2,52555.722,26
2,52558.349,26
2,52560.880,26
2,52563.458,26
2,52567.096,26
2,52569.741,26
2,52572.286,26
2,52575.184,26
2,52577.705,26
2,52580.395,26
2,52584.062,26
2,52586.672,26
2,52589.927,26
2,52592.677,26
2,52595.218,26
2,52598.871,26
2,52601.492,26
2,52603.975,26
2,52606.520,26
2,52609.101,26
2,52611.833,26
2,52614.521,26
2,52617.552,26
2,52620.497,26
2,52623.106,26
2,52625.855,26
2,52628.542,26
2,52631.293,26
2,52634.539,26
2,52637.553,26
2,52640.101,26
2,52642.672,26
2,52645.653,26
2,52649.528,26
2,52652.042,26
2,52654.636,26
2,52657.381,26
2,52659.892,26
2,52662.977,26
2,52667.873,26
2,52670.741,26
2,52675.122,26
2,52677.823,26
2,52680.446,26
2,52683.175,26
2,52686.108,26
2,52688.798,26
2,52691.438,26
2,52694.037,26
2,52696.898,26
2,52700.814,26
2,52703.524,26
2,52706.310,26
2,52708.771,26
2,52711.369,26
2,52714.074,26
2,52717.211,26
2,52719.819,26
2,52722.375,26
2,52724.878,26
2,52727.478,26
2,52730.047,26
2,52733.723,26
2,52736.233,26
2,52738.765,26
2,52741.360,26
2,52744.128,26
2,52746.593,26
2,52750.359,26
2,52752.804,26
2,52755.380,26
2,52758.383,26
2,52760.952,26
2,52763.781,26
2,52767.223,26
2,52769.797,26
2,52772.331,26
2,52775.411,26
2,52778.064,26
2,52780.659,26
2,52783.838,26
2,52786.307,26
2,52789.472,26
2,52792.124,26
2,52794.801,26
2,52797.478,26
2,52800.511,26
2,52803.208,26
2,52805.898,26
2,52808.491,26
2,52811.037,26
2,52813.376,26
2,52817.702,26
2,52820.989,26
2,52823.687,26
2,52827.362,26
2,52829.850,26
2,52833.679,26
2,52836.350,26
2,52838.958,26
2,52841.559,26
2,52844.224,26
2,52846.772,26
2,52850.438,26
2,52853.031,26
2,52856.138,26
2,52858.653,26
2,52861.273,26
2,52863.846,26
2,52866.974,26
2,52869.627,26
2,52872.619,26
2,52875.207,26
2,52877.799,26
2,52880.386,26
2,52884.148,26
2,52887.135,26
2,52890.104,26
2,52893.590,26
2,52896.274,26
2,52899.851,26
2,52902.436,26
2,52905.123,26
2,52907.708,26
2,52910.246,26
2,52912.712,26
2,52916.512,26
2,52919.223,26
2,52921.720,26
2,52924.318,26
2,52927.252,26
2,52930.393,26
2,52933.176,26
2,52935.894,26
2,52938.485,26
2,52941.112,26
2,52943.680,26
2,52946.370,26
2,52948.985,26
2,52952.349,26
2,52954.863,26
2,52957.746,26
2,52961.704,26
2,52964.357,26
2,52967.732,26
2,52970.726,26
2,52973.401,26
2,52975.993,26
2,52978.512,26
2,52982.595,26
2,52985.260,26
2,52987.878,26
2,52990.400,26
2,52993.394,26
2,52996.004,26
2,52999.264,26
2,53001.879,26
2,53004.475,26
2,53007.142,26
2,53009.657,26
2,53012.223,26
2,53015.881,26
2,53018.536,26
2,53021.127,26
2,53023.792,26
2,53026.185,26
2,53028.676,26
2,53032.353,26
2,53035.492,26
2,53038.070,26
2,53040.706,26
2,53043.264,26
2,53045.890,26
2,53049.152,26
2,53051.846,26
2,53054.414,26
2,53056.955,26
2,53059.542,26
2,53061.999,26
2,53064.502,26
2,53067.185,26
2,53070.070,26
2,53072.678,26
2,53075.280,26
2,53077.869,26
2,53080.406,26
2,53083.603,26
2,53086.259,26
2,53088.829,26
2,53091.479,26
2,53094.043,26
2,53096.550,26
2,53099.166,26
2,53102.955,26
2,53105.649,26
2,53108.269,26
2,53110.959,26
2,53113.488,26
2,53115.972,26
2,53119.634,26
2,53122.281,26
2,53124.864,26
2,53127.473,26
2,53130.187,26
2,53134.093,26
2,53136.730,26
2,53139.483,26
2,53142.106,26
2,53144.717,26
2,53147.374,26
2,53150.825,26
2,53153.642,26
2,53156.410,26
2,53159.103,26
2,53161.864,26
2,53164.478,26
2,53168.124,26
2,53170.731,26
2,53173.284,26
2,53175.991,26
2,53178.798,26
2,53182.836,26
2,53185.565,26
2,53188.148,26
2,53191.120,26
2,53194.607,26
2,53197.790,26
2,53200.888,26
2,53203.803,26
2,53206.366,26
2,53209.493,26
2,53212.038,26
2,53214.710,26
2,53217.881,26
2,53220.507,26
2,53222.992,26
2,53225.443,26
2,53228.173,26
2,53230.957,26
2,53234.190,26
2,53236.550,26
2,53239.204,26
2,53241.775,26
2,53244.255,26
2,53246.719,26
2,53249.294,26
2,53252.487,26
2,53255.052,26
2,53258.052,26
2,53260.963,26
2,53263.666,26
2,53266.789,26
2,53269.453,26
2,53271.991,26
2,53274.579,26
2,53277.505,26
2,53280.037,26
2,53282.775,26
2,53286.223,26
2,53288.877,26
2,53291.378,26
2,53293.855,26
2,53296.306,26
2,53298.970,26
2,53301.980,26
2,53304.725,26
2,53307.329,26
2,53309.876,26
2,53312.371,26
2,53316.120,26
2,53319.160,26
2,53321.590,26
2,53324.102,26
2,53326.485,26
2,53329.000,26
2,53331.623,26
2,53334.919,26
2,53337.609,26
2,53340.069,26
2,53342.652,26
2,53345.286,26
2,53348.054,26
2,53351.619,26
2,53354.254,26
2,53356.860,26
2,53359.856,26
2,53362.501,26
2,53366.504,26
2,53369.073,26
2,53371.611,26
2,53374.457,26
2,53377.096,26
2,53379.565,26
2,53382.362,26
2,53385.472,26
2,53387.952,26
2,53390.894,26
2,53393.405,26
2,53395.954,26
2,53399.860,26
2,53402.565,26
2,53405.299,26
2,53407.751,26
2,53410.493,26
2,53413.336,26
2,53416.345,26
2,53418.927,26
2,53421.577,26
2,53424.112,26
2,53426.539,26
2,53428.890,26
2,53433.378,26
2,53436.403,26
2,53439.116,26
2,53441.770,26
2,53444.487,26
2,53447.001,26
2,53450.642,26
2,53453.253,26
2,53456.294,26
2,53458.784,26
2,53461.431,26
2,53464.360,26
2,53466.859,26
2,53469.368,26
2,53472.299,26
2,53475.341,26
2,53478.170,26
2,53480.794,26
2,53483.470,26
2,53486.547,26
2,53489.401,26
2,53492.046,26
2,53495.247,26
2,53499.466,26
2,53502.082,26
2,53505.116,26
2,53507.674,26
2,53510.052,26
2,53512.608,26
2,53516.417,26
2,53519.452,26
2,53522.083,26
2,53524.782,26
2,53527.843,26
2,53530.381,26
2,53533.681,26
2,53536.312,26
2,53538.863,26
2,53541.480,26
2,53544.110,26
2,53546.666,26
2,53550.910,26
2,53553.541,26
2,53556.177,26
2,53558.725,26
2,53561.813,26
2,53565.450,26
2,53568.145,26
2,53570.717,26
2,53573.600,26
2,53575.989,26
2,53578.490,26
2,53581.240,26
2,53584.141,26
2,53586.760,26
2,53589.833,26
2,53592.432,26
2,53595.290,26
2,53599.092,26
2,53601.804,26
2,53604.313,26
2,53607.086,26
2,53609.692,26
2,53612.228,26
2,53616.724,26
2,53619.984,26
2,53622.814,26
2,53625.492,26
2,53628.033,26
2,53630.556,26
2,53633.868,26
2,53636.473,26
2,53639.674,26
2,53642.737,26
2,53645.289,26
2,53649.509,26
2,53652.153,26
2,53654.950,26
2,53657.596,26
2,53660.132,26
2,53663.425,26
2,53667.226,26
2,53670.309,26
2,53673.512,26
2,53676.339,26
2,53678.909,26
2,53683.327,26
2,53686.085,26
2,53688.721,26
2,53691.390,26
2,53694.076,26
2,53696.533,26
2,53700.665,26
2,53703.398,26
2,53706.128,26
2,53709.290,26
2,53711.883,26
2,53714.832,26
2,53717.862,26
2,53720.696,26
2,53723.860,26
2,53726.530,26
2,53729.029,26
2,53733.081,26
2,53735.738,26
2,53738.579,26
2,53741.064,26
2,53743.569,26
2,53746.297,26
2,53749.073,26
2,53752.360,26
2,53755.057,26
2,53757.741,26
2,53760.660,26
2,53763.361,26
2,53766.141,26
2,53770.051,26
2,53772.765,26
2,53776.376,26
2,53778.944,26
2,53781.794,26
2,53785.689,26
2,53788.844,26
2,53791.480,26
2,53794.460,26
2,53798.603,26
2,53801.520,26
2,53804.440,26
2,53807.136,26
2,53809.738,26
2,53812.297,26
2,53816.559,26
2,53819.708,26
2,53822.374,26
2,53825.032,26
2,53827.829,26
2,53830.324,26
2,53835.245,26
2,53837.970,26
2,53840.775,26
2,53843.973,26
2,53846.738,26
2,53849.543,26
2,53852.137,26
2,53855.253,26
2,53857.974,26
2,53860.696,26
2,53863.321,26
2,53866.560,26
2,53869.471,26
2,53872.603,26
2,53875.584,26
2,53878.471,26
2,53882.445,26
2,53885.223,26
2,53888.005,26
2,53891.034,26
2,53893.445,26
2,53896.626,26
2,53899.878,26
2,53902.994,26
2,53905.752,26
2,53908.442,26
2,53911.122,26
2,53913.683,26
2,53917.726,26
2,53920.419,26
2,53923.406,26
2,53926.081,26
2,53928.647,26
2,53931.444,26
2,53934.999,26
2,53937.747,26
2,53940.377,26
2,53943.003,26
2,53945.927,26
2,53950.397,26
2,53953.188,26
2,53955.872,26
2,53958.417,26
2,53961.006,26
2,53963.527,26
2,53968.074,26
2,53970.745,26
2,53973.561,26
2,53976.450,26
2,53979.435,26
2,53982.877,26
2,53985.653,26
2,53988.306,26
2,53990.923,26
2,53993.481,26
2,53996.048,26
2,54000.118,26
2,54002.804,26
2,54005.410,26
2,54008.055,26
2,54010.765,26
2,54013.742,26
2,54016.460,26
2,54020.193,26
2,54022.921,26
2,54025.582,26
2,54028.252,26
2,54030.740,26
2,54033.578,26
2,54036.624,26
2,54039.618,26
2,54042.253,26
2,54044.677,26
2,54047.260,26
2,54050.121,26
2,54052.566,26
2,54055.749,26
2,54058.756,26
2,54061.332,26
2,54063.863,26
2,54066.687,26
2,54069.503,26
2,54072.879,26
2,54075.678,26
2,54078.287,26
2,54080.836,26
2,54083.562,26
2,54086.772,26
2,54089.584,26
2,54092.241,26
2,54095.070,26
2,54099.503,26
2,54102.987,26
2,54105.602,26
2,54108.303,26
2,54112.067,26
2,54114.573,26
2,54117.040,26
2,54119.784,26
2,54123.073,26
2,54125.817,26
2,54128.324,26
2,54130.889,26
2,54133.463,26
2,54136.020,26
2,54139.012,26
2,54143.006,26
2,54145.614,26
2,54148.264,26
2,54150.824,26
2,54153.222,26
2,54156.237,26
2,54159.597,26
2,54162.279,26
2,54164.784,26
2,54167.177,26
2,54169.723,26
2,54172.346,26
2,54175.837,26
2,54178.648,26
2,54181.226,26
2,54183.740,26
2,54186.290,26
2,54188.819,26
2,54192.282,26
2,54194.900,26
2,54197.414,26
2,54200.031,26
2,54203.179,26
2,54205.841,26
2,54209.171,26
2,54211.772,26
2,54214.263,26
2,54216.807,26
2,54219.332,26
2,54221.883,26
2,54224.442,26
2,54227.334,26
2,54230.409,26
2,54232.853,26
2,54235.342,26
2,54237.961,26
2,54241.413,26
2,54244.091,26
2,54246.661,26
2,54249.362,26
2,54252.006,26
2,54254.680,26
2,54257.909,26
2,54260.481,26
2,54263.272,26
2,54265.934,26
2,54268.526,26
2,54271.647,26
2,54274.497,26
2,54276.999,26
2,54279.577,26
2,54282.303,26
2,54284.731,26
2,54287.362,26
2,54290.267,26
2,54292.757,26
2,54296.117,26
2,54298.705,26
2,54301.240,26
2,54303.876,26
2,54306.627,26
2,54309.396,26
2,54312.470,26
2,54315.146,26
2,54317.817,26
2,54320.363,26
2,54323.020,26
2,54325.834,26
2,54329.168,26
2,54331.787,26
2,54334.401,26
2,54336.996,26
2,54339.430,26
2,54342.029,26
2,54344.559,26
2,54347.625,26
2,54350.469,26
2,54353.049,26
2,54355.724,26
2,54358.337,26
2,54360.910,26
2,54363.347,26
2,54366.095,26
2,54368.730,26
2,54371.695,26
2,54374.300,26
2,54376.909,26
2,54379.515,26
2,54382.236,26
2,54385.363,26
2,54388.072,26
2,54391.088,26
2,54393.740,26
2,54396.991,26
2,54399.596,26
2,54402.124,26
2,54405.776,26
2,54408.794,26
2,54411.512,26
2,54413.893,26
2,54417.564,26
2,54420.178,26
2,54423.392,26
2,54426.262,26
2,54428.723,26
2,54431.413,26
2,54434.013,26
2,54437.101,26
2,54440.025,26
2,54443.322,26
2,54445.827,26
2,54448.957,26
2,54451.568,26
2,54454.203,26
2,54457.108,26
2,54460.334,26
2,54463.049,26
2,54465.630,26
2,54468.268,26
2,54470.912,26
2,54475.097,26
2,54477.790,26
2,54480.344,26
2,54483.039,26
2,54485.539,26
2,54488.247,26
2,54491.573,26
2,54494.306,26
2,54496.916,26
2,54499.500,26
2,54502.248,26
2,54504.858,26
2,54509.408,26
2,54511.981,26
2,54514.588,26
2,54517.122,26
2,54519.806,26
2,54523.105,26
2,54525.856,26
2,54528.597,26
2,54531.309,26
2,54533.835,26
2,54536.423,26
2,54539.483,26
2,54542.292,26
2,54545.565,26
2,54548.164,26
2,54552.279,26
2,54555.108,26
2,54557.711,26
2,54560.221,26
2,54563.410,26
2,54565.889,26
2,54568.547,26
2,54571.208,26
2,54573.679,26
2,54576.775,26
2,54579.948,26
2,54583.100,26
2,54585.850,26
2,54588.465,26
2,54591.653,26
2,54594.585,26
2,54597.166,26
2,54600.058,26
2,54603.199,26
2,54607.809,26
2,54610.708,26
2,54613.305,26
2,54615.973,26
2,54618.548,26
2,54621.756,26
2,54624.544,26
2,54627.152,26
2,54629.781,26
2,54632.711,26
2,54635.401,26
2,54638.316,26
2,54641.150,26
2,54643.696,26
2,54646.562,26
2,54649.322,26
2,54651.836,26
2,54654.512,26
2,54657.720,26
2,54660.700,26
2,54663.177,26
2,54665.819,26
2,54669.000,26
2,54671.528,26
2,54675.196,26
2,54678.034,26
2,54680.637,26
2,54683.343,26
2,54686.065,26
2,54688.746,26
2,54692.034,26
2,54695.077,26
2,54698.420,26
2,54701.221,26
2,54704.131,26
2,54709.315,26
2,54711.992,26
2,54714.823,26
2,54717.387,26
2,54720.016,26
2,54723.908,26
2,54726.625,26
2,54729.305,26
2,54731.896,26
2,54734.566,26
2,54737.211,26
2,54740.633,26
2,54743.373,26
2,54745.937,26
2,54748.565,26
2,54751.245,26
2,54753.903,26
2,54756.676,26
2,54759.824,26
2,54762.341,26
2,54765.034,26
2,54768.123,26
2,54771.213,26
2,54774.480,26
2,54777.246,26
2,54779.838,26
2,54782.528,26
2,54785.714,26
2,54788.963,26
2,54791.743,26
2,54794.481,26
2,54797.120,26
2,54799.753,26
2,54802.503,26
2,54805.399,26
2,54809.168,26
2,54811.717,26
2,54814.369,26
2,54816.887,26
2,54820.082,26
2,54823.675,26
2,54826.242,26
2,54828.749,26
2,54831.419,26
2,54834.085,26
2,54836.734,26
2,54839.460,26
2,54841.888,26
2,54845.163,26
2,54848.109,26
2,54850.839,26
2,54853.414,26
2,54856.161,26
2,54859.476,26
2,54861.999,26
2,54864.755,26
2,54867.126,26
2,54869.669,26
2,54872.497,26
2,54876.089,26
2,54878.600,26
2,54881.216,26
2,54883.736,26
2,54886.228,26
2,54888.620,26
2,54891.661,26
2,54894.361,26
2,54897.051,26
2,54899.539,26
2,54902.585,26
2,54905.565,26
2,54908.276,26
2,54911.372,26
2,54913.923,26
2,54916.690,26
2,54919.314,26
2,54922.010,26
2,54924.685,26
2,54927.445,26
2,54930.641,26
2,54933.418,26
2,54936.111,26
2,54938.811,26
2,54941.317,26
2,54944.104,26
2,54947.746,26
2,54950.503,26
2,54953.008,26
2,54955.590,26
2,54958.245,26
2,54960.909,26
2,54963.439,26
2,54966.510,26
2,54969.776,26
2,54972.620,26
2,54975.260,26
2,54978.043,26
2,54981.653,26
2,54984.124,26
2,54986.682,26
2,54990.024,26
2,54992.961,26
2,54995.829,26
2,54998.734,26
2,55001.308,26
2,55003.931,26
2,55007.457,26
2,55010.968,26
2,55013.657,26
2,55016.209,26
2,55018.736,26
2,55021.377,26
2,55024.709,26
2,55027.337,26
2,55029.928,26
2,55032.290,26
2,55034.766,26
2,55037.411,26
2,55041.188,26
2,55043.858,26
2,55046.405,26
2,55048.935,26
2,55051.559,26
2,55054.158,26
2,55057.441,26
2,55060.024,26
2,55062.593,26
2,55065.287,26
2,55067.832,26
2,55070.405,26
2,55074.208,26
2,55076.895,26
2,55079.535,26
2,55082.127,26
2,55085.141,26
2,55087.917,26
2,55090.930,26
2,55093.392,26
2,55095.897,26
2,55098.468,26
2,55101.034,26
2,55103.604,26
2,55106.413,26
2,55109.414,26
2,55111.926,26
2,55114.468,26
2,55117.099,26
2,55119.632,26
2,55122.675,26
2,55125.597,26
2,55128.194,26
2,55130.702,26
2,55133.643,26
2,55136.221,26
2,55138.673,26
2,55142.365,26
2,55145.217,26
2,55147.873,26
2,55150.424,26
2,55152.977,26
2,55155.666,26
2,55158.909,26
2,55161.650,26
2,55164.245,26
2,55166.956,26
2,55169.261,26
2,55171.644,26
2,55174.872,26
2,55178.277,26
2,55181.079,26
2,55184.245,26
2,55186.791,26
2,55190.756,26
2,55193.174,26
2,55195.670,26
2,55198.073,26
2,55200.445,26
2,55203.035,26
2,55205.774,26
2,55208.687,26
2,55211.460,26
2,55214.023,26
2,55216.829,26
2,55219.407,26
2,55221.972,26
2,55224.868,26
2,55227.439,26
2,55230.343,26
2,55232.836,26
2,55235.524,26
2,55238.543,26
2,55241.383,26
2,55244.248,26
2,55246.784,26
2,55249.397,26
2,55252.004,26
2,55254.475,26
2,55258.139,26
2,55260.627,26
2,55263.075,26
2,55265.673,26
2,55268.304,26
2,55270.909,26
2,55274.977,26
2,55277.886,26
2,55280.951,26
2,55283.532,26
2,55286.187,26
2,55288.772,26
2,55291.971,26
2,55294.867,26
2,55297.312,26
2,55299.996,26
2,55302.563,26
2,55305.338,26
2,55308.809,26
2,55312.595,26
2,55315.299,26
2,55317.905,26
2,55320.485,26
2,55324.043,26
2,55326.628,26
2,55329.248,26
2,55331.916,26
2,55334.361,26
2,55337.023,26
2,55339.561,26
2,55342.639,26
2,55345.100,26
2,55347.755,26
2,55350.374,26
2,55352.939,26
2,55355.806,26
2,55358.756,26
2,55361.372,26
2,55364.243,26
2,55367.069,26
2,55369.581,26
2,55372.364,26
2,55375.593,26
2,55378.124,26
2,55380.643,26
2,55383.186,26
2,55385.802,26
2,55388.379,26
2,55391.607,26
2,55394.268,26
2,55396.566,26
2,55399.463,26
2,55402.076,26
2,55404.751,26
2,55408.490,26
2,55411.181,26
2,55413.717,26
2,55416.226,26
2,55418.816,26
2,55421.545,26
2,55424.684,26
2,55427.158,26
2,55429.698,26
2,55432.259,26
2,55435.216,26
2,55437.950,26
2,55441.453,26
2,55444.308,26
2,55446.914,26
2,55449.447,26
2,55452.046,26
2,55455.142,26
2,55457.864,26
2,55460.483,26
2,55463.532,26
2,55466.212,26
2,55468.706,26
2,55471.135,26
2,55474.474,26
2,55477.222,26
2,55479.889,26
2,55482.701,26
2,55485.717,26
2,55488.235,26
2,55491.503,26
2,55494.406,26
2,55496.925,26
2,55499.446,26
2,55502.049,26
2,55504.729,26
2,55508.523,26
2,55511.223,26
2,55513.743,26
2,55516.532,26
2,55519.228,26
2,55521.771,26
2,55524.592,26
2,55527.666,26
2,55530.398,26
2,55533.314,26
2,55535.903,26
2,55538.586,26
2,55541.159,26
2,55543.745,26
2,55546.343,26
2,55549.016,26
2,55552.049,26
2,55554.639,26
2,55557.448,26
2,55561.396,26
2,55564.089,26
2,55568.164,26
2,55570.665,26
2,55574.097,26
2,55576.912,26
2,55579.281,26
2,55581.864,26
2,55584.441,26
2,55587.158,26
2,55590.473,26
2,55593.062,26
2,55595.637,26
2,55598.176,26
2,55602.116,26
2,55604.864,26
2,55607.521,26
2,55610.134,26
2,55613.642,26
2,55616.998,26
2,55619.649,26
2,55622.216,26
2,55625.196,26
2,55627.620,26
2,55630.122,26
2,55632.703,26
2,55635.957,26
2,55638.903,26
2,55641.449,26
2,55643.882,26
2,55646.392,26
2,55648.996,26
2,55652.383,26
2,55655.571,26
2,55658.087,26
2,55661.011,26
2,55663.888,26
2,55667.591,26
2,55670.562,26
2,55673.480,26
2,55676.123,26
2,55678.885,26
2,55681.774,26
2,55685.136,26
2,55687.922,26
2,55690.362,26
2,55692.806,26
2,55695.313,26
2,55699.367,26
2,55702.039,26
2,55704.661,26
2,55707.276,26
2,55709.815,26
2,55712.666,26
2,55715.933,26
2,55718.413,26
2,55721.116,26
2,55723.586,26
2,55726.169,26
2,55728.710,26
2,55731.405,26
2,55734.490,26
2,55737.243,26
2,55739.681,26
2,55742.362,26
2,55745.404,26
2,55750.275,26
2,55752.912,26
2,55755.517,26
2,55758.099,26
2,55760.823,26
2,55763.204,26
2,55767.065,26
2,55769.459,26
2,55772.328,26
2,55774.997,26
2,55777.729,26
2,55780.207,26
2,55783.917,26
2,55786.603,26
2,55789.226,26
2,55791.744,26
2,55794.248,26
2,55796.769,26
2,55800.773,26
2,55803.435,26
2,55806.032,26
2,55808.716,26
2,55811.408,26
2,55813.944,26
2,55817.175,26
2,55819.810,26
2,55822.329,26
2,55824.909,26
2,55827.459,26
2,55829.986,26
2,55833.242,26
2,55835.920,26
2,55838.537,26
2,55841.084,26
2,55843.601,26
2,55846.196,26
2,55849.785,26
2,55852.467,26
2,55854.998,26
2,55857.630,26
2,55860.145,26
2,55862.882,26
2,55866.083,26
2,55868.791,26
2,55871.390,26
2,55873.978,26
2,55876.359,26
2,55878.963,26
2,55883.861,26
2,55886.604,26
2,55889.577,26
2,55892.179,26
2,55894.724,26
2,55897.723,26
2,55900.478,26
2,55903.016,26
2,55905.621,26
2,55908.046,26
2,55910.900,26
2,55913.385,26
2,55917.476,26
2,55920.138,26
2,55923.201,26
2,55925.818,26
2,55928.379,26
2,55931.077,26
2,55934.182,26
2,55936.824,26
2,55939.459,26
2,55942.132,26
2,55945.463,26
2,55949.384,26
2,55952.053,26
2,55954.641,26
2,55957.231,26
2,55959.782,26
2,55962.278,26
2,55966.227,26
2,55968.760,26
2,55971.336,26
2,55973.963,26
2,55976.551,26
2,55979.256,26
2,55982.547,26
2,55985.240,26
2,55987.799,26
2,55990.371,26
2,55992.967,26
2,55995.367,26
2,55998.912,26
2,56001.408,26
2,56004.050,26
2,56006.756,26
2,56009.391,26
2,56011.914,26
2,56014.624,26
2,56017.625,26
2,56020.253,26
2,56022.819,26
2,56025.441,26
2,56027.943,26
2,56030.831,26
2,56033.779,26
2,56036.391,26
2,56039.024,26
2,56041.697,26
2,56044.369,26
2,56046.969,26
2,56050.724,26
2,56053.327,26
2,56056.066,26
2,56058.740,26
2,56061.392,26
2,56064.668,26
2,56067.681,26
2,56070.263,26
2,56073.069,26
2,56075.837,26
2,56079.098,26
2,56082.715,26
2,56085.495,26
2,56088.104,26
2,56090.742,26
2,56093.659,26
2,56096.199,26
2,56100.156,26
2,56103.137,26
2,56105.658,26
2,56108.367,26
2,56111.060,26
2,56113.511,26
2,56117.484,26
2,56120.307,26
2,56123.213,26
2,56125.750,26
2,56128.427,26
2,56131.690,26
2,56134.229,26
2,56136.757,26
2,56139.951,26
2,56142.999,26
2,56145.986,26
2,56149.747,26
2,56152.570,26
2,56155.260,26
2,56157.874,26
2,56160.657,26
2,56163.155,26
2,56167.808,26
2,56170.508,26
2,56173.283,26
2,56176.497,26
2,56179.077,26
2,56183.442,26
2,56186.117,26
2,56188.567,26
2,56191.226,26
2,56193.993,26
2,56196.611,26
2,56199.469,26
2,56202.351,26
2,56205.222,26
2,56207.738,26
2,56210.695,26
2,56213.628,26
2,56217.337,26
2,56221.268,26
2,56224.232,26
2,56227.001,26
2,56229.734,26
2,56234.106,26
2,56237.155,26
2,56239.763,26
2,56242.893,26
2,56245.309,26
2,56248.090,26
2,56251.048,26
2,56253.892,26
2,56256.506,26
2,56259.184,26
2,56261.896,26
2,56264.766,26
2,56267.733,26
2,56270.434,26
2,56273.135,26
2,56275.798,26
2,56278.325,26
2,56281.599,26
2,56284.511,26
2,56287.283,26
2,56290.029,26
2,56292.662,26
2,56295.251,26
2,56298.100,26
2,56301.261,26
2,56303.980,26
2,56306.605,26
2,56309.361,26
2,56311.869,26
2,56314.632,26
2,56318.444,26
2,56321.206,26
2,56323.915,26
2,56326.533,26
2,56329.139,26
2,56332.081,26
2,56335.716,26
2,56338.794,26
2,56341.396,26
2,56344.013,26
2,56346.584,26
2,56350.548,26
2,56353.322,26
2,56356.084,26
2,56358.825,26
2,56361.381,26
2,56363.852,26
2,56367.266,26
2,56369.931,26
2,56372.498,26
2,56375.467,26
2,56378.102,26
2,56381.079,26
2,56383.879,26
2,56386.555,26
2,56389.281,26
2,56391.984,26
2,56394.618,26
2,56397.220,26
2,56400.539,26
2,56403.153,26
2,56405.892,26
2,56408.507,26
2,56411.086,26
2,56413.582,26
2,56416.267,26
2,56419.485,26
2,56422.192,26
2,56424.851,26
2,56427.381,26
2,56429.927,26
2,56432.819,26
2,56435.962,26
2,56438.551,26
2,56441.176,26
2,56443.656,26
2,56446.028,26
2,56448.811,26
2,56451.969,26
2,56454.616,26
2,56457.230,26
2,56459.799,26
2,56462.290,26
2,56465.055,26
2,56468.093,26
2,56470.574,26
2,56473.022,26
2,56475.663,26
2,56478.156,26
2,56480.726,26
2,56483.817,26
2,56486.407,26
2,56489.042,26
2,56491.718,26
2,56494.417,26
2,56496.867,26
2,56499.604,26
2,56502.845,26
2,56505.877,26
2,56508.488,26
2,56511.083,26
2,56513.637,26
2,56516.388,26
2,56519.440,26
2,56522.939,26
2,56525.563,26
2,56528.297,26
2,56531.001,26
2,56533.953,26
2,56536.655,26
2,56539.411,26
2,56542.080,26
2,56544.666,26
2,56547.399,26
2,56550.578,26
2,56553.169,26
2,56555.761,26
2,56558.366,26
2,56560.974,26
2,56563.483,26
2,56567.671,26
2,56570.306,26
2,56572.838,26
2,56575.281,26
2,56577.946,26
2,56581.058,26
2,56583.688,26
2,56586.403,26
2,56588.955,26
2,56591.574,26
2,56594.662,26
2,56597.279,26
2,56601.628,26
2,56604.321,26
2,56606.886,26
2,56609.443,26
2,56612.127,26
2,56615.236,26
2,56618.377,26
2,56620.919,26
2,56623.904,26
2,56626.464,26
2,56629.299,26
2,56633.110,26
2,56635.688,26
2,56638.170,26
2,56640.697,26
2,56643.185,26
2,56645.768,26
2,56648.668,26
2,56651.508,26
2,56654.157,26
2,56656.698,26
2,56659.292,26
2,56661.759,26
2,56664.566,26
2,56667.583,26
2,56670.207,26
2,56672.678,26
2,56675.343,26
2,56677.930,26
2,56680.409,26
2,56683.240,26
2,56686.693,26
2,56689.538,26
2,56692.267,26
2,56695.825,26
2,56698.699,26
2,56702.350,26
2,56705.057,26
2,56707.754,26
2,56710.234,26
2,56712.839,26
2,56716.771,26
2,56719.463,26
2,56721.954,26
2,56724.515,26
2,56726.936,26
2,56729.431,26
2,56733.324,26
2,56736.084,26
2,56738.721,26
2,56741.300,26
2,56743.914,26
2,56746.512,26
2,56750.493,26
2,56753.073,26
2,56755.742,26
2,56758.164,26
2,56760.650,26
2,56763.105,26
2,56766.978,26
2,56769.625,26
2,56772.120,26
2,56774.772,26
2,56777.495,26
2,56780.125,26
2,56782.796,26
2,56786.034,26
2,56789.196,26
2,56791.850,26
2,56794.533,26
2,56796.994,26
2,56799.797,26
2,56802.966,26
2,56805.599,26
2,56808.181,26
2,56810.777,26
2,56813.329,26
2,56817.422,26
2,56820.015,26
2,56822.915,26
2,56826.503,26
2,56829.351,26
2,56832.911,26
2,56835.488,26
2,56838.012,26
2,56840.537,26
2,56843.092,26
2,56845.575,26
2,56848.188,26
2,56851.379,26
2,56853.991,26
2,56856.555,26
2,56859.065,26
2,56861.688,26
2,56864.538,26
2,56867.200,26
2,56869.902,26
2,56872.826,26
2,56875.413,26
2,56878.063,26
2,56880.746,26
2,56883.799,26
2,56886.371,26
2,56889.150,26
2,56891.762,26
2,56894.348,26
2,56896.850,26
2,56899.518,26
2,56902.426,26
2,56905.112,26
2,56907.885,26
2,56910.564,26
2,56913.209,26
2,56916.579,26
2,56919.690,26
2,56922.239,26
2,56924.877,26
2,56927.458,26
2,56929.969,26
2,56934.279,26
2,56936.980,26
2,56939.572,26
2,56942.156,26
2,56944.819,26
2,56947.330,26
2,56950.628,26
2,56953.218,26
2,56955.769,26
2,56958.384,26
2,56960.969,26
2,56963.977,26
2,56967.430,26
2,56970.063,26
2,56972.952,26
2,56975.353,26
2,56977.914,26
2,56980.549,26
2,56983.703,26
2,56986.368,26
2,56988.861,26
2,56991.393,26
2,56994.194,26
2,56996.732,26
2,57000.436,26
2,57003.080,26
2,57005.605,26
2,57008.200,26
2,57010.846,26
2,57013.130,26
2,57017.345,26
2,57019.926,26
2,57022.880,26
2,57025.522,26
2,57028.296,26
2,57031.273,26
2,57033.789,26
2,57036.376,26
2,57038.880,26
2,57041.370,26
2,57044.108,26
2,57046.640,26
2,57049.387,26
2,57052.500,26
2,57055.186,26
2,57057.754,26
2,57060.432,26
2,57063.422,26
2,57067.211,26
2,57069.824,26
2,57072.965,26
2,57075.557,26
2,57078.336,26
2,57081.118,26
2,57084.283,26
2,57086.982,26
2,57089.606,26
2,57092.188,26
2,57094.725,26
2,57097.307,26
2,57100.989,26
2,57103.638,26
2,57106.318,26
2,57108.947,26
2,57111.546,26
2,57114.158,26
2,57117.096,26
2,57119.778,26
2,57122.342,26
2,57125.133,26
2,57128.529,26
2,57131.180,26
2,57133.999,26
2,57136.684,26
2,57139.566,26
2,57142.163,26
2,57144.670,26
2,57147.193,26
2,57150.604,26
2,57153.290,26
2,57156.035,26
2,57158.907,26
2,57161.708,26
2,57164.383,26
2,57167.277,26
2,57169.883,26
2,57173.498,26
2,57176.175,26
2,57179.179,26
2,57183.109,26
2,57185.694,26
2,57188.346,26
2,57190.877,26
2,57193.376,26
2,57195.889,26
2,57198.612,26
2,57201.904,26
2,57204.428,26
2,57206.987,26
2,57209.522,26
2,57212.421,26
2,57215.085,26
2,57218.280,26
2,57220.962,26
2,57223.840,26
2,57226.497,26
2,57229.266,26
2,57233.237,26
2,57236.158,26
2,57238.753,26
2,57241.348,26
2,57244.336,26
2,57246.972,26
2,57251.074,26
2,57253.711,26
2,57256.394,26
2,57259.048,26
2,57261.653,26
2,57264.553,26
2,57267.482,26
2,57270.582,26
2,57273.255,26
2,57276.244,26
2,57278.617,26
2,57281.366,26
2,57284.611,26
2,57287.452,26
2,57290.018,26
2,57292.710,26
2,57295.333,26
2,57298.024,26
2,57301.473,26
2,57304.178,26
2,57306.788,26
2,57309.430,26
2,57311.959,26
2,57316.011,26
2,57318.760,26
2,57321.402,26
2,57323.987,26
2,57326.645,26
2,57329.169,26
2,57332.710,26
2,57335.208,26
2,57338.355,26
2,57340.908,26
2,57343.446,26
2,57346.069,26
2,57350.103,26
2,57353.367,26
2,57355.919,26
2,57358.971,26
2,57361.768,26
2,57364.588,26
2,57367.705,26
2,57370.642,26
2,57373.738,26
2,57376.292,26
2,57378.737,26
2,57381.372,26
2,57384.570,26
2,57387.300,26
2,57390.465,26
2,57392.979,26
2,57395.641,26
2,57398.273,26
2,57401.464,26
2,57404.193,26
2,57406.928,26
2,57409.487,26
2,57411.866,26
2,57414.659,26
2,57417.498,26
2,57420.067,26
2,57422.813,26
2,57425.160,26
2,57427.797,26
2,57431.061,26
2,57434.344,26
2,57436.967,26
2,57439.661,26
2,57442.906,26
2,57445.454,26
2,57448.190,26
2,57451.447,26
2,57454.109,26
2,57457.178,26
2,57459.800,26
2,57462.837,26
2,57466.444,26
2,57469.136,26
2,57471.959,26
2,57474.418,26
2,57476.889,26
2,57479.461,26
2,57482.207,26
2,57485.369,26
2,57488.079,26
2,57490.779,26
2,57493.590,26
2,57496.315,26
2,57499.042,26
2,57502.443,26
2,57505.542,26
2,57508.533,26
2,57511.168,26
2,57514.117,26
2,57518.572,26
2,57521.319,26
2,57523.769,26
2,57526.288,26
2,57528.600,26
2,57531.408,26
2,57534.597,26
2,57537.238,26
2,57539.724,26
2,57542.511,26
2,57545.072,26
2,57547.764,26
2,57550.778,26
2,57554.964,26
2,57557.685,26
2,57560.309,26
2,57562.876,26
2,57566.661,26
2,57569.332,26
2,57571.882,26
2,57574.422,26
2,57577.118,26
2,57579.698,26
2,57582.634,26
2,57585.437,26
2,57588.105,26
2,57590.734,26
2,57593.297,26
2,57595.780,26
2,57598.526,26
2,57601.648,26
2,57604.330,26
2,57606.961,26
2,57609.600,26
2,57612.032,26
2,57614.785,26
2,57618.033,26
2,57620.710,26
2,57623.390,26
2,57625.934,26
2,57628.828,26
2,57631.949,26
2,57634.919,26
2,57637.761,26
2,57640.432,26
2,57643.048,26
2,57645.521,26
2,57648.266,26
2,57651.232,26
2,57653.941,26
2,57656.555,26
2,57658.996,26
2,57661.959,26
2,57664.563,26
2,57667.795,26
2,57670.650,26
2,57673.404,26
2,57676.010,26
2,57678.319,26
2,57681.466,26
2,57684.840,26
2,57687.601,26
2,57690.289,26
2,57692.887,26
2,57695.530,26
2,57698.405,26
2,57703.025,26
2,57706.298,26
2,57709.471,26
2,57712.037,26
2,57714.797,26
2,57717.903,26
2,57720.657,26
2,57723.228,26
2,57725.863,26
2,57728.457,26
2,57731.274,26
2,57734.639,26
2,57737.352,26
2,57740.175,26
2,57742.985,26
2,57745.522,26
2,57748.189,26
2,57751.448,26
2,57754.132,26
2,57756.777,26
2,57759.385,26
2,57761.863,26
2,57764.839,26
2,57768.261,26
2,57770.973,26
2,57773.952,26
2,57776.377,26
2,57778.782,26
2,57781.963,26
2,57784.949,26
2,57787.716,26
2,57790.340,26
2,57792.879,26
2,57795.460,26
2,57798.270,26
2,57801.182,26
2,57803.895,26
2,57806.722,26
2,57809.296,26
2,57811.855,26
2,57814.603,26
2,57818.226,26
2,57821.116,26
2,57823.620,26
2,57826.288,26
2,57829.261,26
2,57833.278,26
2,57835.880,26
2,57838.431,26
2,57841.016,26
2,57843.563,26
2,57846.215,26
2,57849.537,26
2,57852.168,26
2,57855.073,26
2,57857.683,26
2,57860.192,26
2,57862.804,26
2,57865.686,26
2,57868.698,26
2,57871.414,26
2,57873.997,26
2,57876.568,26
2,57879.131,26
2,57881.880,26
2,57884.942,26
2,57887.627,26
2,57890.079,26
2,57892.665,26
2,57895.357,26
2,57899.735,26
2,57902.853,26
2,57905.338,26
2,57907.952,26
2,57910.605,26
2,57913.195,26
2,57916.295,26
2,57919.361,26
2,57921.867,26
2,57924.399,26
2,57926.886,26
2,57929.424,26
2,57933.491,26
2,57936.057,26
2,57938.584,26
2,57941.124,26
2,57943.764,26
2,57946.645,26
2,57950.147,26
2,57952.779,26
2,57955.345,26
2,57957.945,26
2,57960.451,26
2,57963.183,26
2,57967.202,26
2,57969.896,26
2,57972.874,26
2,57975.554,26
2,57978.142,26
2,57981.230,26
2,57984.345,26
2,57986.905,26
2,57989.486,26
2,57992.174,26
2,57995.315,26
2,57998.129,26
2,58000.959,26
2,58003.408,26
2,58006.389,26
2,58008.990,26
2,58011.699,26
2,58014.314,26
2,58017.581,26
2,58020.311,26
2,58022.964,26
2,58025.553,26
2,58028.468,26
2,58031.284,26
2,58034.228,26
2,58037.586,26
2,58040.022,26
2,58042.548,26
2,58045.241,26
2,58047.988,26
2,58050.908,26
2,58053.363,26
2,58056.252,26
2,58058.989,26
2,58061.728,26
2,58064.407,26
2,58067.097,26
2,58069.505,26
2,58072.034,26
2,58074.670,26
2,58077.399,26
2,58079.983,26
2,58082.596,26
2,58085.976,26
2,58088.432,26
2,58091.010,26
2,58093.340,26
2,58095.827,26
2,58098.452,26
2,58102.128,26
2,58105.254,26
2,58107.827,26
2,58110.151,26
2,58112.859,26
2,58117.093,26
2,58119.771,26
2,58122.917,26
2,58125.657,26
2,58128.423,26
2,58131.163,26
2,58134.433,26
2,58137.032,26
2,58139.676,26
2,58142.359,26
2,58145.425,26
2,58148.816,26
2,58151.488,26
2,58153.915,26
2,58156.524,26
2,58159.216,26
2,58161.697,26
2,58164.218,26
2,58167.282,26
2,58169.934,26
2,58172.749,26
2,58175.399,26
2,58177.974,26
2,58180.664,26
2,58183.736,26
2,58186.321,26
2,58188.848,26
2,58191.359,26
2,58193.921,26
2,58196.419,26
2,58199.007,26
2,58201.935,26
2,58204.547,26
2,58207.117,26
2,58209.762,26
2,58212.584,26
2,58216.156,26
2,58218.753,26
2,58221.390,26
2,58223.916,26
2,58226.399,26
2,58229.176,26
2,58232.505,26
2,58235.726,26
2,58238.120,26
2,58241.066,26
2,58243.397,26
2,58246.464,26
2,58250.540,26
2,58253.170,26
2,58255.735,26
2,58258.387,26
2,58260.993,26
2,58263.505,26
2,58267.539,26
2,58270.146,26
2,58272.685,26
2,58275.377,26
2,58277.903,26
2,58280.341,26
2,58283.785,26
2,58286.382,26
2,58289.143,26
2,58291.843,26
2,58294.210,26
2,58297.232,26
2,58301.238,26
2,58303.970,26
2,58306.534,26
2,58309.198,26
2,58311.637,26
2,58314.335,26
2,58317.185,26
2,58319.792,26
2,58322.288,26
2,58324.838,26
2,58327.790,26
2,58330.078,26
2,58333.565,26
2,58336.119,26
2,58339.513,26
2,58342.203,26
2,58345.207,26
2,58347.875,26
2,58350.879,26
2,58353.531,26
2,58355.987,26
2,58358.575,26
2,58361.084,26
2,58363.518,26
2,58366.716,26
2,58369.336,26
2,58371.808,26
2,58374.342,26
2,58376.821,26
2,58379.362,26
2,58383.329,26
2,58386.051,26
2,58388.546,26
2,58391.210,26
2,58393.791,26
2,58396.600,26
2,58400.029,26
2,58402.705,26
2,58405.409,26
2,58407.820,26
2,58410.322,26
2,58412.613,26
2,58415.317,26
2,58418.378,26
2,58421.062,26
2,58423.608,26
2,58426.224,26
2,58428.737,26
2,58433.032,26
2,58435.663,26
2,58438.300,26
2,58440.705,26
2,58443.262,26
2,58445.785,26
2,58449.691,26
2,58452.338,26
2,58455.082,26
2,58457.706,26
2,58460.274,26
2,58462.763,26
2,58465.527,26
2,58468.689,26
2,58471.423,26
2,58474.077,26
2,58476.660,26
2,58479.685,26
2,58482.857,26
2,58485.593,26
2,58488.159,26
2,58490.842,26
2,58493.437,26
2,58496.046,26
2,58500.435,26
2,58502.864,26
2,58505.368,26
2,58507.981,26
2,58510.673,26
2,58513.096,26
2,58516.332,26
2,58519.284,26
2,58521.923,26
2,58524.591,26
2,58527.259,26
2,58529.861,26
2,58532.709,26
2,58535.778,26
2,58538.321,26
2,58541.096,26
2,58544.332,26
2,58546.933,26
2,58550.784,26
2,58553.441,26
2,58556.017,26
2,58558.670,26
2,58561.398,26
2,58563.904,26
2,58567.303,26
2,58569.986,26
2,58572.807,26
2,58575.419,26
2,58578.003,26
2,58580.940,26
2,58583.846,26
2,58586.432,26
2,58588.936,26
2,58591.378,26
2,58593.948,26
2,58596.505,26
2,58598.989,26
2,58602.215,26
2,58604.996,26
2,58607.604,26
2,58610.107,26
2,58612.631,26
2,58615.460,26
2,58618.691,26
2,58621.437,26
2,58624.007,26
2,58626.514,26
2,58628.915,26
2,58631.600,26
2,58634.715,26
2,58637.461,26
2,58640.816,26
2,58643.187,26
2,58645.853,26
2,58650.115,26
2,58652.771,26
2,58655.714,26
2,58658.318,26
2,58660.893,26
2,58663.384,26
2,58665.899,26
2,58669.072,26
2,58671.752,26
2,58674.300,26
2,58676.766,26
2,58679.264,26
2,58682.915,26
2,58685.755,26
2,58688.291,26
2,58690.986,26
2,58693.433,26
2,58696.424,26
2,58699.226,26
2,58702.491,26
2,58705.104,26
2,58707.645,26
2,58710.574,26
2,58713.272,26
2,58716.620,26
2,58719.365,26
2,58721.885,26
2,58724.467,26
2,58727.306,26
2,58729.686,26
2,58733.564,26
2,58736.182,26
2,58739.128,26
2,58741.581,26
2,58744.164,26
2,58746.701,26
2,58749.389,26
2,58752.633,26
2,58755.523,26
2,58758.133,26
2,58760.798,26
2,58763.103,26
2,58766.010,26
2,58768.914,26
2,58771.734,26
2,58774.190,26
2,58776.737,26
2,58779.716,26
2,58783.258,26
2,58786.368,26
2,58789.018,26
2,58791.819,26
2,58794.315,26
2,58796.816,26
2,58800.659,26
2,58803.345,26
2,58806.096,26
2,58808.828,26
2,58811.474,26
2,58814.182,26
2,58817.073,26
2,58819.613,26
2,58822.132,26
2,58824.772,26
2,58827.290,26
2,58829.858,26
2,58833.611,26
2,58836.118,26
2,58838.569,26
2,58841.180,26
2,58843.786,26
2,58846.330,26
2,58849.697,26
2,58852.664,26
2,58855.255,26
2,58857.805,26
2,58860.442,26
2,58863.340,26
2,58866.501,26
2,58869.101,26
2,58871.780,26
2,58874.472,26
2,58876.970,26
2,58879.562,26
2,58883.183,26
2,58887.113,26
2,58889.913,26
2,58892.533,26
2,58895.316,26
2,58899.412,26
2,58902.034,26
2,58904.848,26
2,58907.428,26
2,58910.168,26
2,58912.749,26
2,58916.138,26
2,58918.854,26
2,58921.396,26
2,58923.901,26
2,58926.303,26
2,58928.919,26
2,58932.462,26
2,58935.141,26
2,58937.742,26
2,58940.280,26
2,58943.339,26
2,58945.927,26
2,58948.631,26
2,58951.125,26
2,58953.613,26
2,58956.720,26
2,58959.349,26
2,58962.047,26
2,58965.437,26
2,58967.885,26
2,58970.618,26
2,58973.598,26
2,58976.088,26
2,58978.702,26
2,58981.160,26
2,58985.259,26
2,58987.812,26
2,58990.472,26
2,58993.020,26
2,58995.551,26
2,58999.363,26
2,59002.040,26
2,59004.602,26
2,59007.140,26
2,59009.693,26
2,59012.235,26
2,59015.971,26
2,59018.688,26
2,59021.236,26
2,59024.164,26
2,59026.731,26
2,59029.306,26
2,59032.612,26
2,59035.438,26
2,59038.012,26
2,59040.632,26
2,59043.175,26
2,59045.733,26
2,59048.952,26
2,59051.539,26
2,59054.740,26
2,59057.285,26
2,59059.911,26
2,59062.383,26
2,59065.740,26
2,59068.280,26
2,59070.954,26
2,59073.552,26
2,59076.487,26
2,59079.104,26
2,59082.247,26
2,59084.965,26
2,59087.505,26
2,59090.342,26
2,59092.880,26
2,59095.383,26
2,59099.294,26
2,59101.946,26
2,59104.491,26
2,59107.135,26
2,59109.836,26
2,59112.091,26
2,59115.638,26
2,59118.353,26
2,59120.906,26
2,59123.390,26
2,59125.916,26
2,59128.272,26
2,59131.765,26
2,59134.997,26
2,59137.597,26
2,59140.104,26
2,59142.641,26
2,59145.222,26
2,59147.943,26
2,59151.059,26
2,59153.675,26
2,59156.288,26
2,59158.811,26
2,59161.389,26
2,59164.001,26
2,59167.030,26
2,59169.581,26
2,59172.132,26
2,59174.630,26
2,59177.154,26
2,59179.627,26
2,59182.876,26
2,59185.642,26
2,59188.221,26
2,59190.722,26
2,59193.189,26
2,59195.882,26
2,59199.522,26
2,59202.166,26
2,59205.279,26
2,59207.717,26
2,59210.321,26
2,59213.238,26
2,59216.382,26
2,59219.591,26
2,59222.291,26
2,59224.834,26
2,59227.361,26
2,59229.860,26
2,59233.383,26
2,59236.305,26
2,59238.891,26
2,59241.972,26
2,59245.321,26
2,59249.480,26
2,59252.160,26
2,59254.707,26
2,59257.387,26
2,59260.360,26
2,59263.028,26
2,59266.417,26
2,59268.836,26
2,59271.410,26
2,59273.934,26
2,59276.415,26
2,59278.903,26
2,59282.441,26
2,59285.148,26
2,59287.765,26
2,59290.576,26
2,59293.163,26
2,59296.016,26
2,59299.516,26
2,59302.605,26
2,59305.698,26
2,59308.386,26
2,59311.036,26
2,59313.538,26
2,59316.174,26
2,59319.283,26
2,59321.891,26
2,59324.417,26
2,59326.868,26
2,59329.492,26
2,59333.214,26
2,59335.917,26
2,59338.448,26
2,59341.111,26
2,59343.670,26
2,59346.360,26
2,59349.788,26
2,59352.530,26
2,59355.079,26
2,59357.601,26
2,59360.086,26
2,59362.689,26
2,59366.275,26
2,59369.066,26
2,59371.689,26
2,59374.252,26
2,59376.727,26
2,59379.316,26
2,59382.797,26
2,59385.459,26
2,59388.015,26
2,59390.554,26
2,59393.003,26
2,59395.601,26
2,59399.383,26
2,59401.927,26
2,59404.341,26
2,59406.898,26
2,59409.422,26
2,59411.689,26
2,59415.871,26
2,59418.519,26
2,59421.426,26
2,59423.942,26
2,59426.462,26
2,59428.991,26
2,59431.676,26
2,59434.618,26
2,59437.563,26
2,59440.013,26
2,59442.624,26
2,59444.995,26
2,59448.010,26
2,59450.646,26
2,59453.104,26
2,59455.978,26
2,59458.596,26
2,59461.167,26
2,59463.679,26
2,59467.406,26
2,59469.927,26
2,59472.620,26
2,59475.315,26
2,59477.808,26
2,59480.414,26
2,59484.533,26
2,59487.181,26
2,59490.050,26
2,59492.668,26
2,59495.083,26
2,59498.622,26
2,59501.292,26
2,59503.846,26
2,59506.286,26
2,59508.694,26
2,59511.331,26
2,59513.897,26
2,59517.039,26
2,59519.652,26
2,59522.465,26
2,59525.077,26
2,59527.678,26
2,59530.170,26
2,59533.837,26
2,59536.583,26
2,59539.503,26
2,59542.099,26
2,59544.707,26
2,59549.366,26
2,59551.865,26
2,59554.492,26
2,59557.217,26
2,59559.734,26
2,59562.273,26
2,59565.760,26
2,59568.444,26
2,59571.010,26
2,59573.635,26
2,59576.161,26
2,59578.633,26
2,59582.205,26
2,59584.908,26
2,59587.406,26
2,59589.990,26
2,59592.638,26
2,59595.170,26
2,59598.367,26
2,59600.923,26
2,59603.513,26
2,59606.349,26
2,59609.047,26
2,59611.889,26
2,59614.687,26
2,59617.810,26
2,59620.439,26
2,59623.162,26
2,59625.706,26
2,59628.508,26
2,59632.022,26
2,59634.551,26
2,59637.102,26
2,59639.797,26
2,59642.820,26
2,59645.440,26
2,59649.135,26
2,59651.837,26
2,59654.378,26
2,59657.004,26
2,59659.533,26
2,59662.059,26
2,59665.751,26
2,59668.313,26
2,59670.881,26
2,59673.490,26
2,59675.937,26
2,59678.440,26
2,59681.160,26
2,59684.539,26
2,59687.005,26
2,59689.810,26
2,59692.734,26
2,59695.369,26
2,59699.454,26
2,59702.184,26
2,59704.910,26
2,59707.537,26
2,59710.020,26
2,59712.675,26
2,59716.048,26
2,59718.641,26
2,59721.253,26
2,59724.007,26
2,59726.530,26
2,59729.108,26
2,59732.618,26
2,59735.715,26
2,59738.530,26
2,59740.969,26
2,59743.525,26
2,59746.010,26
2,59748.907,26
2,59751.870,26
2,59754.417,26
2,59757.012,26
2,59759.598,26
2,59762.086,26
2,59766.479,26
2,59769.084,26
2,59771.872,26
2,59774.495,26
2,59777.286,26
2,59779.787,26
2,59783.647,26
2,59786.360,26
2,59788.939,26
2,59791.609,26
2,59794.556,26
2,59797.469,26
2,59801.167,26
2,59803.863,26
2,59806.803,26
2,59809.396,26
2,59812.017,26
2,59814.544,26
2,59817.337,26
2,59820.427,26
2,59823.284,26
2,59826.014,26
2,59828.553,26
2,59831.267,26
2,59834.831,26
2,59837.545,26
2,59840.157,26
2,59842.998,26
2,59845.355,26
2,59849.626,26
2,59852.393,26
2,59854.949,26
2,59857.468,26
2,59859.927,26
2,59862.218,26
2,59864.986,26
2,59868.083,26
2,59870.774,26
2,59873.342,26
2,59875.839,26
2,59878.476,26
2,59881.697,26
2,59884.443,26
2,59887.044,26
2,59890.102,26
2,59892.623,26
2,59895.640,26
2,59898.695,26
2,59901.452,26
2,59904.194,26
2,59907.069,26
2,59909.661,26
2,59912.146,26
2,59916.167,26
2,59918.797,26
2,59921.843,26
2,59924.460,26
2,59927.213,26
2,59929.843,26
2,59933.363,26
2,59936.007,26
2,59938.558,26
2,59941.212,26
2,59943.666,26
2,59946.424,26
2,59949.648,26
2,59952.136,26
2,59956.830,26
2,59959.738,26
2,59962.545,26
2,59966.120,26
2,59968.784,26
2,59971.182,26
2,59973.725,26
2,59976.307,26
2,59978.897,26
2,59982.765,26
2,59985.557,26
2,59988.136,26
2,59990.743,26
2,59993.239,26
2,59995.546,26
2,59999.339,26
2,60002.081,26
2,60004.719,26
2,60007.430,26
2,60010.008,26
2,60012.625,26
2,60015.383,26
2,60017.955,26
2,60020.956,26
2,60023.644,26
2,60026.206,26
2,60028.759,26
2,60031.400,26
2,60034.234,26
2,60036.920,26
2,60040.195,26
2,60042.840,26
2,60045.406,26
2,60048.076,26
2,60051.435,26
2,60054.230,26
2,60057.192,26
2,60059.857,26
2,60062.408,26
2,60066.299,26
2,60069.037,26
2,60071.668,26
2,60074.332,26
2,60076.840,26
2,60079.934,26
2,60083.074,26
2,60085.778,26
2,60088.405,26
2,60090.978,26
2,60093.552,26
2,60096.182,26
2,60099.875,26
2,60102.690,26
2,60105.311,26
2,60107.993,26
2,60110.860,26
2,60113.956,26
2,60117.253,26
2,60119.928,26
2,60122.687,26
2,60125.785,26
2,60129.255,26
2,60132.589,26
2,60135.357,26
2,60138.354,26
2,60140.957,26
2,60143.637,26
2,60146.046,26
2,60149.200,26
2,60152.718,26
2,60155.357,26
2,60158.453,26
2,60161.126,26
2,60163.612,26
2,60166.496,26
2,60169.115,26
2,60171.848,26
2,60174.413,26
2,60177.022,26
2,60179.880,26
2,60183.871,26
2,60186.312,26
2,60188.809,26
2,60191.238,26
2,60193.886,26
2,60196.500,26
2,60199.185,26
2,60202.307,26
2,60204.979,26
2,60207.521,26
2,60210.146,26
2,60212.667,26
2,60216.595,26
2,60219.430,26
2,60222.003,26
2,60224.584,26
2,60227.182,26
2,60230.018,26
2,60233.486,26
2,60236.166,26
2,60239.242,26
2,60241.767,26
2,60244.239,26
2,60246.714,26
2,60249.416,26
2,60252.392,26
2,60255.019,26
2,60257.985,26
2,60261.189,26
2,60263.834,26
2,60267.345,26
2,60269.939,26
2,60272.611,26
2,60275.262,26
2,60277.831,26
2,60280.534,26
2,60283.713,26
2,60286.396,26
2,60289.370,26
2,60292.070,26
2,60295.308,26
2,60299.514,26
2,60302.263,26
2,60305.008,26
2,60307.735,26
2,60310.348,26
2,60313.028,26
2,60316.935,26
2,60319.435,26
2,60321.971,26
2,60324.357,26
2,60326.840,26
2,60329.354,26
2,60333.049,26
2,60336.154,26
2,60338.722,26
2,60341.324,26
2,60343.926,26
2,60346.442,26
2,60349.986,26
2,60353.037,26
2,60355.932,26
2,60358.508,26
2,60361.041,26
2,60363.511,26
2,60367.018,26
2,60369.724,26
2,60372.071,26
2,60374.726,26
2,60377.493,26
2,60379.980,26
2,60383.916,26
2,60386.539,26
2,60389.327,26
2,60391.927,26
2,60394.428,26
2,60396.900,26
2,60400.010,26
2,60402.657,26
2,60405.149,26
2,60407.725,26
2,60410.377,26
2,60413.218,26
2,60416.419,26
2,60419.144,26
2,60421.661,26
2,60424.245,26
2,60426.558,26
2,60429.065,26
2,60432.636,26
2,60435.358,26
2,60437.914,26
2,60440.485,26
2,60443.003,26
2,60445.490,26
2,60449.179,26
2,60451.602,26
2,60454.778,26
2,60457.364,26
2,60459.859,26
2,60462.580,26
2,60466.166,26
2,60468.851,26
2,60471.482,26
2,60473.972,26
2,60476.946,26
2,60479.490,26
2,60482.989,26
2,60485.636,26
2,60488.366,26
2,60491.177,26
2,60494.175,26
2,60496.621,26
2,60499.379,26
2,60502.716,26
2,60505.380,26
2,60507.950,26
2,60510.577,26
2,60513.190,26
2,60516.953,26
2,60519.789,26
2,60522.334,26
2,60524.909,26
2,60527.446,26
2,60530.001,26
2,60533.021,26
2,60535.832,26
2,60538.423,26
2,60541.064,26
2,60543.567,26
2,60546.484,26
2,60549.609,26
2,60552.188,26
2,60554.872,26
2,60557.502,26
2,60560.053,26
2,60562.609,26
2,60566.261,26
2,60568.826,26
2,60571.441,26
2,60573.996,26
2,60576.524,26
2,60578.977,26
2,60583.047,26
2,60585.658,26
2,60588.174,26
2,60591.272,26
2,60593.776,26
2,60596.293,26
2,60600.453,26
2,60603.146,26
2,60605.771,26
2,60608.518,26
2,60610.983,26
2,60613.529,26
2,60616.430,26
2,60619.366,26
2,60622.149,26
2,60624.759,26
2,60627.594,26
2,60630.115,26
2,60633.615,26
2,60636.257,26
2,60638.818,26
2,60641.453,26
2,60644.209,26
2,60646.779,26
2,60650.340,26
2,60652.997,26
2,60655.418,26
2,60657.980,26
2,60660.593,26
2,60662.974,26
2,60666.981,26
2,60669.592,26
2,60672.079,26
2,60674.594,26
2,60677.145,26
2,60679.882,26
2,60683.064,26
2,60685.658,26
2,60688.326,26
2,60690.931,26
2,60693.600,26
2,60696.209,26
2,60699.930,26
2,60703.390,26
2,60706.177,26
2,60708.792,26
2,60711.505,26
2,60713.959,26
2,60717.432,26
2,60720.019,26
2,60722.977,26
2,60725.466,26
2,60728.093,26
2,60730.582,26
2,60733.791,26
2,60736.381,26
2,60738.853,26
2,60741.445,26
2,60744.042,26
2,60746.566,26
2,60750.525,26
2,60753.185,26
2,60756.834,26
2,60759.430,26
2,60762.118,26
2,60765.779,26
2,60768.431,26
2,60771.046,26
2,60773.741,26
2,60776.301,26
2,60778.869,26
2,60782.568,26
2,60785.860,26
2,60788.770,26
2,60791.437,26
2,60794.456,26
2,60796.794,26
2,60800.549,26
2,60803.660,26
2,60806.163,26
2,60808.820,26
2,60811.488,26
2,60814.129,26
2,60817.180,26
2,60819.986,26
2,60822.594,26
2,60825.166,26
2,60828.020,26
2,60830.431,26
2,60833.287,26
2,60836.326,26
2,60838.906,26
2,60841.444,26
2,60844.185,26
2,60846.824,26
2,60849.279,26
2,60852.768,26
2,60855.459,26
2,60858.047,26
2,60860.683,26
2,60863.563,26
2,60866.428,26
2,60869.478,26
2,60872.651,26
2,60875.723,26
2,60878.287,26
2,60880.770,26
2,60884.527,26
2,60887.228,26
2,60890.096,26
2,60892.799,26
2,60895.310,26
2,60897.970,26
2,60901.399,26
2,60903.867,26
2,60906.813,26
2,60909.480,26
2,60912.036,26
2,60915.991,26
2,60918.645,26
2,60921.188,26
2,60923.737,26
2,60926.253,26
2,60928.747,26
2,60931.561,26
2,60934.536,26
2,60937.275,26
2,60939.960,26
2,60942.634,26
2,60945.452,26
2,60949.522,26
2,60952.254,26
2,60954.949,26
2,60957.584,26
2,60960.104,26
2,60963.097,26
2,60967.016,26
2,60969.673,26
2,60972.219,26
2,60974.853,26
2,60977.488,26
2,60979.923,26
2,60982.864,26
2,60985.711,26
2,60988.387,26
2,60990.798,26
2,60993.690,26
2,60996.488,26
2,60999.798,26
2,61002.876,26
2,61005.844,26
2,61008.451,26
2,61011.005,26
2,61013.421,26
2,61016.135,26
2,61019.094,26
2,61021.997,26
2,61024.726,26
2,61027.338,26
2,61029.853,26
2,61032.489,26
2,61035.418,26
2,61037.859,26
2,61040.989,26
2,61043.656,26
2,61046.200,26
2,61050.137,26
2,61052.568,26
2,61055.695,26
2,61059.205,26
2,61061.863,26
2,61064.954,26
2,61067.799,26
2,61070.739,26
2,61073.334,26
2,61076.401,26
2,61079.027,26
2,61083.375,26
2,61086.061,26
2,61088.619,26
2,61091.268,26
2,61093.869,26
2,61096.394,26
2,61099.094,26
2,61101.824,26
2,61105.395,26
2,61108.296,26
2,61111.576,26
2,61114.533,26
2,61118.438,26
2,61121.179,26
2,61123.602,26
2,61126.171,26
2,61128.760,26
2,61132.302,26
2,61135.037,26
2,61137.667,26
2,61140.215,26
2,61142.801,26
2,61145.689,26
2,61148.822,26
2,61151.278,26
2,61153.853,26
2,61156.894,26
2,61159.429,26
2,61161.966,26
2,61165.552,26
2,61167.981,26
2,61170.573,26
2,61173.111,26
2,61175.822,26
2,61178.311,26
2,61180.915,26
2,61184.011,26
2,61186.649,26
2,61189.306,26
2,61191.874,26
2,61194.413,26
2,61196.787,26
2,61200.488,26
2,61203.457,26
2,61206.238,26
2,61208.861,26
2,61211.662,26
2,61215.509,26
2,61218.461,26
2,61221.531,26
2,61224.061,26
2,61226.555,26
2,61229.047,26
2,61232.511,26
2,61235.160,26
2,61237.638,26
2,61240.687,26
2,61243.071,26
2,61245.551,26
2,61249.423,26
2,61251.882,26
2,61254.476,26
2,61256.834,26
2,61259.324,26
2,61261.915,26
2,61266.089,26
2,61268.780,26
2,61271.367,26
2,61273.951,26
2,61276.434,26
2,61278.900,26
2,61282.408,26
2,61285.038,26
2,61287.640,26
2,61290.253,26
2,61292.833,26
2,61295.370,26
2,61298.912,26
2,61301.561,26
2,61304.119,26
2,61306.676,26
2,61309.228,26
2,61311.584,26
2,61314.306,26
2,61317.228,26
2,61319.875,26
2,61322.433,26
2,61324.975,26
2,61327.597,26
2,61330.037,26
2,61333.612,26
2,61336.202,26
2,61339.115,26
2,61341.666,26
2,61344.250,26
2,61346.719,26
2,61350.249,26
2,61352.931,26
2,61355.503,26
2,61358.025,26
2,61361.361,26
2,61365.253,26
2,61368.010,26
2,61370.570,26
2,61373.090,26
2,61375.758,26
2,61378.598,26
2,61382.438,26
2,61385.158,26
2,61387.709,26
2,61390.317,26
2,61392.819,26
2,61395.480,26
2,61399.493,26
2,61401.924,26
2,61404.324,26
2,61406.991,26
2,61409.496,26
2,61412.212,26
2,61415.741,26
2,61418.348,26
2,61420.744,26
2,61423.671,26
2,61426.246,26
2,61428.770,26
2,61431.867,26
2,61434.407,26
2,61436.911,26
2,61439.657,26
2,61442.231,26
2,61444.690,26
2,61447.484,26
2,61450.375,26
2,61452.833,26
2,61455.782,26
2,61458.407,26
2,61460.987,26
2,61463.478,26
2,61465.938,26
2,61469.240,26
2,61471.817,26
2,61474.366,26
2,61476.878,26
2,61479.396,26
2,61483.483,26
2,61486.128,26
2,61488.659,26
2,61491.262,26
2,61493.827,26
2,61496.299,26
2,61500.254,26
2,61503.448,26
2,61506.071,26
2,61508.798,26
2,61511.666,26
2,61514.293,26
2,61517.282,26
2,61519.929,26
2,61522.829,26
2,61525.398,26
2,61527.867,26
2,61530.476,26
2,61533.558,26
2,61536.155,26
2,61538.749,26
2,61541.325,26
2,61544.199,26
2,61546.603,26
2,61549.516,26
2,61552.380,26
2,61555.395,26
2,61557.977,26
2,61560.551,26
2,61563.128,26
2,61565.707,26
2,61569.049,26
2,61571.680,26
2,61574.211,26
2,61576.474,26
2,61578.913,26
2,61582.813,26
2,61585.457,26
2,61588.008,26
2,61590.590,26
2,61593.131,26
2,61595.743,26
2,61599.596,26
2,61602.008,26
2,61604.532,26
2,61607.322,26
2,61609.817,26
2,61612.929,26
2,61616.327,26
2,61618.859,26
2,61621.443,26
2,61623.998,26
2,61626.494,26
2,61629.028,26
2,61632.646,26
2,61635.135,26
2,61637.725,26
2,61640.344,26
2,61642.694,26
2,61645.185,26
2,61647.765,26
2,61650.877,26
2,61653.255,26
2,61656.115,26
2,61658.739,26
2,61661.225,26
2,61665.417,26
2,61668.103,26
2,61670.665,26
2,61673.198,26
2,61675.890,26
2,61678.687,26
2,61682.362,26
2,61685.016,26
2,61687.721,26
2,61690.317,26
2,61692.875,26
2,61695.413,26
2,61699.291,26
2,61701.973,26
2,61704.647,26
2,61707.139,26
2,61709.904,26
2,61712.424,26
2,61715.802,26
2,61718.300,26
2,61720.856,26
2,61723.510,26
2,61726.009,26
2,61728.479,26
2,61732.067,26
2,61734.756,26
2,61737.220,26
2,61739.947,26
2,61742.577,26
2,61744.995,26
2,61747.766,26
2,61750.580,26
2,61753.209,26
2,61755.888,26
2,61758.476,26
2,61761.027,26
2,61763.381,26
2,61767.147,26
2,61769.757,26
2,61772.228,26
2,61774.952,26
2,61777.721,26
2,61780.280,26
2,61785.330,26
2,61788.147,26
2,61791.065,26
2,61793.588,26
2,61796.093,26
2,61799.630,26
2,61802.058,26
2,61804.771,26
2,61807.283,26
2,61809.810,26
2,61812.350,26
2,61816.335,26
2,61819.388,26
2,61822.369,26
2,61824.846,26
2,61827.360,26
2,61829.745,26
2,61833.448,26
2,61836.050,26
2,61838.549,26
2,61841.213,26
2,61843.698,26
2,61846.173,26
2,61848.728,26
2,61851.988,26
2,61854.605,26
2,61857.124,26
2,61859.617,26
2,61862.127,26
2,61865.287,26
2,61867.749,26
2,61870.212,26
2,61873.072,26
2,61875.534,26
2,61878.169,26
2,61881.158,26
2,61884.073,26
2,61886.654,26
2,61889.464,26
2,61892.117,26
2,61895.022,26
2,61897.645,26
2,61900.749,26
2,61903.469,26
2,61906.165,26
2,61908.834,26
2,61911.449,26
2,61914.051,26
2,61917.073,26
2,61919.627,26
2,61922.331,26
2,61924.898,26
2,61927.361,26
2,61929.904,26
2,61933.698,26
2,61936.357,26
2,61938.865,26
2,61941.469,26
2,61943.926,26
2,61946.457,26
2,61949.884,26
2,61952.576,26
2,61955.250,26
2,61957.913,26
2,61960.713,26
2,61963.063,26
2,61966.491,26
2,61969.231,26
2,61971.823,26
2,61974.411,26
2,61976.968,26
2,61979.557,26
2,61982.954,26
2,61985.541,26
2,61988.120,26
2,61990.732,26
2,61993.235,26
2,61995.876,26
2,61999.282,26
2,62001.890,26
2,62004.269,26
2,62007.061,26
2,62009.663,26
2,62012.204,26
2,62014.908,26
2,62018.018,26
2,62020.999,26
2,62023.870,26
2,62026.242,26
2,62028.734,26
2,62031.472,26
2,62034.467,26
2,62036.993,26
2,62039.472,26
2,62042.165,26
2,62044.776,26
2,62047.448,26
2,62050.508,26
2,62053.448,26
2,62055.974,26
2,62058.734,26
2,62061.343,26
2,62063.931,26
2,62066.973,26
2,62069.619,26
2,62072.128,26
2,62074.744,26
2,62077.577,26
2,62080.124,26
2,62083.741,26
2,62086.128,26
2,62088.586,26
2,62091.202,26
2,62093.693,26
2,62096.310,26
2,62098.917,26
2,62102.465,26
2,62104.942,26
2,62107.533,26
2,62110.015,26
2,62112.583,26
2,62116.271,26
2,62118.910,26
2,62121.435,26
2,62123.989,26
2,62126.585,26
2,62129.085,26
2,62132.925,26
2,62135.756,26
2,62138.315,26
2,62140.990,26
2,62143.319,26
2,62145.841,26
2,62148.377,26
2,62151.601,26
2,62154.395,26
2,62157.074,26
2,62159.573,26
2,62162.105,26
2,62164.681,26
2,62167.902,26
2,62171.116,26
2,62173.704,26
2,62176.211,26
2,62178.689,26
2,62181.422,26
2,62184.465,26
2,62187.032,26
2,62189.589,26
2,62191.953,26
2,62194.483,26
2,62197.032,26
2,62200.797,26
2,62203.379,26
2,62205.900,26
2,62208.632,26
2,62211.161,26
2,62213.688,26
2,62216.929,26
2,62219.477,26
2,62222.260,26
2,62224.863,26
2,62227.430,26
2,62231.606,26
2,62235.615,26
2,62239.237,26
2,62241.829,26
2,62244.431,26
2,62246.913,26
2,62250.858,26
2,62253.561,26
2,62256.490,26
2,62259.070,26
2,62261.697,26
2,62264.334,26
2,62267.630,26
2,62270.131,26
2,62273.306,26
2,62275.869,26
2,62278.359,26
2,62281.342,26
2,62284.111,26
2,62286.678,26
2,62289.292,26
2,62291.903,26
2,62294.260,26
2,62296.676,26
2,62299.427,26
2,62302.396,26
2,62305.079,26
2,62307.670,26
2,62310.314,26
2,62313.371,26
2,62316.994,26
2,62319.717,26
2,62322.187,26
2,62324.754,26
2,62327.340,26
2,62329.947,26
2,62333.437,26
2,62336.138,26
2,62338.672,26
2,62341.596,26
2,62344.401,26
2,62346.705,26
2,62350.344,26
2,62352.886,26
2,62355.423,26
2,62358.034,26
2,62360.591,26
2,62363.138,26
2,62365.750,26
2,62368.887,26
2,62371.539,26
2,62374.030,26
2,62376.486,26
2,62379.356,26
2,62382.874,26
2,62385.505,26
2,62388.066,26
2,62390.387,26
2,62392.756,26
2,62395.250,26
2,62398.011,26
2,62401.351,26
2,62403.905,26
2,62406.467,26
2,62408.880,26
2,62411.592,26
2,62414.232,26
2,62417.359,26
2,62420.104,26
2,62422.619,26
2,62425.249,26
2,62427.938,26
2,62430.884,26
2,62433.661,26
2,62436.305,26
2,62439.118,26
2,62441.714,26
2,62444.095,26
2,62446.578,26
2,62449.392,26
2,62452.203,26
2,62454.676,26
2,62457.289,26
2,62460.725,26
2,62463.336,26
2,62466.307,26
2,62469.064,26
2,62471.643,26
2,62474.173,26
2,62476.698,26
2,62479.257,26
2,62481.817,26
2,62485.007,26
2,62487.739,26
2,62490.362,26
2,62492.863,26
2,62495.622,26
2,62498.305,26
2,62502.699,26
2,62505.542,26
2,62508.164,26
2,62510.846,26
2,62513.154,26
2,62516.363,26
2,62519.449,26
2,62522.004,26
2,62524.609,26
2,62527.124,26
2,62529.846,26
2,62533.665,26
2,62536.258,26
2,62538.827,26
2,62541.488,26
2,62544.325,26
2,62546.813,26
2,62549.631,26
2,62553.217,26
2,62556.017,26
2,62558.647,26
2,62561.373,26
2,62564.606,26
2,62567.109,26
2,62570.481,26
2,62573.290,26
2,62575.843,26
2,62578.274,26
2,62581.187,26
2,62583.777,26
2,62586.375,26
2,62588.854,26
2,62591.450,26
2,62594.030,26
2,62596.576,26
2,62599.357,26
2,62602.818,26
2,62605.528,26
2,62607.988,26
2,62610.594,26
2,62613.179,26
2,62616.127,26
2,62619.289,26
2,62621.923,26
2,62624.539,26
2,62627.102,26
2,62629.851,26
2,62632.440,26
2,62635.475,26
2,62639.436,26
2,62642.138,26
2,62645.505,26
2,62649.432,26
2,62652.089,26
2,62654.706,26
2,62657.350,26
2,62659.900,26
2,62662.372,26
2,62665.023,26
2,62667.945,26
2,62670.572,26
2,62673.236,26
2,62675.636,26
2,62678.468,26
2,62681.083,26
2,62684.210,26
2,62686.957,26
2,62689.538,26
2,62692.499,26
2,62695.115,26
2,62699.496,26
2,62702.472,26
2,62704.967,26
2,62707.626,26
2,62710.115,26
2,62712.632,26
2,62715.750,26
2,62718.245,26
2,62720.921,26
2,62723.770,26
2,62726.172,26
2,62729.132,26
2,62733.118,26
2,62735.882,26
2,62738.918,26
2,62741.428,26
2,62743.962,26
2,62746.491,26
2,62749.142,26
2,62752.218,26
2,62754.878,26
2,62757.521,26
2,62760.155,26
2,62762.699,26
2,62766.712,26
2,62769.178,26
2,62771.759,26
2,62774.384,26
2,62776.909,26
2,62779.309,26
2,62782.261,26
2,62784.998,26
2,62787.656,26
2,62790.394,26
2,62793.010,26
2,62795.497,26
2,62798.074,26
2,62801.067,26
2,62803.671,26
2,62806.391,26
2,62809.048,26
2,62811.693,26
2,62814.352,26
2,62817.448,26
2,62820.110,26
2,62822.829,26
2,62825.486,26
2,62828.055,26
2,62830.731,26
2,62833.703,26
2,62836.411,26
2,62838.939,26
2,62841.522,26
2,62844.514,26
2,62847.179,26
2,62851.162,26
2,62854.143,26
2,62857.136,26
2,62859.661,26
2,62862.065,26
2,62866.161,26
2,62868.837,26
2,62872.131,26
2,62874.738,26
2,62877.436,26
2,62880.176,26
2,62884.126,26
2,62887.097,26
2,62889.573,26
2,62892.274,26
2,62894.978,26
2,62897.729,26
2,62900.703,26
2,62903.377,26
2,62906.342,26
2,62909.538,26
2,62912.051,26
2,62915.537,26
2,62918.157,26
2,62921.141,26
2,62923.866,26
2,62926.444,26
2,62928.704,26
2,62931.977,26
2,62934.636,26
2,62937.240,26
2,62940.057,26
2,62944.791,26
2,62947.463,26
2,62951.405,26
2,62954.104,26
2,62956.725,26
2,62960.886,26
2,62963.493,26
2,62966.834,26
2,62969.406,26
2,62972.067,26
2,62974.742,26
2,62977.291,26
2,62979.969,26
2,62982.676,26
2,62985.878,26
2,62988.634,26
2,62991.240,26
2,62994.101,26
2,62996.465,26
2,62999.033,26
2,63002.018,26
2,63005.201,26
2,63007.753,26
2,63010.382,26
2,63013.032,26
2,63016.301,26
2,63018.875,26
2,63021.438,26
2,63024.401,26
2,63026.917,26
2,63029.510,26
2,63032.956,26
2,63035.452,26
2,63038.011,26
2,63040.693,26
2,63043.188,26
2,63045.882,26
2,63049.314,26
2,63051.853,26
2,63054.475,26
2,63057.000,26
2,63059.561,26
2,63062.016,26
2,63065.450,26
2,63068.067,26
2,63070.586,26
2,63073.239,26
2,63075.808,26
2,63078.362,26
2,63080.952,26
2,63083.998,26
2,63086.587,26
2,63089.405,26
2,63091.995,26
2,63094.576,26
2,63097.141,26
2,63100.154,26
2,63103.165,26
2,63105.651,26
2,63108.069,26
2,63110.567,26
2,63113.233,26
2,63116.998,26
2,63119.733,26
2,63122.096,26
2,63125.087,26
2,63127.611,26
2,63130.216,26
2,63133.986,26
2,63136.576,26
2,63139.436,26
2,63142.046,26
2,63144.567,26
2,63147.117,26
2,63150.416,26
2,63152.972,26
2,63155.565,26
2,63158.223,26
2,63160.746,26
2,63163.545,26
2,63167.606,26
2,63170.327,26
2,63173.405,26
2,63176.133,26
2,63178.591,26
2,63181.301,26
2,63184.267,26
2,63186.832,26
2,63189.311,26
2,63191.921,26
2,63194.502,26
2,63197.249,26
2,63200.100,26
2,63204.172,26
2,63207.700,26
2,63212.060,26
2,63214.695,26
2,63218.436,26
2,63223.030,26
2,63225.960,26
2,63228.420,26
2,63230.873,26
2,63234.539,26
2,63237.349,26
2,63241.010,26
2,63243.449,26
2,63246.049,26
2,63250.227,26
2,63252.883,26
2,63255.412,26
2,63257.927,26
2,63261.009,26
2,63263.432,26
2,63266.908,26
2,63269.509,26
2,63272.349,26
2,63275.416,26
2,63277.976,26
2,63281.189,26
2,63283.874,26
2,63286.392,26
2,63289.355,26
2,63291.935,26
2,63294.358,26
2,63296.821,26
2,63299.344,26
2,63302.540,26
2,63305.319,26
2,63307.870,26
2,63310.224,26
2,63313.101,26
2,63317.477,26
2,63319.959,26
2,63322.452,26
2,63325.113,26
2,63328.044,26
2,63330.530,26
2,63334.585,26
2,63337.255,26
2,63340.124,26
2,63342.678,26
2,63345.157,26
2,63347.677,26
2,63350.887,26
2,63353.276,26
2,63355.805,26
2,63358.313,26
2,63360.887,26
2,63363.410,26
2,63366.121,26
2,63369.126,26
2,63371.876,26
2,63374.460,26
2,63376.963,26
2,63379.364,26
2,63383.415,26
2,63386.069,26
2,63388.578,26
2,63391.318,26
2,63393.891,26
2,63396.468,26
2,63399.060,26
2,63402.084,26
2,63404.768,26
2,63407.897,26
2,63410.381,26
2,63413.122,26
2,63417.086,26
2,63419.715,26
2,63422.213,26
2,63424.844,26
2,63427.665,26
2,63430.187,26
2,63434.533,26
2,63437.345,26
2,63440.667,26
2,63443.603,26
2,63446.197,26
2,63450.430,26
2,63453.048,26
2,63455.950,26
2,63458.937,26
2,63461.710,26
2,63465.435,26
2,63467.945,26
2,63470.591,26
2,63473.343,26
2,63476.738,26
2,63479.348,26
2,63482.074,26
2,63485.130,26
2,63487.828,26
2,63490.648,26
2,63493.065,26
2,63495.968,26
2,63499.691,26
2,63502.742,26
2,63505.286,26
2,63507.854,26
2,63510.408,26
2,63514.664,26
2,63517.425,26
2,63519.989,26
2,63522.789,26
2,63525.448,26
2,63528.414,26
2,63531.089,26
2,63534.087,26
2,63536.720,26
2,63540.041,26
2,63542.987,26
2,63545.826,26
2,63549.947,26
2,63552.639,26
2,63555.147,26
2,63558.101,26
2,63561.070,26
2,63563.695,26
2,63567.226,26
2,63569.810,26
2,63572.315,26
2,63574.901,26
2,63577.432,26
2,63579.881,26
2,63582.605,26
2,63585.679,26
2,63588.319,26
2,63590.893,26
2,63593.456,26
2,63596.043,26
2,63599.733,26
2,63602.720,26
2,63605.467,26
2,63608.071,26
2,63610.727,26
2,63613.211,26
2,63615.854,26
2,63619.133,26
2,63621.817,26
2,63624.489,26
2,63627.209,26
2,63630.000,26
2,63633.500,26
2,63636.140,26
2,63638.604,26
2,63641.101,26
2,63644.130,26
2,63646.683,26
2,63649.949,26
2,63652.717,26
2,63655.513,26
2,63657.955,26
2,63660.606,26
2,63663.021,26
2,63666.944,26
2,63669.402,26
2,63672.404,26
2,63674.930,26
2,63677.556,26
2,63680.084,26
2,63682.973,26
2,63685.886,26
2,63689.094,26
2,63691.692,26
2,63694.268,26
2,63696.726,26
2,63699.450,26
2,63702.657,26
2,63705.306,26
2,63707.873,26
2,63710.489,26
2,63712.998,26
2,63715.654,26
2,63718.664,26
2,63721.171,26
2,63724.011,26
2,63726.531,26
2,63728.805,26
2,63731.776,26
2,63734.831,26
2,63737.426,26
2,63739.832,26
2,63742.413,26
2,63745.274,26
2,63747.922,26
2,63750.976,26
2,63753.579,26
2,63756.333,26
2,63758.965,26
2,63761.556,26
2,63764.187,26
2,63767.088,26
2,63769.644,26
2,63773.045,26
2,63775.736,26
2,63779.408,26
2,63782.504,26
2,63785.165,26
2,63787.621,26
2,63790.186,26
2,63792.755,26
2,63795.262,26
2,63797.965,26
2,63801.002,26
2,63803.579,26
2,63806.296,26
2,63808.894,26
2,63811.459,26
2,63814.117,26
2,63817.304,26
2,63819.898,26
2,63822.394,26
2,63824.883,26
2,63827.424,26
2,63829.808,26
2,63832.753,26
2,63835.708,26
2,63838.311,26
2,63840.857,26
2,63843.342,26
2,63845.901,26
2,63848.634,26
2,63851.448,26
2,63854.059,26
2,63856.859,26
2,63861.698,26
2,63864.359,26
2,63866.885,26
2,63869.773,26
2,63872.488,26
2,63875.053,26
2,63877.710,26
2,63880.856,26
2,63884.729,26
2,63888.928,26
2,63892.065,26
2,63895.283,26
2,63897.928,26
2,63900.916,26
2,63903.312,26
2,63905.976,26
2,63908.567,26
2,63911.272,26
2,63914.402,26
2,63916.822,26
2,63919.163,26
2,63921.854,26
2,63925.049,26
2,63927.648,26
2,63931.867,26
2,63934.957,26
2,63937.987,26
2,63940.573,26
2,63943.161,26
2,63945.719,26
2,63950.341,26
2,63953.056,26
2,63955.751,26
2,63958.419,26
2,63960.977,26
2,63963.434,26
2,63966.994,26
2,63969.630,26
2,63972.142,26
2,63974.857,26
2,63977.673,26
2,63980.362,26
2,63983.027,26
2,63986.112,26
2,63988.752,26
2,63991.279,26
2,63994.479,26
2,63998.775,26
2,64001.758,26
2,64004.709,26
2,64007.089,26
2,64009.756,26
2,64012.257,26
2,64016.291,26
2,64019.339,26
2,64021.933,26
2,64024.509,26
2,64027.237,26
2,64030.209,26
2,64033.554,26
2,64036.209,26
2,64039.097,26
2,64041.662,26
2,64044.244,26
2,64046.689,26
2,64050.292,26
2,64052.905,26
2,64055.460,26
2,64057.875,26
2,64060.360,26
2,64063.186,26
2,64066.461,26
2,64069.010,26
2,64071.585,26
2,64074.102,26
2,64076.601,26
2,64080.064,26
2,64083.249,26
2,64085.859,26
2,64088.418,26
2,64091.077,26
2,64093.568,26
2,64096.135,26
2,64098.768,26
2,64102.014,26
2,64104.648,26
2,64107.223,26
2,64109.725,26
2,64112.192,26
2,64115.466,26
2,64118.059,26
2,64120.584,26
2,64123.237,26
2,64125.789,26
2,64128.403,26
2,64131.894,26
2,64134.345,26
2,64136.976,26
2,64139.709,26
2,64142.279,26
2,64145.084,26
2,64149.333,26
2,64151.979,26
2,64154.649,26
2,64157.019,26
2,64159.517,26
2,64161.869,26
2,64165.509,26
2,64168.207,26
2,64170.790,26
2,64173.338,26
2,64175.946,26
2,64178.922,26
2,64182.356,26
2,64184.911,26
2,64187.478,26
2,64190.186,26
2,64194.869,26
2,64197.478,26
2,64203.560,26
2,64208.185,26
2,64210.863,26
2,64213.937,26
2,64217.400,26
2,64220.310,26
2,64223.110,26
2,64225.689,26
2,64228.380,26
2,64231.074,26
2,64234.497,26
2,64237.256,26
2,64239.837,26
2,64242.403,26
2,64245.046,26
2,64247.668,26
2,64250.846,26
2,64253.443,26
2,64255.953,26
2,64258.477,26
2,64261.031,26
2,64263.977,26
2,64267.277,26
2,64269.714,26
2,64272.188,26
2,64274.736,26
2,64277.245,26
2,64279.792,26
2,64283.576,26
2,64286.142,26
2,64288.582,26
2,64291.228,26
2,64293.655,26
2,64296.224,26
2,64298.833,26
2,64301.820,26
2,64304.376,26
2,64307.250,26
2,64309.956,26
2,64312.454,26
2,64315.553,26
2,64318.331,26
2,64321.398,26
2,64323.922,26
2,64326.515,26
2,64329.058,26
2,64332.631,26
2,64335.722,26
2,64338.329,26
2,64340.906,26
2,64343.380,26
2,64345.923,26
2,64349.725,26
2,64352.156,26
2,64354.795,26
2,64357.275,26
2,64360.162,26
2,64362.858,26
2,64365.884,26
2,64368.418,26
2,64370.963,26
2,64373.483,26
2,64376.048,26
2,64378.610,26
2,64382.149,26
2,64384.879,26
2,64387.483,26
2,64389.996,26
2,64392.581,26
2,64395.478,26
2,64398.395,26
2,64401.307,26
2,64403.934,26
2,64406.839,26
2,64409.360,26
2,64411.848,26
2,64414.491,26
2,64417.730,26
2,64420.204,26
2,64422.873,26
2,64425.480,26
2,64428.039,26
2,64430.690,26
2,64434.067,26
2,64436.647,26
2,64439.081,26
2,64441.675,26
2,64444.268,26
2,64446.810,26
2,64450.004,26
2,64452.638,26
2,64455.327,26
2,64457.943,26
2,64460.565,26
2,64463.329,26
2,64466.601,26
2,64469.224,26
2,64471.808,26
2,64474.144,26
2,64476.526,26
2,64478.908,26
2,64482.895,26
2,64485.600,26
2,64488.203,26
2,64491.141,26
2,64493.798,26
2,64496.554,26
2,64500.062,26
2,64502.769,26
2,64505.795,26
2,64508.740,26
2,64511.343,26
2,64513.999,26
2,64517.056,26
2,64519.664,26
2,64522.148,26
2,64524.762,26
2,64527.374,26
2,64529.867,26
2,64533.653,26
2,64536.294,26
2,64538.694,26
2,64541.670,26
2,64544.149,26
2,64546.642,26
2,64550.302,26
2,64552.937,26
2,64555.487,26
2,64558.038,26
2,64560.548,26
2,64563.011,26
2,64567.176,26
2,64570.238,26
2,64572.768,26
2,64575.698,26
2,64578.370,26
2,64581.108,26
2,64583.715,26
2,64586.373,26
2,64589.180,26
2,64591.755,26
2,64594.269,26
2,64596.815,26
2,64600.652,26
2,64603.282,26
2,64606.085,26
2,64608.686,26
2,64611.316,26
2,64614.048,26
2,64617.537,26
2,64620.185,26
2,64622.904,26
2,64625.335,26
2,64627.852,26
2,64630.182,26
2,64632.949,26
2,64636.405,26
2,64638.970,26
2,64641.586,26
2,64644.179,26
2,64646.653,26
2,64649.344,26
2,64652.618,26
2,64655.230,26
2,64657.833,26
2,64660.336,26
2,64663.496,26
2,64666.660,26
2,64669.396,26
2,64671.886,26
2,64674.499,26
2,64677.052,26
2,64679.544,26
2,64683.740,26
2,64686.708,26
2,64689.445,26
2,64692.151,26
2,64694.868,26
2,64697.228,26
2,64700.326,26
2,64702.888,26
2,64705.792,26
2,64708.505,26
2,64711.053,26
2,64713.952,26
2,64717.771,26
2,64720.374,26
2,64723.035,26
2,64725.688,26
2,64728.405,26
2,64732.349,26
2,64735.017,26
2,64737.595,26
2,64740.168,26
2,64742.678,26
2,64745.167,26
2,64747.718,26
2,64751.437,26
2,64754.012,26
2,64756.828,26
2,64759.379,26
2,64761.883,26
2,64764.623,26
2,64767.571,26
2,64770.152,26
2,64772.948,26
2,64776.037,26
2,64778.406,26
2,64781.767,26
2,64784.386,26
2,64786.979,26
2,64789.849,26
2,64792.573,26
2,64795.277,26
2,64798.147,26
2,64800.845,26
2,64803.427,26
2,64806.362,26
2,64809.200,26
2,64811.654,26
2,64814.635,26
2,64817.411,26
2,64820.012,26
2,64822.618,26
2,64825.202,26
2,64827.766,26
2,64830.267,26
2,64834.224,26
2,64836.826,26
2,64839.334,26
2,64841.971,26
2,64844.653,26
2,64847.238,26
2,64850.446,26
2,64852.964,26
2,64855.896,26
2,64858.467,26
2,64860.997,26
2,64863.466,26
2,64867.232,26
2,64869.824,26
2,64872.291,26
2,64874.858,26
2,64877.427,26
2,64879.997,26
2,64882.783,26
2,64885.881,26
2,64888.505,26
2,64891.152,26
2,64893.680,26
2,64896.237,26
2,64898.993,26
2,64902.495,26
2,64905.215,26
2,64907.815,26
2,64910.343,26
2,64912.995,26
2,64916.552,26
2,64919.255,26
2,64921.730,26
2,64924.066,26
2,64926.997,26
2,64929.422,26
2,64932.861,26
2,64935.494,26
2,64938.065,26
2,64940.645,26
2,64943.124,26
2,64945.736,26
2,64949.384,26
2,64952.048,26
2,64954.481,26
2,64957.658,26
2,64960.128,26
2,64962.676,26
2,64966.460,26
2,64969.159,26
2,64971.704,26
2,64974.531,26
2,64976.917,26
2,64979.591,26
2,64983.595,26
2,64986.907,26
2,64989.658,26
2,64992.268,26
2,64994.839,26
2,64997.497,26
2,65000.579,26
2,65003.304,26
2,65005.933,26
2,65008.560,26
2,65011.086,26
2,65013.650,26
2,65017.671,26
2,65020.277,26
2,65023.210,26
2,65025.809,26
2,65028.393,26
2,65031.424,26
2,65034.108,26
2,65036.630,26
2,65039.562,26
2,65041.954,26
2,65044.498,26
2,65047.007,26
2,65050.923,26
2,65053.468,26
2,65055.954,26
2,65058.553,26
2,65061.094,26
2,65063.563,26
2,65066.349,26
2,65069.137,26
2,65071.743,26
2,65074.294,26
2,65076.896,26
2,65079.357,26
2,65083.296,26
2,65085.934,26
2,65088.399,26
2,65090.991,26
2,65093.451,26
2,65095.978,26
2,65098.676,26
2,65101.644,26
2,65104.296,26
2,65106.820,26
2,65109.395,26
2,65111.884,26
2,65114.596,26
2,65118.178,26
2,65120.778,26
2,65123.368,26
2,65125.874,26
2,65128.339,26
2,65130.895,26
2,65134.027,26
2,65136.562,26
2,65139.499,26
2,65142.063,26
2,65144.667,26
2,65147.208,26
2,65150.275,26
2,65153.273,26
2,65155.975,26
2,65158.547,26
2,65160.983,26
2,65163.458,26
2,65166.397,26
2,65169.565,26
2,65172.105,26
2,65174.731,26
2,65177.713,26
2,65180.244,26
2,65183.916,26
2,65186.480,26
2,65188.964,26
2,65191.799,26
2,65194.389,26
2,65196.923,26
2,65200.467,26
2,65203.116,26
2,65205.664,26
2,65208.312,26
2,65210.865,26
2,65213.351,26
2,65217.064,26
2,65219.691,26
2,65222.203,26
2,65224.946,26
2,65227.849,26
2,65230.456,26
2,65233.966,26
2,65236.584,26
2,65239.294,26
2,65241.864,26
2,65244.322,26
2,65247.193,26
2,65250.935,26
2,65253.532,26
2,65256.048,26
2,65258.620,26
2,65261.187,26
2,65263.731,26
2,65267.243,26
2,65269.909,26
2,65272.566,26
2,65275.165,26
2,65277.694,26
2,65280.159,26
2,65282.720,26
2,65285.858,26
2,65289.611,26
2,65292.259,26
2,65294.810,26
2,65297.529,26
2,65300.533,26
2,65303.062,26
2,65305.595,26
2,65308.142,26
2,65310.807,26
2,65313.399,26
2,65317.130,26
2,65319.728,26
2,65322.297,26
2,65324.997,26
2,65327.615,26
2,65330.184,26
2,65332.997,26
2,65335.693,26
2,65338.271,26
2,65340.581,26
2,65343.099,26
2,65345.523,26
2,65348.247,26
2,65351.237,26
2,65353.723,26
2,65356.421,26
2,65359.029,26
2,65361.603,26
2,65364.281,26
2,65367.280,26
2,65369.967,26
2,65372.560,26
2,65375.057,26
2,65377.708,26
2,65380.002,26
2,65382.644,26
2,65385.821,26
2,65388.395,26
2,65391.027,26
2,65393.461,26
2,65396.148,26
2,65399.649,26
2,65402.134,26
2,65404.567,26
2,65407.225,26
2,65409.670,26
2,65412.154,26
2,65416.234,26
2,65418.823,26
2,65421.218,26
2,65423.788,26
2,65426.342,26
2,65428.738,26
2,65431.453,26
2,65434.867,26
2,65437.462,26
2,65440.032,26
2,65442.615,26
2,65445.126,26
2,65447.872,26
2,65450.895,26
2,65453.468,26
2,65456.241,26
2,65458.821,26
2,65461.339,26
2,65463.944,26
2,65467.010,26
2,65469.609,26
2,65472.076,26
2,65474.626,26
2,65477.194,26
2,65479.801,26
2,65483.269,26
2,65485.955,26
2,65488.530,26
2,65491.105,26
2,65493.644,26
2,65496.207,26
2,65500.187,26
2,65503.352,26
2,65506.298,26
2,65508.974,26
2,65511.819,26
2,65515.656,26
2,65518.272,26
2,65520.863,26
2,65523.517,26
2,65526.091,26
2,65528.704,26
2,65533.134,26
2,65535.602,26
2,65538.177,26
2,65540.728,26
2,65543.275,26
2,65546.052,26
2,65549.764,26
2,65552.455,26
2,65555.001,26
2,65557.607,26
2,65560.085,26
2,65562.665,26
2,65566.148,26
2,65568.663,26
2,65571.242,26
2,65573.863,26
2,65576.433,26
2,65579.395,26
2,65582.546,26
2,65585.049,26
2,65587.606,26
2,65590.898,26
2,65593.191,26
2,65595.664,26
2,65599.527,26
2,65602.081,26
2,65604.593,26
2,65607.228,26
2,65610.064,26
2,65613.076,26
2,65615.970,26
2,65618.795,26
2,65621.361,26
2,65623.867,26
2,65626.412,26
2,65628.921,26
2,65632.878,26
2,65635.533,26
2,65638.150,26
2,65640.660,26
2,65643.109,26
2,65646.044,26
2,65649.327,26
2,65651.960,26
2,65654.350,26
2,65656.912,26
2,65659.191,26
2,65661.707,26
2,65664.245,26
2,65667.368,26
2,65669.935,26
2,65672.667,26
2,65675.636,26
2,65678.357,26
2,65681.523,26
2,65684.037,26
2,65686.627,26
2,65689.391,26
2,65691.985,26
2,65694.551,26
2,65697.055,26
2,65700.185,26
2,65702.779,26
2,65705.850,26
2,65708.534,26
2,65710.979,26
2,65713.421,26
2,65716.384,26
2,65719.076,26
2,65721.721,26
2,65724.252,26
2,65726.778,26
2,65729.391,26
2,65732.103,26
2,65735.040,26
2,65738.095,26
2,65740.618,26
2,65743.243,26
2,65746.015,26
2,65750.476,26
2,65753.163,26
2,65755.878,26
2,65758.529,26
2,65761.123,26
2,65763.638,26
2,65767.854,26
2,65770.533,26
2,65773.151,26
2,65775.959,26
2,65778.683,26
2,65781.962,26
2,65786.044,26
2,65789.147,26
2,65791.793,26
2,65794.484,26
2,65797.086,26
2,65799.841,26
2,65802.903,26
2,65805.802,26
2,65808.392,26
2,65810.973,26
2,65813.766,26
2,65816.607,26
2,65820.094,26
2,65822.711,26
2,65825.946,26
2,65828.820,26
2,65831.503,26
2,65834.903,26
2,65837.610,26
2,65840.632,26
2,65843.501,26
2,65845.866,26
2,65849.501,26
2,65852.135,26
2,65854.757,26
2,65857.402,26
2,65859.957,26
2,65862.947,26
2,65866.429,26
2,65869.027,26
2,65871.639,26
2,65874.184,26
2,65876.770,26
2,65879.357,26
2,65882.181,26
2,65885.418,26
2,65888.029,26
2,65890.665,26
2,65893.884,26
2,65896.512,26
2,65900.431,26
2,65903.087,26
2,65905.807,26
2,65908.407,26
2,65911.049,26
2,65914.029,26
2,65917.440,26
2,65920.047,26
2,65922.476,26
2,65925.095,26
2,65927.741,26
2,65930.267,26
2,65933.755,26
2,65936.386,26
2,65938.990,26
2,65941.627,26
2,65944.211,26
2,65946.577,26
2,65950.633,26
2,65953.089,26
2,65955.666,26
2,65958.345,26
2,65960.968,26
2,65963.488,26
2,65967.230,26
2,65969.842,26
2,65972.333,26
2,65974.942,26
2,65977.621,26
2,65980.054,26
2,65983.826,26
2,65986.536,26
2,65989.535,26
2,65992.126,26
2,65994.746,26
2,65997.377,26
2,66000.521,26
2,66003.143,26
2,66005.755,26
2,66008.267,26
2,66010.696,26
2,66013.681,26
2,66017.265,26
2,66019.907,26
2,66022.855,26
2,66025.517,26
2,66028.325,26
2,66032.289,26
2,66035.122,26
2,66037.730,26
2,66040.298,26
2,66042.744,26
2,66045.337,26
2,66048.053,26
2,66051.338,26
2,66053.867,26
2,66056.534,26
2,66059.359,26
2,66061.959,26
2,66066.553,26
2,66069.269,26
2,66071.919,26
2,66074.504,26
2,66077.098,26
2,66079.899,26
2,66083.732,26
2,66086.485,26
2,66089.463,26
2,66092.076,26
2,66094.839,26
2,66097.528,26
2,66100.459,26
2,66103.007,26
2,66105.587,26
2,66108.179,26
2,66110.799,26
2,66113.283,26
2,66117.105,26
2,66119.807,26
2,66122.411,26
2,66125.099,26
2,66127.636,26
2,66130.075,26
2,66133.730,26
2,66136.359,26
2,66139.162,26
2,66141.555,26
2,66144.047,26
2,66146.479,26
2,66150.320,26
2,66152.914,26
2,66155.398,26
2,66157.914,26
2,66160.477,26
2,66163.331,26
2,66166.243,26
2,66168.909,26
2,66171.468,26
2,66173.936,26
2,66176.394,26
2,66179.060,26
2,66182.746,26
2,66185.912,26
2,66188.303,26
2,66190.861,26
2,66193.436,26
2,66196.669,26
2,66199.974,26
2,66202.628,26
2,66205.718,26
2,66208.305,26
2,66210.894,26
2,66213.844,26
2,66216.547,26
2,66219.178,26
2,66221.594,26
2,66224.141,26
2,66226.627,26
2,66229.121,26
2,66233.175,26
2,66235.752,26
2,66238.345,26
2,66240.889,26
2,66243.359,26
2,66245.968,26
2,66252.708,26
2,66255.696,26
2,66258.286,26
2,66260.832,26
2,66263.322,26
2,66267.198,26
2,66269.803,26
2,66272.322,26
2,66274.992,26
2,66277.533,26
2,66279.997,26
2,66284.007,26
2,66286.700,26
2,66289.878,26
2,66292.522,26
2,66295.221,26
2,66298.041,26
2,66300.787,26
2,66303.438,26
2,66306.541,26
2,66309.188,26
2,66311.794,26
2,66314.286,26
2,66317.620,26
2,66320.175,26
2,66322.718,26
2,66325.258,26
2,66327.760,26
2,66330.289,26
2,66333.694,26
2,66336.247,26
2,66339.087,26
2,66341.757,26
2,66344.127,26
2,66346.612,26
2,66350.256,26
2,66352.939,26
2,66355.438,26
2,66357.933,26
2,66360.501,26
2,66363.015,26
2,66366.594,26
2,66369.514,26
2,66372.010,26
2,66374.519,26
2,66376.839,26
2,66379.470,26
2,66383.052,26
2,66385.698,26
2,66388.231,26
2,66390.721,26
2,66393.321,26
2,66395.859,26
2,66399.246,26
2,66401.954,26
2,66404.528,26
2,66407.118,26
2,66409.652,26
2,66412.147,26
2,66416.268,26
2,66418.880,26
2,66421.961,26
2,66424.495,26
2,66426.996,26
2,66429.401,26
2,66433.403,26
2,66436.002,26
2,66438.667,26
2,66441.201,26
2,66443.719,26
2,66446.394,26
2,66450.061,26
2,66452.573,26
2,66455.711,26
2,66458.273,26
2,66460.611,26
2,66462.904,26
2,66466.808,26
2,66469.422,26
2,66472.019,26
2,66474.573,26
2,66477.177,26
2,66480.001,26
2,66483.277,26
2,66485.894,26
2,66488.456,26
2,66491.034,26
2,66493.726,26
2,66496.331,26
2,66500.200,26
2,66502.779,26
2,66505.208,26
2,66507.736,26
2,66510.331,26
2,66513.028,26
2,66516.373,26
2,66519.061,26
2,66521.663,26
2,66524.374,26
2,66527.086,26
2,66529.921,26
2,66533.087,26
2,66535.624,26
2,66538.223,26
2,66540.788,26
2,66543.297,26
2,66545.878,26
2,66548.628,26
2,66551.673,26
2,66554.286,26
2,66556.881,26
2,66559.449,26
2,66562.084,26
2,66564.864,26
2,66567.867,26
2,66570.477,26
2,66573.288,26
2,66576.053,26
2,66578.523,26
2,66582.847,26
2,66585.496,26
2,66588.038,26
2,66590.602,26
2,66593.112,26
2,66595.704,26
2,66599.584,26
2,66602.136,26
2,66604.802,26
2,66607.400,26
2,66609.858,26
2,66612.379,26
2,66615.137,26
2,66617.975,26
2,66620.632,26
2,66623.855,26
2,66626.574,26
2,66629.233,26
2,66632.871,26
2,66635.359,26
2,66637.933,26
2,66640.442,26
2,66642.989,26
2,66645.494,26
2,66648.173,26
2,66651.242,26
2,66653.845,26
2,66656.479,26
2,66659.022,26
2,66661.701,26
2,66665.778,26
2,66668.409,26
2,66670.926,26
2,66673.468,26
2,66676.396,26
2,66679.243,26
2,66683.075,26
2,66685.999,26
2,66688.370,26
2,66691.386,26
2,66693.927,26
2,66696.513,26
2,66699.589,26
2,66702.439,26
2,66705.073,26
2,66707.688,26
2,66710.428,26
2,66713.073,26
2,66716.949,26
2,66719.455,26
2,66721.924,26
2,66724.434,26
2,66726.910,26
2,66729.553,26
2,66733.133,26
2,66735.852,26
2,66738.342,26
2,66740.757,26
2,66743.126,26
2,66745.634,26
2,66748.312,26
2,66751.007,26
2,66753.605,26
2,66756.224,26
2,66758.787,26
2,66761.440,26
2,66764.130,26
2,66767.187,26
2,66769.757,26
2,66772.729,26
2,66775.317,26
2,66777.851,26
2,66780.348,26
2,66784.228,26
2,66786.796,26
2,66789.362,26
2,66792.029,26
2,66794.796,26
2,66797.343,26
2,66800.810,26
2,66803.197,26
2,66805.804,26
2,66808.455,26
2,66810.969,26
2,66813.436,26
2,66816.032,26
2,66819.104,26
2,66821.864,26
2,66824.377,26
2,66826.929,26
2,66829.493,26
2,66832.009,26
2,66835.307,26
2,66837.958,26
2,66840.489,26
2,66842.953,26
2,66845.431,26
2,66848.145,26
2,66851.097,26
2,66853.674,26
2,66856.199,26
2,66858.847,26
2,66861.394,26
2,66863.938,26
2,66867.195,26
2,66869.832,26
2,66872.738,26
2,66875.365,26
2,66878.003,26
2,66880.555,26
2,66883.686,26
2,66886.277,26
2,66888.839,26
2,66891.484,26
2,66894.042,26
2,66896.815,26
2,66900.349,26
2,66902.979,26
2,66905.487,26
2,66908.083,26
2,66910.694,26
2,66913.334,26
2,66917.162,26
2,66919.832,26
2,66922.413,26
2,66924.990,26
2,66927.451,26
2,66929.990,26
2,66933.807,26
2,66936.407,26
2,66938.691,26
2,66941.254,26
2,66943.821,26
2,66946.366,26
2,66950.392,26
2,66953.029,26
2,66955.487,26
2,66958.049,26
2,66960.641,26
2,66963.167,26
2,66967.007,26
2,66969.600,26
2,66972.133,26
2,66974.655,26
2,66977.293,26
2,66979.799,26
2,66983.494,26
2,66986.033,26
2,66988.660,26
2,66991.200,26
2,66993.742,26
2,66996.510,26
2,66999.918,26
2,67002.536,26
2,67005.158,26
2,67008.174,26
2,67010.726,26
2,67013.012,26
2,67016.082,26
2,67018.700,26
2,67021.277,26
2,67023.911,26
2,67026.436,26
2,67029.102,26
2,67032.810,26
2,67035.486,26
2,67038.415,26
2,67041.022,26
2,67043.568,26
2,67046.116,26
2,67048.822,26
2,67052.142,26
2,67054.755,26
2,67057.375,26
2,67059.760,26
2,67062.796,26
2,67066.553,26
2,67069.297,26
2,67071.747,26
2,67074.264,26
2,67076.791,26
2,67079.510,26
2,67082.345,26
2,67085.340,26
2,67087.955,26
2,67090.507,26
2,67093.157,26
2,67095.746,26
2,67099.675,26
2,67103.132,26
2,67105.705,26
2,67108.270,26
2,67110.809,26
2,67113.337,26
2,67117.318,26
2,67119.963,26
2,67122.376,26
2,67124.946,26
2,67127.458,26
2,67129.941,26
2,67132.494,26
2,67135.780,26
2,67138.407,26
2,67141.015,26
2,67143.554,26
2,67146.118,26
2,67150.056,26
2,67152.622,26
2,67155.136,26
2,67157.668,26
2,67160.106,26
2,67162.633,26
2,67166.205,26
2,67169.047,26
2,67171.589,26
2,67174.073,26
2,67176.550,26
2,67178.926,26
2,67181.667,26
2,67184.593,26
2,67187.276,26
2,67189.904,26
2,67192.480,26
2,67194.810,26
2,67198.028,26
2,67200.907,26
2,67203.625,26
2,67206.167,26
2,67208.826,26
2,67211.546,26
2,67214.250,26
2,67217.254,26
2,67219.772,26
2,67222.235,26
2,67225.215,26
2,67227.804,26
2,67230.434,26
2,67233.161,26
2,67236.226,26
2,67238.790,26
2,67241.511,26
2,67243.966,26
2,67246.513,26
2,67249.814,26
2,67252.368,26
2,67254.931,26
2,67257.477,26
2,67259.764,26
2,67262.223,26
2,67266.034,26
2,67268.538,26
2,67270.972,26
2,67273.882,26
2,67276.382,26
2,67279.270,26
2,67282.883,26
2,67285.491,26
2,67288.036,26
2,67290.497,26
2,67293.000,26
2,67295.562,26
2,67299.627,26
2,67302.497,26
2,67304.992,26
2,67307.558,26
2,67310.060,26
2,67312.662,26
2,67317.063,26
2,67319.649,26
2,67322.623,26
2,67325.273,26
2,67327.785,26
2,67330.253,26
2,67334.350,26
2,67337.011,26
2,67339.623,26
2,67342.097,26
2,67344.482,26
2,67346.988,26
2,67350.197,26
2,67352.729,26
2,67355.365,26
2,67358.006,26
2,67360.740,26
2,67363.276,26
2,67365.991,26
2,67369.099,26
2,67371.680,26
2,67374.546,26
2,67377.416,26
2,67379.972,26
2,67383.856,26
2,67386.474,26
2,67389.056,26
2,67391.656,26
2,67394.097,26
2,67396.655,26
2,67400.422,26
2,67403.608,26
2,67406.167,26
2,67408.722,26
2,67411.527,26
2,67414.211,26
2,67417.187,26
2,67419.766,26
2,67422.299,26
2,67424.900,26
2,67427.437,26
2,67429.927,26
2,67433.007,26
2,67435.574,26
2,67438.336,26
2,67440.883,26
2,67443.484,26
2,67445.969,26
2,67448.767,26
2,67451.474,26
2,67454.579,26
2,67457.217,26
2,67459.796,26
2,67462.199,26
2,67465.979,26
2,67468.625,26
2,67471.153,26
2,67473.667,26
2,67476.496,26
2,67478.904,26
2,67482.950,26
2,67485.624,26
2,67488.313,26
2,67490.922,26
2,67493.455,26
2,67496.066,26
2,67499.725,26
2,67502.337,26
2,67504.851,26
2,67507.268,26
2,67510.752,26
2,67513.375,26
2,67516.505,26
2,67519.330,26
2,67521.871,26
2,67524.428,26
2,67526.929,26
2,67529.328,26
2,67532.067,26
2,67534.900,26
2,67537.571,26
2,67540.220,26
2,67542.793,26
2,67545.299,26
2,67548.059,26
2,67551.180,26
2,67553.919,26
2,67556.573,26
2,67559.294,26
2,67562.090,26
2,67565.965,26
2,67568.651,26
2,67571.246,26
2,67573.855,26
2,67576.385,26
2,67578.839,26
2,67581.946,26
2,67584.651,26
2,67587.191,26
2,67589.827,26
2,67592.358,26
2,67594.942,26
2,67597.795,26
2,67601.086,26
2,67603.731,26
2,67606.392,26
2,67608.964,26
2,67611.516,26
2,67614.126,26
2,67617.683,26
2,67620.406,26
2,67623.149,26
2,67625.748,26
2,67628.593,26
2,67631.137,26
2,67634.207,26
2,67636.795,26
2,67639.319,26
2,67641.924,26
2,67644.455,26
2,67647.020,26
2,67649.781,26
2,67652.528,26
2,67655.046,26
2,67657.962,26
2,67660.596,26
2,67662.915,26
2,67665.206,26
2,67667.793,26
2,67670.458,26
2,67673.056,26
2,67675.688,26
2,67678.399,26
2,67681.634,26
2,67684.133,26
2,67686.910,26
2,67689.554,26
2,67692.243,26
2,67694.816,26
2,67698.770,26
2,67701.518,26
2,67705.236,26
2,67707.667,26
2,67711.433,26
2,67713.979,26
2,67716.622,26
2,67719.164,26
2,67721.741,26
2,67724.911,26
2,67727.498,26
2,67729.793,26
2,67732.730,26
2,67735.453,26
2,67737.926,26
2,67741.171,26
2,67744.168,26
2,67746.807,26
2,67749.398,26
2,67751.868,26
2,67754.468,26
2,67757.805,26
2,67760.739,26
2,67763.228,26
2,67765.675,26
2,67768.210,26
2,67770.770,26
2,67773.473,26
2,67776.223,26
2,67779.185,26
2,67782.125,26
2,67784.745,26
2,67787.232,26
2,67789.894,26
2,67792.685,26
2,67796.182,26
2,67798.965,26
2,67801.583,26
2,67804.135,26
2,67806.931,26
2,67809.457,26
2,67811.957,26
2,67814.770,26
2,67817.547,26
2,67820.076,26
2,67822.635,26
2,67825.623,26
2,67828.323,26
2,67831.304,26
2,67834.091,26
2,67836.633,26
2,67839.567,26
2,67842.452,26
2,67846.031,26
2,67848.511,26
2,67851.074,26
2,67853.455,26
2,67855.998,26
2,67859.209,26
2,67861.673,26
2,67864.150,26
2,67866.711,26
2,67869.392,26
2,67872.676,26
2,67876.030,26
2,67878.539,26
2,67881.122,26
2,67883.684,26
2,67886.231,26
2,67889.185,26
2,67892.538,26
2,67895.459,26
2,67898.135,26
2,67900.846,26
2,67903.439,26
2,67905.991,26
2,67909.453,26
2,67912.526,26
2,67916.561,26
2,67919.379,26
2,67922.169,26
2,67925.183,26
2,67927.935,26
2,67930.387,26
2,67932.808,26
2,67935.453,26
2,67938.281,26
2,67941.050,26
2,67943.781,26
2,67946.483,26
2,67949.282,26
2,67951.699,26
2,67954.164,26
2,67956.700,26
2,67959.895,26
2,67963.223,26
2,67965.739,26
2,67968.360,26
2,67970.967,26
2,67973.531,26
2,67976.998,26
2,67979.801,26
2,67982.333,26
2,67984.780,26
2,67987.429,26
2,67990.144,26
2,67993.651,26
2,67996.352,26
2,67999.188,26
2,68001.828,26
2,68004.397,26
2,68007.757,26
2,68011.569,26
2,68014.100,26
2,68016.741,26
2,68019.342,26
2,68021.878,26
2,68025.800,26
2,68028.222,26
2,68030.800,26
2,68033.405,26
2,68036.051,26
2,68038.760,26
2,68041.509,26
2,68044.571,26
2,68047.018,26
2,68049.667,26
2,68052.369,26
2,68054.924,26
2,68058.879,26
2,68061.646,26
2,68064.232,26
2,68066.796,26
2,68069.334,26
2,68071.875,26
2,68075.705,26
2,68078.397,26
2,68080.955,26
2,68083.693,26
2,68086.213,26
2,68088.810,26
2,68092.031,26
2,68094.568,26
2,68097.139,26
2,68099.957,26
2,68102.525,26
2,68105.043,26
2,68108.524,26
2,68111.201,26
2,68113.767,26
2,68116.560,26
2,68119.086,26
2,68122.135,26
2,68125.166,26
2,68127.853,26
2,68130.359,26
2,68133.059,26
2,68135.653,26
2,68138.314,26
2,68141.970,26
2,68144.685,26
2,68147.276,26
2,68149.932,26
2,68152.492,26
2,68154.956,26
2,68158.730,26
2,68161.795,26
2,68164.301,26
2,68167.387,26
2,68169.891,26
2,68172.648,26
2,68175.755,26
2,68178.370,26
2,68180.992,26
2,68183.412,26
2,68185.948,26
2,68188.513,26
2,68192.556,26
2,68195.440,26
2,68198.384,26
2,68201.120,26
2,68203.954,26
2,68207.659,26
2,68210.283,26
2,68212.904,26
2,68215.720,26
2,68218.334,26
2,68221.032,26
2,68223.851,26
2,68226.636,26
2,68229.129,26
2,68231.739,26
2,68234.164,26
2,68236.792,26
2,68240.567,26
2,68243.209,26
2,68245.893,26
2,68248.574,26
2,68251.130,26
2,68253.747,26
2,68257.220,26
2,68259.999,26
2,68262.578,26
2,68265.170,26
2,68267.815,26
2,68270.413,26
2,68273.523,26
2,68276.171,26
2,68279.157,26
2,68282.193,26
2,68284.759,26
2,68287.245,26
2,68290.203,26
2,68293.105,26
2,68295.844,26
2,68298.493,26
2,68301.587,26
2,68304.214,26
2,68307.169,26
2,68310.705,26
2,68313.355,26
2,68316.060,26
2,68318.742,26
2,68321.422,26
2,68324.962,26
2,68327.440,26
2,68329.945,26
2,68332.641,26
2,68335.240,26
2,68337.870,26
2,68340.882,26
2,68343.863,26
2,68346.418,26
2,68349.267,26
2,68352.417,26
2,68355.003,26
2,68358.393,26
2,68361.060,26
2,68363.544,26
2,68365.944,26
2,68368.661,26
2,68371.242,26
2,68374.696,26
2,68377.398,26
2,68379.985,26
2,68382.609,26
2,68385.284,26
2,68387.873,26
2,68390.668,26
2,68394.091,26
2,68396.651,26
2,68399.249,26
2,68401.861,26
2,68404.431,26
2,68408.250,26
2,68410.912,26
2,68413.402,26
2,68416.313,26
2,68419.145,26
2,68421.709,26
2,68425.297,26
2,68428.015,26
2,68430.576,26
2,68433.105,26
2,68435.683,26
2,68438.288,26
2,68440.932,26
2,68445.245,26
2,68447.649,26
2,68450.241,26
2,68452.614,26
2,68455.054,26
2,68459.057,26
2,68461.676,26
2,68464.237,26
2,68466.773,26
2,68469.358,26
2,68471.874,26
2,68475.031,26
2,68477.692,26
2,68480.259,26
2,68482.706,26
2,68485.465,26
2,68487.872,26
2,68491.954,26
2,68494.859,26
2,68497.333,26
2,68500.207,26
2,68502.745,26
2,68505.550,26
2,68508.251,26
2,68511.362,26
2,68515.383,26
2,68517.919,26
2,68520.916,26
2,68524.715,26
2,68527.174,26
2,68529.699,26
2,68532.550,26
2,68535.215,26
2,68537.839,26
2,68541.663,26
2,68544.349,26
2,68546.808,26
2,68549.548,26
2,68552.174,26
2,68555.667,26
2,68559.013,26
2,68561.794,26
2,68564.148,26
2,68566.683,26
2,68569.289,26
2,68571.880,26
2,68575.126,26
2,68577.770,26
2,68580.189,26
2,68582.742,26
2,68585.352,26
2,68587.784,26
2,68590.495,26
2,68593.743,26
2,68596.235,26
2,68598.706,26
2,68601.294,26
2,68603.945,26
2,68607.130,26
2,68609.716,26
2,68613.115,26
2,68615.862,26
2,68618.493,26
2,68621.127,26
2,68624.723,26
2,68627.190,26
2,68629.771,26
2,68632.346,26
2,68634.863,26
2,68637.464,26
2,68640.627,26
2,68643.195,26
2,68645.794,26
2,68648.309,26
2,68650.910,26
2,68653.578,26
2,68657.336,26
2,68659.918,26
2,68662.522,26
2,68665.062,26
2,68667.602,26
2,68670.161,26
2,68673.940,26
2,68676.685,26
2,68679.277,26
2,68681.849,26
2,68685.036,26
2,68687.715,26
2,68691.656,26
2,68694.456,26
2,68697.308,26
2,68699.894,26
2,68702.512,26
2,68705.189,26
2,68708.251,26
2,68710.783,26
2,68714.722,26
2,68717.173,26
2,68719.730,26
2,68722.391,26
2,68725.863,26
2,68728.556,26
2,68731.103,26
2,68733.650,26
2,68736.232,26
2,68738.864,26
2,68741.938,26
2,68745.167,26
2,68747.597,26
2,68750.245,26
2,68752.847,26
2,68755.971,26
2,68758.971,26
2,68761.851,26
2,68764.444,26
2,68767.414,26
2,68769.962,26
2,68772.687,26
2,68775.703,26
2,68778.414,26
2,68780.896,26
2,68783.502,26
2,68786.064,26
2,68788.506,26
2,68792.226,26
2,68795.479,26
2,68798.149,26
2,68800.749,26
2,68803.214,26
2,68806.644,26
2,68809.304,26
2,68811.852,26
2,68814.507,26
2,68817.140,26
2,68819.757,26
2,68822.417,26
2,68825.990,26
2,68828.472,26
2,68830.982,26
2,68833.518,26
2,68836.110,26
2,68838.853,26
2,68841.945,26
2,68844.587,26
2,68847.138,26
2,68849.773,26
2,68852.525,26
2,68855.462,26
2,68858.548,26
2,68861.153,26
2,68864.179,26
2,68867.254,26
2,68869.887,26
2,68872.748,26
2,68876.094,26
2,68878.635,26
2,68881.348,26
2,68884.056,26
2,68886.826,26
2,68889.543,26
2,68892.819,26
2,68895.281,26
2,68898.308,26
2,68901.241,26
2,68903.907,26
2,68906.739,26
2,68909.944,26
2,68912.473,26
2,68915.849,26
2,68918.378,26
2,68921.273,26
2,68924.570,26
2,68927.124,26
2,68929.472,26
2,68932.037,26
2,68934.684,26
2,68937.329,26
2,68940.966,26
2,68943.586,26
2,68946.467,26
2,68949.173,26
2,68951.489,26
2,68954.182,26
2,68958.184,26
2,68960.834,26
2,68963.405,26
2,68965.989,26
2,68968.647,26
2,68971.306,26
2,68974.742,26
2,68977.515,26
2,68980.055,26
2,68982.754,26
2,68985.388,26
2,68988.029,26
2,68991.310,26
2,68994.203,26
2,68996.748,26
2,68999.280,26
2,69001.900,26
2,69004.478,26
2,69007.870,26
2,69010.684,26
2,69013.167,26
2,69016.080,26
2,69018.455,26
2,69021.048,26
2,69024.557,26
2,69027.194,26
2,69029.966,26
2,69032.450,26
2,69035.043,26
2,69037.633,26
2,69041.171,26
2,69043.811,26
2,69046.391,26
2,69048.790,26
2,69051.435,26
2,69053.994,26
2,69057.718,26
2,69060.320,26
2,69063.215,26
2,69065.687,26
2,69068.274,26
2,69070.896,26
2,69073.950,26
2,69076.563,26
2,69078.964,26
2,69081.746,26
2,69084.329,26
2,69087.105,26
2,69090.817,26
2,69093.408,26
2,69096.023,26
2,69098.703,26
2,69101.167,26
2,69103.768,26
2,69107.992,26
2,69110.695,26
2,69113.205,26
2,69115.742,26
2,69118.160,26
2,69120.799,26
2,69124.012,26
2,69126.669,26
2,69129.279,26
2,69131.928,26
2,69134.474,26
2,69136.958,26
2,69139.617,26
2,69142.765,26
2,69145.614,26
2,69148.134,26
2,69150.707,26
2,69153.682,26
2,69157.510,26
2,69159.927,26
2,69162.466,26
2,69165.451,26
2,69167.792,26
2,69170.405,26
2,69174.241,26
2,69176.935,26
2,69179.560,26
2,69182.133,26
2,69185.113,26
2,69187.773,26
2,69191.010,26
2,69194.046,26
2,69196.530,26
2,69199.201,26
2,69201.793,26
2,69204.276,26
2,69207.125,26
2,69210.162,26
2,69212.875,26
2,69215.273,26
2,69218.504,26
2,69221.485,26
2,69223.958,26
2,69227.541,26
2,69230.087,26
2,69232.622,26
2,69235.465,26
2,69238.151,26
2,69240.782,26
2,69243.330,26
2,69245.947,26
2,69248.589,26
2,69251.128,26
2,69253.631,26
2,69256.663,26
2,69260.866,26
2,69263.683,26
2,69266.201,26
2,69268.721,26
2,69271.727,26
2,69274.682,26
2,69277.564,26
2,69280.017,27
2,69282.772,27
2,69285.487,27
2,69288.571,27
2,69291.457,27
2,69293.900,27
2,69296.591,27
2,69300.286,27
2,69302.920,27
2,69305.486,27
2,69308.134,27
2,69311.145,27
2,69313.600,27
2,69317.722,27
2,69320.436,27
2,69323.555,27
2,69326.344,27
2,69328.865,27
2,69332.841,27
2,69335.456,27
2,69337.908,27
2,69340.439,27
2,69342.922,27
2,69345.431,27
2,69349.598,27
2,69352.271,27
2,69354.968,27
2,69357.529,27
2,69360.092,27
2,69362.991,27
2,69366.030,27
2,69368.653,27
2,69371.254,27
2,69373.775,27
2,69376.362,27
2,69379.097,27
2,69382.952,27
2,69386.046,27
2,69388.630,27
2,69391.174,27
2,69394.101,27
2,69396.929,27
2,69400.400,27
2,69403.027,27
2,69405.581,27
2,69408.224,27
2,69411.172,27
2,69413.713,27
2,69416.947,27
2,69419.604,27
2,69422.125,27
2,69424.703,27
2,69427.470,27
2,69429.822,27
2,69433.161,27
2,69436.216,27
2,69439.290,27
2,69441.639,27
2,69444.239,27
2,69446.943,27
2,69450.585,27
2,69453.133,27
2,69456.086,27
2,69458.684,27
2,69461.303,27
2,69463.930,27
2,69466.925,27
2,69469.493,27
2,69472.054,27
2,69474.621,27
2,69477.148,27
2,69479.728,27
2,69483.694,27
2,69486.334,27
2,69489.072,27
2,69491.687,27
2,69494.320,27
2,69496.765,27
2,69500.734,27
2,69503.347,27
2,69505.903,27
2,69508.536,27
2,69510.967,27
2,69513.669,27
2,69516.759,27
2,69520.258,27
2,69522.918,27
2,69526.436,27
2,69529.462,27
2,69532.345,27
2,69535.133,27
2,69537.710,27
2,69540.775,27
2,69543.433,27
2,69546.006,27
2,69549.870,27
2,69553.827,27
2,69556.653,27
2,69560.459,27
2,69563.172,27
2,69566.467,27
2,69569.005,27
2,69571.679,27
2,69574.232,27
2,69576.743,27
2,69579.362,27
2,69582.739,27
2,69585.374,27
2,69587.745,27
2,69590.410,27
2,69592.935,27
2,69595.302,27
2,69599.045,27
2,69601.641,27
2,69604.251,27
2,69606.905,27
2,69609.283,27
2,69611.787,27
2,69614.522,27
2,69617.491,27
2,69620.098,27
2,69622.699,27
2,69625.388,27
2,69627.979,27
2,69630.560,27
2,69633.689,27
2,69636.280,27
2,69638.874,27
2,69641.487,27
2,69644.031,27
2,69646.586,27
2,69650.113,27
2,69652.955,27
2,69655.473,27
2,69658.107,27
2,69661.189,27
2,69663.768,27
2,69667.822,27
2,69670.405,27
2,69673.588,27
2,69676.336,27
2,69678.672,27
2,69682.951,27
2,69685.600,27
2,69688.239,27
2,69690.999,27
2,69693.568,27
2,69696.289,27
2,69700.389,27
2,69703.007,27
2,69705.541,27
2,69708.097,27
2,69710.672,27
2,69713.259,27
2,69717.339,27
2,69720.121,27
2,69722.734,27
2,69725.414,27
2,69728.075,27
2,69731.533,27
2,69734.435,27
2,69737.091,27
2,69739.687,27
2,69742.309,27
2,69745.051,27
2,69747.816,27
2,69750.851,27
2,69753.551,27
2,69756.112,27
2,69758.623,27
2,69761.312,27
2,69764.549,27
2,69767.221,27
2,69769.930,27
2,69772.679,27
2,69775.351,27
2,69778.412,27
2,69781.738,27
2,69784.465,27
2,69787.599,27
2,69790.240,27
2,69792.855,27
2,69795.384,27
2,69798.440,27
2,69801.243,27
2,69804.399,27
2,69806.986,27
2,69809.632,27
2,69812.100,27
2,69814.848,27
2,69817.964,27
2,69821.369,27
2,69823.925,27
2,69826.635,27
2,69829.411,27
2,69832.734,27
2,69835.438,27
2,69838.085,27
2,69840.687,27
2,69843.229,27
2,69845.729,27
2,69848.461,27
2,69851.416,27
2,69854.152,27
2,69856.749,27
2,69859.293,27
2,69861.789,27
2,69864.537,27
2,69867.458,27
2,69870.010,27
2,69872.640,27
2,69875.323,27
2,69878.050,27
2,69880.603,27
2,69883.810,27
2,69886.455,27
2,69889.352,27
2,69891.973,27
2,69894.780,27
2,69897.426,27
2,69900.619,27
2,69903.236,27
2,69905.781,27
2,69908.316,27
2,69911.045,27
2,69913.572,27
2,69916.203,27
2,69919.285,27
2,69922.144,27
2,69924.757,27
2,69927.376,27
2,69929.865,27
2,69932.361,27
2,69935.747,27
2,69938.354,27
2,69940.945,27
2,69943.315,27
2,69945.912,27
2,69948.690,27
2,69951.704,27
2,69954.374,27
2,69956.938,27
2,69959.418,27
2,69961.921,27
2,69964.572,27
2,69968.195,27
2,69970.818,27
2,69973.364,27
2,69975.937,27
2,69978.687,27
2,69983.054,27
2,69985.711,27
2,69988.247,27
2,69991.193,27
2,69993.725,27
2,69996.317,27
2,69999.161,27
2,70002.103,27
2,70004.692,27
2,70007.303,27
2,70009.920,27
2,70012.363,27
2,70016.776,27
2,70019.413,27
2,70021.983,27
2,70024.585,27
2,70027.211,27
2,70030.262,27
2,70033.529,27
2,70036.223,27
2,70039.131,27
2,70041.864,27
2,70044.473,27
2,70047.345,27
2,70050.810,27
2,70053.465,27
2,70056.060,27
2,70058.833,27
2,70061.407,27
2,70064.102,27
2,70067.222,27
2,70069.809,27
2,70072.157,27
2,70074.657,27
2,70077.215,27
2,70079.801,27
2,70083.788,27
2,70086.379,27
2,70088.830,27
2,70091.392,27
2,70093.964,27
2,70096.513,27
2,70100.700,27
2,70103.360,27
2,70106.606,27
2,70109.293,27
2,70111.814,27
2,70114.566,27
2,70117.643,27
2,70120.247,27
2,70123.619,27
2,70126.365,27
2,70128.923,27
2,70132.774,27
2,70135.425,27
2,70137.976,27
2,70140.740,27
2,70143.252,27
2,70145.564,27
2,70148.365,27
2,70151.485,27
2,70153.954,27
2,70156.544,27
2,70159.048,27
2,70161.696,27
2,70165.032,27
2,70167.658,27
2,70170.375,27
2,70172.971,27
2,70175.739,27
2,70178.262,27
2,70182.628,27
2,70185.921,27
2,70189.014,27
2,70191.579,27
2,70193.932,27
2,70196.428,27
2,70198.959,27
2,70201.802,27
2,70204.893,27
2,70207.507,27
2,70209.942,27
2,70212.493,27
2,70215.292,27
2,70218.323,27
2,70221.429,27
2,70223.938,27
2,70226.450,27
2,70228.874,27
2,70232.562,27
2,70235.194,27
2,70237.790,27
2,70240.377,27
2,70242.903,27
2,70245.398,27
2,70249.458,27
2,70252.033,27
2,70254.596,27
2,70257.107,27
2,70259.622,27
2,70262.185,27
2,70265.773,27
2,70268.329,27
2,70270.850,27
2,70273.420,27
2,70276.122,27
2,70278.589,27
2,70281.801,27
2,70284.277,27
2,70286.901,27
2,70289.780,27
2,70292.973,27
2,70295.492,27
2,70298.268,27
2,70301.222,27
2,70303.856,27
2,70306.476,27
2,70308.995,27
2,70311.843,27
2,70314.566,27
2,70317.709,27
2,70320.553,27
2,70323.204,27
2,70325.860,27
2,70328.446,27
2,70331.161,27
2,70333.956,27
2,70336.529,27
2,70339.167,27
2,70341.606,27
2,70344.258,27
2,70346.725,27
2,70349.589,27
2,70352.491,27
2,70355.109,27
2,70357.697,27
2,70360.274,27
2,70362.922,27
2,70365.697,27
2,70369.316,27
2,70371.983,27
2,70374.544,27
2,70377.347,27
2,70380.314,27
2,70384.685,27
2,70387.609,27
2,70390.343,27
2,70392.827,27
2,70395.265,27
2,70398.010,27
2,70401.505,27
2,70404.079,27
2,70407.134,27
2,70409.720,27
2,70412.219,27
2,70414.976,27
2,70418.053,27
2,70420.707,27
2,70423.277,27
2,70426.650,27
2,70429.175,27
2,70433.066,27
2,70435.705,27
2,70438.735,27
2,70441.418,27
2,70444.009,27
2,70446.501,27
2,70449.253,27
2,70452.190,27
2,70454.700,27
2,70457.649,27
2,70460.155,27
2,70462.653,27
2,70466.634,27
2,70469.230,27
2,70471.728,27
2,70474.292,27
2,70476.777,27
2,70479.292,27
2,70482.098,27
2,70485.215,27
2,70487.903,27
2,70490.469,27
2,70493.231,27
2,70496.010,27
2,70499.002,27
2,70501.798,27
2,70504.479,27
2,70507.239,27
2,70509.766,27
2,70513.418,27
2,70516.264,27
2,70518.903,27
2,70521.537,27
2,70524.130,27
2,70526.471,27
2,70529.445,27
2,70533.175,27
2,70535.936,27
2,70538.610,27
2,70541.258,27
2,70543.768,27
2,70547.765,27
2,70550.921,27
2,70553.583,27
2,70556.197,27
2,70558.852,27
2,70561.422,27
2,70564.052,27
2,70567.222,27
2,70570.238,27
2,70573.585,27
2,70576.154,27
2,70579.148,27
2,70582.989,27
2,70585.617,27
2,70588.245,27
2,70590.846,27
2,70593.333,27
2,70595.869,27
2,70598.712,27
2,70601.655,27
2,70604.255,27
2,70607.221,27
2,70609.730,27
2,70612.294,27
2,70614.991,27
2,70617.958,27
2,70620.773,27
2,70623.376,27
2,70626.458,27
2,70629.090,27
2,70631.544,27
2,70634.867,27
2,70637.613,27
2,70640.176,27
2,70642.737,27
2,70645.424,27
2,70648.741,27
2,70651.406,27
2,70654.014,27
2,70656.572,27
2,70659.123,27
2,70661.540,27
2,70664.461,27
2,70667.454,27
2,70669.995,27
2,70672.597,27
2,70675.265,27
2,70677.710,27
2,70680.216,27
2,70682.779,27
2,70686.245,27
2,70689.222,27
2,70691.931,27
2,70694.710,27
2,70697.344,27
2,70700.608,27
2,70703.324,27
2,70706.164,27
2,70708.789,27
2,70712.939,27
2,70716.949,27
2,70719.427,27
2,70721.989,27
2,70724.543,27
2,70728.559,27
2,70731.471,27
2,70734.138,27
2,70736.769,27
2,70739.430,27
2,70742.109,27
2,70744.723,27
2,70747.271,27
2,70750.112,27
2,70753.060,27
2,70756.021,27
2,70758.595,27
2,70761.240,27
2,70764.313,27
2,70768.350,27
2,70771.588,27
2,70774.492,27
2,70777.184,27
2,70779.794,27
2,70782.644,27
2,70785.944,27
2,70789.230,27
2,70791.868,27
2,70794.442,27
2,70797.447,27
2,70800.563,27
2,70803.473,27
2,70806.276,27
2,70809.667,27
2,70812.166,27
2,70815.141,27
2,70818.732,27
2,70821.429,27
2,70824.591,27
2,70827.287,27
2,70829.877,27
2,70832.875,27
2,70835.719,27
2,70838.665,27
2,70841.758,27
2,70844.438,27
2,70846.865,27
2,70849.592,27
2,70852.602,27
2,70856.098,27
2,70859.168,27
2,70861.929,27
2,70864.569,27
2,70867.476,27
2,70870.301,27
2,70873.143,27
2,70875.825,27
2,70878.418,29
2,70881.351,29
2,70885.513,29
2,70888.126,29
2,70890.770,29
2,70893.353,29
2,70896.307,29
2,70899.064,29
2,70902.174,29
2,70904.948,29
2,70907.627,29
2,70910.147,29
2,70912.746,29
2,70915.501,29
2,70918.553,29
2,70921.292,29
2,70923.760,29
2,70926.314,29
2,70929.251,29
2,70933.118,29
2,70935.806,29
2,70938.375,29
2,70940.842,29
2,70943.542,29
2,70946.023,29
2,70949.950,29
2,70952.638,29
2,70955.199,29
2,70958.209,29
2,70960.758,29
2,70963.287,29
2,70967.126,29
2,70969.717,29
2,70972.311,29
2,70975.179,29
2,70977.837,29
2,70980.318,29
2,70983.791,29
2,70986.459,29
2,70989.388,29
2,70992.044,29
2,70994.570,29
2,70997.013,29
2,71000.507,29
2,71003.644,29
2,71006.550,29
2,71009.117,29
2,71011.678,29
2,71013.938,29
2,71016.969,29
2,71020.458,29
2,71023.310,29
2,71025.970,29
2,71029.336,29
2,71032.423,29
2,71035.140,29
2,71037.722,29
2,71040.385,29
2,71042.930,29
2,71045.332,30
2,71048.996,30
2,71051.444,30
2,71054.400,30
2,71057.049,30
2,71059.563,30
2,71061.999,30
2,71065.571,30
2,71068.699,30
2,71071.279,30
2,71073.827,30
2,71076.652,30
2,71079.448,30
2,71082.373,30
2,71085.116,30
2,71087.714,30
2,71090.279,30
2,71092.617,30
2,71095.281,30
2,71097.770,30
2,71101.236,30
2,71104.046,30
2,71106.660,30
2,71109.376,30
2,71111.838,30
2,71115.641,30
2,71118.276,30
2,71120.902,30
2,71123.643,30
2,71126.193,30
2,71128.785,30
2,71132.981,30
2,71135.592,30
2,71138.215,30
2,71140.838,30
2,71143.347,30
2,71145.950,30
2,71148.685,30
2,71151.648,30
2,71154.193,30
2,71156.753,30
2,71159.350,30
2,71161.890,30
2,71165.145,30
2,71168.425,30
2,71171.080,30
2,71173.871,30
2,71176.676,30
2,71179.544,30
2,71182.364,30
2,71185.797,30
2,71188.493,30
2,71191.212,30
2,71193.711,30
2,71196.286,30
2,71199.423,30
2,71202.152,30
2,71205.093,30
2,71207.734,30
2,71210.212,30
2,71212.817,31
2,71216.450,31
2,71219.088,31
2,71221.729,31
2,71224.590,31
2,71227.201,31
2,71229.789,31
2,71232.408,31
2,71235.783,31
2,71238.453,31
2,71241.201,31
2,71244.009,31
2,71246.395,31
2,71249.604,31
2,71252.243,31
2,71254.865,31
2,71257.456,31
2,71260.029,31
2,71262.708,31
2,71266.439,31
2,71269.087,31
2,71271.709,31
2,71274.216,31
2,71276.739,31
2,71279.199,31
2,71281.968,31
2,71285.483,31
2,71288.057,31
2,71290.554,31
2,71293.103,31
2,71295.683,31
2,71298.342,31
2,71301.459,31
2,71304.244,31
2,71307.459,31
2,71310.485,31
2,71313.072,31
2,71316.818,31
2,71319.566,31
2,71322.072,31
2,71325.196,31
2,71327.684,31
2,71331.014,31
2,71334.470,31
2,71337.152,31
2,71339.802,31
2,71342.552,31
2,71345.029,31
2,71347.688,31
2,71350.341,31
2,71353.312,31
2,71356.091,31
2,71358.661,31
2,71361.325,31
2,71363.965,31
2,71367.060,31
2,71369.794,31
2,71372.489,31
2,71374.954,31
2,71377.866,31
2,71380.383,32
2,71384.781,32
2,71387.410,32
2,71389.963,32
2,71392.931,32
2,71395.431,32
2,71398.180,32
2,71401.286,32
2,71403.929,32
2,71406.998,32
2,71409.539,32
2,71411.970,32
2,71414.586,32
2,71417.847,32
2,71420.541,32
2,71423.682,32
2,71426.565,32
2,71429.060,32
2,71432.940,32
2,71435.666,32
2,71438.348,32
2,71440.947,32
2,71443.508,32
2,71446.028,32
2,71448.920,32
2,71452.012,32
2,71454.553,32
2,71457.195,32
2,71459.795,32
2,71462.380,32
2,71465.095,32
2,71468.087,32
2,71470.789,32
2,71473.335,32
2,71476.050,32
2,71478.672,32
2,71481.385,32
2,71484.692,32
2,71487.548,32
2,71490.422,32
2,71493.034,32
2,71495.485,32
2,71498.208,32
2,71502.812,32
2,71507.072,32
2,71509.750,32
2,71512.438,32
2,71516.042,32
2,71518.669,32
2,71521.229,32
2,71523.809,32
2,71526.312,32
2,71528.847,32
2,71532.647,32
2,71535.229,32
2,71537.901,32
2,71540.575,32
2,71543.164,32
2,71545.694,33
2,71550.239,33
2,71552.875,33
2,71555.866,33
2,71558.515,33
2,71561.120,33
2,71563.550,33
2,71566.201,33
2,71569.465,33
2,71571.975,33
2,71574.606,33
2,71577.423,33
2,71579.948,33
2,71583.519,33
2,71586.082,33
2,71588.587,33
2,71591.070,33
2,71593.560,33
2,71596.088,33
2,71600.314,33
2,71603.099,33
2,71606.164,33
2,71608.738,33
2,71611.271,33
2,71614.049,33
2,71617.070,33
2,71619.672,33
2,71622.359,33
2,71624.965,33
2,71627.594,33
2,71630.118,33
2,71634.229,33
2,71636.858,33
2,71639.441,33
2,71642.130,33
2,71644.683,33
2,71647.258,33
2,71650.294,33
2,71652.984,33
2,71655.459,33
2,71658.095,33
2,71660.895,33
2,71663.783,33
2,71667.253,33
2,71669.934,33
2,71672.737,33
2,71675.321,33
2,71677.931,33
2,71680.324,33
2,71683.046,33
2,71686.056,33
2,71688.767,33
2,71691.424,33
2,71694.236,33
2,71696.709,33
2,71699.413,33
2,71703.143,33
2,71706.353,33
2,71710.040,33
2,71713.655,34
2,71716.365,34
2,71719.169,34
2,71721.678,34
2,71724.201,34
2,71726.690,34
2,71729.224,34
2,71732.080,34
2,71735.075,34
2,71737.751,34
2,71740.322,34
2,71743.377,34
2,71746.005,35
2,71748.938,35
2,71751.507,35
2,71754.121,35
2,71756.957,35
2,71759.493,35
2,71762.018,35
2,71766.330,35
2,71769.327,35
2,71772.248,35
2,71775.178,35
2,71778.272,35
2,71780.889,36
2,71784.062,36
2,71788.858,36
2,71791.778,36
2,71794.487,36
2,71797.134,36
2,71799.803,36
2,71802.971,36
2,71805.866,36
2,71808.684,36
2,71811.365,36
2,71813.872,37
2,71816.546,37
2,71819.155,37
2,71822.038,37
2,71824.443,37
2,71828.458,37
2,71831.123,37
2,71833.683,37
2,71836.350,37
2,71839.182,37
2,71841.932,37
2,71845.104,37
2,71847.988,37
2,71850.593,37
2,71853.352,37
2,71855.798,37
2,71858.438,37
2,71861.494,37
2,71864.088,38
2,71866.621,38
2,71869.085,38
2,71871.673,38
2,71875.269,38
2,71878.001,38
2,71880.476,39
2,71883.303,39
2,71885.898,39
2,71889.264,39
2,71892.024,39
2,71894.694,39
2,71897.443,40
2,71900.346,40
2,71903.169,40
2,71905.553,40
2,71908.182,40
2,71911.605,40
2,71914.640,40
2,71917.103,40
2,71919.862,40
2,71923.424,40
2,71926.080,40
2,71928.598,41
2,71931.201,41
2,71935.156,41
2,71937.746,41
2,71940.407,41
2,71943.996,41
2,71946.667,41
2,71949.473,41
2,71952.028,41
2,71954.952,41
2,71958.062,41
2,71960.761,41
2,71963.371,42
2,71965.920,42
2,71968.336,42
2,71971.031,42
2,71973.632,42
2,71976.974,42
2,71979.509,42
2,71982.080,42
2,71984.567,42
2,71987.201,42
2,71989.948,42
2,71992.938,42
2,71995.414,43
2,71998.457,43
2,72001.252,43
2,72003.831,43
2,72006.450,43
2,72009.263,43
2,72011.926,43
2,72014.924,43
2,72017.650,43
2,72020.194,43
2,72022.782,43
2,72025.485,43
2,72028.478,44
2,72031.628,44
2,72034.334,44
2,72036.917,44
2,72039.671,44
2,72042.219,44
2,72044.874,44
2,72047.825,44
2,72050.773,44
2,72053.401,44
2,72056.450,44
2,72059.447,44
2,72062.865,44
2,72065.432,45
2,72068.030,45
2,72070.626,45
2,72073.463,45
2,72076.038,45
2,72078.586,45
2,72081.892,45
2,72084.538,45
2,72087.150,45
2,72089.929,45
2,72093.454,45
2,72096.477,46
2,72099.220,46
2,72101.791,46
2,72104.513,46
2,72106.984,46
2,72109.623,46
2,72112.044,46
2,72114.707,46
2,72118.142,46
2,72120.699,46
2,72123.637,46
2,72126.211,46
2,72128.749,47
2,72131.349,47
2,72134.582,47
2,72137.134,47
2,72139.998,47
2,72142.629,47
2,72145.404,47
2,72148.024,47
2,72150.598,47
2,72154.358,47
2,72157.077,47
2,72160.206,47
2,72162.601,48
2,72165.626,48
2,72168.982,48
2,72171.651,48
2,72174.195,48
2,72176.728,48
2,72179.421,48
2,72182.293,48
2,72185.136,48
2,72188.427,48
2,72191.107,48
2,72193.986,48
2,72196.690,49
2,72200.417,49
2,72203.059,49
2,72205.727,49
2,72208.520,49
2,72211.162,49
2,72213.673,49
2,72217.697,49
2,72220.357,49
2,72223.025,49
2,72225.760,49
2,72228.551,50
2,72231.992,50
2,72234.665,50
2,72238.797,50
2,72241.470,50
2,72244.161,50
2,72246.694,50
2,72250.522,50
2,72253.461,50
2,72256.528,50
2,72259.575,50
2,72262.985,50
2,72265.618,51
2,72268.244,51
2,72270.948,51
2,72274.250,51
2,72276.948,51
2,72279.940,51
2,72282.796,51
2,72285.345,51
2,72287.970,51
2,72291.340,51
2,72293.988,51
2,72296.466,51
2,72298.987,51
2,72301.657,51
2,72304.496,51
2,72307.824,51
2,72310.609,51
2,72313.650,51
2,72316.134,51
2,72318.690,51
2,72321.385,51
2,72325.023,51
2,72327.662,51
2,72330.232,51
2,72332.818,51
2,72335.477,51
2,72338.053,51
2,72341.405,51
2,72344.260,51
2,72346.805,51
2,72349.447,51
2,72352.654,51
2,72355.391,51
2,72359.004,51
2,72361.625,51
2,72364.514,51
2,72367.214,51
2,72369.713,51
2,72372.227,51
2,72375.768,51
2,72378.323,51
2,72380.883,51
2,72383.461,51
2,72386.085,51
2,72388.624,51
2,72391.398,51
2,72394.195,51
2,72397.232,51
2,72399.688,51
2,72402.296,51
2,72405.453,51
2,72408.174,51
2,72410.976,51
2,72413.609,51
2,72416.192,51
2,72418.860,51
2,72421.530,51
2,72424.242,51
2,72427.078,51
2,72429.463,51
2,72431.946,51
2,72434.359,51
2,72437.091,51
2,72439.916,51
2,72442.759,51
2,72445.585,51
2,72448.452,51
2,72451.201,51
2,72453.859,51
2,72456.498,51
2,72459.129,51
2,72462.270,51
2,72465.021,51
2,72467.425,51
2,72470.090,51
2,72472.659,51
2,72475.716,51
2,72478.317,51
2,72481.054,51
2,72483.828,51
2,72486.334,51
2,72489.585,51
2,72492.356,51
2,72495.215,51
2,72498.985,51
2,72502.079,51
2,72504.656,51
2,72507.270,51
2,72510.956,51
2,72513.572,51
2,72516.106,51
2,72518.767,51
2,72521.247,51
2,72523.906,51
2,72527.311,51
2,72530.288,51
2,72532.969,51
2,72535.743,51
2,72539.258,51
2,72542.851,51
2,72545.340,51
2,72548.027,51
2,72550.673,51
2,72553.243,51
2,72556.221,51
2,72559.462,51
2,72562.065,51
2,72564.681,51
2,72567.193,51
2,72569.806,51
2,72572.796,51
2,72575.799,51
2,72579.098,51
2,72581.606,51
2,72584.085,51
2,72586.444,51
2,72589.414,51
2,72592.758,51
2,72595.293,51
2,72597.725,51
2,72600.848,51
2,72603.255,51
2,72605.788,51
2,72609.410,51
2,72611.914,51
2,72614.678,51
2,72617.258,51
2,72619.952,51
2,72623.197,51
2,72626.477,51
2,72628.999,51
2,72631.602,51
2,72634.363,51
2,72636.791,51
2,72640.031,51
2,72643.245,51
2,72646.192,51
2,72648.876,51
2,72651.499,51
2,72654.145,51
2,72657.072,51
2,72660.090,51
2,72662.713,51
2,72665.442,51
2,72667.940,51
2,72670.773,51
2,72674.359,51
2,72676.989,51
2,72679.589,51
2,72682.292,51
2,72684.715,51
2,72687.285,51
2,72690.301,51
2,72693.662,51
2,72696.902,51
2,72699.316,51
2,72702.301,51
2,72704.969,51
2,72707.735,51
2,72710.793,51
2,72713.344,51
2,72715.906,51
2,72718.392,51
2,72721.445,51
2,72724.787,51
2,72727.327,51
2,72729.880,51
2,72732.528,51
2,72735.127,51
2,72737.757,51
2,72741.165,51
2,72743.739,51
2,72746.316,51
2,72748.819,51
2,72751.417,51
2,72754.155,51
2,72757.349,51
2,72759.988,51
2,72762.884,51
2,72765.542,51
2,72767.930,51
2,72770.563,51
2,72774.638,51
2,72777.186,51
2,72779.660,51
2,72782.168,51
2,72784.913,51
2,72787.627,51
2,72791.173,51
2,72793.873,51
2,72796.474,51
2,72798.955,51
2,72801.385,51
2,72804.058,51
2,72806.856,51
2,72810.028,51
2,72812.938,51
2,72815.607,51
2,72818.017,51
2,72820.790,51
2,72824.538,51
2,72827.300,51
2,72829.768,51
2,72832.323,51
2,72834.784,51
2,72837.486,51
2,72841.772,51
2,72844.843,51
2,72847.380,51
2,72849.982,51
2,72852.458,51
2,72855.542,51
2,72858.820,51
2,72861.456,51
2,72863.898,51
2,72866.495,51
2,72869.036,51
2,72871.607,51
2,72874.864,51
2,72877.500,51
2,72880.021,51
2,72882.360,51
2,72884.763,51
2,72887.341,51
2,72890.848,51
2,72893.435,51
2,72895.976,51
2,72898.620,51
2,72901.073,51
2,72903.654,51
2,72906.609,51
2,72909.617,51
2,72912.082,51
2,72914.958,51
2,72918.825,51
2,72921.386,51
2,72924.781,51
2,72927.468,51
2,72930.063,51
2,72932.653,51
2,72935.304,51
2,72937.782,51
2,72941.454,51
2,72944.167,51
2,72946.976,51
2,72949.806,51
2,72952.516,51
2,72956.308,51
2,72959.012,51
2,72961.611,51
2,72964.162,51
2,72966.782,51
2,72969.335,51
2,72973.632,51
2,72976.214,51
2,72978.758,51
2,72981.787,51
2,72984.411,51
2,72987.084,51
2,72990.484,51
2,72992.940,51
2,72995.431,51
2,72998.153,51
2,73000.724,51
2,73003.380,51
2,73007.201,51
2,73009.773,51
2,73012.333,51
2,73014.903,51
2,73017.428,51
2,73020.022,51
2,73023.831,51
2,73026.490,51
2,73029.533,51
2,73032.146,51
2,73034.887,51
2,73037.351,51
2,73041.026,51
2,73043.676,51
2,73046.323,51
2,73048.634,51
2,73051.256,51
2,73053.917,51
2,73057.315,51
2,73059.905,51
2,73062.897,51
2,73065.524,51
2,73068.023,51
2,73071.139,51
2,73074.162,51
2,73076.797,51
2,73079.321,51
2,73081.824,51
2,73084.608,51
2,73087.218,51
2,73089.957,51
2,73093.072,51
2,73095.630,51
2,73098.282,51
2,73100.869,51
2,73103.463,51
2,73106.117,51
2,73109.568,51
2,73112.095,51
2,73115.223,51
2,73117.557,51
2,73119.963,51
2,73122.462,51
2,73124.985,51
2,73127.566,51
2,73130.028,51
2,73132.783,51
2,73135.477,51
2,73138.561,51
2,73142.889,51
2,73145.641,51
2,73148.250,51
2,73151.188,51
2,73154.167,51
2,73158.140,51
2,73160.951,51
2,73163.458,51
2,73165.924,51
2,73168.780,51
2,73172.164,51
2,73174.943,51
2,73177.449,51
2,73179.987,51
2,73182.675,51
2,73186.119,51
2,73188.763,51
2,73191.458,51
2,73194.039,51
2,73196.546,51
2,73199.271,51
2,73202.555,51
2,73205.334,51
2,73207.961,51
2,73210.663,51
2,73213.006,51
2,73215.852,51
2,73219.596,51
2,73222.219,51
2,73225.056,51
2,73227.730,51
2,73230.284,51
2,73232.987,51
2,73236.306,51
2,73239.407,51
2,73242.043,51
2,73244.818,51
2,73247.324,51
2,73250.901,51
2,73253.592,51
2,73256.022,51
2,73258.648,51
2,73261.429,51
2,73264.620,51
2,73268.424,51
2,73271.092,51
2,73273.674,51
2,73276.314,51
2,73278.801,51
2,73281.652,51
2,73285.317,51
2,73287.958,51
2,73290.694,51
2,73293.131,51
2,73295.764,51
2,73299.512,51
2,73302.120,51
2,73304.777,51
2,73307.394,51
2,73309.925,51
2,73312.531,51
2,73316.505,51
2,73319.289,51
2,73321.639,51
2,73324.239,51
2,73326.600,51
2,73329.057,51
2,73333.164,51
2,73335.835,51
2,73338.390,51
2,73340.984,51
2,73343.450,51
2,73345.917,51
2,73349.756,51
2,73352.466,51
2,73355.072,51
2,73357.686,51
2,73360.439,51
2,73363.278,51
2,73366.768,51
2,73369.419,51
2,73372.091,51
2,73374.688,51
2,73377.135,51
2,73379.665,51
2,73383.579,51
2,73386.358,51
2,73389.179,51
2,73391.892,51
2,73394.409,51
2,73396.805,51
2,73399.358,51
2,73402.568,51
2,73405.309,51
2,73407.853,51
2,73410.467,51
2,73413.196,51
2,73415.985,51
2,73418.445,51
2,73421.103,51
2,73424.337,51
2,73427.220,51
2,73429.890,51
2,73432.518,51
2,73436.318,51
2,73439.056,51
2,73441.839,51
2,73445.123,51
2,73447.880,51
2,73451.041,51
2,73453.687,51
2,73456.692,51
2,73459.262,51
2,73462.282,51
2,73464.896,51
2,73468.301,51
2,73471.050,51
2,73473.820,51
2,73476.356,51
2,73479.255,51
2,73483.320,51
2,73485.873,51
2,73488.419,51
2,73490.983,51
2,73493.591,51
2,73495.958,51
2,73499.302,51
2,73502.106,51
2,73504.802,51
2,73507.729,51
2,73510.304,51
2,73513.093,51
2,73516.655,51
2,73519.474,51
2,73522.048,51
2,73524.645,51
2,73527.283,51
2,73529.815,51
2,73532.676,51
2,73535.732,51
2,73538.814,51
2,73541.437,51
2,73543.959,51
2,73546.404,51
2,73549.257,51
2,73552.364,51
2,73555.130,51
2,73557.756,51
2,73560.234,51
2,73562.743,51
2,73565.454,51
2,73568.638,51
2,73571.331,51
2,73573.909,51
2,73576.609,51
2,73579.022,51
2,73581.735,51
2,73585.190,51
2,73587.710,51
2,73590.348,51
2,73592.945,51
2,73595.582,51
2,73599.769,51
2,73602.390,51
2,73605.046,51
2,73607.542,51
2,73610.092,51
2,73612.670,51
2,73616.341,51
2,73619.308,51
2,73621.733,51
2,73624.314,51
2,73626.873,51
2,73629.368,51
2,73634.250,51
2,73636.990,51
2,73639.690,51
2,73642.160,51
2,73644.769,51
2,73647.347,51
2,73650.663,51
2,73653.332,51
2,73656.307,51
2,73659.017,51
2,73661.797,51
2,73664.454,51
2,73667.760,51
2,73670.436,51
2,73672.980,51
2,73675.511,51
2,73678.388,51
2,73681.201,51
2,73684.422,51
2,73687.069,51
2,73689.910,51
2,73692.523,51
2,73695.328,51
2,73698.183,51
2,73701.458,51
2,73704.413,51
2,73707.013,51
2,73709.560,51
2,73711.942,51
2,73716.015,51
2,73718.580,51
2,73721.238,51
2,73723.837,51
2,73726.377,51
2,73728.880,51
2,73732.907,51
2,73735.586,51
2,73738.257,51
2,73740.942,51
2,73743.439,51
2,73746.770,51
2,73750.236,51
2,73752.677,51
2,73755.283,51
2,73757.840,51
2,73760.976,51
2,73763.404,51
2,73767.180,51
2,73769.898,51
2,73772.650,51
2,73775.333,51
2,73778.108,51
2,73780.697,51
2,73783.993,51
2,73786.687,51
2,73789.785,51
2,73792.409,51
2,73795.238,51
2,73797.870,51
2,73800.580,51
2,73803.447,51
2,73806.934,51
2,73809.430,51
2,73811.979,51
2,73814.890,51
2,73818.099,51
2,73820.561,51
2,73823.296,51
2,73825.931,51
2,73828.524,52
2,73831.608,52
2,73835.092,52
2,73837.791,52
2,73840.499,52
2,73843.055,52
2,73845.487,52
2,73848.224,52
2,73851.515,52
2,73854.413,52
2,73857.485,52
2,73860.120,52
2,73862.748,52
2,73866.938,52
2,73869.571,52
2,73872.105,52
2,73874.740,52
2,73877.636,52
2,73880.056,52
2,73884.380,52
2,73887.159,52
2,73890.051,52
2,73892.712,52
2,73895.300,52
2,73899.518,52
2,73902.141,52
2,73905.052,52
2,73907.859,52
2,73910.491,52
2,73913.204,52
2,73917.250,52
2,73920.021,52
2,73922.629,52
2,73925.257,52
2,73927.855,52
2,73930.370,52
2,73934.460,52
2,73937.356,52
2,73940.318,52
2,73942.709,52
2,73945.038,52
2,73947.667,52
2,73951.028,52
2,73953.667,52
2,73956.744,52
2,73959.326,52
2,73961.995,52
2,73964.595,52
2,73967.238,52
2,73969.869,52
2,73974.408,52
2,73977.084,52
2,73979.605,52
2,73982.107,52
2,73985.245,52
2,73988.318,52
2,73991.056,52
2,73993.715,52
2,73996.239,53
2,74000.548,53
2,74003.246,53
2,74006.009,53
2,74008.564,53
2,74011.097,53
2,74013.646,53
2,74017.667,53
2,74020.806,53
2,74023.580,53
2,74026.180,53
2,74028.750,53
2,74033.050,53
2,74035.737,53
2,74038.196,53
2,74040.747,53
2,74043.317,53
2,74045.970,53
2,74049.922,53
2,74052.750,53
2,74055.601,53
2,74058.086,53
2,74061.061,53
2,74063.578,53
2,74067.504,53
2,74070.243,53
2,74073.427,53
2,74076.008,53
2,74078.926,53
2,74081.678,53
2,74085.026,53
2,74087.634,53
2,74090.235,53
2,74092.755,53
2,74095.227,53
2,74098.068,53
2,74101.568,53
2,74104.379,53
2,74107.141,53
2,74109.642,53
2,74112.198,53
2,74116.218,53
2,74118.973,53
2,74121.470,53
2,74123.995,53
2,74126.629,53
2,74129.574,53
2,74132.262,53
2,74134.972,53
2,74137.328,53
2,74140.046,53
2,74143.280,53
2,74146.771,53
2,74149.381,53
2,74152.018,53
2,74154.813,53
2,74158.182,53
2,74161.309,53
2,74163.807,55
2,74166.529,55
2,74170.041,55
2,74172.790,55
2,74175.524,55
2,74178.349,55
2,74181.183,55
2,74184.360,55
2,74187.086,55
2,74189.537,55
2,74192.176,55
2,74194.816,55
2,74197.461,55
2,74200.850,55
2,74203.449,55
2,74206.094,55
2,74208.628,55
2,74211.408,55
2,74214.171,55
2,74217.444,55
2,74220.056,55
2,74222.725,55
2,74225.300,55
2,74227.970,55
2,74230.632,55
2,74233.853,55
2,74236.512,55
2,74239.375,55
2,74242.077,55
2,74244.937,55
2,74247.529,55
2,74250.909,55
2,74253.507,55
2,74256.096,55
2,74258.610,55
2,74261.341,55
2,74264.610,55
2,74267.543,55
2,74270.241,55
2,74272.820,55
2,74275.486,55
2,74278.304,55
2,74281.017,55
2,74284.377,55
2,74287.111,55
2,74289.903,55
2,74292.427,55
2,74295.228,55
2,74299.560,55
2,74302.325,55
2,74304.796,55
2,74307.469,55
2,74310.007,55
2,74312.626,55
2,74316.889,55
2,74319.501,55
2,74322.087,55
2,74324.673,55
2,74327.367,55
2,74329.863,56
2,74333.030,56
2,74336.564,56
2,74339.163,56
2,74342.143,56
2,74344.636,56
2,74347.480,56
2,74350.938,56
2,74353.488,56
2,74356.343,56
2,74359.020,56
2,74361.703,56
2,74364.370,56
2,74367.963,56
2,74370.565,56
2,74373.540,56
2,74376.129,56
2,74378.582,56
2,74382.771,56
2,74385.420,56
2,74387.886,56
2,74390.369,56
2,74392.945,56
2,74395.796,56
2,74399.714,56
2,74402.413,56
2,74404.951,56
2,74407.549,56
2,74410.249,56
2,74412.889,56
2,74416.839,56
2,74419.436,56
2,74421.909,56
2,74424.496,56
2,74427.271,56
2,74429.806,56
2,74432.643,56
2,74436.112,56
2,74438.731,56
2,74441.914,56
2,74444.517,56
2,74447.112,56
2,74450.218,56
2,74453.516,56
2,74456.093,56
2,74458.617,56
2,74461.319,56
2,74463.975,56
2,74466.500,56
2,74469.155,56
2,74471.650,56
2,74474.186,56
2,74476.725,56
2,74479.302,56
2,74481.878,56
2,74484.409,56
2,74486.920,56
2,74489.596,56
2,74492.571,56
2,74495.474,56
2,74498.404,56
2,74501.237,56
2,74504.210,56
2,74509.109,56
2,74511.917,57
2,74514.591,57
2,74517.425,57
2,74520.206,57
2,74523.670,57
2,74526.348,57
2,74528.841,57
2,74531.476,57
2,74535.272,57
2,74537.866,57
2,74540.720,57
2,74543.165,57
2,74546.031,57
2,74550.177,57
2,74553.222,57
2,74555.870,57
2,74558.636,57
2,74561.315,57
2,74564.204,57
2,74567.581,57
2,74570.230,57
2,74573.178,57
2,74575.669,57
2,74578.616,57
2,74581.927,57
2,74585.085,57
2,74587.917,57
2,74590.554,57
2,74593.084,57
2,74595.786,57
2,74599.214,57
2,74602.255,57
2,74604.911,57
2,74607.592,57
2,74610.119,57
2,74612.970,57
2,74617.289,57
2,74619.786,57
2,74622.573,57
2,74625.351,57
2,74627.892,57
2,74630.247,57
2,74633.023,57
2,74637.089,57
2,74639.799,57
2,74642.541,57
2,74645.579,57
2,74648.253,57
2,74651.874,57
2,74655.205,57
2,74657.819,57
2,74660.381,57
2,74662.942,58
2,74665.427,58
2,74668.963,58
2,74671.639,58
2,74674.185,58
2,74676.611,58
2,74679.068,58
2,74683.361,58
2,74686.030,58
2,74688.888,58
2,74691.593,58
2,74694.039,58
2,74696.727,58
2,74699.529,58
2,74702.803,58
2,74705.416,58
2,74707.948,58
2,74710.540,58
2,74712.991,58
2,74715.790,58
2,74719.188,58
2,74721.815,58
2,74724.397,58
2,74727.071,58
2,74729.812,58
2,74733.554,58
2,74736.209,58
2,74738.790,58
2,74741.745,58
2,74744.281,58
2,74747.029,58
2,74750.014,58
2,74753.573,58
2,74756.319,58
2,74758.987,58
2,74761.676,58
2,74764.826,58
2,74768.344,58
2,74771.020,58
2,74773.583,58
2,74776.193,58
2,74778.757,58
2,74781.990,58
2,74785.908,58
2,74788.766,58
2,74791.454,58
2,74794.092,58
2,74796.812,58
2,74799.267,58
2,74803.042,58
2,74805.900,58
2,74808.565,58
2,74811.280,58
2,74813.784,58
2,74818.029,58
2,74820.595,58
2,74823.493,58
2,74826.455,58
2,74829.350,59
2,74833.111,59
2,74835.932,59
2,74838.471,59
2,74841.360,59
2,74844.181,59
2,74846.729,59
2,74850.061,59
2,74853.233,59
2,74855.885,59
2,74858.610,59
2,74861.214,59
2,74863.997,59
2,74866.912,59
2,74869.754,59
2,74872.903,59
2,74875.629,59
2,74878.282,59
2,74881.138,59
2,74884.510,59
2,74887.118,59
2,74889.649,59
2,74892.385,59
2,74895.549,59
2,74898.532,59
2,74902.002,59
2,74904.730,59
2,74907.281,59
2,74909.889,59
2,74912.464,59
2,74916.825,59
2,74919.357,59
2,74921.782,59
2,74924.367,59
2,74926.967,59
2,74929.648,59
2,74933.659,59
2,74936.508,59
2,74939.189,59
2,74941.871,59
2,74944.445,59
2,74947.013,59
2,74951.216,59
2,74953.874,59
2,74957.347,59
2,74959.949,59
2,74963.094,59
2,74965.946,59
2,74969.553,59
2,74972.213,59
2,74975.270,59
2,74978.196,59
2,74980.905,59
2,74984.945,59
2,74987.724,59
2,74990.483,59
2,74993.123,59
2,74995.796,60
2,74999.889,60
2,75002.532,60
2,75004.955,60
2,75007.644,60
2,75010.237,60
2,75012.780,60
2,75016.995,60
2,75020.132,60
2,75022.767,60
2,75025.473,60
2,75028.124,60
2,75031.019,60
2,75034.343,60
2,75037.148,60
2,75040.239,60
2,75042.794,60
2,75045.327,60
2,75048.093,60
2,75051.457,60
2,75054.211,60
2,75057.304,60
2,75059.874,60
2,75062.534,60
2,75066.571,60
2,75069.226,60
2,75071.748,60
2,75074.335,60
2,75076.666,60
2,75079.182,60
2,75082.025,60
2,75085.744,60
2,75088.223,60
2,75090.855,60
2,75093.408,60
2,75095.972,60
2,75100.688,60
2,75103.340,60
2,75105.949,60
2,75108.603,60
2,75111.145,60
2,75113.970,60
2,75117.667,60
2,75120.652,60
2,75123.291,60
2,75125.933,60
2,75128.719,60
2,75131.225,60
2,75134.981,60
2,75137.675,60
2,75140.634,60
2,75143.669,60
2,75146.561,60
2,75150.897,60
2,75153.531,60
2,75156.139,60
2,75158.818,60
2,75161.347,60
2,75164.317,61
2,75168.248,61
2,75170.991,61
2,75173.748,61
2,75176.143,61
2,75178.647,61
2,75181.842,61
2,75184.990,61
2,75188.186,61
2,75190.798,61
2,75193.314,61
2,75195.948,61
2,75200.093,61
2,75202.677,61
2,75205.355,61
2,75207.936,61
2,75210.745,61
2,75213.188,61
2,75216.382,61
2,75219.596,61
2,75222.263,61
2,75225.275,61
2,75227.706,61
2,75230.197,61
2,75232.985,61
2,75236.414,61
2,75239.664,61
2,75242.388,61
2,75245.160,61
2,75247.961,61
2,75251.536,61
2,75254.264,61
2,75257.447,61
2,75260.836,61
2,75263.297,61
2,75267.663,61
2,75270.332,61
2,75272.739,61
2,75275.462,61
2,75277.913,61
2,75280.675,61
2,75284.137,61
2,75286.662,61
2,75289.304,61
2,75291.999,61
2,75294.590,61
2,75297.183,61
2,75301.700,61
2,75304.510,61
2,75307.158,61
2,75309.921,61
2,75312.388,61
2,75316.605,61
2,75319.232,61
2,75322.300,61
2,75324.954,61
2,75327.454,61
2,75329.961,62
2,75332.704,62
2,75336.183,62
2,75339.055,62
2,75341.780,62
2,75344.352,62
2,75346.821,62
2,75351.073,62
2,75353.713,62
2,75356.177,62
2,75358.742,62
2,75361.871,62
2,75366.547,62
2,75369.376,62
2,75372.043,62
2,75374.724,62
2,75377.568,62
2,75380.151,62
2,75384.261,62
2,75386.887,62
2,75389.900,62
2,75392.554,62
2,75395.047,62
2,75398.748,62
2,75401.588,62
2,75404.739,62
2,75407.449,62
2,75410.103,62
2,75412.690,62
2,75417.287,62
2,75419.898,62
2,75422.836,62
2,75425.955,62
2,75429.222,62
2,75433.322,62
2,75436.172,62
2,75439.055,62
2,75441.834,62
2,75444.573,62
2,75447.199,62
2,75450.673,62
2,75453.925,62
2,75456.695,62
2,75459.278,62
2,75461.981,62
2,75464.539,62
2,75467.753,62
2,75471.893,62
2,75474.667,62
2,75477.623,62
2,75480.257,62
2,75484.432,62
2,75487.145,62
2,75489.958,62
2,75492.622,62
2,75496.104,63
2,75500.033,63
2,75503.553,63
2,75506.163,63
2,75509.037,63
2,75512.065,63
2,75515.008,63
2,75518.574,63
2,75521.347,63
2,75524.223,63
2,75526.694,63
2,75529.151,63
2,75532.060,63
2,75535.671,63
2,75538.392,63
2,75541.120,63
2,75543.890,63
2,75546.433,63
2,75550.696,63
2,75553.386,63
2,75556.170,63
2,75559.022,63
2,75562.903,63
2,75566.627,63
2,75569.493,63
2,75572.249,63
2,75574.955,63
2,75577.596,63
2,75580.009,63
2,75584.698,63
2,75587.511,63
2,75590.173,63
2,75592.776,63
2,75595.324,63
2,75599.715,63
2,75602.514,63
2,75605.193,63
2,75607.900,63
2,75610.475,63
2,75613.046,63
2,75616.612,63
2,75619.857,63
2,75622.761,63
2,75626.096,63
2,75629.093,63
2,75632.392,63
2,75635.682,63
2,75638.366,63
2,75640.979,63
2,75643.626,63
2,75646.534,63
2,75650.894,63
2,75654.171,63
2,75656.968,63
2,75659.645,63
2,75662.702,64
2,75666.227,64
2,75669.389,64
2,75672.421,64
2,75675.036,64
2,75677.557,64
2,75680.078,64
2,75684.699,64
2,75687.540,64
2,75690.133,64
2,75692.791,64
2,75695.960,64
2,75700.167,64
2,75702.883,64
2,75706.761,64
2,75710.966,64
2,75714.072,64
2,75717.819,64
2,75720.574,64
2,75723.831,64
2,75726.471,64
2,75729.042,64
2,75733.235,64
2,75735.955,64
2,75738.614,64
2,75741.393,64
2,75744.435,64
2,75747.489,64
2,75750.931,64
2,75753.652,64
2,75756.293,64
2,75758.989,64
2,75761.991,64
2,75766.493,64
2,75769.337,64
2,75772.070,64
2,75774.759,64
2,75777.406,64
2,75779.950,64
2,75783.421,64
2,75787.124,64
2,75790.763,64
2,75793.519,64
2,75796.228,64
2,75798.779,64
2,75802.765,64
2,75805.507,64
2,75808.214,64
2,75810.964,64
2,75813.563,64
2,75817.634,64
2,75820.299,64
2,75823.098,64
2,75825.626,64
2,75828.281,65
2,75833.364,65
2,75836.080,65
2,75838.875,65
2,75841.523,65
2,75843.924,65
2,75847.071,65
2,75851.412,65
2,75854.116,65
2,75856.964,65
2,75859.397,65
2,75862.270,65
2,75865.952,65
2,75868.685,65
2,75871.425,65
2,75874.056,65
2,75876.625,65
2,75879.240,65
2,75883.683,65
2,75887.724,65
2,75890.485,65
2,75893.141,65
2,75895.679,65
2,75900.323,65
2,75903.087,65
2,75905.796,65
2,75908.850,65
2,75911.405,65
2,75914.294,65
2,75917.806,65
2,75920.802,65
2,75923.601,65
2,75926.361,65
2,75928.866,65
2,75933.249,65
2,75936.075,65
2,75938.784,65
2,75941.332,65
2,75943.886,65
2,75946.657,65
2,75950.839,65
2,75953.494,65
2,75956.080,65
2,75958.731,65
2,75961.202,65
2,75963.632,65
2,75966.271,65
2,75969.967,65
2,75973.053,65
2,75975.764,65
2,75978.393,65
2,75981.866,65
2,75984.971,65
2,75987.706,65
2,75990.672,65
2,75993.341,65
2,75995.932,66
2,76000.068,66
2,76002.708,66
2,76005.335,66
2,76007.932,66
2,76010.380,66
2,76012.791,66
2,76017.067,66
2,76019.735,66
2,76022.575,66
2,76025.078,66
2,76027.651,66
2,76030.115,66
2,76032.824,66
2,76036.430,66
2,76039.307,66
2,76042.023,66
2,76044.684,66
2,76048.892,66
2,76051.562,66
2,76054.183,66
2,76056.729,66
2,76059.317,66
2,76061.671,66
2,76065.945,66
2,76068.506,66
2,76071.145,66
2,76073.730,66
2,76076.236,66
2,76078.683,66
2,76082.775,66
2,76085.481,66
2,76088.139,66
2,76090.718,66
2,76093.301,66
2,76096.045,66
2,76099.911,66
2,76102.512,66
2,76105.232,66
2,76107.801,66
2,76110.360,66
2,76113.379,66
2,76116.714,66
2,76119.418,66
2,76122.066,66
2,76124.651,66
2,76127.480,66
2,76130.036,66
2,76132.732,66
2,76136.833,66
2,76139.925,66
2,76142.633,66
2,76145.169,66
2,76147.971,66
2,76151.367,66
2,76154.073,66
2,76157.052,66
2,76159.796,66
2,76162.410,67
2,76166.687,67
2,76170.838,67
2,76173.371,67
2,76175.842,67
2,76178.450,67
2,76182.846,67
2,76185.692,67
2,76188.182,67
2,76190.805,67
2,76193.314,67
2,76196.361,67
2,76200.041,67
2,76202.486,67
2,76205.391,67
2,76207.969,67
2,76210.486,67
2,76213.035,67
2,76216.744,67
2,76219.828,67
2,76222.923,67
2,76226.087,67
2,76229.137,67
2,76233.829,67
2,76237.012,67
2,76240.067,67
2,76243.285,67
2,76247.523,67
2,76251.517,67
2,76254.897,67
2,76258.195,67
2,76261.167,67
2,76264.172,67
2,76267.941,67
2,76271.081,67
2,76274.242,67
2,76277.249,67
2,76280.227,67
2,76284.239,67
2,76287.244,67
2,76290.163,67
2,76293.114,67
2,76296.361,67
2,76301.216,67
2,76304.270,67
2,76307.566,67
2,76310.516,67
2,76313.495,67
2,76317.644,67
2,76320.859,67
2,76323.914,67
2,76326.860,67
2,76329.850,68
2,76333.746,68
2,76336.909,68
2,76339.962,68
2,76343.040,68
2,76345.916,68
2,76350.268,68
2,76353.326,68
2,76356.371,68
2,76359.503,68
2,76362.598,68
2,76366.816,68
2,76369.941,68
2,76373.024,68
2,76376.187,68
2,76379.069,68
2,76383.731,68
2,76386.841,68
2,76389.851,68
2,76392.872,68
2,76395.773,68
2,76399.606,68
2,76402.725,68
2,76405.740,68
2,76408.753,68
2,76411.882,68
2,76414.972,68
2,76420.873,68
2,76426.342,68
2,76429.123,68
2,76434.898,68
2,76438.741,68
2,76442.273,68
2,76445.673,68
2,76450.176,68
2,76453.171,68
2,76456.378,68
2,76459.389,68
2,76462.375,68
2,76465.276,68
2,76468.237,68
2,76472.077,68
2,76474.547,68
2,76477.531,68
2,76482.084,68
2,76485.238,68
2,76488.370,68
2,76491.904,68
2,76495.856,68
2,76498.806,69
2,76501.792,69
2,76504.821,69
2,76509.530,69
2,76512.425,69
2,76515.365,69
2,76518.351,69
2,76521.387,69
2,76525.607,69
2,76528.825,69
2,76531.827,69
2,76534.878,69
2,76537.859,69
2,76541.019,69
2,76544.686,69
2,76547.703,69
2,76550.659,69
2,76553.579,69
2,76557.618,69
2,76561.668,69
2,76564.547,69
2,76567.614,69
2,76570.576,69
2,76573.927,69
2,76577.647,69
2,76580.685,69
2,76583.730,69
2,76586.779,69
2,76589.788,69
2,76593.837,69
2,76596.776,69
2,76599.689,69
2,76602.723,69
2,76605.824,69
2,76610.621,69
2,76613.538,69
2,76616.525,69
2,76619.601,69
2,76622.714,69
2,76625.875,69
2,76628.944,69
2,76632.552,69
2,76635.736,69
2,76638.863,69
2,76642.399,69
2,76646.477,69
2,76649.522,70
2,76652.611,70
2,76656.036,70
2,76659.828,70
2,76663.013,70
2,76666.007,70
2,76669.003,70
2,76671.961,70
2,76675.798,70
2,76679.250,70
2,76682.270,70
2,76685.677,70
2,76688.891,70
2,76693.235,70
2,76696.244,70
2,76699.413,70
2,76702.538,70
2,76705.615,70
2,76708.994,70
2,76712.626,70
2,76715.748,70
2,76718.773,70
2,76721.812,70
2,76724.878,70
2,76728.463,70
2,76731.330,70
2,76733.869,70
2,76736.999,70
2,76740.116,70
2,76743.943,70
2,76747.124,70
2,76750.113,70
2,76753.062,70
2,76756.613,70
2,76760.243,70
2,76763.198,70
2,76766.355,70
2,76769.502,70
2,76774.238,70
2,76777.580,70
2,76781.346,70
2,76784.331,70
2,76787.308,70
2,76790.577,70
2,76793.950,70
2,76799.062,70
2,76802.455,70
2,76805.826,70
2,76809.031,70
2,76813.766,70
2,76817.140,71
2,76820.184,71
2,76823.161,71
2,76826.703,71
2,76830.688,71
2,76833.618,71
2,76836.596,71
2,76839.803,71
2,76843.494,71
2,76846.462,71
2,76849.421,71
2,76852.453,71
2,76855.730,71
2,76858.737,71
2,76861.944,71
2,76864.849,71
2,76867.766,71
2,76870.809,71
2,76874.160,71
2,76877.935,71
2,76880.806,71
2,76883.742,71
2,76886.632,71
2,76889.868,71
2,76893.763,71
2,76896.658,71
2,76899.673,71
2,76902.654,71
2,76905.647,71
2,76908.692,71
2,76912.431,71
2,76915.747,71
2,76918.736,71
2,76921.736,71
2,76924.300,71
2,76928.513,71
2,76931.491,71
2,76934.567,71
2,76937.679,71
2,76940.773,71
2,76944.462,71
2,76947.434,71
2,76950.384,71
2,76953.342,71
2,76956.511,71
2,76960.342,71
2,76964.229,71
2,76967.158,71
2,76969.984,71
2,76972.945,71
2,76975.628,71
2,76980.011,71
2,76983.149,72
2,76985.874,72
2,76988.913,72
2,76992.706,72
2,76995.660,72
2,76998.626,72
2,77001.593,72
2,77004.544,72
2,77007.495,72
2,77011.974,72
2,77014.897,72
2,77017.862,72
2,77020.816,72
2,77025.742,72
2,77028.592,72
2,77031.464,72
2,77034.390,72
2,77037.405,72
2,77040.480,72
2,77044.214,72
2,77047.103,72
2,77050.018,72
2,77052.919,72
2,77055.984,72
2,77059.843,72
2,77062.804,72
2,77065.701,72
2,77068.657,72
2,77071.611,72
2,77076.751,72
2,77079.721,72
2,77082.865,72
2,77085.765,72
2,77088.715,72
2,77093.839,72
2,77096.688,72
2,77099.629,72
2,77102.655,72
2,77105.684,72
2,77110.629,72
2,77113.706,72
2,77116.621,72
2,77119.559,72
2,77122.514,72
2,77125.645,72
2,77129.908,72
2,77132.812,72
2,77135.796,72
2,77138.746,72
2,77141.877,72
2,77144.993,72
2,77147.902,73
2,77150.788,73
2,77153.756,73
2,77157.108,73
2,77160.762,73
2,77163.662,73
2,77166.600,73
2,77169.650,73
2,77172.224,73
2,77176.982,73
2,77179.935,73
2,77182.894,73
2,77185.793,73
2,77188.690,73
2,77193.469,73
2,77196.364,73
2,77199.284,73
2,77202.291,73
2,77205.297,73
2,77208.441,73
2,77212.153,73
2,77215.034,73
2,77218.048,73
2,77221.122,73
2,77225.767,73
2,77228.856,73
2,77231.833,73
2,77234.827,73
2,77237.764,73
2,77241.648,73
2,77245.071,73
2,77247.961,73
2,77250.941,73
2,77253.790,73
2,77257.117,73
2,77260.977,73
2,77263.996,73
2,77266.904,73
2,77269.920,73
2,77272.987,73
2,77276.891,73
2,77279.854,73
2,77282.925,73
2,77285.736,73
2,77288.768,73
2,77291.490,73
2,77295.666,73
2,77298.522,73
2,77301.572,73
2,77304.577,73
2,77308.283,73
2,77311.488,73
2,77314.426,74
2,77317.415,74
2,77319.800,74
2,77323.511,74
2,77327.117,74
2,77330.054,74
2,77332.560,74
2,77335.511,74
2,77338.652,74
2,77342.249,74
2,77345.403,74
2,77348.363,74
2,77351.323,74
2,77354.370,74
2,77358.001,74
2,77360.995,74
2,77363.881,74
2,77366.760,74
2,77369.336,74
2,77372.342,74
2,77376.300,74
2,77379.262,74
2,77382.319,74
2,77385.283,74
2,77388.410,74
2,77392.113,74
2,77395.185,74
2,77398.163,74
2,77401.119,74
2,77404.161,74
2,77408.034,74
2,77411.435,74
2,77414.326,74
2,77417.192,74
2,77420.132,74
2,77424.553,74
2,77427.793,74
2,77430.894,74
2,77433.851,74
2,77437.117,74
2,77441.590,74
2,77444.888,74
2,77447.801,74
2,77450.734,74
2,77453.579,74
2,77456.601,74
2,77459.490,74
2,77462.387,74
2,77465.326,74
2,77468.217,74
2,77471.141,74
2,77474.191,74
2,77476.977,74
2,77480.890,74
2,77484.152,74
2,77487.074,74
2,77490.180,74
2,77493.910,74
2,77496.816,75
2,77499.814,75
2,77502.664,75
2,77507.461,75
2,77510.430,75
2,77513.593,75
2,77516.533,75
2,77519.521,75
2,77522.802,75
2,77526.394,75
2,77529.282,75
2,77531.861,75
2,77534.939,75
2,77538.039,75
2,77542.245,75
2,77545.516,75
2,77548.960,75
2,77551.934,75
2,77555.049,75
2,77558.834,75
2,77561.988,75
2,77564.895,75
2,77567.928,75
2,77570.839,75
2,77575.619,75
2,77578.748,75
2,77581.737,75
2,77584.677,75
2,77587.647,75
2,77591.761,75
2,77594.785,75
2,77597.777,75
2,77600.955,75
2,77603.943,75
2,77608.691,75
2,77611.776,75
2,77614.640,75
2,77617.584,75
2,77620.632,75
2,77623.470,75
2,77626.236,75
2,77631.456,75
2,77634.548,75
2,77638.710,75
2,77642.375,75
2,77645.470,75
2,77649.691,75
2,77652.154,76
2,77654.776,76
2,77658.007,76
2,77661.448,76
2,77665.261,76
2,77668.059,76
2,77670.885,76
2,77673.931,76
2,77678.193,76
2,77682.085,76
2,77684.881,76
2,77688.014,76
2,77692.447,76
2,77696.452,76
2,77699.523,76
2,77702.774,76
2,77706.119,76
2,77710.349,76
2,77713.271,76
2,77715.941,76
2,77718.541,76
2,77725.012,76
2,77727.884,76
2,77730.591,76
2,77733.149,76
2,77735.933,76
2,77738.826,76
2,77741.612,76
2,77744.469,76
2,77748.248,76
2,77751.023,76
2,77753.690,76
2,77756.242,76
2,77759.201,76
2,77762.183,76
2,77766.005,76
2,77769.203,76
2,77771.888,76
2,77774.544,76
2,77777.519,76
2,77780.176,76
2,77784.431,76
2,77787.693,76
2,77790.673,76
2,77793.622,76
2,77796.286,76
2,77799.222,76
2,77802.218,76
2,77806.406,76
2,77809.299,76
2,77812.387,77
2,77815.308,77
2,77818.776,77
2,77821.711,77
2,77824.459,77
2,77827.265,77
2,77830.122,77
2,77833.704,77
2,77836.590,77
2,77839.738,77
2,77842.628,77
2,77846.383,77
2,77849.265,77
2,77852.211,77
2,77855.115,77
2,77857.922,77
2,77861.981,77
2,77864.536,77
2,77867.880,77
2,77870.656,77
2,77873.490,77
2,77877.363,77
2,77880.031,77
2,77882.682,77
2,77885.304,77
2,77888.048,77
2,77890.812,77
2,77893.526,77
2,77898.558,77
2,77901.563,77
2,77904.705,77
2,77907.467,77
2,77911.129,77
2,77916.675,77
2,77920.719,77
2,77923.702,77
2,77927.126,77
2,77930.675,77
2,77933.347,77
2,77936.072,77
2,77938.941,77
2,77943.455,77
2,77946.167,77
2,77948.959,77
2,77951.698,77
2,77954.564,77
2,77957.450,77
2,77960.379,77
2,77964.683,77
2,77967.630,77
2,77970.611,77
2,77973.475,77
2,77976.261,77
2,77980.214,77
2,77983.055,78
2,77985.862,78
2,77988.602,78
2,77991.397,78
2,77995.401,78
2,77998.084,78
2,78001.003,78
2,78003.882,78
2,78006.992,78
2,78010.641,78
2,78014.730,78
2,78017.560,78
2,78020.524,78
2,78024.145,78
2,78029.029,78
2,78031.745,78
2,78034.413,78
2,78037.327,78
2,78040.092,78
2,78043.299,78
2,78046.287,78
2,78048.966,78
2,78051.673,78
2,78054.515,78
2,78057.216,78
2,78060.194,78
2,78066.249,78
2,78068.943,78
2,78071.641,78
2,78074.352,78
2,78078.504,78
2,78083.224,78
2,78086.202,78
2,78089.245,78
2,78093.865,78
2,78097.427,78
2,78100.094,78
2,78102.788,78
2,78105.661,78
2,78111.192,78
2,78113.917,78
2,78116.536,78
2,78119.236,78
2,78121.962,78
2,78124.975,78
2,78128.361,78
2,78130.994,78
2,78133.850,78
2,78136.702,78
2,78139.409,78
2,78142.405,78
2,78145.226,78
2,78147.827,78
2,78151.071,78
2,78153.788,78
2,78156.685,78
2,78159.396,78
2,78162.673,78
2,78165.925,78
2,78169.474,78
2,78175.452,78
2,78178.859,78
2,78181.522,79
2,78184.572,79
2,78188.629,79
2,78191.562,79
2,78194.265,79
2,78197.037,79
2,78199.713,79
2,78204.116,79
2,78206.886,79
2,78209.619,79
2,78212.070,79
2,78214.675,79
2,78219.316,79
2,78222.135,79
2,78224.945,79
2,78227.886,79
2,78230.521,79
2,78234.550,79
2,78237.411,79
2,78240.277,79
2,78243.017,79
2,78246.875,79
2,78250.881,79
2,78253.742,79
2,78256.470,79
2,78259.236,79
2,78264.309,79
2,78267.083,79
2,78269.701,79
2,78272.640,79
2,78275.527,79
2,78279.359,79
2,78283.392,79
2,78286.274,79
2,78289.586,79
2,78292.750,79
2,78295.320,79
2,78297.921,79
2,78300.850,79
2,78304.505,79
2,78307.633,79
2,78310.259,79
2,78312.862,80
2,78315.654,80
2,78319.627,80
2,78322.576,80
2,78325.510,80
2,78328.282,80
2,78330.971,80
2,78335.180,80
2,78338.388,80
2,78341.112,80
2,78343.630,80
2,78347.787,80
2,78351.501,80
2,78354.317,80
2,78357.267,80
2,78359.944,80
2,78362.978,80
2,78366.539,80
2,78369.247,80
2,78371.940,80
2,78374.542,80
2,78379.187,80
2,78382.752,80
2,78385.430,80
2,78387.983,80
2,78391.060,80
2,78395.059,80
2,78397.489,80
2,78402.390,80
2,78405.282,80
2,78408.101,80
2,78412.568,80
2,78415.128,80
2,78417.690,80
2,78420.252,80
2,78422.989,80
2,78427.217,80
2,78429.798,80
2,78432.424,80
2,78435.064,80
2,78437.589,80
2,78441.966,80
2,78444.654,80
2,78447.217,80
2,78449.713,80
2,78452.349,80
2,78454.846,80
2,78457.447,80
2,78459.978,80
2,78462.799,80
2,78466.364,80
2,78469.203,80
2,78471.712,80
2,78474.272,80
2,78476.937,80
2,78480.937,80
2,78483.319,82
2,78485.868,82
2,78488.478,82
2,78492.208,82
2,78494.922,82
2,78497.359,82
2,78499.956,82
2,78502.603,82
2,78505.232,82
2,78509.291,82
2,78512.335,82
2,78514.905,82
2,78517.430,82
2,78520.012,82
2,78522.983,82
2,78528.023,82
2,78530.514,82
2,78533.109,82
2,78535.853,82
2,78538.609,82
2,78543.266,82
2,78545.843,82
2,78548.362,82
2,78551.104,82
2,78553.788,82
2,78556.415,82
2,78559.380,82
2,78562.844,82
2,78565.409,82
2,78568.024,82
2,78570.646,82
2,78573.578,82
2,78577.410,82
2,78579.969,82
2,78582.689,82
2,78586.046,82
2,78588.418,82
2,78592.386,82
2,78595.193,82
2,78597.773,82
2,78600.777,82
2,78603.360,82
2,78606.138,82
2,78609.897,82
2,78612.469,82
2,78615.027,82
2,78617.434,82
2,78622.254,82
2,78627.061,82
2,78630.273,82
2,78634.837,82
2,78639.336,82
2,78642.030,82
2,78644.725,82
2,78649.262,82
2,78651.807,83
2,78654.469,83
2,78657.083,83
2,78660.777,83
2,78663.322,83
2,78665.978,83
2,78668.617,83
2,78671.186,83
2,78675.125,83
2,78677.836,83
2,78680.427,83
2,78683.189,83
2,78685.876,83
2,78688.438,83
2,78692.542,83
2,78695.167,83
2,78697.857,83
2,78700.532,83
2,78703.162,83
2,78705.829,83
2,78709.591,83
2,78712.177,83
2,78714.738,83
2,78717.369,83
2,78719.947,83
2,78723.213,83
2,78726.870,83
2,78729.947,83
2,78732.643,83
2,78736.875,83
2,78740.121,83
2,78744.323,83
2,78747.559,83
2,78750.211,83
2,78753.223,83
2,78756.591,83
2,78760.495,83
2,78763.280,83
2,78765.918,83
2,78768.638,83
2,78771.303,83
2,78775.929,83
2,78778.473,83
2,78780.962,83
2,78784.182,83
2,78787.076,83
2,78789.935,83
2,78792.695,83
2,78797.240,83
2,78799.773,83
2,78802.406,83
2,78804.963,83
2,78808.000,83
2,78811.772,83
2,78814.389,84
2,78817.069,84
2,78819.520,84
2,78822.075,84
2,78826.695,84
2,78830.143,84
2,78833.148,84
2,78835.875,84
2,78838.460,84
2,78843.051,84
2,78845.614,84
2,78848.304,84
2,78850.771,84
2,78853.398,84
2,78856.274,84
2,78860.301,84
2,78862.954,84
2,78865.409,84
2,78868.259,84
2,78870.962,84
2,78873.775,84
2,78877.474,84
2,78880.003,84
2,78882.682,84
2,78885.352,84
2,78888.802,84
2,78892.883,84
2,78895.426,84
2,78897.988,84
2,78900.552,84
2,78903.072,84
2,78906.080,84
2,78910.011,84
2,78912.641,84
2,78915.790,84
2,78918.383,84
2,78921.026,84
2,78925.677,84
2,78929.007,84
2,78931.899,84
2,78934.448,84
2,78937.080,84
2,78940.002,84
2,78944.220,84
2,78946.583,84
2,78949.359,84
2,78952.025,84
2,78954.673,84
2,78957.731,84
2,78960.372,84
2,78962.957,84
2,78966.680,84
2,78969.398,84
2,78972.032,84
2,78974.645,84
2,78977.413,84
2,78981.523,84
2,78984.031,85
2,78986.655,85
2,78989.324,85
2,78993.530,85
2,78996.059,85
2,78998.569,85
2,79001.175,85
2,79003.883,85
2,79006.687,85
2,79010.429,85
2,79013.329,85
2,79015.969,85
2,79018.433,85
2,79021.143,85
2,79023.849,85
2,79028.017,85
2,79030.416,85
2,79033.360,85
2,79035.903,85
2,79038.481,85
2,79042.663,85
2,79045.256,85
2,79047.701,85
2,79050.288,85
2,79052.794,85
2,79055.975,85
2,79060.092,85
2,79062.597,85
2,79065.257,85
2,79067.854,85
2,79070.782,85
2,79073.494,85
2,79077.797,85
2,79080.414,85
2,79083.062,85
2,79085.769,85
2,79088.367,85
2,79092.910,85
2,79095.444,85
2,79098.026,85
2,79101.143,85
2,79103.732,85
2,79107.161,85
2,79111.009,85
2,79114.031,85
2,79116.578,85
2,79119.587,85
2,79122.156,85
2,79125.198,85
2,79127.773,85
2,79130.435,85
2,79133.883,85
2,79136.641,85
2,79139.009,85
2,79141.716,85
2,79144.865,85
2,79149.700,86
2,79152.527,86
2,79155.329,86
2,79158.136,86
2,79160.856,86
2,79163.402,86
2,79167.232,86
2,79169.848,86
2,79173.058,86
2,79175.884,86
2,79178.624,86
2,79182.743,86
2,79186.225,86
2,79190.028,86
2,79192.689,86
2,79198.058,86
2,79200.786,86
2,79203.412,86
2,79206.395,86
2,79210.559,86
2,79213.288,86
2,79215.999,86
2,79219.015,86
2,79222.347,86
2,79226.011,86
2,79228.410,86
2,79231.429,86
2,79234.094,86
2,79236.632,86
2,79239.230,86
2,79243.877,86
2,79246.684,86
2,79249.486,86
2,79252.178,86
2,79254.773,86
2,79259.136,86
2,79262.558,86
2,79265.862,86
2,79268.335,86
2,79271.076,86
2,79273.740,86
2,79277.859,86
2,79280.344,86
2,79282.819,86
2,79285.836,86
2,79288.389,86
2,79291.063,86
2,79293.960,86
2,79297.842,86
2,79300.731,86
2,79303.318,86
2,79305.874,86
2,79308.656,86
2,79312.618,86
2,79315.127,87
2,79318.072,87
2,79320.741,87
2,79323.401,87
2,79328.052,87
2,79330.880,87
2,79333.398,87
2,79335.966,87
2,79338.921,87
2,79342.677,87
2,79345.173,87
2,79347.787,87
2,79350.332,87
2,79353.012,87
2,79355.689,87
2,79359.725,87
2,79362.068,87
2,79364.821,87
2,79367.962,87
2,79370.849,87
2,79373.575,87
2,79377.538,87
2,79380.040,87
2,79382.623,87
2,79385.211,87
2,79388.569,87
2,79391.186,87
2,79395.122,87
2,79397.670,87
2,79400.350,87
2,79403.188,87
2,79405.857,87
2,79409.644,87
2,79412.175,87
2,79414.826,87
2,79417.543,87
2,79420.145,87
2,79423.922,87
2,79428.657,87
2,79431.697,87
2,79434.244,87
2,79437.457,87
2,79440.746,87
2,79444.510,87
2,79447.179,87
2,79449.991,87
2,79452.665,87
2,79455.293,87
2,79457.898,87
2,79460.561,87
2,79464.545,87
2,79467.153,87
2,79469.867,87
2,79472.776,87
2,79477.510,87
2,79480.210,88
2,79483.012,88
2,79485.732,88
2,79488.495,88
2,79493.455,88
2,79495.951,88
2,79498.859,88
2,79502.090,88
2,79505.145,88
2,79507.977,88
2,79511.609,88
2,79514.742,88
2,79517.300,88
2,79519.942,88
2,79522.781,88
2,79527.308,88
2,79529.951,88
2,79532.402,88
2,79534.870,88
2,79537.528,88
2,79540.404,88
2,79544.343,88
2,79546.825,88
2,79549.380,88
2,79552.255,88
2,79554.874,88
2,79559.713,88
2,79562.295,88
2,79565.017,88
2,79567.634,88
2,79570.387,88
2,79573.028,88
2,79577.142,88
2,79579.694,88
2,79582.258,88
2,79584.839,88
2,79587.428,88
2,79590.078,88
2,79594.326,88
2,79598.134,88
2,79600.753,88
2,79603.998,88
2,79607.542,88
2,79611.327,88
2,79613.932,88
2,79616.577,88
2,79619.189,88
2,79621.855,88
2,79624.474,88
2,79627.965,88
2,79631.910,88
2,79634.631,88
2,79637.273,88
2,79639.732,88
2,79643.023,88
2,79646.520,88
2,79649.560,89
2,79652.295,89
2,79654.954,89
2,79659.977,89
2,79662.525,89
2,79665.244,89
2,79667.787,89
2,79670.463,89
2,79673.686,89
2,79677.689,89
2,79680.220,89
2,79683.072,89
2,79685.581,89
2,79688.245,89
2,79690.982,89
2,79695.321,89
2,79697.847,89
2,79700.836,89
2,79703.447,89
2,79706.090,89
2,79710.422,89
2,79713.019,89
2,79717.106,89
2,79719.861,89
2,79722.833,89
2,79727.198,89
2,79730.218,89
2,79732.717,89
2,79735.703,89
2,79738.248,89
2,79742.921,89
2,79745.207,89
2,79747.874,89
2,79750.497,89
2,79752.941,89
2,79755.495,89
2,79759.603,89
2,79762.324,89
2,79764.971,89
2,79767.488,89
2,79770.156,89
2,79772.847,89
2,79777.611,89
2,79780.967,89
2,79784.510,89
2,79787.662,89
2,79790.334,89
2,79793.887,89
2,79798.004,89
2,79800.565,89
2,79803.254,89
2,79806.093,89
2,79808.871,89
2,79813.027,89
2,79815.659,90
2,79818.333,90
2,79820.991,90
2,79823.615,90
2,79827.813,90
2,79830.477,90
2,79833.195,90
2,79835.764,90
2,79838.847,90
2,79843.027,90
2,79845.629,90
2,79848.121,90
2,79850.733,90
2,79853.360,90
2,79856.232,90
2,79859.974,90
2,79862.481,90
2,79865.243,90
2,79867.870,90
2,79870.381,90
2,79873.242,90
2,79876.799,90
2,79879.630,90
2,79882.402,90
2,79887.272,90
2,79890.062,90
2,79894.061,90
2,79896.622,90
2,79900.943,90
2,79903.799,90
2,79906.616,90
2,79910.549,90
2,79913.075,90
2,79915.623,90
2,79918.445,90
2,79921.173,90
2,79924.114,90
2,79927.963,90
2,79930.527,90
2,79933.241,90
2,79935.646,90
2,79938.135,90
2,79941.252,90
2,79945.459,90
2,79948.048,90
2,79950.601,90
2,79953.271,90
2,79955.808,90
2,79958.411,90
2,79961.937,90
2,79965.078,90
2,79967.786,90
2,79970.669,90
2,79973.635,90
2,79978.173,90
2,79980.825,91
2,79983.445,91
2,79985.988,91
2,79989.029,91
2,79993.250,91
2,79995.770,91
2,79998.311,91
2,80001.044,91
2,80004.037,91
2,80007.726,91
2,80011.049,91
2,80013.596,91
2,80016.180,91
2,80018.729,91
2,80021.379,91
2,80024.375,91
2,80028.572,91
2,80031.600,91
2,80034.306,91
2,80037.223,91
2,80039.860,91
2,80043.782,91
2,80046.334,91
2,80048.851,91
2,80051.934,91
2,80054.661,91
2,80058.428,91
2,80062.870,91
2,80065.425,91
2,80068.724,91
2,80072.059,91
2,80076.549,91
2,80079.367,91
2,80082.181,91
2,80085.005,91
2,80087.684,91
2,80090.759,91
2,80094.025,91
2,80097.287,91
2,80099.863,91
2,80103.165,91
2,80105.786,91
2,80109.827,91
2,80112.916,91
2,80115.912,91
2,80118.557,91
2,80121.137,91
2,80123.820,91
2,80126.561,91
2,80130.614,91
2,80133.299,91
2,80135.963,91
2,80138.409,91
2,80142.643,91
2,80145.137,92
2,80147.776,92
2,80150.344,92
2,80153.172,92
2,80156.060,92
2,80159.546,92
2,80162.036,92
2,80164.882,92
2,80167.391,92
2,80169.953,92
2,80172.514,92
2,80176.703,92
2,80181.115,92
2,80183.844,92
2,80187.057,92
2,80190.059,92
2,80194.029,92
2,80196.565,92
2,80199.202,92
2,80201.935,92
2,80204.560,92
2,80207.338,92
2,80210.882,92
2,80213.483,92
2,80215.851,92
2,80218.290,92
2,80220.846,92
2,80225.882,92
2,80228.510,92
2,80231.133,92
2,80233.781,92
2,80236.324,92
2,80238.894,92
2,80243.020,92
2,80245.438,92
2,80248.193,92
2,80250.873,92
2,80253.334,92
2,80255.913,92
2,80259.902,92
2,80262.452,92
2,80264.908,92
2,80267.513,92
2,80271.963,92
2,80275.950,92
2,80278.367,92
2,80281.801,92
2,80284.674,92
2,80287.646,92
2,80290.471,92
2,80293.049,92
2,80298.005,92
2,80300.780,92
2,80303.776,92
2,80306.641,92
2,80310.830,92
2,80313.444,93
2,80315.902,93
2,80318.595,93
2,80321.099,93
2,80323.906,93
2,80327.746,93
2,80330.159,93
2,80332.680,93
2,80335.363,93
2,80338.041,93
2,80343.316,93
2,80345.883,93
2,80348.992,93
2,80351.580,93
2,80354.220,93
2,80357.028,93
2,80360.968,93
2,80363.438,93
2,80365.895,93
2,80368.695,93
2,80371.328,93
2,80374.109,93
2,80377.881,93
2,80380.398,93
2,80383.253,93
2,80385.743,93
2,80388.782,93
2,80393.064,93
2,80395.590,93
2,80398.740,93
2,80401.898,93
2,80404.554,93
2,80407.355,93
2,80411.208,93
2,80413.631,93
2,80416.015,93
2,80419.059,93
2,80421.726,93
2,80426.114,93
2,80429.142,93
2,80431.803,93
2,80434.441,93
2,80437.378,93
2,80440.143,93
2,80443.784,93
2,80446.179,93
2,80449.144,93
2,80451.836,93
2,80454.574,93
2,80457.205,93
2,80459.786,93
2,80463.963,93
2,80466.904,93
2,80469.567,93
2,80472.063,93
2,80474.751,93
2,80478.101,93
2,80481.752,93
2,80484.364,94
2,80486.988,94
2,80490.094,94
2,80494.261,94
2,80497.547,94
2,80500.119,94
2,80502.764,94
2,80505.620,94
2,80510.037,94
2,80512.637,94
2,80515.684,94
2,80518.109,94
2,80520.750,94
2,80523.494,94
2,80527.380,94
2,80529.873,94
2,80532.631,94
2,80535.314,94
2,80537.998,94
2,80543.028,94
2,80545.468,94
2,80548.132,94
2,80550.608,94
2,80553.157,94
2,80556.417,94
2,80561.230,94
2,80563.833,94
2,80566.581,94
2,80569.513,94
2,80572.127,94
2,80577.910,94
2,80580.450,94
2,80583.158,94
2,80585.780,94
2,80588.718,94
2,80592.965,94
2,80595.438,94
2,80598.012,94
2,80600.701,94
2,80603.272,94
2,80606.279,94
2,80610.173,94
2,80612.527,94
2,80615.414,94
2,80618.008,94
2,80620.515,94
2,80623.102,94
2,80625.841,94
2,80629.641,94
2,80632.583,94
2,80635.176,94
2,80637.858,94
2,80640.639,94
2,80644.367,94
2,80646.985,95
2,80649.495,95
2,80652.081,95
2,80654.900,95
2,80658.993,95
2,80661.805,95
2,80664.434,95
2,80666.941,95
2,80669.404,95
2,80672.011,95
2,80675.733,95
2,80678.567,95
2,80681.190,95
2,80683.683,95
2,80686.470,95
2,80689.287,95
2,80693.506,95
2,80696.149,95
2,80699.303,95
2,80702.889,95
2,80705.523,95
2,80710.863,95
2,80713.416,95
2,80716.430,95
2,80718.922,95
2,80721.583,95
2,80725.471,95
2,80728.152,95
2,80730.644,95
2,80733.326,95
2,80735.841,95
2,80738.311,95
2,80742.332,95
2,80745.205,95
2,80747.702,95
2,80750.312,95
2,80752.849,95
2,80756.378,95
2,80760.529,95
2,80762.929,95
2,80765.597,95
2,80768.139,95
2,80770.693,95
2,80773.387,95
2,80777.716,95
2,80780.350,95
2,80783.250,95
2,80785.907,95
2,80788.860,95
2,80791.434,95
2,80795.691,95
2,80798.148,95
2,80800.869,95
2,80803.412,95
2,80805.864,95
2,80810.139,95
2,80812.694,96
2,80815.754,96
2,80818.367,96
2,80820.981,96
2,80823.644,96
2,80827.596,96
2,80830.073,96
2,80832.573,96
2,80835.238,96
2,80837.734,96
2,80840.795,96
2,80844.382,96
2,80846.865,96
2,80849.415,96
2,80851.887,96
2,80854.630,96
2,80859.086,96
2,80861.842,96
2,80864.175,96
2,80866.727,96
2,80869.373,96
2,80872.096,96
2,80876.135,96
2,80878.645,96
2,80881.154,96
2,80883.925,96
2,80886.353,96
2,80890.230,96
2,80893.625,96
2,80896.184,96
2,80898.854,96
2,80901.554,96
2,80904.841,96
2,80909.780,96
2,80912.861,96
2,80916.015,96
2,80918.619,96
2,80921.262,96
2,80925.274,96
2,80928.035,96
2,80930.522,96
2,80933.230,96
2,80935.820,96
2,80938.433,96
2,80942.105,96
2,80944.736,96
2,80947.190,96
2,80949.878,96
2,80952.742,96
2,80955.141,96
2,80957.780,96
2,80962.364,96
2,80964.924,96
2,80967.920,96
2,80970.832,96
2,80973.655,96
2,80977.522,96
2,80980.135,97
2,80982.962,97
2,80985.677,97
2,80988.152,97
2,80992.363,97
2,80995.001,97
2,80997.653,97
2,81000.215,97
2,81003.404,97
2,81006.113,97
2,81009.814,97
2,81012.369,97
2,81015.445,97
2,81017.917,97
2,81020.484,97
2,81023.197,97
2,81026.973,97
2,81030.021,97
2,81032.631,97
2,81035.107,97
2,81037.979,97
2,81040.596,97
2,81044.878,97
2,81047.659,97
2,81050.251,97
2,81052.762,97
2,81055.322,97
2,81057.975,97
2,81061.754,97
2,81064.779,97
2,81067.350,97
2,81069.775,97
2,81072.622,97
2,81076.657,97
2,81081.674,97
2,81084.297,97
2,81086.965,97
2,81090.031,97
2,81094.247,97
2,81096.757,97
2,81099.266,97
2,81102.121,97
2,81104.614,97
2,81107.045,97
2,81111.678,97
2,81114.283,97
2,81116.868,97
2,81119.462,97
2,81122.103,97
2,81124.606,97
2,81127.049,97
2,81131.018,97
2,81133.684,97
2,81136.265,97
2,81139.255,97
2,81142.021,97
2,81145.847,97
2,81148.262,98
2,81150.619,98
2,81153.245,98
2,81155.776,98
2,81160.049,98
2,81162.645,98
2,81165.366,98
2,81167.898,98
2,81170.700,98
2,81173.945,98
2,81177.752,98
2,81180.316,98
2,81183.121,98
2,81185.814,98
2,81188.243,98
2,81192.770,98
2,81195.241,98
2,81197.850,98
2,81200.371,98
2,81202.927,98
2,81205.530,98
2,81209.076,98
2,81211.738,98
2,81214.874,98
2,81217.641,98
2,81220.374,98
2,81223.586,98
2,81226.864,98
2,81229.201,98
2,81231.741,98
2,81234.343,98
2,81236.793,98
2,81239.894,98
2,81243.579,98
2,81246.156,98
2,81248.674,98
2,81251.817,98
2,81254.469,98
2,81257.158,98
2,81261.904,98
2,81266.346,98
2,81269.226,98
2,81272.263,98
2,81276.307,98
2,81279.286,98
2,81282.111,98
2,81284.583,98
2,81287.578,98
2,81290.266,98
2,81292.992,98
2,81296.942,98
2,81299.511,98
2,81302.256,98
2,81305.628,98
2,81309.541,98
2,81312.098,99
2,81314.879,99
2,81317.330,99
2,81319.778,99
2,81322.314,99
2,81326.226,99
2,81328.748,99
2,81331.323,99
2,81333.779,99
2,81336.378,99
2,81339.463,99
2,81343.981,99
2,81346.756,99
2,81349.385,99
2,81351.974,99
2,81354.606,99
2,81358.846,99
2,81361.467,99
2,81364.461,99
2,81367.006,99
2,81369.702,99
2,81372.459,99
2,81376.143,99
2,81378.853,99
2,81381.423,99
2,81384.120,99
2,81386.627,99
2,81389.380,99
2,81393.151,99
2,81395.790,99
2,81398.373,99
2,81400.887,99
2,81403.534,99
2,81407.600,99
2,81410.811,99
2,81413.311,99
2,81415.972,99
2,81418.670,99
2,81421.258,99
2,81425.295,99
2,81428.129,99
2,81430.850,99
2,81433.428,99
2,81436.211,99
2,81438.791,99
2,81442.746,99
2,81445.809,99
2,81448.414,99
2,81451.040,99
2,81453.412,99
2,81456.466,99
2,81459.498,99
2,81463.152,99
2,81465.722,99
2,81468.789,99
2,81471.309,99
2,81474.114,99
2,81477.765,99
2,81480.274,100
2,81482.794,100
2,81485.677,100
2,81488.413,100
2,81492.378,100
2,81495.488,100
2,81498.133,100
2,81501.962,100
2,81504.715,100
2,81509.085,100
2,81514.288,100
2,81517.082,100
2,81520.386,100
2,81523.561,100
2,81527.598,100
2,81530.169,100
2,81532.925,100
2,81535.466,100
2,81538.057,100
2,81542.923,100
2,81545.961,100
2,81548.533,100
2,81551.005,100
2,81554.590,100
2,81557.383,100
2,81561.293,100
2,81564.262,100
2,81566.860,100
2,81569.518,100
2,81573.305,100
2,81577.086,100
2,81579.787,100
2,81582.439,100
2,81585.176,100
2,81587.706,100
2,81590.289,100
2,81594.269,100
2,81596.811,100
2,81599.324,100
2,81601.974,100
2,81604.957,100
2,81609.399,100
2,81612.090,100
2,81615.079,100
2,81617.978,100
2,81620.959,100
2,81623.589,100
2,81628.146,100
2,81630.618,100
2,81633.242,100
2,81635.806,100
2,81638.436,100
2,81642.359,100
2,81645.868,101
2,81648.945,101
2,81652.111,101
2,81656.030,101
2,81659.915,101
2,81662.286,101
2,81665.324,101
2,81667.835,101
2,81670.741,101
2,81673.353,101
2,81677.362,101
2,81679.913,101
2,81682.677,101
2,81686.467,101
2,81690.900,101
2,81694.123,101
2,81696.693,101
2,81699.835,101
2,81702.742,101
2,81705.290,101
2,81708.107,101
2,81711.765,101
2,81714.789,101
2,81717.365,101
2,81721.306,101
2,81725.437,101
2,81728.197,101
2,81730.739,101
2,81733.282,101
2,81735.740,101
2,81738.294,101
2,81743.136,101
2,81745.724,101
2,81748.508,101
2,81751.038,101
2,81753.692,101
2,81757.009,101
2,81760.341,101
2,81763.033,101
2,81765.842,101
2,81768.545,101
2,81771.258,101
2,81775.702,101
2,81778.454,101
2,81780.957,101
2,81783.529,101
2,81786.044,101
2,81788.567,101
2,81793.380,101
2,81797.704,101
2,81800.336,101
2,81803.114,101
2,81807.711,101
2,81812.387,101
2,81815.010,102
2,81817.641,102
2,81820.995,102
2,81823.799,102
2,81827.752,102
2,81830.342,102
2,81833.168,102
2,81836.236,102
2,81838.956,102
2,81842.730,102
2,81845.267,102
2,81847.878,102
2,81850.635,102
2,81853.285,102
2,81856.176,102
2,81860.271,102
2,81862.923,102
2,81865.716,102
2,81868.497,102
2,81870.967,102
2,81873.856,102
2,81877.504,102
2,81881.408,102
2,81884.110,102
2,81886.767,102
2,81889.647,102
2,81893.551,102
2,81896.177,102
2,81898.961,102
2,81901.612,102
2,81904.253,102
2,81907.156,102
2,81911.149,102
2,81913.865,102
2,81916.788,102
2,81919.436,102
2,81923.038,102
2,81926.824,102
2,81930.043,102
2,81932.726,102
2,81935.461,102
2,81938.124,102
2,81941.064,102
2,81944.719,102
2,81947.682,102
2,81950.335,102
2,81953.031,102
2,81955.721,102
2,81958.367,102
2,81961.035,102
2,81963.738,102
2,81966.625,102
2,81969.539,102
2,81972.726,102
2,81975.403,102
2,81978.085,102
2,81980.632,103
2,81985.183,103
2,81987.757,103
2,81990.740,103
2,81993.418,103
2,81996.352,103
2,82000.683,103
2,82003.502,103
2,82006.284,103
2,82009.324,103
2,82013.368,103
2,82015.949,103
2,82019.053,103
2,82021.854,103
2,82026.084,103
2,82028.665,103
2,82031.767,103
2,82034.394,103
2,82037.004,103
2,82040.178,103
2,82043.779,103
2,82046.266,103
2,82048.889,103
2,82052.072,103
2,82054.898,103
2,82059.631,103
2,82062.132,103
2,82064.784,103
2,82067.462,103
2,82070.114,103
2,82072.783,103
2,82076.376,103
2,82079.034,103
2,82081.827,103
2,82084.330,103
2,82087.022,103
2,82089.980,103
2,82093.595,103
2,82096.055,103
2,82098.785,103
2,82101.837,103
2,82104.570,103
2,82107.397,103
2,82111.132,103
2,82113.744,103
2,82116.607,103
2,82119.243,103
2,82122.100,103
2,82124.760,103
2,82129.224,103
2,82131.940,103
2,82135.171,103
2,82138.295,103
2,82142.827,103
2,82145.753,104
2,82148.442,104
2,82151.173,104
2,82153.885,104
2,82157.042,104
2,82160.321,104
2,82162.891,104
2,82165.454,104
2,82168.358,104
2,82171.049,104
2,82173.711,104
2,82178.442,104
2,82180.994,104
2,82184.349,104
2,82187.185,104
2,82190.131,104
2,82194.211,104
2,82196.817,104
2,82199.367,104
2,82202.072,104
2,82204.782,104
2,82207.522,104
2,82211.595,104
2,82215.293,104
2,82218.073,104
2,82220.831,104
2,82223.608,104
2,82227.218,104
2,82229.731,104
2,82232.364,104
2,82235.078,104
2,82237.867,104
2,82242.485,104
2,82245.246,104
2,82247.898,104
2,82250.546,104
2,82253.088,104
2,82256.025,104
2,82259.927,104
2,82262.910,104
2,82265.633,104
2,82268.149,104
2,82270.781,104
2,82273.608,104
2,82277.447,104
2,82280.029,104
2,82282.735,104
2,82285.430,104
2,82287.977,104
2,82290.599,104
2,82293.285,104
2,82297.091,104
2,82299.988,104
2,82302.649,104
2,82305.713,104
2,82309.082,104
2,82312.332,104
2,82314.910,105
2,82317.821,105
2,82320.762,105
2,82323.782,105
2,82327.365,105
2,82329.963,105
2,82332.403,105
2,82335.278,105
2,82337.869,105
2,82341.227,105
2,82344.493,105
2,82347.090,105
2,82350.318,105
2,82352.894,105
2,82355.553,105
2,82359.290,105
2,82362.070,105
2,82364.754,105
2,82367.783,105
2,82370.349,105
2,82373.066,105
2,82377.184,105
2,82379.929,105
2,82383.172,105
2,82385.943,105
2,82388.503,105
2,82391.143,105
2,82395.005,105
2,82397.510,105
2,82400.436,105
2,82403.025,105
2,82406.053,105
2,82408.792,105
2,82412.878,105
2,82415.455,105
2,82418.523,105
2,82421.119,105
2,82423.861,105
2,82427.843,105
2,82430.454,105
2,82433.380,105
2,82435.994,105
2,82438.656,105
2,82441.939,105
2,82446.776,105
2,82449.815,105
2,82452.586,105
2,82455.733,105
2,82458.758,105
2,82461.569,105
2,82464.207,105
2,82467.109,105
2,82470.912,105
2,82473.753,105
2,82476.585,105
2,82479.254,106
2,82482.063,106
2,82485.800,106
2,82488.522,106
2,82491.617,106
2,82494.537,106
2,82496.927,106
2,82499.571,106
2,82503.672,106
2,82506.511,106
2,82509.356,106
2,82511.879,106
2,82514.534,106
2,82519.239,106
2,82521.983,106
2,82524.811,106
2,82527.951,106
2,82530.479,106
2,82533.376,106
2,82536.961,106
2,82539.552,106
2,82542.327,106
2,82545.137,106
2,82547.776,106
2,82551.645,106
2,82554.592,106
2,82557.450,106
2,82560.080,106
2,82562.689,106
2,82565.909,106
2,82569.179,106
2,82571.946,106
2,82574.534,106
2,82577.684,106
2,82580.186,106
2,82584.089,106
2,82586.956,106
2,82589.817,106
2,82592.397,106
2,82595.381,106
2,82598.824,106
2,82601.775,106
2,82604.942,106
2,82607.669,106
2,82610.456,106
2,82614.418,106
2,82616.761,106
2,82619.466,106
2,82622.034,106
2,82624.839,106
2,82627.752,106
2,82631.677,106
2,82634.221,106
2,82636.814,106
2,82639.262,106
2,82641.853,106
2,82644.457,106
2,82648.302,106
2,82650.744,107
2,82653.167,107
2,82655.829,107
2,82658.380,107
2,82661.393,107
2,82664.567,107
2,82667.315,107
2,82669.781,107
2,82672.796,107
2,82675.494,107
2,82678.908,107
2,82681.304,107
2,82683.963,107
2,82686.861,107
2,82689.635,107
2,82693.408,107
2,82696.489,107
2,82699.249,107
2,82703.367,107
2,82706.157,107
2,82709.888,107
2,82712.463,107
2,82717.197,107
2,82719.846,107
2,82722.727,107
2,82727.057,107
2,82730.351,107
2,82733.603,107
2,82736.189,107
2,82738.681,107
2,82742.858,107
2,82745.536,107
2,82748.103,107
2,82750.767,107
2,82753.210,107
2,82755.987,107
2,82760.065,107
2,82763.087,107
2,82765.614,107
2,82768.181,107
2,82771.408,107
2,82775.589,107
2,82778.426,107
2,82780.949,107
2,82784.209,107
2,82786.639,107
2,82789.237,107
2,82791.853,107
2,82794.614,107
2,82798.519,107
2,82801.174,107
2,82803.764,107
2,82806.502,107
2,82810.191,107
2,82812.755,109
2,82815.187,109
2,82817.917,109
2,82821.156,109
2,82824.097,109
2,82827.591,109
2,82830.161,109
2,82832.934,109
2,82835.571,109
2,82838.256,109
2,82840.843,109
2,82845.531,109
2,82848.101,109
2,82850.680,109
2,82853.843,109
2,82856.897,109
2,82860.622,109
2,82863.242,109
2,82865.836,109
2,82868.360,109
2,82871.548,109
2,82874.237,109
2,82877.857,109
2,82880.305,109
2,82883.122,109
2,82886.160,109
2,82889.032,109
2,82892.656,109
2,82895.107,109
2,82897.823,109
2,82900.420,109
2,82903.092,109
2,82905.794,109
2,82909.412,109
2,82911.961,109
2,82914.663,109
2,82917.363,109
2,82920.137,109
2,82922.821,109
2,82927.013,109
2,82929.626,109
2,82932.238,109
2,82934.929,109
2,82937.630,109
2,82940.344,109
2,82944.117,109
2,82947.111,109
2,82950.258,109
2,82952.666,109
2,82955.285,109
2,82957.876,109
2,82960.691,109
2,82964.672,109
2,82967.170,109
2,82969.994,109
2,82973.069,109
2,82975.766,109
2,82979.631,109
2,82982.302,110
2,82984.940,110
2,82987.605,110
2,82990.504,110
2,82993.604,110
2,82996.177,110
2,82998.525,110
2,83001.207,110
2,83003.942,110
2,83006.856,110
2,83010.553,110
2,83013.020,110
2,83015.609,110
2,83018.291,110
2,83020.857,110
2,83023.596,110
2,83027.266,110
2,83030.867,110
2,83034.184,110
2,83036.736,110
2,83039.757,110
2,83043.170,110
2,83046.338,110
2,83049.054,110
2,83051.838,110
2,83054.669,110
2,83057.463,110
2,83059.933,110
2,83062.526,110
2,83065.137,110
2,83067.819,110
2,83070.883,110
2,83073.866,110
2,83076.758,110
2,83079.547,110
2,83082.009,110
2,83084.722,110
2,83087.340,110
2,83090.390,110
2,83093.085,110
2,83095.926,110
2,83099.323,110
2,83101.986,110
2,83104.605,110
2,83107.137,110
2,83109.795,110
2,83113.754,110
2,83117.035,110
2,83119.746,110
2,83122.945,110
2,83126.026,110
2,83128.614,110
2,83131.135,110
2,83135.015,110
2,83137.914,110
2,83140.592,110
2,83143.273,110
2,83146.332,111
2,83150.304,111
2,83152.819,111
2,83155.452,111
2,83158.082,111
2,83160.790,111
2,83165.015,111
2,83167.621,111
2,83170.140,111
2,83173.073,111
2,83176.348,111
2,83179.202,111
2,83181.827,111
2,83184.450,111
2,83187.116,111
2,83189.850,111
2,83193.208,111
2,83196.004,111
2,83199.064,111
2,83202.091,111
2,83204.717,111
2,83208.671,111
2,83211.346,111
2,83214.042,111
2,83216.572,111
2,83219.180,111
2,83221.786,111
2,83225.590,111
2,83228.455,111
2,83230.979,111
2,83233.534,111
2,83236.101,111
2,83240.501,111
2,83244.296,111
2,83246.782,111
2,83249.221,111
2,83251.923,111
2,83254.493,111
2,83257.451,111
2,83260.949,111
2,83263.504,111
2,83265.828,111
2,83268.396,111
2,83270.923,111
2,83275.280,111
2,83278.003,111
2,83280.636,111
2,83283.265,111
2,83285.795,111
2,83288.361,111
2,83291.190,111
2,83294.798,111
2,83297.312,111
2,83299.986,111
2,83302.508,111
2,83305.099,111
2,83308.848,111
2,83311.917,112
2,83314.468,112
2,83317.104,112
2,83319.787,112
2,83323.072,112
2,83326.655,112
2,83329.241,112
2,83332.093,112
2,83334.523,112
2,83337.179,112
2,83341.423,112
2,83344.139,112
2,83346.581,112
2,83349.041,112
2,83351.664,112
2,83354.366,112
2,83358.586,112
2,83361.662,112
2,83364.332,112
2,83366.908,112
2,83369.759,112
2,83372.942,112
2,83376.139,112
2,83378.721,112
2,83381.340,112
2,83383.927,112
2,83386.496,112
2,83389.131,112
2,83392.120,112
2,83395.697,112
2,83398.244,112
2,83400.874,112
2,83403.627,112
2,83406.469,112
2,83410.713,112
2,83413.428,112
2,83415.950,112
2,83418.540,112
2,83421.077,112
2,83424.476,112
2,83428.172,112
2,83430.689,112
2,83433.223,112
2,83435.989,112
2,83438.428,112
2,83441.137,112
2,83444.628,112
2,83447.099,112
2,83449.836,112
2,83452.481,112
2,83455.067,112
2,83457.656,112
2,83460.338,112
2,83462.932,112
2,83466.617,112
2,83469.236,112
2,83471.575,112
2,83474.214,112
2,83476.794,112
2,83481.229,113
2,83484.592,113
2,83487.673,113
2,83490.252,113
2,83492.844,113
2,83495.911,113
2,83499.283,113
2,83502.134,113
2,83504.798,113
2,83507.504,113
2,83511.895,113
2,83514.428,113
2,83517.126,113
2,83519.656,113
2,83522.155,113
2,83524.616,113
2,83527.498,113
2,83530.460,113
2,83533.796,113
2,83536.396,113
2,83539.134,113
2,83541.988,113
2,83544.617,113
2,83547.132,113
2,83550.879,113
2,83553.484,113
2,83556.019,113
2,83559.057,113
2,83561.568,113
2,83565.719,113
2,83568.236,113
2,83570.770,113
2,83573.497,113
2,83576.089,113
2,83579.251,113
2,83582.067,113
2,83584.749,113
2,83587.348,113
2,83590.292,113
2,83592.902,113
2,83596.700,113
2,83599.129,113
2,83601.559,113
2,83604.764,113
2,83607.338,113
2,83611.072,113
2,83613.546,113
2,83616.175,113
2,83618.794,113
2,83621.293,113
2,83624.387,113
2,83627.135,113
2,83630.606,113
2,83633.296,113
2,83636.508,113
2,83639.039,113
2,83641.513,113
2,83647.066,113
2,83649.878,114
2,83652.671,114
2,83655.893,114
2,83661.426,114
2,83664.006,114
2,83666.944,114
2,83671.257,114
2,83675.173,114
2,83677.868,114
2,83680.649,114
2,83683.603,114
2,83686.159,114
2,83689.137,114
2,83691.789,114
2,83694.432,114
2,83698.268,114
2,83700.814,114
2,83704.308,114
2,83707.062,114
2,83710.422,114
2,83713.040,114
2,83715.449,114
2,83718.024,114
2,83720.643,114
2,83725.022,114
2,83728.364,114
2,83731.394,114
2,83733.875,114
2,83736.396,114
2,83739.316,114
2,83742.651,114
2,83745.740,114
2,83748.361,114
2,83750.945,114
2,83753.942,114
2,83758.530,114
2,83761.172,114
2,83763.778,114
2,83766.476,114
2,83769.321,114
2,83772.190,114
2,83775.696,114
2,83778.231,114
2,83780.760,114
2,83783.270,114
2,83785.854,114
2,83789.331,114
2,83792.658,114
2,83796.266,114
2,83798.786,114
2,83802.200,114
2,83804.880,114
2,83807.802,114
2,83811.414,114
2,83814.090,115
2,83816.667,115
2,83819.385,115
2,83822.092,115
2,83824.933,115
2,83827.500,115
2,83830.332,115
2,83833.245,115
2,83836.809,115
2,83839.502,115
2,83841.949,115
2,83844.602,115
2,83848.333,115
2,83851.124,115
2,83853.700,115
2,83856.352,115
2,83860.125,115
2,83862.678,115
2,83865.326,115
2,83867.935,115
2,83870.622,115
2,83874.854,115
2,83877.484,115
2,83880.184,115
2,83882.709,115
2,83885.270,115
2,83887.898,115
2,83891.492,115
2,83894.429,115
2,83897.151,115
2,83899.962,115
2,83902.506,115
2,83905.118,115
2,83909.061,115
2,83911.772,115
2,83914.705,115
2,83917.333,115
2,83920.027,115
2,83922.678,115
2,83926.635,115
2,83929.387,115
2,83931.863,115
2,83934.449,115
2,83936.990,115
2,83941.661,115
2,83944.540,115
2,83947.078,115
2,83949.626,115
2,83952.130,115
2,83954.642,115
2,83957.600,115
2,83961.415,115
2,83964.391,115
2,83966.976,115
2,83969.761,115
2,83972.461,115
2,83975.050,115
2,83978.958,115
2,83981.943,116
2,83984.822,116
2,83987.457,116
2,83990.161,116
2,83993.590,116
2,83996.155,116
2,83998.586,116
2,84001.053,116
2,84003.581,116
2,84007.952,116
2,84010.664,116
2,84013.005,116
2,84015.550,116
2,84018.164,116
2,84020.724,116
2,84023.802,116
2,84027.561,116
2,84030.861,116
2,84033.473,116
2,84036.101,116
2,84038.793,116
2,84043.098,116
2,84045.715,116
2,84048.693,116
2,84051.162,116
2,84054.195,116
2,84056.995,116
2,84061.292,116
2,84063.888,116
2,84066.569,116
2,84069.161,116
2,84071.748,116
2,84074.325,116
2,84077.964,116
2,84080.536,116
2,84083.003,116
2,84085.849,116
2,84088.403,116
2,84091.164,116
2,84095.114,116
2,84097.700,116
2,84100.524,116
2,84103.160,116
2,84106.105,116
2,84109.658,116
2,84112.964,116
2,84115.476,116
2,84118.284,116
2,84121.521,116
2,84124.568,116
2,84127.122,116
2,84131.066,116
2,84133.563,116
2,84136.110,116
2,84138.622,116
2,84141.351,116
2,84145.754,116
2,84148.348,117
2,84151.431,117
2,84154.041,117
2,84157.638,117
2,84160.381,117
2,84163.829,117
2,84166.430,117
2,84168.961,117
2,84171.527,117
2,84174.261,117
2,84176.829,117
2,84180.408,117
2,84183.646,117
2,84186.517,117
2,84189.179,117
2,84191.979,117
2,84194.769,117
2,84197.349,117
2,84201.088,117
2,84204.337,117
2,84207.268,117
2,84209.774,117
2,84212.375,117
2,84215.066,117
2,84219.181,117
2,84221.987,117
2,84225.078,117
2,84227.915,117
2,84230.515,117
2,84233.826,117
2,84236.778,117
2,84239.141,117
2,84242.095,117
2,84246.101,117
2,84248.607,117
2,84251.737,117
2,84254.795,117
2,84258.493,117
2,84262.032,117
2,84264.563,117
2,84267.177,117
2,84269.831,117
2,84274.139,117
2,84279.374,117
2,84282.053,117
2,84284.887,117
2,84287.521,117
2,84290.283,117
2,84293.397,117
2,84295.997,117
2,84299.948,117
2,84302.737,117
2,84305.330,117
2,84307.893,117
2,84310.603,117
2,84314.192,117
2,84316.848,118
2,84319.527,118
2,84322.148,118
2,84326.189,118
2,84328.519,118
2,84332.140,118
2,84334.815,118
2,84337.446,118
2,84340.208,118
2,84343.752,118
2,84346.473,118
2,84349.126,118
2,84351.959,118
2,84354.844,118
2,84358.608,118
2,84361.397,118
2,84363.873,118
2,84366.460,118
2,84369.093,118
2,84371.681,118
2,84376.443,118
2,84379.210,118
2,84381.900,118
2,84384.455,118
2,84387.037,118
2,84390.050,118
2,84393.492,118
2,84395.840,118
2,84398.382,118
2,84401.009,118
2,84403.667,118
2,84406.655,118
2,84410.381,118
2,84413.152,118
2,84415.753,118
2,84418.146,118
2,84421.095,118
2,84424.317,118
2,84427.353,118
2,84430.308,118
2,84432.801,118
2,84435.545,118
2,84438.113,118
2,84440.738,118
2,84443.235,118
2,84446.994,118
2,84449.699,118
2,84452.270,118
2,84454.864,118
2,84457.655,118
2,84460.404,118
2,84463.164,118
2,84465.935,118
2,84468.903,118
2,84471.550,118
2,84474.223,118
2,84477.723,118
2,84480.218,119
2,84482.823,119
2,84485.392,119
2,84487.964,119
2,84491.052,119
2,84494.002,119
2,84496.527,119
2,84499.225,119
2,84502.085,119
2,84505.840,119
2,84509.426,119
2,84511.854,119
2,84514.880,119
2,84517.501,119
2,84520.078,119
2,84522.714,119
2,84526.254,119
2,84528.841,119
2,84531.917,119
2,84535.638,119
2,84540.350,119
2,84543.536,119
2,84548.145,119
2,84550.534,119
2,84553.164,119
2,84555.847,119
2,84558.855,119
2,84563.729,119
2,84567.206,119
2,84569.859,119
2,84572.519,119
2,84575.391,119
2,84578.841,119
2,84582.746,119
2,84585.510,119
2,84587.957,119
2,84590.669,119
2,84594.490,119
2,84597.003,119
2,84599.545,119
2,84602.225,119
2,84604.779,119
2,84608.292,119
2,84610.753,119
2,84613.355,119
2,84615.880,119
2,84618.463,119
2,84621.174,119
2,84623.724,119
2,84628.048,119
2,84630.559,119
2,84634.095,119
2,84636.687,119
2,84639.929,119
2,84642.888,119
2,84645.520,120
2,84650.332,120
2,84654.991,120
2,84660.012,120
2,84662.809,120
2,84665.490,120
2,84668.854,120
2,84672.103,120
2,84675.398,120
2,84677.957,120
2,84680.432,120
2,84682.902,120
2,84685.455,120
2,84688.201,120
2,84692.339,120
2,84694.990,120
2,84697.580,120
2,84700.020,120
2,84702.633,120
2,84705.605,120
2,84709.067,120
2,84711.769,120
2,84714.374,120
2,84717.117,120
2,84719.717,120
2,84722.117,120
2,84725.767,120
2,84728.463,120
2,84730.931,120
2,84733.521,120
2,84736.135,120
2,84738.700,120
2,84742.394,120
2,84744.956,120
2,84747.537,120
2,84750.119,120
2,84752.670,120
2,84755.233,120
2,84758.779,120
2,84761.479,120
2,84763.888,120
2,84766.521,120
2,84769.159,120
2,84771.727,120
2,84776.162,120
2,84778.786,120
2,84781.535,120
2,84784.189,120
2,84786.822,120
2,84789.632,120
2,84792.238,120
2,84795.922,120
2,84798.440,120
2,84801.036,120
2,84803.599,120
2,84808.167,120
2,84810.849,120
2,84813.161,120
2,84816.098,120
2,84818.744,120
2,84821.919,120
2,84825.981,120
2,84828.484,120
2,84831.045,120
2,84833.611,120
2,84836.216,120
2,84839.194,120
2,84842.440,120
2,84845.108,120
2,84847.696,120
2,84850.261,120
2,84852.903,120
2,84855.613,120
2,84858.831,120
2,84861.702,120
2,84864.111,120
2,84866.642,120
2,84869.253,120
2,84871.907,120
2,84875.467,120
2,84878.270,120
2,84880.944,120
2,84883.446,120
2,84887.272,120
2,84890.167,120
2,84893.723,120
2,84896.043,120
2,84898.483,120
2,84901.104,120
2,84903.554,120
2,84906.279,120
2,84909.702,120
2,84912.170,120
2,84914.676,120
2,84917.279,120
2,84919.924,120
2,84922.850,120
2,84925.943,120
2,84928.464,120
2,84931.055,120
2,84933.598,120
2,84936.818,120
2,84939.342,120
2,84944.345,120
2,84946.881,120
2,84949.440,120
2,84951.964,120
2,84954.472,120
2,84957.303,120
2,84960.064,120
2,84963.953,120
2,84966.695,120
2,84969.277,120
2,84971.974,120
2,84975.439,120
2,84978.106,120
3,84980.575,0
3,84983.714,0
3,84986.248,0
3,84988.979,0
3,84992.151,0
3,84995.144,0
3,84997.670,0
3,85000.561,0
3,85003.058,0
3,85005.680,0
3,85009.845,0
3,85012.411,0
3,85015.270,0
3,85017.842,0
3,85020.361,0
3,85023.011,0
3,85026.483,0
3,85029.085,0
3,85031.543,0
3,85034.095,0
3,85036.596,0
3,85039.307,0
3,85043.188,0
3,85045.810,0
3,85048.253,0
3,85051.191,0
3,85053.749,0
3,85056.416,0
3,85060.949,0
3,85063.781,0
3,85066.500,0
3,85068.965,0
3,85073.135,0
3,85076.035,0
3,85079.586,0
3,85082.495,0
3,85085.207,0
3,85087.862,0
3,85090.805,0
3,85093.333,0
3,85097.478,0
3,85100.287,0
3,85102.675,0
3,85105.352,0
3,85107.994,0
3,85111.750,0
3,85114.256,0
3,85116.782,0
3,85119.395,0
3,85121.975,0
3,85124.558,0
3,85127.662,0
3,85131.323,0
3,85133.906,0
3,85136.508,0
3,85139.158,0
3,85141.795,0
3,85145.437,0
3,85150.325,0
3,85153.135,0
3,85155.801,0
3,85158.530,0
3,85161.755,0
3,85164.644,0
3,85167.289,0
3,85170.029,0
3,85172.693,0
3,85175.443,0
3,85179.618,0
3,85182.199,0
3,85184.793,0
3,85187.342,0
3,85190.036,0
3,85193.819,0
3,85196.341,0
3,85199.097,0
3,85201.694,0
3,85204.245,0
3,85206.946,0
3,85211.070,0
3,85213.751,0
3,85216.486,0
3,85219.227,0
3,85221.790,0
3,85225.884,0
3,85228.498,0
3,85231.227,0
3,85233.955,0
3,85236.557,0
3,85240.332,0
3,85243.971,0
3,85246.549,0
3,85249.176,0
3,85251.862,0
3,85254.537,0
3,85257.947,0
3,85261.382,0
3,85263.928,0
3,85266.581,0
3,85269.865,0
3,85272.760,0
3,85276.527,0
3,85279.205,0
3,85281.843,0
3,85284.445,0
3,85286.979,0
3,85289.577,0
3,85292.128,0
3,85296.184,0
3,85298.672,0
3,85301.397,0
3,85304.035,0
3,85307.091,0
3,85310.611,0
3,85313.143,0
3,85315.857,0
3,85318.285,0
3,85321.359,0
3,85324.215,0
3,85327.943,0
3,85330.416,0
3,85333.117,0
3,85335.864,0
3,85338.462,0
3,85341.124,0
3,85344.656,0
3,85347.135,0
3,85349.726,0
3,85352.267,0
3,85354.961,0
3,85358.588,0
3,85361.285,0
3,85363.794,0
3,85366.421,0
3,85369.683,0
3,85372.697,0
3,85376.548,0
3,85379.534,0
3,85382.022,0
3,85384.674,0
3,85387.632,0
3,85390.320,0
3,85393.725,0
3,85396.188,0
3,85399.272,0
3,85401.946,0
3,85404.662,0
3,85408.485,0
3,85411.137,0
3,85414.035,0
3,85416.504,0
3,85419.186,0
3,85421.746,0
3,85424.348,0
3,85427.070,0
3,85430.703,0
3,85433.360,0
3,85435.968,0
3,85438.636,0
3,85441.356,0
3,85444.306,0
3,85447.093,0
3,85450.019,0
3,85452.561,0
3,85455.614,0
3,85458.204,0
3,85460.828,0
3,85463.394,0
3,85466.114,0
3,85468.986,0
3,85471.826,0
3,85474.859,0
3,85477.481,0
3,85480.041,0
3,85482.643,0
3,85485.729,0
3,85488.455,0
3,85491.310,0
3,85493.986,0
3,85496.513,0
3,85499.039,0
3,85501.737,0
3,85504.553,0
3,85507.412,0
3,85510.154,0
3,85513.973,0
3,85516.623,0
3,85519.359,0
3,85523.346,0
3,85525.945,0
3,85528.610,0
3,85531.256,0
3,85534.756,0
3,85537.492,0
3,85541.131,0
3,85544.021,0
3,85546.602,0
3,85549.311,0
3,85552.858,0
3,85555.480,0
3,85558.166,0
3,85560.910,0
3,85563.428,0
3,85566.245,0
3,85569.501,0
3,85572.666,0
3,85575.319,0
3,85577.917,0
3,85580.450,0
3,85583.252,0
3,85586.635,0
3,85589.294,0
3,85591.990,0
3,85595.258,0
3,85599.345,0
3,85602.140,0
3,85604.727,0
3,85607.357,0
3,85610.034,0
3,85612.639,0
3,85615.284,0
3,85618.928,0
3,85621.482,0
3,85623.963,0
3,85626.482,0
3,85629.177,0
3,85633.470,0
3,85636.249,0
3,85639.254,0
3,85641.796,0
3,85644.403,0
3,85646.920,0
3,85651.207,0
3,85653.973,0
3,85656.601,0
3,85660.306,0
3,85662.797,2
3,85665.620,2
3,85669.650,2
3,85673.071,2
3,85675.811,2
3,85678.235,2
3,85680.718,2
3,85683.844,2
3,85686.598,2
3,85689.200,2
3,85692.091,2
3,85694.682,2
3,85697.254,2
3,85699.823,2
3,85702.375,2
3,85705.002,2
3,85707.639,2
3,85710.583,2
3,85713.158,2
3,85716.041,2
3,85718.647,2
3,85721.019,2
3,85724.197,2
3,85727.046,2
3,85729.724,2
3,85732.302,2
3,85734.938,2
3,85737.530,2
3,85740.859,2
3,85743.659,2
3,85746.480,2
3,85749.652,2
3,85752.592,2
3,85755.527,2
3,85758.681,2
3,85762.688,2
3,85765.314,2
3,85767.899,2
3,85770.493,2
3,85773.119,2
3,85777.984,2
3,85780.541,2
3,85783.171,2
3,85785.570,2
3,85788.124,2
3,85790.772,2
3,85793.400,2
3,85797.357,2
3,85799.842,2
3,85802.468,2
3,85804.970,2
3,85808.102,2
3,85811.622,2
3,85814.084,3
3,85816.771,3
3,85819.774,3
3,85822.485,3
3,85826.176,3
3,85829.325,3
3,85832.008,3
3,85834.355,3
3,85836.942,3
3,85840.124,3
3,85843.759,3
3,85846.366,3
3,85848.982,3
3,85851.388,3
3,85853.961,3
3,85856.559,3
3,85860.327,3
3,85862.909,3
3,85865.376,3
3,85868.490,3
3,85871.114,3
3,85873.680,3
3,85877.557,3
3,85880.085,3
3,85883.170,3
3,85885.817,3
3,85888.333,3
3,85890.810,3
3,85894.538,3
3,85897.067,3
3,85899.673,3
3,85902.296,3
3,85904.618,3
3,85907.323,3
3,85910.917,3
3,85913.464,3
3,85915.990,3
3,85918.667,3
3,85921.334,3
3,85923.931,3
3,85927.899,3
3,85930.166,3
3,85932.681,3
3,85935.352,3
3,85937.896,3
3,85940.521,3
3,85944.585,3
3,85947.239,3
3,85949.822,3
3,85952.400,3
3,85954.757,3
3,85957.289,3
3,85959.823,3
3,85963.015,3
3,85966.059,3
3,85968.756,3
3,85971.299,3
3,85974.426,3
3,85977.172,3
3,85980.801,4
3,85983.667,4
3,85986.023,4
3,85988.515,4
3,85991.104,4
3,85993.699,4
3,85996.207,4
3,85999.305,4
3,86002.533,4
3,86005.153,4
3,86008.175,4
3,86010.895,4
3,86013.428,4
3,86016.552,4
3,86019.435,4
3,86022.019,4
3,86024.648,4
3,86027.543,4
3,86030.018,4
3,86033.028,4
3,86035.856,4
3,86038.660,4
3,86041.659,4
3,86044.350,4
3,86046.952,4
3,86049.948,4
3,86053.063,4
3,86056.251,4
3,86059.179,4
3,86062.360,4
3,86065.090,4
3,86067.834,4
3,86070.618,4
3,86073.310,4
3,86076.683,4
3,86079.156,4
3,86081.854,4
3,86084.459,4
3,86087.173,4
3,86089.863,4
3,86093.104,4
3,86096.236,4
3,86098.900,4
3,86101.464,4
3,86104.458,4
3,86107.133,4
3,86109.894,4
3,86112.740,4
3,86116.132,4
3,86118.771,4
3,86121.425,4
3,86124.130,4
3,86126.748,4
3,86129.329,4
3,86131.834,4
3,86134.628,4
3,86137.307,4
3,86140.238,4
3,86142.835,4
3,86146.268,5
3,86148.721,5
3,86151.225,5
3,86154.130,5
3,86156.903,5
3,86159.690,5
3,86162.553,5
3,86165.316,5
3,86167.920,5
3,86170.623,5
3,86174.303,5
3,86177.131,5
3,86179.525,5
3,86184.207,5
3,86187.029,5
3,86191.544,5
3,86194.236,5
3,86197.297,5
3,86199.986,5
3,86202.636,5
3,86205.407,5
3,86208.426,5
3,86212.582,5
3,86215.663,5
3,86218.453,5
3,86221.217,5
3,86223.921,5
3,86227.145,5
3,86230.061,5
3,86233.721,5
3,86236.355,5
3,86239.096,5
3,86241.893,5
3,86244.532,5
3,86247.170,5
3,86250.152,5
3,86253.570,5
3,86256.780,5
3,86259.541,5
3,86262.129,5
3,86265.826,5
3,86269.339,5
3,86272.245,5
3,86274.957,5
3,86277.586,5
3,86280.266,5
3,86283.073,5
3,86286.212,5
3,86289.113,5
3,86291.971,5
3,86294.581,5
3,86297.048,5
3,86299.518,5
3,86302.384,5
3,86304.995,5
3,86307.958,5
3,86310.955,5
3,86313.719,5
3,86316.256,5
3,86320.384,5
3,86323.326,5
3,86326.165,5
3,86329.923,6
3,86332.667,6
3,86335.327,6
3,86338.128,6
3,86340.893,6
3,86343.752,6
3,86346.564,6
3,86349.389,6
3,86352.450,6
3,86355.306,6
3,86357.941,6
3,86361.035,6
3,86364.210,6
3,86366.939,6
3,86370.136,6
3,86372.814,6
3,86375.369,6
3,86377.997,6
3,86380.736,6
3,86383.486,6
3,86386.270,6
3,86388.911,6
3,86391.631,6
3,86394.301,6
3,86397.457,6
3,86400.095,6
3,86402.890,6
3,86405.749,6
3,86408.317,6
3,86411.056,6
3,86413.640,6
3,86416.404,6
3,86419.722,6
3,86422.652,6
3,86425.202,6
3,86427.804,6
3,86431.670,6
3,86434.205,6
3,86436.618,6
3,86439.340,6
3,86442.655,6
3,86446.213,6
3,86449.882,6
3,86452.674,6
3,86455.322,6
3,86457.940,6
3,86461.719,6
3,86464.361,6
3,86467.145,6
3,86470.170,6
3,86474.665,6
3,86477.351,6
3,86479.668,7
3,86482.461,7
3,86485.123,7
3,86487.721,7
3,86490.448,7
3,86493.839,7
3,86497.357,7
3,86500.096,7
3,86503.342,7
3,86506.380,7
3,86509.102,7
3,86512.005,7
3,86514.733,7
3,86517.529,7
3,86520.072,7
3,86522.717,7
3,86525.628,7
3,86529.240,7
3,86532.408,7
3,86535.033,7
3,86537.608,7
3,86540.434,7
3,86543.014,7
3,86545.656,7
3,86548.601,7
3,86551.372,7
3,86554.190,7
3,86556.829,7
3,86559.420,7
3,86562.065,7
3,86564.838,7
3,86568.190,7
3,86571.679,7
3,86574.363,7
3,86577.330,7
3,86581.628,7
3,86584.251,7
3,86586.900,7
3,86590.129,7
3,86593.477,7
3,86596.040,7
3,86598.604,7
3,86601.329,7
3,86604.280,7
3,86608.689,7
3,86611.371,7
3,86613.895,7
3,86616.477,7
3,86619.070,7
3,86621.732,7
3,86624.390,7
3,86628.398,7
3,86630.962,7
3,86633.573,7
3,86636.343,7
3,86639.118,7
3,86642.674,7
3,86645.254,8
3,86647.861,8
3,86650.492,8
3,86653.087,8
3,86655.765,8
3,86659.398,8
3,86661.921,8
3,86664.546,8
3,86667.229,8
3,86669.799,8
3,86672.500,8
3,86676.258,8
3,86679.343,8
3,86682.026,8
3,86684.628,8
3,86687.120,8
3,86690.047,8
3,86693.615,8
3,86696.191,8
3,86698.566,8
3,86701.129,8
3,86703.791,8
3,86706.935,8
3,86710.582,8
3,86714.527,8
3,86717.232,8
3,86719.787,8
3,86722.587,8
3,86726.408,8
3,86729.219,8
3,86732.008,8
3,86734.573,8
3,86737.383,8
3,86740.190,8
3,86743.648,8
3,86746.555,8
3,86749.286,8
3,86752.663,8
3,86755.218,8
3,86757.812,8
3,86760.509,8
3,86763.264,8
3,86766.663,8
3,86769.394,8
3,86772.080,8
3,86775.455,8
3,86778.177,8
3,86780.719,8
3,86784.312,8
3,86787.166,8
3,86789.876,8
3,86792.586,8
3,86795.919,8
3,86798.577,8
3,86801.295,8
3,86804.089,8
3,86807.631,8
3,86810.433,8
3,86812.933,9
3,86815.459,9
3,86818.107,9
3,86820.817,9
3,86823.786,9
3,86826.506,9
3,86829.303,9
3,86831.953,9
3,86834.686,9
3,86837.534,9
3,86840.263,9
3,86842.996,9
3,86846.243,9
3,86849.338,9
3,86852.795,9
3,86855.707,9
3,86858.460,9
3,86861.947,9
3,86864.475,9
3,86867.058,9
3,86869.433,9
3,86872.333,9
3,86876.128,9
3,86878.714,9
3,86881.339,9
3,86884.049,9
3,86886.701,9
3,86889.497,9
3,86893.025,9
3,86896.098,9
3,86898.949,9
3,86901.645,9
3,86904.286,9
3,86907.385,9
3,86910.941,9
3,86913.472,9
3,86916.092,9
3,86919.316,9
3,86922.077,9
3,86926.010,9
3,86929.046,9
3,86931.688,9
3,86934.456,9
3,86937.105,9
3,86941.426,9
3,86944.292,9
3,86946.948,9
3,86949.805,9
3,86952.477,9
3,86955.177,9
3,86957.886,9
3,86961.805,9
3,86964.457,9
3,86967.196,9
3,86969.818,9
3,86972.565,9
3,86976.010,9
3,86978.733,10
3,86981.460,10
3,86984.337,10
3,86986.993,10
3,86989.814,10
3,86993.546,10
3,86996.134,10
3,86998.737,10
3,87001.598,10
3,87004.406,10
3,87008.979,10
3,87011.802,10
3,87014.484,10
3,87017.124,10
3,87019.820,10
3,87022.607,10
3,87026.150,10
3,87028.698,10
3,87031.281,10
3,87033.893,10
3,87036.518,10
3,87039.332,10
3,87043.098,10
3,87046.085,10
3,87049.216,10
3,87051.890,10
3,87055.344,10
3,87059.151,10
3,87061.747,10
3,87064.239,10
3,87066.920,10
3,87069.501,10
3,87072.130,10
3,87075.851,10
3,87079.096,10
3,87081.755,10
3,87084.437,10
3,87087.166,10
3,87089.963,10
3,87093.223,10
3,87095.767,10
3,87098.432,10
3,87101.190,10
3,87103.907,10
3,87106.743,10
3,87109.534,10
3,87112.589,10
3,87115.156,10
3,87117.694,10
3,87120.419,10
3,87123.167,10
3,87126.548,10
3,87130.053,10
3,87132.557,10
3,87135.241,10
3,87137.883,10
3,87141.976,10
3,87144.784,10
3,87147.324,11
3,87149.905,11
3,87152.618,11
3,87155.194,11
3,87159.205,11
3,87161.757,11
3,87164.357,11
3,87166.953,11
3,87169.373,11
3,87171.943,11
3,87175.873,11
3,87178.838,11
3,87181.525,11
3,87184.251,11
3,87187.002,11
3,87189.791,11
3,87193.362,11
3,87195.933,11
3,87198.579,11
3,87201.171,11
3,87204.388,11
3,87207.177,11
3,87210.587,11
3,87213.170,11
3,87215.761,11
3,87218.430,11
3,87221.739,11
3,87225.654,11
3,87228.621,11
3,87231.126,11
3,87233.857,11
3,87236.504,11
3,87239.793,11
3,87243.049,11
3,87245.633,11
3,87248.272,11
3,87250.947,11
3,87253.561,11
3,87256.290,11
3,87259.761,11
3,87262.361,11
3,87265.096,11
3,87268.225,11
3,87270.950,11
3,87273.710,11
3,87277.721,11
3,87280.404,11
3,87283.202,11
3,87285.636,11
3,87288.303,11
3,87291.040,11
3,87293.942,11
3,87297.638,11
3,87300.678,11
3,87303.327,11
3,87306.264,11
3,87309.984,11
3,87312.563,12
3,87315.262,12
3,87317.891,12
3,87320.607,12
3,87323.343,12
3,87326.852,12
3,87329.418,12
3,87332.040,12
3,87334.815,12
3,87337.563,12
3,87340.312,12
3,87343.977,12
3,87346.481,12
3,87349.116,12
3,87351.823,12
3,87354.619,12
3,87358.459,12
3,87361.154,12
3,87363.798,12
3,87366.531,12
3,87369.209,12
3,87371.780,12
3,87374.409,12
3,87378.036,12
3,87380.552,12
3,87383.421,12
3,87386.059,12
3,87388.930,12
3,87392.860,12
3,87395.421,12
3,87398.065,12
3,87400.691,12
3,87403.258,12
3,87406.117,12
3,87409.808,12
3,87412.450,12
3,87415.149,12
3,87417.777,12
3,87420.562,12
3,87423.338,12
3,87426.770,12
3,87429.314,12
3,87431.946,12
3,87434.568,12
3,87437.190,12
3,87440.074,12
3,87444.187,12
3,87446.897,12
3,87449.577,12
3,87452.527,12
3,87455.240,12
3,87458.282,12
3,87462.192,12
3,87464.768,12
3,87467.452,12
3,87470.058,12
3,87472.709,12
3,87476.355,12
3,87479.070,13
3,87481.712,13
3,87484.428,13
3,87487.152,13
3,87490.083,13
3,87492.960,13
3,87496.559,13
3,87499.273,13
3,87501.995,13
3,87505.883,13
3,87508.775,13
3,87513.026,13
3,87515.760,13
3,87518.565,13
3,87521.263,13
3,87525.763,13
3,87528.428,13
3,87531.110,13
3,87533.663,13
3,87536.298,13
3,87539.230,13
3,87543.001,13
3,87545.374,13
3,87548.476,13
3,87551.101,13
3,87553.801,13
3,87556.601,13
3,87560.183,13
3,87564.336,13
3,87566.961,13
3,87569.520,13
3,87572.657,13
3,87575.860,13
3,87578.598,13
3,87581.319,13
3,87583.992,13
3,87586.418,13
3,87589.976,13
3,87593.208,13
3,87595.849,13
3,87598.480,13
3,87601.068,13
3,87603.879,13
3,87606.592,13
3,87609.990,13
3,87612.601,13
3,87614.963,13
3,87617.549,13
3,87620.117,13
3,87622.734,13
3,87625.419,13
3,87629.360,13
3,87631.754,13
3,87634.482,13
3,87637.742,13
3,87640.603,13
3,87644.171,13
3,87646.740,14
3,87649.145,14
3,87651.793,14
3,87654.491,14
3,87657.535,14
3,87661.097,14
3,87663.622,14
3,87666.484,14
3,87669.183,14
3,87671.916,14
3,87675.821,14
3,87678.513,14
3,87681.100,14
3,87683.510,14
3,87686.122,14
3,87689.152,14
3,87692.473,14
3,87695.173,14
3,87697.832,14
3,87700.372,14
3,87703.001,14
3,87705.691,14
3,87709.595,14
3,87713.072,14
3,87715.849,14
3,87718.445,14
3,87721.072,14
3,87723.834,14
3,87727.303,14
3,87729.586,14
3,87732.009,14
3,87734.646,14
3,87737.138,14
3,87740.221,14
3,87743.420,14
3,87746.051,14
3,87748.653,14
3,87751.265,14
3,87754.492,14
3,87758.740,14
3,87761.543,14
3,87764.024,14
3,87766.618,14
3,87769.304,14
3,87771.881,14
3,87775.970,14
3,87778.513,14
3,87781.098,14
3,87783.756,14
3,87786.243,14
3,87789.150,14
3,87791.826,14
3,87794.591,14
3,87798.169,14
3,87800.735,14
3,87803.093,14
3,87805.871,14
3,87809.753,14
3,87812.333,15
3,87815.387,15
3,87817.998,15
3,87820.570,15
3,87823.682,15
3,87826.798,15
3,87829.551,15
3,87832.223,15
3,87834.830,15
3,87837.444,15
3,87840.172,15
3,87843.544,15
3,87846.061,15
3,87848.564,15
3,87851.107,15
3,87853.763,15
3,87856.535,15
3,87859.673,15
3,87862.259,15
3,87865.035,15
3,87868.079,15
3,87870.693,15
3,87873.630,15
3,87877.273,15
3,87879.736,15
3,87882.537,15
3,87885.180,15
3,87887.738,15
3,87891.675,15
3,87894.745,15
3,87897.353,15
3,87899.997,15
3,87902.450,15
3,87905.080,15
3,87909.353,15
3,87911.652,15
3,87914.201,15
3,87916.686,15
3,87919.406,15
3,87921.958,15
3,87925.802,15
3,87928.206,15
3,87931.185,15
3,87933.778,15
3,87936.344,15
3,87939.211,15
3,87942.665,15
3,87945.203,15
3,87947.795,15
3,87950.365,15
3,87952.665,15
3,87955.247,15
3,87957.977,15
3,87961.550,15
3,87964.813,15
3,87967.445,15
3,87969.987,15
3,87973.279,15
3,87976.626,15
3,87979.336,16
3,87982.162,16
3,87984.883,16
3,87987.516,16
3,87992.082,16
3,87994.766,16
3,87997.249,16
3,87999.808,16
3,88002.380,16
3,88005.836,16
3,88008.734,16
3,88011.420,16
3,88013.705,16
3,88016.399,16
3,88019.066,16
3,88021.640,16
3,88025.290,16
3,88028.111,16
3,88030.616,16
3,88033.119,16
3,88035.766,16
3,88038.423,16
3,88042.049,16
3,88044.731,16
3,88046.976,16
3,88049.693,16
3,88052.229,16
3,88054.845,16
3,88058.533,16
3,88061.190,16
3,88063.657,16
3,88066.208,16
3,88068.635,16
3,88071.296,16
3,88075.419,16
3,88078.167,16
3,88080.416,16
3,88083.021,16
3,88085.561,16
3,88088.592,16
3,88091.774,16
3,88094.457,16
3,88097.056,16
3,88099.634,16
3,88102.296,16
3,88104.924,16
3,88108.539,16
3,88111.223,16
3,88113.717,16
3,88116.417,16
3,88119.284,16
3,88122.104,16
3,88124.812,16
3,88128.546,16
3,88131.154,16
3,88133.736,16
3,88136.270,16
3,88139.179,16
3,88142.435,16
3,88145.134,17
3,88147.553,17
3,88150.312,17
3,88152.864,17
3,88156.738,17
3,88159.499,17
3,88162.069,17
3,88164.624,17
3,88167.156,17
3,88169.690,17
3,88172.432,17
3,88175.838,17
3,88178.367,17
3,88180.966,17
3,88183.706,17
3,88186.228,17
3,88189.270,17
3,88192.680,17
3,88195.396,17
3,88198.041,17
3,88200.453,17
3,88202.975,17
3,88206.467,17
3,88209.405,17
3,88211.887,17
3,88214.523,17
3,88217.406,17
3,88219.752,17
3,88222.358,17
3,88225.897,17
3,88228.522,17
3,88231.070,17
3,88233.655,17
3,88236.030,17
3,88239.091,17
3,88242.484,17
3,88245.011,17
3,88247.580,17
3,88250.205,17
3,88252.527,17
3,88255.640,17
3,88259.254,17
3,88261.562,17
3,88264.119,17
3,88267.481,17
3,88270.228,17
3,88273.223,17
3,88276.631,17
3,88279.195,17
3,88281.769,17
3,88284.341,17
3,88287.328,17
3,88289.957,17
3,88292.633,17
3,88296.692,17
3,88299.378,17
3,88302.117,17
3,88304.827,17
3,88308.587,17
3,88311.305,17
3,88313.810,18
3,88316.359,18
3,88319.065,18
3,88321.561,18
3,88325.188,18
3,88327.832,18
3,88330.427,18
3,88333.172,18
3,88335.751,18
3,88338.481,18
3,88342.386,18
3,88344.865,18
3,88347.451,18
3,88349.938,18
3,88352.850,18
3,88355.505,18
3,88359.047,18
3,88361.817,18
3,88364.474,18
3,88367.082,18
3,88369.635,18
3,88372.242,18
3,88375.453,18
3,88378.293,18
3,88380.662,18
3,88383.661,18
3,88386.238,18
3,88388.806,18
3,88392.917,18
3,88395.678,18
3,88398.258,18
3,88400.850,18
3,88403.448,18
3,88406.179,18
3,88409.460,18
3,88412.014,18
3,88414.671,18
3,88417.258,18
3,88419.731,18
3,88422.562,18
3,88425.818,18
3,88428.407,18
3,88430.963,18
3,88433.452,18
3,88436.049,18
3,88438.673,18
3,88442.274,18
3,88444.890,18
3,88447.494,18
3,88450.024,18
3,88452.568,18
3,88455.266,18
3,88457.823,18
3,88460.469,18
3,88464.155,18
3,88466.420,18
3,88469.072,18
3,88471.683,18
3,88474.254,18
3,88478.212,18
3,88480.839,19
3,88483.442,19
3,88486.126,19
3,88488.838,19
3,88492.583,19
3,88495.229,19
3,88497.877,19
3,88500.483,19
3,88504.078,19
3,88508.192,19
3,88510.859,19
3,88513.307,19
3,88516.017,19
3,88518.802,19
3,88521.501,19
3,88525.102,19
3,88527.737,19
3,88530.275,19
3,88533.035,19
3,88535.680,19
3,88538.427,19
3,88542.232,19
3,88544.953,19
3,88547.762,19
3,88550.428,19
3,88554.632,19
3,88558.252,19
3,88561.397,19
3,88563.855,19
3,88566.517,19
3,88569.872,19
3,88573.418,19
3,88576.391,19
3,88578.984,19
3,88581.646,19
3,88584.234,19
3,88586.763,19
3,88589.798,19
3,88592.869,19
3,88595.917,19
3,88598.475,19
3,88601.034,19
3,88603.616,19
3,88607.556,19
3,88610.189,19
3,88612.748,19
3,88615.386,19
3,88618.133,19
3,88620.958,19
3,88623.799,19
3,88627.828,19
3,88630.498,19
3,88633.997,19
3,88636.568,19
3,88640.313,19
3,88643.122,19
3,88645.749,20
3,88648.420,20
3,88651.059,20
3,88654.079,20
3,88656.821,20
3,88659.486,20
3,88662.983,20
3,88665.536,20
3,88668.192,20
3,88670.770,20
3,88673.410,20
3,88677.310,20
3,88679.954,20
3,88682.646,20
3,88685.422,20
3,88688.036,20
3,88690.470,20
3,88693.182,20
3,88697.169,20
3,88700.000,20
3,88702.632,20
3,88705.201,20
3,88707.992,20
3,88712.825,20
3,88715.237,20
3,88717.880,20
3,88720.466,20
3,88724.307,20
3,88726.931,20
3,88729.471,20
3,88731.994,20
3,88735.120,20
3,88737.972,20
3,88741.680,20
3,88744.420,20
3,88746.924,20
3,88749.704,20
3,88752.193,20
3,88755.179,20
3,88758.333,20
3,88760.979,20
3,88763.459,20
3,88766.020,20
3,88768.627,20
3,88771.254,20
3,88774.599,20
3,88777.305,20
3,88780.047,20
3,88782.772,20
3,88785.455,20
3,88788.131,20
3,88790.688,20
3,88793.160,20
3,88795.669,20
3,88799.978,20
3,88802.592,20
3,88805.225,20
3,88807.855,20
3,88812.200,20
3,88814.675,21
3,88817.276,21
3,88819.797,21
3,88824.687,21
3,88827.613,21
3,88830.186,21
3,88833.073,21
3,88835.739,21
3,88838.698,21
3,88842.303,21
3,88844.961,21
3,88847.631,21
3,88850.028,21
3,88852.553,21
3,88855.232,21
3,88858.985,21
3,88861.716,21
3,88865.495,21
3,88868.133,21
3,88871.520,21
3,88874.843,21
3,88877.933,21
3,88880.363,21
3,88883.099,21
3,88886.063,21
3,88888.732,21
3,88892.019,21
3,88894.742,21
3,88896.952,21
3,88899.862,21
3,88902.469,21
3,88904.831,21
3,88908.514,21
3,88911.128,21
3,88913.645,21
3,88916.470,21
3,88919.038,21
3,88921.619,21
3,88925.217,21
3,88927.855,21
3,88930.310,21
3,88933.171,21
3,88936.196,21
3,88938.945,21
3,88942.159,21
3,88944.904,21
3,88947.429,21
3,88949.933,21
3,88952.496,21
3,88955.033,21
3,88957.565,21
3,88960.191,21
3,88962.785,21
3,88965.783,21
3,88968.712,21
3,88971.367,21
3,88973.730,21
3,88976.376,21
3,88979.371,22
3,88982.839,22
3,88986.010,22
3,88989.132,22
3,88991.747,22
3,88994.460,22
3,88997.973,22
3,89000.519,22
3,89003.115,22
3,89006.132,22
3,89009.324,22
3,89011.822,22
3,89014.630,22
3,89017.328,22
3,89020.073,22
3,89022.872,22
3,89026.133,22
3,89028.623,22
3,89031.228,22
3,89033.907,22
3,89036.704,22
3,89039.550,22
3,89042.923,22
3,89045.248,22
3,89047.722,22
3,89050.347,22
3,89052.954,22
3,89055.505,22
3,89059.847,22
3,89062.466,22
3,89065.163,22
3,89067.822,22
3,89070.517,22
3,89073.711,22
3,89076.699,22
3,89079.375,22
3,89082.245,22
3,89084.872,22
3,89087.358,22
3,89090.511,22
3,89094.172,22
3,89096.716,22
3,89099.334,22
3,89102.096,22
3,89105.002,22
3,89108.535,22
3,89111.339,22
3,89113.844,22
3,89116.418,22
3,89119.213,22
3,89121.731,22
3,89124.373,22
3,89127.087,22
3,89129.454,22
3,89132.507,22
3,89135.716,22
3,89139.830,22
3,89142.584,22
3,89145.043,23
3,89147.968,23
3,89151.397,23
3,89155.705,23
3,89158.344,23
3,89162.760,23
3,89165.072,23
3,89167.693,23
3,89170.355,23
3,89175.459,23
3,89178.454,23
3,89181.101,23
3,89183.886,23
3,89186.380,23
3,89189.263,23
3,89192.849,23
3,89195.359,23
3,89197.996,23
3,89200.572,23
3,89203.174,23
3,89205.739,23
3,89209.378,23
3,89211.894,23
3,89214.759,23
3,89217.454,23
3,89220.004,23
3,89222.646,23
3,89226.605,23
3,89229.165,23
3,89231.822,23
3,89234.396,23
3,89236.996,23
3,89240.030,23
3,89243.383,23
3,89245.935,23
3,89248.612,23
3,89251.146,23
3,89253.821,23
3,89258.031,23
3,89260.589,23
3,89263.119,23
3,89265.858,23
3,89268.484,23
3,89271.167,23
3,89274.851,23
3,89277.564,23
3,89279.804,23
3,89282.430,23
3,89284.937,23
3,89288.062,23
3,89291.153,23
3,89293.919,23
3,89298.079,23
3,89300.624,23
3,89303.308,23
3,89306.258,23
3,89309.668,23
3,89312.128,24
3,89314.811,24
3,89317.415,24
3,89320.026,24
3,89323.376,24
3,89326.481,24
3,89329.448,24
3,89332.594,24
3,89335.243,24
3,89337.829,24
3,89342.206,24
3,89344.955,24
3,89347.538,24
3,89350.558,24
3,89353.207,24
3,89355.975,24
3,89359.238,24
3,89361.742,24
3,89364.359,24
3,89366.840,24
3,89369.132,24
3,89371.735,24
3,89375.465,24
3,89378.357,24
3,89380.981,24
3,89383.829,24
3,89386.343,24
3,89389.427,24
3,89392.858,24
3,89395.427,24
3,89398.032,24
3,89400.643,24
3,89403.119,24
3,89406.167,24
3,89409.710,24
3,89412.346,24
3,89414.969,24
3,89417.458,24
3,89420.023,24
3,89422.681,24
3,89426.598,24
3,89429.156,24
3,89431.530,24
3,89434.085,24
3,89436.898,24
3,89439.570,24
3,89443.109,24
3,89445.613,24
3,89448.234,24
3,89451.233,24
3,89453.787,24
3,89456.870,24
3,89459.442,24
3,89462.035,24
3,89465.794,24
3,89468.415,24
3,89471.065,24
3,89473.757,24
3,89477.360,24
3,89481.086,24
3,89483.622,25
3,89486.398,25
3,89489.551,25
3,89492.791,25
3,89495.234,25
3,89497.825,25
3,89501.452,25
3,89504.041,25
3,89507.156,25
3,89511.277,25
3,89513.792,25
3,89516.467,25
3,89518.944,25
3,89521.767,25
3,89525.469,25
3,89528.281,25
3,89530.813,25
3,89533.405,25
3,89536.004,25
3,89538.800,25
3,89542.677,25
3,89545.173,25
3,89547.724,25
3,89551.674,25
3,89554.989,25
3,89559.710,25
3,89562.549,25
3,89565.589,25
3,89568.185,25
3,89571.231,25
3,89574.087,25
3,89577.614,25
3,89580.675,25
3,89583.305,25
3,89585.924,25
3,89588.697,25
3,89591.482,25
3,89595.366,25
3,89598.056,25
3,89600.713,25
3,89603.232,25
3,89605.782,25
3,89608.507,25
3,89610.990,25
3,89613.501,25
3,89616.258,25
3,89619.208,25
3,89621.820,25
3,89624.399,25
3,89627.012,25
3,89629.614,25
3,89632.173,25
3,89634.756,25
3,89637.349,25
3,89640.177,25
3,89643.175,25
3,89646.091,25
3,89648.638,25
3,89651.246,25
3,89653.847,25
3,89656.490,25
3,89659.500,25
3,89662.001,26
3,89664.819,26
3,89667.493,26
3,89670.140,26
3,89673.012,26
3,89675.790,26
3,89678.647,26
3,89681.555,26
3,89684.260,26
3,89687.288,26
3,89690.058,26
3,89692.618,26
3,89695.615,26
3,89698.443,26
3,89701.164,26
3,89703.992,26
3,89706.944,26
3,89709.908,26
3,89712.529,26
3,89715.278,26
3,89717.898,26
3,89720.689,26
3,89723.948,26
3,89727.094,26
3,89729.804,26
3,89733.637,26
3,89736.288,26
3,89739.284,26
3,89743.370,26
3,89745.702,26
3,89748.458,26
3,89751.079,26
3,89753.795,26
3,89757.574,26
3,89760.224,26
3,89762.927,26
3,89765.548,26
3,89768.216,26
3,89771.875,26
3,89774.450,26
3,89777.201,26
3,89780.495,26
3,89783.343,26
3,89787.012,26
3,89789.877,26
3,89792.502,26
3,89795.043,26
3,89797.691,26
3,89800.342,26
3,89803.048,26
3,89807.333,26
3,89810.244,26
3,89812.887,26
3,89815.296,26
3,89817.925,26
3,89820.527,26
3,89823.105,26
3,89827.104,26
3,89829.690,27
3,89832.506,27
3,89835.586,27
3,89838.687,27
3,89842.170,27
3,89844.728,27
3,89847.808,27
3,89850.560,27
3,89853.173,27
3,89856.014,27
3,89858.729,27
3,89862.618,27
3,89865.787,27
3,89870.561,27
3,89875.088,27
3,89877.952,27
3,89880.565,27
3,89883.406,27
3,89886.254,27
3,89889.374,27
3,89892.228,27
3,89894.882,27
3,89897.470,27
3,89900.221,27
3,89903.075,27
3,89906.439,27
3,89909.298,27
3,89911.743,27
3,89914.359,27
3,89917.008,27
3,89920.940,27
3,89923.490,27
3,89926.369,27
3,89929.299,27
3,89932.025,27
3,89935.821,27
3,89938.632,27
3,89941.364,27
3,89943.996,27
3,89946.580,27
3,89949.333,27
3,89952.968,27
3,89955.720,27
3,89958.427,27
3,89961.053,27
3,89964.057,27
3,89966.744,27
3,89970.549,27
3,89973.219,27
3,89975.900,27
3,89978.564,29
3,89981.752,29
3,89985.060,29
3,89988.017,29
3,89990.891,29
3,89993.567,29
3,89996.440,29
3,90000.000,29
3,90002.805,29
3,90005.583,29
3,90008.392,29
3,90011.008,29
3,90013.525,29
3,90016.708,29
3,90019.603,29
3,90022.620,29
3,90025.581,29
3,90028.309,29
3,90030.950,29
3,90033.798,29
3,90037.802,29
3,90041.318,29
3,90044.128,29
3,90046.976,29
3,90050.952,29
3,90053.783,29
3,90056.501,29
3,90059.286,29
3,90063.813,29
3,90066.416,29
3,90069.169,29
3,90072.020,29
3,90074.877,29
3,90078.389,29
3,90081.811,29
3,90084.538,29
3,90087.162,29
3,90089.862,29
3,90093.748,29
3,90096.288,29
3,90098.660,29
3,90101.374,29
3,90104.603,29
3,90107.507,29
3,90110.947,29
3,90113.419,29
3,90116.030,29
3,90118.610,29
3,90121.342,29
3,90124.191,29
3,90126.922,29
3,90129.496,29
3,90133.360,29
3,90136.081,29
3,90138.883,29
3,90142.112,29
3,90145.942,29
3,90148.359,30
3,90151.194,30
3,90154.268,30
3,90156.877,30
3,90161.083,30
3,90163.585,30
3,90166.710,30
3,90169.356,30
3,90171.986,30
3,90175.768,30
3,90178.463,30
3,90182.558,30
3,90185.393,30
3,90188.055,30
3,90190.785,30
3,90195.295,30
3,90197.845,30
3,90200.521,30
3,90203.063,30
3,90205.819,30
3,90209.702,30
3,90212.682,30
3,90215.258,30
3,90217.864,30
3,90220.517,30
3,90223.245,30
3,90227.135,30
3,90229.670,30
3,90232.554,30
3,90235.206,30
3,90237.796,30
3,90240.526,30
3,90243.936,30
3,90246.528,30
3,90249.301,30
3,90252.008,30
3,90254.632,30
3,90259.439,30
3,90262.066,30
3,90264.673,30
3,90267.408,30
3,90269.988,30
3,90273.761,30
3,90277.311,30
3,90279.883,30
3,90282.490,30
3,90285.854,30
3,90288.553,30
3,90291.252,30
3,90293.931,30
3,90298.194,30
3,90301.102,30
3,90303.781,30
3,90306.847,30
3,90309.528,30
3,90313.815,30
3,90316.530,31
3,90319.363,31
3,90322.487,31
3,90326.576,31
3,90329.146,31
3,90331.875,31
3,90334.467,31
3,90337.178,31
3,90340.177,31
3,90343.879,31
3,90346.361,31
3,90349.039,31
3,90351.702,31
3,90354.655,31
3,90358.614,31
3,90361.380,31
3,90363.887,31
3,90366.408,31
3,90369.050,31
3,90371.608,31
3,90374.694,31
3,90378.045,31
3,90380.568,31
3,90384.152,31
3,90386.719,31
3,90389.504,31
3,90392.934,31
3,90395.461,31
3,90398.118,31
3,90400.846,31
3,90403.570,31
3,90406.472,31
3,90409.814,31
3,90412.203,31
3,90414.716,31
3,90417.337,31
3,90419.868,31
3,90422.932,31
3,90426.387,31
3,90429.066,31
3,90431.688,31
3,90434.274,31
3,90436.902,31
3,90439.947,31
3,90443.852,31
3,90446.485,31
3,90449.007,31
3,90451.579,31
3,90454.094,31
3,90456.716,31
3,90459.989,31
3,90463.144,31
3,90465.851,31
3,90468.624,31
3,90471.276,31
3,90475.461,31
3,90478.236,32
3,90480.908,32
3,90483.495,32
3,90486.046,32
3,90488.776,32
3,90492.972,32
3,90495.552,32
3,90498.224,32
3,90500.869,32
3,90503.652,32
3,90506.949,32
3,90510.018,32
3,90512.656,32
3,90515.344,32
3,90517.870,32
3,90520.599,32
3,90523.400,32
3,90526.968,32
3,90529.583,32
3,90532.254,32
3,90534.967,32
3,90537.566,32
3,90540.392,32
3,90543.992,32
3,90546.542,32
3,90549.159,32
3,90551.824,32
3,90554.453,32
3,90558.474,32
3,90561.103,32
3,90563.606,32
3,90566.126,32
3,90568.469,32
3,90571.096,32
3,90573.923,32
3,90577.830,32
3,90580.385,32
3,90583.599,32
3,90586.219,32
3,90588.829,32
3,90591.432,32
3,90595.260,32
3,90597.873,32
3,90600.559,32
3,90603.557,32
3,90606.732,32
3,90610.269,32
3,90612.915,32
3,90615.528,32
3,90618.168,32
3,90620.786,32
3,90623.375,32
3,90626.291,32
3,90629.092,32
3,90632.296,32
3,90635.145,32
3,90638.008,32
3,90640.617,32
3,90643.215,32
3,90645.800,33
3,90648.559,33
3,90651.726,33
3,90654.746,33
3,90657.388,33
3,90659.893,33
3,90662.721,33
3,90665.089,33
3,90667.738,33
3,90670.449,33
3,90673.384,33
3,90676.734,33
3,90679.344,33
3,90682.291,33
3,90685.622,33
3,90688.280,33
3,90691.008,33
3,90694.357,33
3,90697.363,33
3,90699.844,33
3,90702.493,33
3,90705.361,33
3,90708.315,33
3,90711.969,33
3,90714.602,33
3,90717.170,33
3,90719.822,33
3,90722.423,33
3,90726.586,33
3,90729.256,33
3,90731.971,33
3,90734.617,33
3,90737.417,33
3,90742.160,33
3,90745.241,33
3,90747.862,33
3,90750.314,33
3,90752.988,33
3,90756.379,33
3,90759.580,33
3,90762.188,33
3,90764.980,33
3,90767.564,33
3,90770.211,33
3,90773.416,33
3,90777.185,33
3,90779.795,33
3,90782.445,33
3,90785.129,33
3,90787.854,33
3,90790.808,33
3,90793.744,33
3,90797.527,33
3,90800.113,33
3,90802.625,33
3,90805.303,33
3,90808.268,33
3,90811.080,33
3,90813.357,34
3,90815.830,34
3,90818.493,34
3,90821.105,34
3,90823.797,34
3,90827.646,34
3,90830.211,34
3,90832.937,34
3,90835.498,34
3,90838.338,34
3,90842.331,34
3,90845.400,34
3,90848.077,34
3,90850.798,34
3,90853.444,34
3,90856.240,34
3,90859.535,34
3,90862.748,34
3,90865.371,34
3,90868.558,34
3,90871.367,34
3,90875.201,34
3,90877.983,34
3,90880.632,34
3,90883.196,34
3,90885.723,34
3,90889.640,34
3,90892.559,34
3,90895.065,34
3,90897.592,34
3,90900.191,34
3,90902.766,34
3,90905.268,34
3,90909.295,34
3,90912.062,34
3,90914.645,34
3,90917.287,34
3,90919.892,34
3,90923.447,34
3,90926.367,34
3,90928.751,34
3,90931.323,34
3,90934.027,34
3,90936.524,34
3,90938.973,34
3,90942.927,34
3,90945.482,34
3,90948.058,34
3,90951.347,34
3,90953.747,34
3,90956.379,34
3,90959.577,34
3,90963.728,34
3,90966.354,34
3,90969.013,34
3,90971.679,34
3,90974.392,34
3,90978.361,34
3,90980.847,35
3,90983.189,35
3,90986.568,35
3,90990.080,35
3,90993.461,35
3,90995.906,35
3,90998.621,35
3,91001.220,35
3,91003.902,35
3,91006.584,35
3,91010.557,35
3,91013.167,35
3,91015.632,35
3,91018.247,35
3,91020.916,35
3,91023.791,35
3,91026.864,35
3,91030.231,35
3,91032.862,35
3,91035.973,35
3,91038.755,35
3,91041.603,35
3,91044.461,35
3,91047.119,35
3,91050.054,35
3,91052.609,35
3,91055.216,35
3,91057.954,35
3,91060.664,35
3,91063.231,35
3,91066.620,35
3,91069.625,35
3,91072.442,35
3,91075.046,35
3,91077.852,35
3,91080.807,35
3,91083.716,35
3,91086.502,35
3,91089.585,35
3,91092.589,35
3,91095.710,35
3,91098.297,35
3,91101.003,35
3,91104.467,35
3,91107.425,35
3,91110.046,35
3,91112.924,35
3,91116.002,35
3,91118.554,35
3,91120.988,35
3,91123.685,35
3,91126.222,35
3,91129.201,35
3,91133.000,35
3,91135.657,35
3,91138.514,35
3,91141.844,35
3,91145.114,35
3,91147.594,36
3,91150.231,36
3,91152.812,36
3,91155.808,36
3,91159.587,36
3,91162.282,36
3,91164.908,36
3,91167.562,36
3,91170.135,36
3,91173.316,36
3,91176.303,36
3,91179.147,36
3,91181.972,36
3,91184.619,36
3,91187.307,36
3,91191.779,36
3,91194.474,36
3,91196.938,36
3,91199.540,36
3,91202.233,36
3,91204.900,36
3,91208.532,36
3,91211.169,36
3,91213.707,36
3,91216.402,36
3,91219.134,36
3,91221.781,36
3,91225.476,36
3,91228.111,36
3,91230.549,36
3,91233.209,36
3,91235.770,36
3,91238.390,36
3,91241.939,36
3,91244.765,36
3,91247.331,36
3,91249.856,36
3,91252.464,36
3,91255.501,36
3,91259.252,36
3,91261.760,36
3,91264.213,36
3,91267.192,36
3,91269.766,36
3,91272.981,36
3,91276.309,36
3,91278.987,36
3,91281.591,36
3,91284.123,36
3,91287.327,36
3,91289.833,36
3,91292.610,36
3,91296.156,36
3,91298.648,36
3,91301.307,36
3,91303.950,36
3,91307.656,36
3,91310.496,36
3,91312.969,37
3,91315.566,37
3,91318.299,37
3,91321.035,37
3,91324.948,37
3,91327.585,37
3,91329.951,37
3,91332.509,37
3,91335.345,37
3,91338.344,37
3,91342.215,37
3,91344.957,37
3,91347.538,37
3,91350.151,37
3,91352.939,37
3,91355.956,37
3,91360.285,37
3,91362.904,37
3,91365.380,37
3,91368.007,37
3,91370.738,37
3,91373.972,37
3,91377.038,37
3,91379.619,37
3,91382.183,37
3,91385.222,37
3,91387.874,37
3,91390.576,37
3,91394.455,37
3,91397.075,37
3,91399.793,37
3,91402.377,37
3,91404.962,37
3,91409.082,37
3,91412.001,37
3,91414.581,37
3,91417.139,37
3,91419.742,37
3,91422.435,37
3,91425.940,37
3,91428.446,37
3,91431.024,37
3,91433.727,37
3,91436.271,37
3,91439.920,37
3,91443.230,37
3,91445.821,37
3,91448.574,37
3,91451.134,37
3,91453.833,37
3,91456.415,37
3,91459.182,37
3,91463.135,37
3,91466.027,37
3,91468.696,37
3,91471.446,37
3,91474.902,37
3,91478.221,37
3,91480.698,38
3,91483.253,38
3,91485.827,38
3,91488.357,38
3,91491.108,38
3,91494.796,38
3,91497.305,38
3,91500.080,38
3,91503.890,38
3,91506.760,38
3,91509.408,38
3,91513.245,38
3,91516.690,38
3,91519.317,38
3,91521.821,38
3,91524.546,38
3,91527.323,38
3,91529.841,38
3,91532.541,38
3,91535.640,38
3,91538.674,38
3,91541.413,38
3,91544.111,38
3,91546.618,38
3,91549.187,38
3,91551.992,38
3,91555.234,38
3,91558.576,38
3,91561.213,38
3,91563.857,38
3,91566.189,38
3,91568.521,38
3,91571.168,38
3,91573.904,38
3,91576.601,38
3,91579.586,38
3,91582.375,38
3,91585.160,38
3,91588.621,38
3,91591.256,38
3,91595.044,38
3,91597.639,38
3,91600.209,38
3,91602.783,38
3,91605.902,38
3,91608.645,38
3,91612.126,38
3,91614.626,38
3,91616.974,38
3,91619.442,38
3,91621.898,38
3,91625.039,38
3,91627.702,38
3,91631.040,38
3,91633.907,38
3,91636.463,38
3,91639.222,38
3,91641.963,38
3,91644.902,38
3,91648.573,38
3,91651.265,39
3,91653.747,39
3,91656.292,39
3,91659.194,39
3,91662.820,39
3,91665.408,39
3,91668.027,39
3,91670.749,39
3,91673.670,39
3,91676.941,39
3,91679.421,39
3,91682.074,39
3,91684.685,39
3,91687.283,39
3,91689.883,39
3,91693.593,39
3,91696.150,39
3,91699.378,39
3,91702.117,39
3,91704.710,39
3,91707.308,39
3,91711.016,39
3,91713.505,39
3,91716.202,39
3,91718.897,39
3,91721.506,39
3,91724.228,39
3,91728.058,39
3,91730.669,39
3,91733.299,39
3,91735.626,39
3,91738.232,39
3,91740.994,39
3,91744.753,39
3,91747.178,39
3,91749.844,39
3,91752.431,39
3,91755.116,39
3,91758.122,39
3,91761.605,39
3,91764.178,39
3,91766.744,39
3,91769.262,39
3,91771.859,39
3,91774.816,39
3,91778.402,39
3,91781.034,39
3,91784.456,39
3,91787.048,39
3,91790.066,39
3,91792.625,39
3,91795.087,39
3,91798.811,39
3,91801.650,39
3,91804.370,39
3,91807.011,39
3,91809.604,39
3,91812.608,39
3,91815.711,40
3,91818.610,40
3,91821.494,40
3,91824.306,40
3,91827.124,40
3,91830.023,40
3,91833.807,40
3,91836.885,40
3,91839.542,40
3,91842.186,40
3,91844.736,40
3,91847.164,40
3,91849.908,40
3,91852.593,40
3,91856.679,40
3,91859.745,40
3,91862.516,40
3,91865.065,40
3,91867.666,40
3,91870.417,40
3,91873.082,40
3,91876.262,40
3,91879.070,40
3,91882.644,40
3,91885.336,40
3,91887.897,40
3,91891.763,40
3,91895.270,40
3,91898.008,40
3,91900.704,40
3,91903.186,40
3,91905.999,40
3,91909.633,40
3,91912.170,40
3,91914.912,40
3,91917.629,40
3,91920.510,40
3,91923.262,40
3,91926.922,40
3,91929.513,40
3,91932.084,40
3,91934.771,40
3,91937.682,40
3,91942.106,40
3,91944.979,40
3,91947.608,40
3,91950.181,40
3,91952.752,40
3,91955.325,40
3,91958.036,40
3,91962.448,40
3,91965.030,40
3,91967.801,40
3,91970.524,40
3,91974.217,40
3,91977.389,40
3,91980.033,41
3,91982.638,41
3,91985.349,41
3,91988.555,41
3,91992.174,41
3,91994.878,41
3,91997.535,41
3,92000.180,41
3,92002.607,41
3,92005.323,41
3,92009.250,41
3,92012.027,41
3,92014.725,41
3,92017.397,41
3,92020.091,41
3,92023.034,41
3,92026.777,41
3,92029.655,41
3,92032.483,41
3,92035.171,41
3,92037.923,41
3,92040.877,41
3,92044.621,41
3,92047.105,41
3,92049.818,41
3,92052.432,41
3,92055.193,41
3,92059.002,41
3,92061.767,41
3,92064.280,41
3,92067.037,41
3,92069.610,41
3,92072.796,41
3,92076.222,41
3,92078.979,41
3,92081.713,41
3,92084.464,41
3,92087.183,41
3,92090.122,41
3,92093.751,41
3,92096.284,41
3,92098.712,41
3,92101.461,41
3,92104.250,41
3,92107.022,41
3,92110.383,41
3,92113.078,41
3,92115.759,41
3,92118.453,41
3,92121.099,41
3,92123.957,41
3,92127.124,41
3,92130.929,41
3,92133.561,41
3,92136.264,41
3,92139.323,41
3,92143.184,41
3,92145.799,42
3,92148.614,42
3,92151.287,42
3,92154.139,42
3,92156.967,42
3,92160.490,42
3,92163.037,42
3,92165.595,42
3,92168.233,42
3,92170.980,42
3,92175.928,42
3,92179.211,42
3,92181.925,42
3,92184.604,42
3,92187.237,42
3,92190.592,42
3,92194.426,42
3,92197.079,42
3,92199.755,42
3,92202.407,42
3,92205.015,42
3,92209.874,42
3,92212.512,42
3,92215.693,42
3,92218.318,42
3,92221.360,42
3,92224.264,42
3,92228.088,42
3,92230.641,42
3,92233.073,42
3,92236.112,42
3,92239.470,42
3,92243.099,42
3,92245.643,42
3,92248.441,42
3,92251.151,42
3,92254.042,42
3,92256.969,42
3,92260.260,42
3,92262.843,42
3,92265.544,42
3,92268.305,42
3,92271.124,42
3,92274.006,42
3,92277.727,42
3,92280.370,42
3,92283.126,42
3,92285.736,42
3,92288.561,42
3,92291.352,42
3,92294.527,42
3,92297.690,42
3,92300.624,42
3,92303.337,42
3,92306.122,42
3,92308.997,42
3,92312.672,42
3,92315.849,43
3,92318.611,43
3,92321.614,43
3,92324.578,43
3,92328.232,43
3,92331.084,43
3,92333.848,43
3,92336.607,43
3,92339.672,43
3,92343.467,43
3,92346.132,43
3,92349.327,43
3,92352.099,43
3,92354.857,43
3,92359.749,43
3,92362.364,43
3,92364.997,43
3,92367.686,43
3,92370.564,43
3,92373.615,43
3,92377.440,43
3,92380.068,43
3,92382.774,43
3,92385.550,43
3,92388.880,43
3,92392.904,43
3,92395.627,43
3,92398.443,43
3,92401.210,43
3,92404.105,43
3,92407.069,43
3,92410.949,43
3,92413.575,43
3,92416.137,43
3,92419.181,43
3,92422.116,43
3,92425.854,43
3,92428.650,43
3,92431.470,43
3,92434.214,43
3,92436.936,43
3,92439.926,43
3,92444.656,43
3,92447.215,43
3,92449.806,43
3,92452.253,43
3,92454.841,43
3,92457.508,43
3,92460.225,43
3,92462.886,43
3,92466.511,43
3,92469.359,43
3,92472.389,43
3,92475.316,43
3,92480.653,43
3,92483.347,44
3,92486.202,44
3,92489.468,44
3,92494.034,44
3,92498.102,44
3,92501.336,44
3,92505.723,44
3,92509.699,44
3,92514.433,44
3,92517.325,44
3,92520.008,44
3,92522.713,44
3,92527.611,44
3,92530.182,44
3,92532.907,44
3,92535.799,44
3,92539.148,44
3,92543.807,44
3,92546.315,44
3,92549.677,44
3,92552.656,44
3,92555.404,44
3,92559.633,44
3,92562.383,44
3,92565.118,44
3,92567.761,44
3,92570.504,44
3,92573.634,44
3,92576.795,44
3,92579.535,44
3,92582.564,44
3,92585.231,44
3,92588.047,44
3,92590.831,44
3,92594.385,44
3,92597.036,44
3,92599.753,44
3,92602.352,44
3,92604.976,44
3,92608.855,44
3,92611.658,44
3,92614.254,44
3,92616.841,44
3,92619.373,44
3,92622.023,44
3,92624.779,44
3,92628.526,44
3,92631.164,44
3,92633.936,44
3,92636.442,44
3,92639.565,44
3,92643.082,44
3,92645.808,45
3,92648.398,45
3,92651.106,45
3,92653.773,45
3,92656.435,45
3,92660.125,45
3,92662.812,45
3,92665.384,45
3,92668.033,45
3,92670.788,45
3,92675.098,45
3,92677.856,45
3,92680.385,45
3,92683.128,45
3,92685.662,45
3,92688.285,45
3,92692.013,45
3,92694.790,45
3,92697.052,45
3,92699.763,45
3,92703.860,45
3,92706.685,45
3,92710.253,45
3,92713.091,45
3,92715.812,45
3,92718.387,45
3,92721.505,45
3,92725.328,45
3,92728.126,45
3,92730.809,45
3,92733.509,45
3,92736.198,45
3,92738.919,45
3,92742.723,45
3,92745.229,45
3,92747.630,45
3,92750.176,45
3,92752.941,45
3,92755.376,45
3,92760.044,45
3,92762.694,45
3,92765.367,45
3,92767.969,45
3,92770.602,45
3,92773.614,45
3,92778.483,45
3,92781.002,45
3,92783.665,45
3,92786.232,45
3,92789.013,45
3,92792.164,45
3,92795.808,45
3,92799.754,45
3,92802.545,45
3,92805.320,45
3,92809.385,45
3,92811.993,46
3,92814.695,46
3,92818.054,46
3,92820.890,46
3,92824.064,46
3,92827.166,46
3,92829.932,46
3,92832.589,46
3,92835.183,46
3,92837.939,46
3,92842.251,46
3,92845.055,46
3,92847.823,46
3,92850.310,46
3,92852.880,46
3,92855.647,46
3,92859.412,46
3,92861.934,46
3,92864.624,46
3,92867.216,46
3,92869.856,46
3,92873.232,46
3,92876.333,46
3,92879.036,46
3,92881.783,46
3,92884.521,46
3,92887.122,46
3,92890.421,46
3,92893.932,46
3,92896.587,46
3,92899.690,46
3,92902.512,46
3,92905.322,46
3,92909.594,46
3,92912.857,46
3,92915.467,46
3,92918.238,46
3,92921.026,46
3,92923.748,46
3,92927.599,46
3,92930.218,46
3,92932.814,46
3,92935.428,46
3,92938.106,46
3,92942.224,46
3,92944.920,46
3,92947.609,46
3,92950.173,46
3,92952.819,46
3,92955.659,46
3,92958.309,46
3,92961.250,46
3,92964.984,46
3,92967.641,46
3,92970.462,46
3,92973.851,46
3,92977.701,46
3,92980.411,47
3,92983.042,47
3,92985.644,47
3,92988.283,47
3,92991.152,47
3,92995.104,47
3,92997.715,47
3,93000.522,47
3,93003.272,47
3,93005.740,47
3,93009.543,47
3,93012.542,47
3,93015.300,47
3,93018.069,47
3,93020.558,47
3,93025.075,47
3,93027.780,47
3,93030.417,47
3,93032.882,47
3,93035.538,47
3,93038.550,47
3,93042.572,47
3,93045.254,47
3,93047.802,47
3,93050.514,47
3,93053.319,47
3,93055.911,47
3,93059.749,47
3,93062.342,47
3,93065.309,47
3,93067.923,47
3,93070.526,47
3,93073.440,47
3,93077.056,47
3,93079.836,47
3,93082.410,47
3,93085.076,47
3,93087.742,47
3,93090.545,47
3,93094.058,47
3,93096.639,47
3,93100.081,47
3,93102.809,47
3,93105.872,47
3,93109.130,47
3,93112.149,47
3,93114.674,47
3,93117.329,47
3,93119.956,47
3,93122.631,47
3,93125.417,47
3,93129.404,47
3,93131.731,47
3,93134.467,47
3,93136.985,47
3,93139.827,47
3,93143.448,47
3,93145.939,48
3,93148.584,48
3,93151.215,48
3,93153.695,48
3,93156.286,48
3,93159.986,48
3,93162.614,48
3,93165.360,48
3,93168.008,48
3,93170.602,48
3,93173.846,48
3,93177.640,48
3,93180.691,48
3,93183.412,48
3,93186.046,48
3,93188.956,48
3,93192.483,48
3,93195.075,48
3,93197.588,48
3,93200.197,48
3,93202.889,48
3,93205.624,48
3,93209.351,48
3,93211.988,48
3,93214.545,48
3,93217.064,48
3,93219.873,48
3,93223.366,48
3,93226.801,48
3,93229.330,48
3,93232.038,48
3,93234.740,48
3,93237.475,48
3,93241.824,48
3,93244.293,48
3,93246.906,48
3,93249.394,48
3,93251.974,48
3,93254.599,48
3,93257.549,48
3,93261.250,48
3,93263.786,48
3,93266.486,48
3,93269.090,48
3,93272.533,48
3,93275.653,48
3,93278.517,48
3,93281.168,48
3,93283.856,48
3,93286.412,48
3,93289.540,48
3,93292.206,48
3,93296.422,48
3,93299.059,48
3,93301.807,48
3,93304.481,48
3,93308.595,48
3,93311.391,48
3,93314.186,49
3,93316.826,49
3,93319.514,49
3,93322.103,49
3,93325.794,49
3,93328.567,49
3,93331.190,49
3,93333.900,49
3,93336.497,49
3,93339.600,49
3,93343.657,49
3,93346.196,49
3,93348.807,49
3,93351.704,49
3,93354.577,49
3,93358.441,49
3,93361.081,49
3,93364.374,49
3,93367.012,49
3,93369.665,49
3,93372.403,49
3,93376.035,49
3,93378.568,49
3,93381.140,49
3,93383.767,49
3,93386.291,49
3,93389.325,49
3,93392.712,49
3,93394.997,49
3,93397.587,49
3,93400.935,49
3,93403.554,49
3,93406.234,49
3,93410.230,49
3,93412.802,49
3,93415.303,49
3,93417.950,49
3,93420.641,49
3,93424.864,49
3,93427.552,49
3,93430.053,49
3,93432.835,49
3,93435.430,49
3,93438.025,49
3,93440.779,49
3,93443.650,49
3,93446.839,49
3,93449.677,49
3,93452.428,49
3,93455.233,49
3,93458.120,49
3,93461.313,49
3,93464.259,49
3,93467.312,49
3,93470.160,49
3,93473.853,49
3,93476.537,49
3,93479.234,50
3,93481.837,50
3,93484.642,50
3,93488.092,50
3,93491.816,50
3,93494.574,50
3,93497.222,50
3,93499.955,50
3,93502.779,50
3,93505.536,50
3,93508.300,50
3,93511.068,50
3,93513.698,50
3,93516.347,50
3,93518.928,50
3,93521.669,50
3,93525.901,50
3,93528.526,50
3,93531.145,50
3,93533.708,50
3,93537.576,50
3,93540.376,50
3,93543.027,50
3,93545.770,50
3,93551.528,50
3,93554.537,50
3,93558.546,50
3,93562.264,50
3,93565.169,50
3,93569.338,50
3,93572.747,50
3,93576.356,50
3,93579.249,50
3,93583.997,50
3,93587.430,50
3,93590.794,50
3,93593.823,50
3,93597.056,50
3,93600.787,50
3,93604.472,50
3,93607.849,50
3,93611.649,50
3,93614.874,50
3,93618.708,50
3,93621.810,50
3,93624.792,50
3,93627.388,50
3,93630.404,50
3,93633.310,50
3,93636.317,50
3,93639.519,50
3,93643.166,50
3,93646.119,50
3,93649.176,50
3,93652.305,50
3,93655.509,50
3,93659.095,50
3,93662.399,51
3,93665.423,51
3,93670.315,51
3,93673.450,51
3,93676.520,51
3,93679.735,51
3,93683.523,51
3,93686.691,51
3,93690.146,51
3,93693.119,51
3,93696.085,51
3,93701.957,51
3,93706.344,51
3,93709.556,51
3,93712.180,51
3,93716.666,51
3,93719.737,51
3,93723.054,51
3,93726.189,51
3,93729.383,51
3,93733.467,51
3,93736.696,51
3,93739.790,51
3,93743.017,51
3,93746.532,51
3,93750.645,51
3,93753.863,51
3,93756.841,51
3,93759.851,51
3,93763.341,51
3,93767.142,51
3,93770.833,51
3,93774.282,51
3,93777.498,51
3,93780.587,51
3,93784.337,51
3,93787.930,51
3,93791.014,51
3,93794.042,51
3,93797.117,51
3,93800.243,51
3,93804.284,51
3,93807.387,51
3,93810.386,51
3,93813.327,51
3,93816.333,51
3,93820.079,51
3,93823.453,51
3,93826.973,51
3,93830.195,52
3,93834.088,52
3,93837.267,52
3,93840.446,52
3,93843.515,52
3,93846.438,52
3,93850.515,52
3,93853.632,52
3,93856.659,52
3,93859.608,52
3,93862.568,52
3,93867.488,52
3,93870.771,52
3,93874.012,52
3,93877.100,52
3,93880.464,52
3,93884.284,52
3,93887.698,52
3,93890.764,52
3,93893.733,52
3,93897.093,52
3,93901.375,52
3,93906.274,52
3,93909.609,52
3,93912.542,52
3,93916.917,52
3,93920.048,52
3,93923.348,52
3,93926.416,52
3,93929.488,52
3,93933.739,52
3,93937.008,52
3,93940.444,52
3,93943.501,52
3,93946.502,52
3,93950.163,52
3,93953.170,52
3,93956.083,52
3,93959.157,52
3,93962.090,52
3,93967.389,52
3,93970.697,52
3,93974.155,52
3,93977.171,52
3,93980.373,52
3,93985.089,52
3,93988.567,52
3,93991.886,52
3,93994.907,52
3,93998.164,53
3,94002.115,53
3,94005.238,53
3,94009.321,53
3,94012.437,53
3,94016.830,53
3,94020.287,53
3,94024.257,53
3,94027.677,53
3,94030.556,53
3,94033.958,53
3,94037.609,53
3,94040.727,53
3,94044.166,53
3,94046.889,53
3,94051.369,53
3,94054.898,53
3,94058.291,53
3,94061.258,53
3,94063.767,53
3,94068.400,53
3,94071.461,53
3,94074.409,53
3,94077.348,53
3,94080.565,53
3,94084.444,53
3,94087.077,53
3,94090.407,53
3,94093.347,53
3,94095.960,53
3,94100.215,53
3,94103.384,53
3,94106.772,53
3,94109.755,53
3,94112.898,53
3,94117.727,53
3,94121.108,53
3,94124.296,53
3,94127.015,53
3,94130.109,53
3,94133.597,53
3,94137.128,53
3,94140.734,53
3,94143.648,53
3,94146.546,53
3,94150.176,53
3,94153.604,53
3,94156.630,53
3,94159.719,53
3,94162.795,55
3,94167.145,55
3,94170.849,55
3,94174.046,55
3,94177.035,55
3,94180.208,55
3,94184.648,55
3,94187.811,55
3,94190.985,55
3,94193.971,55
3,94197.043,55
3,94201.452,55
3,94204.929,55
3,94208.128,55
3,94211.409,55
3,94214.325,55
3,94218.294,55
3,94221.461,55
3,94224.565,55
3,94227.948,55
3,94231.267,55
3,94234.777,55
3,94238.451,55
3,94241.647,55
3,94244.744,55
3,94247.596,55
3,94251.114,55
3,94254.280,55
3,94258.099,55
3,94261.250,55
3,94264.196,55
3,94267.292,55
3,94270.348,55
3,94273.932,55
3,94277.024,55
3,94279.987,55
3,94283.060,55
3,94286.145,55
3,94289.830,55
3,94293.330,55
3,94296.509,55
3,94299.679,55
3,94303.092,55
3,94307.595,55
3,94312.440,55
3,94315.523,55
3,94318.750,55
3,94322.589,55
3,94325.875,55
3,94329.305,56
3,94332.689,56
3,94335.938,56
3,94339.444,56
3,94342.904,56
3,94346.549,56
3,94349.663,56
3,94353.027,56
3,94356.286,56
3,94360.606,56
3,94364.212,56
3,94367.227,56
3,94370.928,56
3,94374.348,56
3,94377.418,56
3,94380.402,56
3,94384.093,56
3,94387.124,56
3,94390.326,56
3,94393.348,56
3,94397.502,56
3,94400.511,56
3,94403.608,56
3,94406.712,56
3,94410.491,56
3,94413.425,56
3,94416.355,56
3,94419.261,56
3,94422.295,56
3,94426.197,56
3,94429.126,56
3,94432.039,56
3,94435.099,56
3,94438.661,56
3,94442.867,56
3,94445.845,56
3,94448.972,56
3,94452.138,56
3,94455.369,56
3,94458.547,56
3,94462.620,56
3,94465.684,56
3,94468.827,56
3,94472.273,56
3,94475.875,56
3,94479.140,57
3,94482.345,57
3,94485.490,57
3,94488.800,57
3,94492.730,57
3,94495.874,57
3,94498.814,57
3,94503.044,57
3,94506.395,57
3,94509.946,57
3,94513.006,57
3,94516.158,57
3,94519.208,57
3,94522.422,57
3,94526.276,57
3,94529.168,57
3,94532.104,57
3,94535.334,57
3,94538.754,57
3,94542.289,57
3,94545.648,57
3,94548.863,57
3,94552.256,57
3,94555.927,57
3,94560.230,57
3,94563.335,57
3,94566.188,57
3,94569.123,57
3,94572.193,57
3,94577.477,57
3,94580.746,57
3,94583.710,57
3,94586.750,57
3,94589.951,57
3,94593.479,57
3,94596.430,57
3,94599.467,57
3,94602.534,57
3,94606.207,57
3,94609.617,57
3,94613.685,57
3,94616.839,57
3,94620.082,57
3,94623.739,57
3,94626.900,57
3,94630.774,57
3,94633.950,57
3,94637.041,57
3,94641.361,57
3,94644.776,57
3,94647.611,58
3,94650.799,58
3,94653.796,58
3,94658.573,58
3,94661.627,58
3,94664.586,58
3,94667.527,58
3,94670.903,58
3,94674.751,58
3,94678.363,58
3,94681.354,58
3,94684.434,58
3,94687.425,58
3,94692.361,58
3,94695.669,58
3,94698.831,58
3,94702.700,58
3,94706.889,58
3,94710.215,58
3,94713.168,58
3,94716.208,58
3,94719.342,58
3,94722.348,58
3,94725.895,58
3,94728.892,58
3,94731.860,58
3,94734.803,58
3,94737.785,58
3,94741.538,58
3,94744.813,58
3,94747.758,58
3,94750.671,58
3,94753.951,58
3,94758.613,58
3,94762.073,58
3,94765.147,58
3,94768.320,58
3,94771.767,58
3,94776.009,58
3,94779.079,58
3,94782.293,58
3,94785.393,58
3,94788.739,58
3,94791.458,58
3,94796.802,58
3,94800.130,58
3,94803.415,58
3,94806.879,58
3,94810.879,58
3,94813.862,59
3,94816.978,59
3,94819.889,59
3,94822.879,59
3,94826.982,59
3,94830.227,59
3,94833.490,59
3,94836.126,59
3,94839.616,59
3,94843.057,59
3,94845.908,59
3,94848.849,59
3,94851.840,59
3,94854.948,59
3,94858.399,59
3,94861.476,59
3,94864.368,59
3,94867.313,59
3,94870.458,59
3,94873.652,59
3,94877.142,59
3,94881.171,59
3,94885.285,59
3,94888.762,59
3,94892.506,59
3,94895.618,59
3,94898.692,59
3,94901.889,59
3,94905.085,59
3,94908.980,59
3,94912.326,59
3,94916.595,59
3,94920.555,59
3,94925.554,59
3,94928.956,59
3,94932.131,59
3,94935.314,59
3,94938.813,59
3,94942.601,59
3,94945.562,59
3,94948.520,59
3,94951.459,59
3,94954.473,59
3,94957.572,59
3,94960.893,59
3,94964.052,59
3,94967.175,59
3,94970.403,59
3,94975.539,59
3,94979.136,60
3,94982.415,60
3,94985.791,60
3,94988.950,60
3,94992.916,60
3,94995.937,60
3,94999.122,60
3,95002.308,60
3,95005.826,60
3,95009.357,60
3,95012.239,60
3,95015.373,60
3,95018.667,60
3,95021.995,60
3,95025.586,60
3,95028.885,60
3,95032.084,60
3,95035.158,60
3,95038.477,60
3,95042.180,60
3,95045.499,60
3,95048.446,60
3,95051.353,60
3,95054.487,60
3,95058.795,60
3,95062.057,60
3,95065.233,60
3,95068.430,60
3,95071.713,60
3,95075.444,60
3,95078.519,60
3,95081.471,60
3,95084.358,60
3,95087.238,60
3,95090.456,60
3,95094.046,60
3,95097.026,60
3,95100.066,60
3,95103.211,60
3,95106.968,60
3,95110.693,60
3,95113.872,60
3,95116.982,60
3,95120.107,60
3,95123.347,60
3,95126.732,60
3,95130.078,60
3,95133.305,60
3,95136.713,60
3,95139.935,60
3,95143.426,60
3,95146.581,61
3,95149.737,61
3,95153.237,61
3,95157.014,61
3,95160.217,61
3,95163.316,61
3,95166.351,61
3,95169.594,61
3,95173.086,61
3,95176.422,61
3,95179.542,61
3,95182.630,61
3,95185.631,61
3,95189.104,61
3,95192.555,61
3,95195.835,61
3,95198.876,61
3,95201.864,61
3,95205.625,61
3,95210.280,61
3,95213.404,61
3,95217.577,61
3,95220.984,61
3,95224.514,61
3,95227.718,61
3,95230.840,61
3,95234.140,61
3,95237.853,61
3,95241.004,61
3,95244.056,61
3,95246.900,61
3,95251.749,61
3,95255.035,61
3,95258.254,61
3,95261.345,61
3,95264.290,61
3,95268.292,61
3,95271.650,61
3,95274.929,61
3,95278.164,61
3,95281.013,61
3,95285.184,61
3,95288.183,61
3,95291.332,61
3,95294.503,61
3,95297.598,61
3,95300.960,61
3,95304.302,61
3,95307.708,61
3,95310.696,61
3,95313.729,61
3,95317.936,61
3,95321.297,61
3,95324.523,61
3,95327.563,61
3,95330.466,62
3,95334.841,62
3,95338.213,62
3,95341.455,62
3,95344.561,62
3,95347.541,62
3,95351.869,62
3,95355.271,62
3,95358.447,62
3,95361.550,62
3,95364.524,62
3,95368.681,62
3,95372.011,62
3,95375.120,62
3,95378.217,62
3,95381.450,62
3,95385.037,62
3,95388.111,62
3,95391.365,62
3,95394.630,62
3,95397.726,62
3,95401.807,62
3,95405.148,62
3,95408.484,62
3,95411.860,62
3,95415.136,62
3,95418.647,62
3,95422.127,62
3,95425.154,62
3,95428.203,62
3,95431.246,62
3,95434.750,62
3,95438.489,62
3,95442.034,62
3,95444.883,62
3,95448.215,62
3,95451.908,62
3,95455.257,62
3,95458.293,62
3,95461.628,62
3,95464.535,62
3,95468.646,62
3,95472.123,62
3,95475.332,62
3,95478.391,62
3,95481.465,62
3,95485.112,62
3,95488.444,62
3,95491.922,62
3,95495.019,62
3,95497.907,63
3,95501.589,63
3,95505.067,63
3,95508.369,63
3,95511.471,63
3,95514.527,63
3,95519.035,63
3,95522.208,63
3,95525.368,63
3,95528.483,63
3,95533.136,63
3,95536.190,63
3,95539.325,63
3,95542.345,63
3,95545.738,63
3,95550.472,63
3,95554.088,63
3,95557.361,63
3,95560.370,63
3,95563.351,63
3,95566.978,63
3,95569.930,63
3,95572.931,63
3,95575.891,63
3,95579.098,63
3,95583.647,63
3,95586.780,63
3,95589.984,63
3,95592.965,63
3,95595.865,63
3,95599.838,63
3,95602.885,63
3,95605.999,63
3,95609.034,63
3,95612.415,63
3,95616.696,63
3,95619.758,63
3,95622.878,63
3,95626.053,63
3,95629.002,63
3,95631.982,63
3,95636.010,63
3,95639.070,63
3,95642.122,63
3,95645.333,63
3,95649.475,63
3,95652.866,63
3,95655.979,63
3,95659.079,63
3,95662.290,64
3,95666.698,64
3,95669.707,64
3,95672.834,64
3,95676.019,64
3,95679.132,64
3,95683.944,64
3,95687.193,64
3,95690.277,64
3,95693.372,64
3,95696.255,64
3,95700.176,64
3,95703.172,64
3,95706.193,64
3,95709.381,64
3,95712.546,64
3,95716.973,64
3,95720.015,64
3,95723.002,64
3,95726.080,64
3,95729.257,64
3,95733.449,64
3,95736.571,64
3,95739.701,64
3,95742.920,64
3,95746.123,64
3,95749.193,64
3,95752.991,64
3,95756.330,64
3,95759.566,64
3,95762.792,64
3,95765.756,64
3,95769.225,64
3,95772.371,64
3,95775.395,64
3,95778.494,64
3,95781.435,64
3,95786.412,64
3,95789.614,64
3,95792.909,64
3,95795.897,64
3,95798.847,64
3,95801.796,64
3,95805.559,64
3,95808.679,64
3,95811.682,64
3,95814.541,64
3,95818.147,64
3,95822.101,64
3,95825.114,64
3,95828.179,64
3,95831.382,65
3,95835.118,65
3,95838.449,65
3,95841.434,65
3,95844.480,65
3,95846.965,65
3,95850.985,65
3,95854.035,65
3,95857.018,65
3,95859.944,65
3,95862.933,65
3,95867.026,65
3,95870.076,65
3,95873.312,65
3,95876.279,65
3,95879.394,65
3,95883.053,65
3,95886.031,65
3,95889.072,65
3,95892.068,65
3,95895.384,65
3,95898.672,65
3,95902.122,65
3,95905.325,65
3,95908.435,65
3,95911.646,65
3,95914.560,65
3,95918.299,65
3,95921.735,65
3,95924.875,65
3,95927.916,65
3,95930.884,65
3,95934.793,65
3,95937.924,65
3,95941.105,65
3,95944.167,65
3,95947.079,65
3,95951.361,65
3,95954.585,65
3,95957.677,65
3,95960.796,65
3,95963.456,65
3,95968.091,65
3,95971.280,65
3,95974.751,65
3,95977.838,65
3,95980.915,65
3,95984.462,65
3,95987.457,65
3,95990.740,65
3,95993.759,65
3,95996.842,66
3,96000.361,66
3,96003.491,66
3,96006.540,66
3,96009.655,66
3,96012.974,66
3,96017.347,66
3,96020.342,66
3,96023.519,66
3,96026.398,66
3,96029.103,66
3,96034.344,66
3,96037.261,66
3,96040.168,66
3,96042.920,66
3,96045.676,66
3,96049.198,66
3,96053.590,66
3,96056.448,66
3,96059.258,66
3,96062.048,66
3,96064.922,66
3,96068.341,66
3,96071.062,66
3,96074.041,66
3,96076.695,66
3,96079.424,66
3,96082.629,66
3,96085.887,66
3,96090.387,66
3,96093.109,66
3,96095.743,66
3,96100.234,66
3,96103.034,66
3,96105.868,66
3,96108.743,66
3,96111.592,66
3,96115.711,66
3,96118.517,66
3,96121.275,66
3,96124.940,66
3,96127.676,66
3,96130.479,66
3,96133.177,66
3,96137.078,66
3,96140.177,66
3,96142.868,66
3,96145.618,66
3,96149.387,66
3,96152.361,66
3,96155.122,66
3,96157.699,66
3,96160.584,66
3,96162.910,67
3,96167.243,67
3,96171.046,67
3,96173.929,67
3,96176.659,67
3,96179.274,67
3,96183.238,67
3,96185.909,67
3,96188.602,67
3,96191.299,67
3,96194.065,67
3,96197.069,67
3,96200.624,67
3,96203.471,67
3,96206.150,67
3,96208.770,67
3,96211.951,67
3,96214.854,67
3,96218.406,67
3,96221.115,67
3,96224.020,67
3,96226.568,67
3,96229.258,67
3,96232.057,67
3,96235.597,67
3,96238.578,67
3,96241.451,67
3,96244.101,67
3,96246.796,67
3,96251.022,67
3,96253.797,67
3,96256.887,67
3,96259.365,67
3,96261.958,67
3,96264.748,67
3,96268.215,67
3,96270.913,67
3,96273.858,67
3,96276.486,67
3,96279.171,67
3,96283.795,67
3,96286.754,67
3,96289.370,67
3,96292.071,67
3,96294.838,67
3,96297.416,67
3,96300.322,67
3,96303.755,67
3,96307.010,67
3,96309.663,67
3,96312.352,67
3,96314.886,67
3,96318.649,67
3,96321.321,67
3,96324.130,67
3,96326.682,67
3,96329.391,68
3,96333.262,68
3,96336.009,68
3,96338.691,68
3,96341.510,68
3,96344.183,68
3,96346.920,68
3,96350.994,68
3,96353.717,68
3,96356.849,68
3,96359.564,68
3,96362.097,68
3,96366.432,68
3,96369.168,68
3,96372.058,68
3,96374.841,68
3,96377.525,68
3,96380.266,68
3,96383.075,68
3,96386.534,68
3,96389.245,68
3,96391.946,68
3,96394.655,68
3,96397.338,68
3,96400.329,68
3,96403.786,68
3,96407.101,68
3,96409.785,68
3,96412.611,68
3,96415.308,68
3,96418.744,68
3,96421.659,68
3,96424.483,68
3,96427.991,68
3,96430.736,68
3,96434.663,68
3,96437.476,68
3,96440.169,68
3,96442.841,68
3,96445.246,68
3,96449.803,68
3,96452.906,68
3,96455.837,68
3,96458.557,68
3,96460.946,68
3,96463.740,68
3,96467.690,68
3,96470.516,68
3,96473.010,68
3,96475.714,68
3,96478.602,68
3,96482.915,68
3,96486.104,68
3,96488.736,68
3,96491.882,68
3,96494.474,68
3,96497.024,69
3,96499.824,69
3,96503.509,69
3,96506.776,69
3,96509.558,69
3,96512.189,69
3,96515.174,69
3,96518.354,69
3,96521.082,69
3,96523.989,69
3,96526.564,69
3,96528.908,69
3,96531.728,69
3,96535.414,69
3,96538.091,69
3,96540.714,69
3,96543.516,69
3,96546.054,69
3,96549.832,69
3,96552.321,69
3,96555.066,69
3,96557.781,69
3,96560.420,69
3,96563.163,69
3,96568.019,69
3,96570.496,69
3,96573.481,69
3,96576.050,69
3,96578.741,69
3,96583.041,69
3,96585.789,69
3,96588.471,69
3,96591.201,69
3,96593.727,69
3,96596.171,69
3,96600.641,69
3,96603.697,69
3,96607.333,69
3,96610.142,69
3,96612.772,69
3,96616.974,69
3,96619.954,69
3,96622.517,69
3,96625.117,69
3,96627.840,69
3,96630.191,69
3,96634.710,69
3,96637.705,69
3,96640.334,69
3,96643.985,69
3,96646.720,69
3,96649.626,69
3,96652.834,69
3,96655.629,69
3,96658.299,69
3,96661.005,69
3,96663.984,70
3,96668.019,70
3,96670.678,70
3,96673.688,70
3,96676.935,70
3,96679.766,70
3,96683.412,70
3,96686.023,70
3,96688.918,70
3,96691.832,70
3,96694.582,70
3,96696.999,70
3,96701.707,70
3,96704.440,70
3,96707.528,70
3,96710.243,70
3,96712.621,70
3,96715.360,70
3,96719.327,70
3,96722.041,70
3,96724.695,70
3,96727.453,70
3,96730.957,70
3,96735.030,70
3,96737.620,70
3,96741.983,70
3,96745.371,70
3,96748.167,70
3,96751.883,70
3,96754.655,70
3,96757.315,70
3,96760.015,70
3,96762.536,70
3,96766.662,70
3,96769.389,70
3,96771.779,70
3,96774.437,70
3,96777.018,70
3,96779.506,70
3,96783.865,70
3,96786.641,70
3,96790.000,70
3,96792.728,70
3,96795.874,70
3,96798.454,70
3,96802.486,70
3,96805.317,70
3,96808.196,70
3,96810.872,70
3,96813.476,70
3,96817.848,70
3,96820.656,70
3,96823.352,70
3,96825.969,70
3,96828.593,71
3,96831.677,71
3,96834.802,71
3,96837.628,71
3,96840.661,71
3,96843.377,71
3,96845.935,71
3,96850.440,71
3,96853.361,71
3,96856.235,71
3,96859.769,71
3,96862.339,71
3,96867.770,71
3,96870.611,71
3,96873.177,71
3,96876.109,71
3,96878.756,71
3,96883.397,71
3,96886.115,71
3,96889.290,71
3,96892.023,71
3,96894.683,71
3,96897.342,71
3,96900.943,71
3,96903.642,71
3,96906.372,71
3,96908.938,71
3,96911.688,71
3,96914.547,71
3,96917.942,71
3,96920.758,71
3,96923.745,71
3,96926.136,71
3,96928.706,71
3,96931.528,71
3,96935.054,71
3,96937.730,71
3,96940.447,71
3,96943.213,71
3,96945.828,71
3,96950.072,71
3,96952.793,71
3,96955.338,71
3,96957.946,71
3,96960.550,71
3,96963.136,71
3,96965.827,71
3,96969.792,71
3,96972.416,71
3,96975.165,71
3,96977.923,71
3,96980.463,71
3,96985.220,71
3,96988.002,71
3,96990.731,71
3,96994.010,71
3,96996.666,72
3,97000.612,72
3,97003.375,72
3,97006.565,72
3,97009.154,72
3,97011.856,72
3,97014.687,72
3,97018.354,72
3,97021.124,72
3,97024.435,72
3,97027.109,72
3,97029.621,72
3,97033.906,72
3,97036.792,72
3,97039.460,72
3,97042.629,72
3,97045.357,72
3,97048.385,72
3,97052.056,72
3,97054.948,72
3,97057.613,72
3,97060.252,72
3,97063.010,72
3,97066.878,72
3,97069.608,72
3,97073.773,72
3,97077.745,72
3,97080.367,72
3,97083.490,72
3,97087.133,72
3,97089.927,72
3,97092.854,72
3,97095.435,72
3,97099.049,72
3,97102.280,72
3,97105.272,72
3,97107.898,72
3,97110.971,72
3,97113.638,72
3,97116.587,72
3,97120.236,72
3,97123.182,72
3,97125.889,72
3,97128.525,72
3,97131.301,72
3,97134.018,72
3,97136.799,72
3,97140.293,72
3,97143.128,72
3,97146.624,72
3,97151.428,72
3,97154.477,72
3,97157.284,72
3,97159.933,72
3,97162.597,73
3,97165.267,73
3,97169.008,73
3,97171.947,73
3,97174.674,73
3,97177.554,73
3,97180.172,73
3,97183.029,73
3,97186.546,73
3,97189.379,73
3,97192.136,73
3,97194.843,73
3,97197.738,73
3,97201.223,73
3,97204.197,73
3,97206.930,73
3,97209.701,73
3,97212.247,73
3,97215.135,73
3,97218.699,73
3,97221.487,73
3,97224.190,73
3,97226.942,73
3,97229.527,73
3,97234.536,73
3,97237.302,73
3,97239.878,73
3,97243.148,73
3,97245.856,73
3,97250.069,73
3,97252.852,73
3,97255.902,73
3,97258.710,73
3,97261.569,73
3,97264.649,73
3,97268.247,73
3,97271.054,73
3,97273.828,73
3,97276.463,73
3,97279.100,73
3,97281.971,73
3,97285.547,73
3,97288.182,73
3,97290.960,73
3,97293.879,73
3,97296.711,73
3,97299.344,73
3,97303.094,73
3,97305.823,73
3,97309.162,73
3,97312.036,73
3,97314.850,73
3,97319.407,73
3,97321.978,73
3,97324.613,73
3,97327.510,73
3,97330.192,74
3,97334.945,74
3,97338.801,74
3,97341.790,74
3,97344.615,74
3,97347.197,74
3,97352.036,74
3,97354.891,74
3,97357.529,74
3,97360.188,74
3,97362.925,74
3,97367.346,74
3,97372.177,74
3,97376.651,74
3,97379.306,74
3,97384.329,74
3,97387.834,74
3,97391.851,74
3,97395.020,74
3,97397.771,74
3,97402.344,74
3,97405.211,74
3,97408.001,74
3,97410.621,74
3,97413.243,74
3,97417.583,74
3,97420.474,74
3,97423.187,74
3,97425.889,74
3,97429.287,74
3,97433.603,74
3,97436.318,74
3,97439.035,74
3,97442.086,74
3,97444.981,74
3,97447.966,74
3,97451.534,74
3,97454.612,74
3,97457.304,74
3,97460.236,74
3,97463.246,74
3,97466.212,74
3,97470.499,74
3,97473.590,74
3,97476.337,74
3,97479.770,74
3,97484.532,74
3,97487.364,74
3,97490.391,74
3,97493.054,74
3,97496.065,75
3,97500.169,75
3,97503.098,75
3,97506.282,75
3,97508.813,75
3,97511.550,75
3,97514.751,75
3,97518.097,75
3,97520.773,75
3,97523.420,75
3,97526.164,75
3,97529.589,75
3,97533.416,75
3,97536.227,75
3,97539.059,75
3,97541.789,75
3,97544.470,75
3,97546.926,75
3,97550.023,75
3,97553.708,75
3,97556.370,75
3,97559.125,75
3,97562.178,75
3,97566.774,75
3,97569.577,75
3,97572.014,75
3,97574.686,75
3,97577.279,75
3,97579.823,75
3,97584.340,75
3,97587.126,75
3,97589.911,75
3,97593.136,75
3,97596.244,75
3,97599.279,75
3,97602.018,75
3,97604.648,75
3,97607.945,75
3,97610.355,75
3,97612.845,75
3,97617.081,75
3,97619.841,75
3,97624.821,75
3,97627.657,75
3,97630.292,75
3,97634.193,75
3,97638.606,75
3,97642.059,75
3,97645.058,75
3,97647.860,75
3,97651.555,75
3,97654.338,75
3,97657.083,75
3,97659.764,75
3,97662.451,76
3,97665.166,76
3,97668.593,76
3,97671.228,76
3,97674.239,76
3,97677.072,76
3,97679.409,76
3,97684.653,76
3,97687.249,76
3,97690.085,76
3,97692.795,76
3,97695.563,76
3,97700.234,76
3,97703.576,76
3,97706.581,76
3,97709.559,76
3,97712.072,76
3,97716.894,76
3,97719.697,76
3,97722.061,76
3,97724.658,76
3,97727.631,76
3,97730.009,76
3,97733.906,76
3,97736.563,76
3,97739.285,76
3,97742.247,76
3,97744.867,76
3,97747.659,76
3,97751.152,76
3,97754.302,76
3,97757.055,76
3,97759.771,76
3,97762.605,76
3,97766.320,76
3,97769.101,76
3,97771.942,76
3,97774.760,76
3,97777.751,76
3,97780.291,76
3,97784.545,76
3,97787.283,76
3,97790.297,76
3,97792.881,76
3,97796.095,76
3,97798.676,76
3,97802.334,76
3,97804.942,76
3,97807.523,76
3,97810.323,76
3,97813.002,76
3,97815.754,76
3,97819.737,76
3,97822.235,76
3,97824.878,76
3,97828.122,76
3,97830.791,77
3,97834.512,77
3,97837.202,77
3,97839.801,77
3,97842.401,77
3,97845.730,77
3,97849.566,77
3,97852.685,77
3,97856.984,77
3,97859.799,77
3,97864.612,77
3,97867.659,77
3,97870.374,77
3,97873.012,77
3,97875.738,77
3,97879.141,77
3,97883.712,77
3,97886.237,77
3,97888.711,77
3,97891.355,77
3,97893.921,77
3,97896.826,77
3,97900.972,77
3,97903.957,77
3,97906.729,77
3,97909.148,77
3,97911.803,77
3,97914.413,77
3,97917.690,77
3,97920.393,77
3,97923.627,77
3,97926.151,77
3,97929.079,77
3,97933.409,77
3,97936.576,77
3,97939.297,77
3,97942.680,77
3,97946.974,77
3,97950.161,77
3,97952.794,77
3,97955.424,77
3,97959.973,77
3,97963.553,77
3,97967.011,77
3,97970.243,77
3,97973.230,77
3,97975.883,77
3,97978.538,77
3,97982.098,77
3,97984.975,77
3,97987.564,77
3,97990.196,77
3,97993.253,77
3,97995.815,78
3,97999.958,78
3,98002.677,78
3,98005.164,78
3,98007.812,78
3,98010.457,78
3,98012.912,78
3,98016.028,78
3,98019.019,78
3,98021.918,78
3,98024.424,78
3,98026.934,78
3,98030.010,78
3,98034.216,78
3,98036.948,78
3,98039.824,78
3,98042.358,78
3,98044.988,78
3,98047.768,78
3,98050.789,78
3,98053.217,78
3,98055.809,78
3,98058.410,78
3,98060.945,78
3,98063.295,78
3,98065.674,78
3,98069.760,78
3,98072.583,78
3,98075.246,78
3,98078.512,78
3,98081.178,78
3,98085.439,78
3,98088.023,78
3,98090.637,78
3,98093.299,78
3,98096.170,78
3,98099.028,78
3,98102.830,78
3,98105.467,78
3,98108.040,78
3,98110.672,78
3,98113.215,78
3,98115.989,78
3,98119.361,78
3,98121.833,78
3,98124.512,78
3,98127.293,78
3,98129.838,78
3,98132.423,78
3,98136.246,78
3,98138.702,78
3,98141.645,78
3,98144.279,78
3,98146.732,78
3,98149.860,78
3,98153.390,78
3,98155.985,78
3,98158.674,78
3,98162.572,78
3,98165.249,79
3,98169.327,79
3,98172.159,79
3,98174.805,79
3,98177.289,79
3,98179.792,79
3,98182.458,79
3,98186.086,79
3,98188.953,79
3,98192.028,79
3,98194.674,79
3,98197.314,79
3,98199.969,79
3,98203.751,79
3,98206.378,79
3,98209.392,79
3,98212.495,79
3,98217.282,79
3,98221.256,79
3,98224.166,79
3,98227.947,79
3,98230.852,79
3,98234.082,79
3,98237.271,79
3,98239.784,79
3,98242.693,79
3,98247.007,79
3,98250.264,79
3,98252.757,79
3,98255.146,79
3,98257.755,79
3,98260.371,79
3,98262.856,79
3,98267.417,79
3,98270.436,79
3,98272.874,79
3,98275.686,79
3,98278.379,79
3,98281.079,79
3,98285.096,79
3,98287.585,79
3,98290.362,79
3,98293.046,79
3,98295.554,79
3,98298.189,79
3,98301.997,79
3,98304.764,79
3,98307.374,79
3,98309.987,79
3,98312.631,79
3,98316.596,79
3,98319.188,79
3,98321.819,79
3,98324.371,79
3,98327.405,79
3,98330.157,80
3,98333.639,80
3,98336.420,80
3,98339.600,80
3,98342.819,80
3,98345.418,80
3,98347.893,80
3,98350.580,80
3,98356.642,80
3,98360.773,80
3,98363.497,80
3,98366.477,80
3,98370.117,80
3,98373.067,80
3,98375.735,80
3,98378.674,80
3,98382.829,80
3,98385.451,80
3,98388.325,80
3,98391.207,80
3,98393.791,80
3,98396.124,80
3,98399.176,80
3,98402.057,80
3,98404.827,80
3,98407.403,80
3,98409.974,80
3,98412.860,80
3,98416.460,80
3,98418.956,80
3,98421.489,80
3,98423.925,80
3,98426.759,80
3,98429.330,80
3,98433.092,80
3,98435.754,80
3,98438.546,80
3,98441.178,80
3,98443.731,80
3,98446.216,80
3,98450.558,80
3,98453.237,80
3,98455.682,80
3,98458.213,80
3,98460.850,80
3,98463.355,80
3,98467.616,80
3,98470.288,80
3,98472.870,80
3,98475.407,80
3,98478.113,80
3,98481.235,80
3,98484.416,80
3,98487.060,80
3,98489.673,80
3,98492.198,80
3,98494.736,80
3,98497.429,82
3,98500.798,82
3,98503.415,82
3,98506.477,82
3,98509.261,82
3,98511.884,82
3,98516.289,82
3,98518.803,82
3,98522.036,82
3,98524.645,82
3,98527.151,82
3,98529.807,82
3,98534.815,82
3,98537.430,82
3,98539.839,82
3,98542.452,82
3,98544.885,82
3,98549.090,82
3,98552.128,82
3,98554.965,82
3,98558.175,82
3,98560.781,82
3,98563.228,82
3,98567.412,82
3,98570.204,82
3,98573.195,82
3,98576.204,82
3,98578.874,82
3,98582.098,82
3,98584.891,82
3,98587.546,82
3,98590.080,82
3,98592.905,82
3,98595.612,82
3,98600.057,82
3,98602.844,82
3,98605.498,82
3,98608.200,82
3,98611.346,82
3,98614.462,82
3,98618.265,82
3,98621.103,82
3,98623.983,82
3,98626.519,82
3,98629.184,82
3,98631.871,82
3,98635.676,82
3,98638.746,82
3,98641.351,82
3,98643.896,82
3,98646.401,82
3,98650.469,82
3,98653.625,82
3,98656.571,82
3,98659.007,82
3,98662.002,83
3,98666.223,83
3,98668.808,83
3,98671.751,83
3,98674.447,83
3,98677.471,83
3,98679.922,83
3,98683.740,83
3,98686.266,83
3,98689.041,83
3,98691.596,83
3,98694.164,83
3,98696.666,83
3,98699.232,83
3,98702.922,83
3,98705.647,83
3,98708.657,83
3,98711.443,83
3,98714.080,83
3,98717.635,83
3,98720.203,83
3,98723.296,83
3,98726.012,83
3,98728.598,83
3,98731.194,83
3,98735.649,83
3,98738.238,83
3,98740.755,83
3,98743.508,83
3,98745.899,83
3,98748.613,83
3,98752.409,83
3,98755.164,83
3,98757.807,83
3,98760.668,83
3,98763.239,83
3,98765.935,83
3,98769.757,83
3,98772.844,83
3,98775.501,83
3,98778.283,83
3,98780.903,83
3,98785.038,83
3,98787.705,83
3,98790.309,83
3,98792.883,83
3,98795.925,83
3,98798.973,83
3,98802.739,83
3,98805.640,83
3,98808.315,83
3,98810.883,83
3,98813.352,83
3,98817.580,83
3,98820.544,83
3,98823.304,83
3,98826.121,83
3,98828.547,84
3,98831.252,84
3,98834.760,84
3,98837.239,84
3,98839.845,84
3,98842.274,84
3,98845.224,84
3,98849.798,84
3,98853.184,84
3,98855.640,84
3,98858.272,84
3,98861.484,84
3,98864.014,84
3,98867.638,84
3,98870.341,84
3,98872.946,84
3,98875.404,84
3,98877.943,84
3,98880.801,84
3,98884.650,84
3,98887.714,84
3,98890.361,84
3,98893.135,84
3,98895.665,84
3,98899.693,84
3,98902.484,84
3,98905.129,84
3,98907.869,84
3,98910.447,84
3,98913.003,84
3,98917.541,84
3,98920.434,84
3,98923.019,84
3,98925.676,84
3,98928.433,84
3,98931.175,84
3,98934.501,84
3,98937.440,84
3,98940.201,84
3,98943.070,84
3,98945.558,84
3,98949.515,84
3,98952.173,84
3,98954.795,84
3,98957.397,84
3,98960.072,84
3,98962.545,84
3,98966.931,84
3,98969.629,84
3,98972.780,84
3,98975.392,84
3,98978.044,84
3,98980.670,84
3,98983.981,84
3,98986.578,84
3,98989.341,84
3,98992.108,84
3,98994.696,84
3,98997.035,85
3,99000.998,85
3,99003.714,85
3,99006.465,85
3,99009.555,85
3,99012.196,85
3,99016.229,85
3,99018.985,85
3,99021.920,85
3,99024.549,85
3,99027.197,85
3,99029.919,85
3,99034.198,85
3,99036.989,85
3,99039.443,85
3,99042.158,85
3,99044.625,85
3,99047.312,85
3,99050.728,85
3,99053.272,85
3,99056.103,85
3,99059.184,85
3,99061.664,85
3,99064.478,85
3,99068.276,85
3,99071.362,85
3,99074.017,85
3,99076.622,85
3,99079.273,85
3,99083.122,85
3,99085.751,85
3,99088.457,85
3,99090.913,85
3,99093.533,85
3,99095.925,85
3,99100.315,85
3,99102.917,85
3,99105.806,85
3,99108.490,85
3,99111.001,85
3,99113.959,85
3,99118.212,85
3,99121.039,85
3,99124.055,85
3,99126.833,85
3,99129.938,85
3,99133.764,85
3,99136.972,85
3,99139.454,85
3,99141.946,85
3,99145.156,85
3,99149.486,85
3,99152.231,85
3,99155.503,85
3,99158.209,85
3,99160.814,85
3,99163.328,86
3,99167.587,86
3,99170.290,86
3,99174.863,86
3,99177.684,86
3,99181.698,86
3,99184.774,86
3,99187.632,86
3,99190.645,86
3,99193.396,86
3,99195.990,86
3,99200.057,86
3,99202.998,86
3,99205.603,86
3,99208.385,86
3,99211.017,86
3,99213.557,86
3,99217.931,86
3,99220.675,86
3,99223.612,86
3,99226.265,86
3,99228.902,86
3,99232.718,86
3,99235.286,86
3,99237.862,86
3,99240.523,86
3,99243.101,86
3,99245.645,86
3,99249.939,86
3,99252.938,86
3,99255.475,86
3,99258.110,86
3,99260.738,86
3,99263.340,86
3,99267.492,86
3,99270.075,86
3,99272.618,86
3,99275.126,86
3,99277.763,86
3,99280.367,86
3,99284.649,86
3,99287.348,86
3,99289.905,86
3,99292.473,86
3,99295.012,86
3,99297.500,86
3,99301.692,86
3,99304.382,86
3,99306.962,86
3,99309.361,86
3,99311.906,86
3,99315.950,86
3,99318.437,86
3,99320.950,86
3,99323.467,86
3,99326.029,86
3,99328.502,87
3,99332.756,87
3,99335.374,87
3,99337.922,87
3,99340.549,87
3,99343.046,87
3,99346.008,87
3,99350.143,87
3,99352.764,87
3,99355.486,87
3,99358.148,87
3,99360.866,87
3,99363.330,87
3,99367.595,87
3,99370.586,87
3,99373.383,87
3,99376.025,87
3,99378.511,87
3,99382.855,87
3,99385.511,87
3,99387.938,87
3,99390.656,87
3,99393.377,87
3,99396.502,87
3,99399.631,87
3,99402.647,87
3,99405.412,87
3,99408.185,87
3,99410.839,87
3,99413.221,87
3,99415.831,87
3,99421.311,87
3,99424.298,87
3,99427.819,87
3,99432.043,87
3,99434.890,87
3,99437.912,87
3,99440.465,87
3,99443.210,87
3,99445.865,87
3,99449.187,87
3,99452.082,87
3,99454.928,87
3,99458.074,87
3,99460.541,87
3,99463.069,87
3,99465.618,87
3,99469.380,87
3,99471.917,87
3,99474.631,87
3,99477.333,87
3,99479.916,87
3,99484.215,87
3,99486.831,87
3,99489.424,87
3,99492.022,87
3,99494.750,87
3,99497.271,88
3,99500.882,88
3,99505.195,88
3,99507.915,88
3,99511.506,88
3,99514.071,88
3,99517.915,88
3,99520.950,88
3,99523.506,88
3,99526.079,88
3,99528.588,88
3,99531.569,88
3,99534.728,88
3,99537.328,88
3,99540.384,88
3,99543.017,88
3,99545.649,88
3,99548.638,88
3,99551.729,88
3,99554.702,88
3,99557.166,88
3,99559.894,88
3,99562.284,88
3,99564.992,88
3,99568.283,88
3,99571.324,88
3,99574.295,88
3,99577.065,88
3,99579.618,88
3,99582.373,88
3,99586.032,88
3,99588.934,88
3,99591.503,88
3,99594.243,88
3,99596.740,88
3,99599.612,88
3,99602.490,88
3,99605.045,88
3,99609.187,88
3,99612.040,88
3,99614.805,88
3,99617.817,88
3,99620.647,88
3,99623.164,88
3,99626.200,88
3,99629.078,88
3,99631.995,88
3,99634.641,88
3,99637.280,88
3,99639.897,88
3,99642.476,88
3,99645.298,88
3,99648.617,88
3,99651.218,88
3,99653.854,88
3,99656.450,88
3,99660.730,88
3,99663.294,89
3,99666.336,89
3,99669.496,89
3,99672.001,89
3,99675.877,89
3,99678.220,89
3,99681.219,89
3,99683.636,89
3,99686.308,89
3,99689.343,89
3,99692.864,89
3,99695.675,89
3,99698.184,89
3,99700.851,89
3,99703.456,89
3,99706.117,89
3,99709.909,89
3,99712.469,89
3,99715.625,89
3,99718.678,89
3,99721.845,89
3,99725.305,89
3,99728.645,89
3,99731.232,89
3,99734.371,89
3,99737.294,89
3,99741.582,89
3,99744.227,89
3,99746.637,89
3,99749.102,89
3,99751.879,89
3,99754.811,89
3,99758.407,89
3,99761.796,89
3,99764.752,89
3,99767.297,89
3,99770.237,89
3,99773.002,89
3,99776.632,89
3,99779.209,89
3,99781.875,89
3,99784.527,89
3,99787.155,89
3,99790.364,89
3,99793.274,89
3,99796.246,89
3,99799.214,89
3,99801.998,89
3,99804.634,89
3,99807.498,89
3,99811.063,89
3,99813.611,90
3,99816.476,90
3,99818.895,90
3,99821.558,90
3,99825.162,90
3,99827.885,90
3,99830.448,90
3,99833.077,90
3,99835.608,90
3,99838.132,90
3,99842.429,90
3,99845.016,90
3,99847.749,90
3,99850.187,90
3,99852.733,90
3,99855.173,90
3,99858.862,90
3,99862.148,90
3,99864.834,90
3,99867.701,90
3,99870.374,90
3,99873.163,90
3,99876.507,90
3,99879.151,90
3,99881.942,90
3,99884.746,90
3,99887.416,90
3,99890.060,90
3,99893.812,90
3,99896.217,90
3,99898.689,90
3,99901.331,90
3,99903.957,90
3,99906.650,90
3,99910.149,90
3,99913.231,90
3,99915.693,90
3,99918.271,90
3,99920.880,90
3,99923.900,90
3,99927.340,90
3,99930.175,90
3,99932.960,90
3,99936.053,90
3,99938.444,90
3,99942.091,90
3,99944.870,90
3,99947.516,90
3,99950.059,90
3,99952.635,90
3,99955.342,90
3,99957.988,90
3,99961.382,90
3,99964.325,90
3,99966.924,90
3,99969.730,90
3,99972.886,90
3,99976.050,90
3,99978.534,91
3,99981.196,91
3,99984.215,91
3,99987.305,91
3,99990.031,91
3,99993.529,91
3,99996.126,91
3,99998.713,91
3,100001.166,91
3,100004.365,91
3,100007.210,91
3,100010.586,91
3,100013.006,91
3,100015.641,91
3,100018.803,91
3,100021.267,91
3,100024.718,91
3,100027.445,91
3,100030.030,91
3,100032.861,91
3,100035.751,91
3,100040.443,91
3,100043.497,91
3,100046.103,91
3,100049.102,91
3,100051.551,91
3,100054.649,91
3,100058.558,91
3,100061.117,91
3,100064.814,91
3,100068.070,91
3,100072.828,91
3,100075.647,91
3,100079.622,91
3,100082.335,91
3,100084.991,91
3,100087.508,91
3,100091.363,91
3,100094.081,91
3,100096.615,91
3,100099.044,91
3,100101.662,91
3,100104.329,91
3,100108.251,91
3,100110.895,91
3,100113.403,91
3,100116.231,91
3,100118.814,91
3,100121.993,91
3,100124.592,91
3,100128.129,91
3,100130.711,91
3,100133.286,91
3,100136.094,91
3,100138.708,91
3,100142.371,91
3,100145.119,91
3,100147.682,92
3,100150.309,92
3,100152.708,92
3,100155.395,92
3,100159.241,92
3,100161.973,92
3,100164.834,92
3,100167.763,92
3,100170.806,92
3,100173.875,92
3,100177.239,92
3,100179.667,92
3,100182.383,92
3,100184.831,92
3,100187.334,92
3,100189.906,92
3,100193.500,92
3,100195.938,92
3,100198.514,92
3,100201.081,92
3,100203.959,92
3,100206.683,92
3,100210.748,92
3,100213.884,92
3,100216.537,92
3,100219.410,92
3,100221.995,92
3,100226.210,92
3,100229.208,92
3,100232.047,92
3,100234.770,92
3,100237.175,92
3,100239.558,92
3,100243.322,92
3,100245.783,92
3,100248.242,92
3,100250.765,92
3,100253.448,92
3,100256.737,92
3,100261.937,92
3,100264.533,92
3,100267.114,92
3,100270.224,92
3,100272.970,92
3,100275.783,92
3,100279.306,92
3,100281.692,92
3,100284.164,92
3,100286.722,92
3,100289.308,92
3,100292.209,92
3,100295.560,92
3,100299.171,92
3,100301.529,92
3,100304.134,92
3,100306.739,92
3,100309.774,92
3,100313.882,92
3,100316.416,93
3,100319.009,93
3,100322.030,93
3,100325.264,93
3,100327.757,93
3,100330.437,93
3,100333.611,93
3,100335.933,93
3,100338.314,93
3,100341.040,93
3,100344.515,93
3,100347.032,93
3,100349.652,93
3,100352.347,93
3,100354.882,93
3,100357.507,93
3,100361.030,93
3,100363.583,93
3,100366.857,93
3,100369.450,93
3,100371.931,93
3,100374.661,93
3,100378.462,93
3,100381.016,93
3,100384.198,93
3,100386.726,93
3,100389.700,93
3,100393.229,93
3,100395.841,93
3,100398.414,93
3,100401.659,93
3,100404.537,93
3,100407.235,93
3,100410.840,93
3,100413.691,93
3,100416.442,93
3,100418.887,93
3,100421.205,93
3,100424.712,93
3,100427.973,93
3,100430.350,93
3,100433.555,93
3,100436.092,93
3,100438.569,93
3,100441.111,93
3,100445.381,93
3,100447.647,93
3,100450.217,93
3,100452.711,93
3,100455.361,93
3,100457.834,93
3,100460.757,93
3,100464.482,93
3,100466.948,93
3,100469.716,93
3,100472.877,93
3,100476.412,93
3,100479.190,93
3,100481.735,94
3,100484.762,94
3,100487.213,94
3,100490.012,94
3,100493.913,94
3,100496.397,94
3,100499.139,94
3,100501.550,94
3,100504.600,94
3,100507.294,94
3,100512.398,94
3,100515.174,94
3,100517.800,94
3,100520.405,94
3,100523.232,94
3,100526.971,94
3,100529.478,94
3,100532.120,94
3,100535.081,94
3,100537.654,94
3,100540.368,94
3,100544.132,94
3,100546.611,94
3,100549.620,94
3,100552.121,94
3,100554.566,94
3,100559.071,94
3,100561.661,94
3,100564.402,94
3,100566.761,94
3,100569.758,94
3,100572.827,94
3,100576.093,94
3,100578.783,94
3,100581.419,94
3,100584.406,94
3,100587.002,94
3,100589.871,94
3,100593.707,94
3,100596.172,94
3,100598.594,94
3,100601.207,94
3,100603.761,94
3,100606.276,94
3,100610.829,94
3,100613.311,94
3,100615.838,94
3,100618.485,94
3,100621.036,94
3,100623.633,94
3,100626.060,94
3,100628.686,94
3,100632.265,94
3,100634.868,94
3,100637.444,94
3,100640.138,94
3,100644.125,94
3,100646.690,95
3,100649.207,95
3,100651.860,95
3,100654.324,95
3,100659.110,95
3,100661.562,95
3,100664.125,95
3,100666.676,95
3,100669.865,95
3,100672.460,95
3,100676.803,95
3,100679.405,95
3,100681.935,95
3,100684.641,95
3,100687.220,95
3,100691.799,95
3,100694.527,95
3,100697.012,95
3,100699.807,95
3,100702.856,95
3,100705.799,95
3,100710.346,95
3,100713.106,95
3,100715.663,95
3,100718.287,95
3,100720.891,95
3,100723.553,95
3,100727.378,95
3,100729.805,95
3,100732.416,95
3,100735.027,95
3,100737.600,95
3,100740.275,95
3,100743.004,95
3,100747.245,95
3,100749.730,95
3,100752.404,95
3,100754.926,95
3,100757.648,95
3,100761.620,95
3,100764.191,95
3,100766.770,95
3,100769.233,95
3,100772.070,95
3,100775.386,95
3,100778.338,95
3,100781.338,95
3,100783.987,95
3,100786.415,95
3,100789.081,95
3,100791.837,95
3,100795.791,95
3,100798.344,95
3,100800.869,95
3,100803.437,95
3,100806.360,95
3,100809.651,95
3,100812.289,96
3,100814.964,96
3,100817.668,96
3,100820.318,96
3,100822.910,96
3,100825.976,96
3,100828.551,96
3,100831.457,96
3,100834.052,96
3,100837.085,96
3,100840.073,96
3,100842.860,96
3,100845.225,96
3,100848.045,96
3,100850.816,96
3,100853.859,96
3,100856.963,96
3,100859.553,96
3,100862.212,96
3,100865.475,96
3,100868.465,96
3,100871.002,96
3,100873.452,96
3,100876.023,96
3,100879.069,96
3,100881.714,96
3,100885.047,96
3,100888.170,96
3,100891.028,96
3,100893.792,96
3,100896.426,96
3,100898.987,96
3,100902.097,96
3,100904.840,96
3,100907.732,96
3,100910.370,96
3,100912.657,96
3,100915.177,96
3,100917.752,96
3,100920.362,96
3,100923.014,96
3,100925.785,96
3,100928.969,96
3,100931.346,96
3,100934.388,96
3,100936.972,96
3,100940.072,96
3,100943.009,96
3,100946.407,96
3,100949.030,96
3,100951.602,96
3,100954.175,96
3,100957.167,96
3,100959.712,96
3,100962.277,96
3,100965.823,96
3,100969.608,96
3,100973.289,96
3,100977.475,96
3,100980.353,97
3,100982.716,97
3,100985.178,97
3,100987.995,97
3,100990.802,97
3,100993.963,97
3,100996.583,97
3,100999.047,97
3,101001.687,97
3,101005.207,97
3,101007.950,97
3,101010.459,97
3,101013.578,97
3,101016.357,97
3,101019.806,97
3,101022.830,97
3,101025.443,97
3,101027.897,97
3,101030.418,97
3,101034.413,97
3,101036.976,97
3,101039.604,97
3,101042.310,97
3,101045.279,97
3,101048.913,97
3,101051.511,97
3,101054.196,97
3,101056.833,97
3,101059.427,97
3,101063.416,97
3,101066.581,97
3,101069.708,97
3,101072.282,97
3,101075.975,97
3,101078.626,97
3,101081.205,97
3,101083.826,97
3,101086.395,97
3,101088.798,97
3,101091.567,97
3,101094.688,97
3,101097.220,97
3,101099.613,97
3,101101.912,97
3,101104.364,97
3,101107.367,97
3,101110.680,97
3,101113.195,97
3,101115.800,97
3,101118.326,97
3,101120.984,97
3,101124.025,97
3,101126.366,97
3,101130.087,97
3,101133.169,97
3,101135.686,97
3,101138.230,97
3,101141.070,97
3,101144.637,97
3,101147.113,98
3,101149.822,98
3,101152.947,98
3,101155.738,98
3,101159.186,98
3,101161.711,98
3,101164.255,98
3,101166.794,98
3,101169.546,98
3,101172.759,98
3,101176.121,98
3,101178.504,98
3,101181.667,98
3,101184.516,98
3,101187.519,98
3,101190.983,98
3,101193.737,98
3,101196.208,98
3,101199.273,98
3,101202.012,98
3,101204.506,98
3,101208.303,98
3,101210.968,98
3,101213.596,98
3,101216.446,98
3,101218.969,98
3,101221.638,98
3,101224.443,98
3,101227.152,98
3,101230.114,98
3,101232.900,98
3,101235.739,98
3,101238.672,98
3,101241.362,98
3,101244.598,98
3,101247.633,98
3,101250.266,98
3,101252.846,98
3,101255.386,98
3,101258.538,98
3,101261.608,98
3,101264.330,98
3,101267.496,98
3,101270.380,98
3,101273.957,98
3,101276.601,98
3,101279.588,98
3,101282.763,98
3,101285.645,98
3,101288.453,98
3,101290.909,98
3,101293.535,98
3,101296.149,98
3,101298.699,98
3,101301.318,98
3,101304.179,98
3,101306.978,98
3,101309.860,98
3,101312.403,99
3,101314.856,99
3,101317.613,99
3,101320.495,99
3,101323.335,99
3,101326.106,99
3,101328.639,99
3,101331.206,99
3,101333.726,99
3,101336.227,99
3,101339.036,99
3,101342.967,99
3,101345.256,99
3,101347.838,99
3,101350.447,99
3,101353.485,99
3,101356.392,99
3,101359.105,99
3,101361.579,99
3,101364.029,99
3,101366.425,99
3,101370.411,99
3,101373.183,99
3,101375.871,99
3,101378.261,99
3,101380.886,99
3,101383.543,99
3,101386.874,99
3,101389.665,99
3,101392.661,99
3,101395.545,99
3,101398.629,99
3,101401.897,99
3,101404.995,99
3,101407.482,99
3,101410.290,99
3,101412.900,99
3,101415.318,99
3,101418.758,99
3,101421.890,99
3,101424.712,99
3,101427.351,99
3,101429.718,99
3,101432.167,99
3,101435.744,99
3,101439.037,99
3,101442.087,99
3,101444.594,99
3,101447.620,99
3,101451.105,99
3,101454.347,99
3,101456.938,99
3,101459.594,99
3,101462.627,99
3,101465.503,99
3,101468.679,99
3,101471.224,99
3,101473.985,99
3,101476.511,99
3,101480.269,99
3,101482.984,99
3,101485.341,99
3,101488.219,99
3,101490.936,99
3,101494.670,99
3,101497.198,100
3,101499.816,100
3,101502.387,100
3,101505.036,100
3,101509.051,100
3,101511.707,100
3,101514.698,100
3,101517.787,100
3,101520.591,100
3,101523.452,100
3,101527.719,100
3,101530.252,100
3,101532.877,100
3,101535.472,100
3,101538.034,100
3,101540.747,100
3,101544.955,100
3,101547.302,100
3,101550.071,100
3,101552.537,100
3,101555.016,100
3,101557.741,100
3,101561.336,100
3,101563.854,100
3,101566.262,100
3,101569.287,100
3,101571.818,100
3,101576.160,100
3,101578.851,100
3,101581.480,100
3,101583.888,100
3,101586.575,100
3,101589.034,100
3,101591.732,100
3,101595.302,100
3,101597.741,100
3,101600.229,100
3,101602.554,100
3,101605.069,100
3,101607.783,100
3,101611.662,100
3,101614.234,100
3,101616.821,100
3,101619.733,100
3,101622.404,100
3,101625.112,100
3,101629.878,100
3,101632.592,100
3,101635.439,100
3,101637.845,100
3,101640.495,100
3,101644.785,100
3,101647.610,101
3,101650.247,101
3,101653.226,101
3,101656.062,101
3,101660.040,101
3,101663.155,101
3,101666.306,101
3,101669.178,101
3,101671.792,101
3,101674.505,101
3,101677.946,101
3,101680.418,101
3,101683.066,101
3,101685.990,101
3,101688.594,101
3,101691.355,101
3,101694.788,101
3,101697.549,101
3,101700.218,101
3,101702.763,101
3,101705.367,101
3,101709.201,101
3,101711.726,101
3,101714.488,101
3,101716.978,101
3,101719.475,101
3,101722.647,101
3,101725.421,101
3,101729.439,101
3,101732.351,101
3,101734.962,101
3,101737.553,101
3,101740.220,101
3,101744.211,101
3,101746.714,101
3,101749.684,101
3,101752.193,101
3,101754.944,101
3,101757.927,101
3,101761.486,101
3,101764.124,101
3,101766.808,101
3,101769.546,101
3,101772.166,101
3,101774.898,101
3,101778.427,101
3,101781.009,101
3,101783.924,101
3,101786.436,101
3,101789.541,101
3,101791.990,101
3,101795.175,101
3,101798.073,101
3,101800.917,101
3,101804.349,101
3,101807.661,101
3,101810.382,101
3,101812.954,102
3,101815.472,102
3,101818.136,102
3,101821.577,102
3,101824.418,102
3,101827.065,102
3,101829.466,102
3,101832.021,102
3,101835.159,102
3,101837.955,102
3,101840.632,102
3,101843.302,102
3,101845.928,102
3,101848.895,102
3,101852.977,102
3,101855.673,102
3,101858.790,102
3,101861.589,102
3,101865.440,102
3,101868.040,102
3,101870.704,102
3,101873.405,102
3,101877.906,102
3,101880.544,102
3,101884.008,102
3,101886.445,102
3,101889.388,102
3,101894.374,102
3,101897.021,102
3,101899.723,102
3,101902.367,102
3,101904.997,102
3,101909.242,102
3,101912.020,102
3,101914.789,102
3,101917.571,102
3,101920.145,102
3,101922.946,102
3,101926.647,102
3,101930.449,102
3,101933.014,102
3,101936.080,102
3,101939.246,102
3,101942.086,102
3,101946.222,102
3,101948.867,102
3,101951.842,102
3,101954.528,102
3,101957.452,102
3,101960.284,102
3,101962.869,102
3,101966.873,102
3,101969.539,102
3,101972.126,102
3,101974.809,102
3,101977.589,102
3,101982.076,103
3,101984.842,103
3,101987.584,103
3,101990.281,103
3,101992.848,103
3,101996.861,103
3,101999.397,103
3,102002.187,103
3,102007.199,103
3,102012.996,103
3,102015.723,103
3,102018.508,103
3,102021.171,103
3,102024.511,103
3,102027.657,103
3,102031.281,103
3,102033.943,103
3,102036.685,103
3,102039.978,103
3,102042.821,103
3,102046.859,103
3,102049.548,103
3,102052.303,103
3,102055.256,103
3,102058.018,103
3,102060.775,103
3,102064.943,103
3,102067.702,103
3,102070.329,103
3,102072.976,103
3,102076.054,103
3,102079.645,103
3,102082.766,103
3,102085.651,103
3,102088.192,103
3,102091.044,103
3,102095.850,103
3,102098.870,103
3,102101.629,103
3,102104.348,103
3,102107.408,103
3,102111.883,103
3,102114.447,103
3,102117.126,103
3,102119.856,103
3,102122.728,103
3,102125.476,103
3,102128.205,103
3,102131.064,103
3,102133.676,103
3,102136.325,103
3,102139.691,103
3,102143.163,103
3,102146.007,103
3,102148.664,103
3,102151.384,103
3,102154.598,103
3,102158.289,103
3,102161.667,103
3,102164.189,104
3,102167.300,104
3,102169.932,104
3,102174.178,104
3,102177.665,104
3,102180.253,104
3,102182.846,104
3,102186.006,104
3,102189.887,104
3,102192.655,104
3,102195.277,104
3,102197.797,104
3,102200.617,104
3,102203.437,104
3,102207.265,104
3,102210.646,104
3,102213.183,104
3,102215.804,104
3,102218.412,104
3,102221.608,104
3,102224.747,104
3,102227.628,104
3,102230.404,104
3,102233.210,104
3,102236.234,104
3,102240.038,104
3,102242.889,104
3,102245.626,104
3,102248.320,104
3,102252.401,104
3,102255.558,104
3,102258.252,104
3,102261.015,104
3,102264.056,104
3,102268.106,104
3,102270.807,104
3,102273.482,104
3,102276.261,104
3,102279.199,104
3,102283.082,104
3,102285.735,104
3,102289.006,104
3,102292.050,104
3,102294.679,104
3,102297.187,104
3,102300.119,104
3,102303.131,104
3,102307.282,104
3,102309.887,104
3,102312.713,104
3,102315.710,104
3,102320.037,104
3,102323.084,104
3,102325.653,104
3,102328.374,105
3,102331.134,105
3,102334.646,105
3,102337.362,105
3,102340.168,105
3,102343.019,105
3,102346.134,105
3,102350.370,105
3,102353.127,105
3,102356.669,105
3,102359.409,105
3,102361.892,105
3,102364.674,105
3,102368.420,105
3,102372.034,105
3,102374.986,105
3,102377.746,105
3,102380.312,105
3,102385.176,105
3,102387.874,105
3,102390.542,105
3,102393.116,105
3,102395.677,105
3,102400.097,105
3,102402.844,105
3,102405.414,105
3,102408.304,105
3,102411.551,105
3,102414.335,105
3,102418.016,105
3,102420.877,105
3,102423.595,105
3,102426.245,105
3,102428.801,105
3,102433.168,105
3,102435.882,105
3,102438.460,105
3,102441.165,105
3,102443.864,105
3,102446.527,105
3,102450.444,105
3,102455.768,105
3,102459.425,105
3,102462.048,105
3,102465.350,105
3,102468.061,105
3,102470.858,105
3,102474.641,105
3,102477.494,105
3,102480.780,105
3,102483.561,105
3,102487.468,105
3,102490.301,105
3,102492.851,105
3,102496.052,106
3,102500.881,106
3,102503.777,106
3,102506.542,106
3,102509.451,106
3,102512.491,106
3,102518.995,106
3,102521.770,106
3,102525.038,106
3,102527.698,106
3,102531.904,106
3,102535.296,106
3,102538.117,106
3,102540.783,106
3,102543.457,106
3,102546.085,106
3,102550.203,106
3,102553.473,106
3,102555.936,106
3,102558.618,106
3,102561.695,106
3,102564.233,106
3,102568.761,106
3,102571.457,106
3,102574.303,106
3,102577.160,106
3,102579.748,106
3,102584.294,106
3,102586.939,106
3,102589.897,106
3,102592.905,106
3,102595.522,106
3,102599.815,106
3,102602.812,106
3,102605.326,106
3,102608.011,106
3,102610.453,106
3,102612.941,106
3,102617.217,106
3,102619.779,106
3,102622.766,106
3,102625.627,106
3,102628.457,106
3,102631.034,106
3,102635.420,106
3,102638.098,106
3,102640.529,106
3,102643.181,106
3,102646.224,106
3,102650.005,106
3,102652.853,106
3,102655.689,106
3,102658.291,106
3,102660.916,106
3,102663.500,107
3,102667.493,107
3,102673.840,107
3,102677.417,107
3,102680.357,107
3,102684.366,107
3,102687.612,107
3,102690.667,107
3,102693.123,107
3,102695.755,107
3,102698.373,107
3,102701.875,107
3,102705.901,107
3,102708.601,107
3,102712.024,107
3,102714.733,107
3,102718.272,107
3,102720.777,107
3,102724.308,107
3,102726.951,107
3,102729.496,107
3,102734.310,107
3,102736.953,107
3,102739.688,107
3,102742.275,107
3,102745.104,107
3,102747.971,107
3,102751.109,107
3,102754.287,107
3,102757.330,107
3,102760.018,107
3,102762.957,107
3,102766.133,107
3,102769.542,107
3,102772.374,107
3,102775.094,107
3,102778.085,107
3,102780.676,107
3,102785.087,107
3,102788.011,107
3,102790.698,107
3,102793.364,107
3,102795.856,107
3,102798.459,107
3,102801.057,107
3,102803.826,107
3,102808.067,107
3,102810.726,107
3,102813.048,107
3,102816.203,107
3,102819.329,107
3,102822.124,107
3,102825.685,107
3,102828.433,109
3,102831.270,109
3,102834.709,109
3,102837.506,109
3,102839.982,109
3,102842.468,109
3,102845.212,109
3,102847.947,109
3,102851.127,109
3,102853.781,109
3,102856.324,109
3,102859.365,109
3,102862.800,109
3,102865.623,109
3,102869.385,109
3,102873.186,109
3,102876.027,109
3,102879.925,109
3,102882.905,109
3,102888.858,109
3,102891.877,109
3,102894.743,109
3,102897.293,109
3,102901.552,109
3,102904.286,109
3,102907.055,109
3,102909.703,109
3,102912.570,109
3,102915.987,109
3,102919.260,109
3,102921.946,109
3,102924.411,109
3,102926.908,109
3,102929.495,109
3,102932.263,109
3,102935.916,109
3,102938.661,109
3,102941.713,109
3,102944.267,109
3,102947.077,109
3,102949.899,109
3,102953.239,109
3,102955.832,109
3,102958.341,109
3,102961.068,109
3,102963.593,109
3,102966.710,109
3,102970.274,109
3,102972.934,109
3,102975.733,109
3,102979.058,109
3,102982.872,109
3,102985.623,109
3,102988.149,109
3,102990.790,109
3,102993.355,109
3,102995.907,110
3,103001.001,110
3,103003.742,110
3,103006.383,110
3,103008.982,110
3,103011.820,110
3,103016.295,110
3,103018.972,110
3,103022.045,110
3,103024.493,110
3,103027.207,110
3,103030.937,110
3,103034.077,110
3,103036.648,110
3,103039.464,110
3,103042.247,110
3,103045.217,110
3,103047.990,110
3,103051.490,110
3,103054.160,110
3,103056.822,110
3,103059.365,110
3,103062.112,110
3,103066.059,110
3,103068.707,110
3,103071.245,110
3,103073.896,110
3,103076.825,110
3,103079.575,110
3,103083.182,110
3,103086.603,110
3,103089.267,110
3,103092.381,110
3,103095.131,110
3,103097.753,110
3,103101.335,110
3,103104.060,110
3,103106.694,110
3,103109.221,110
3,103111.773,110
3,103114.428,110
3,103118.437,110
3,103121.114,110
3,103123.784,110
3,103126.408,110
3,103128.982,110
3,103133.037,110
3,103136.295,110
3,103138.941,110
3,103141.454,110
3,103144.068,110
3,103146.567,110
3,103149.514,110
3,103152.896,110
3,103155.584,110
3,103158.162,110
3,103160.717,110
3,103163.183,111
3,103166.417,111
3,103169.537,111
3,103172.247,111
3,103174.831,111
3,103177.470,111
3,103180.015,111
3,103184.597,111
3,103187.280,111
3,103189.795,111
3,103192.456,111
3,103195.088,111
3,103197.638,111
3,103201.486,111
3,103204.659,111
3,103207.951,111
3,103210.579,111
3,103213.694,111
3,103217.426,111
3,103220.088,111
3,103222.755,111
3,103225.630,111
3,103228.162,111
3,103230.896,111
3,103234.425,111
3,103236.924,111
3,103239.667,111
3,103242.359,111
3,103245.374,111
3,103249.892,111
3,103252.892,111
3,103255.439,111
3,103258.090,111
3,103261.258,111
3,103264.037,111
3,103267.732,111
3,103270.401,111
3,103272.882,111
3,103275.778,111
3,103278.503,111
3,103281.269,111
3,103284.773,111
3,103287.526,111
3,103289.981,111
3,103292.597,111
3,103295.103,111
3,103297.723,111
3,103301.659,111
3,103304.380,111
3,103307.022,111
3,103309.667,111
3,103313.952,111
3,103318.016,111
3,103320.695,111
3,103323.406,111
3,103326.014,111
3,103330.195,112
3,103332.800,112
3,103335.398,112
3,103337.928,112
3,103340.621,112
3,103343.281,112
3,103345.672,112
3,103348.217,112
3,103352.248,112
3,103354.801,112
3,103357.545,112
3,103360.171,112
3,103362.532,112
3,103365.948,112
3,103368.821,112
3,103371.223,112
3,103373.860,112
3,103376.787,112
3,103379.338,112
3,103382.998,112
3,103385.439,112
3,103388.965,112
3,103391.902,112
3,103394.483,112
3,103396.942,112
3,103401.182,112
3,103404.405,112
3,103406.996,112
3,103409.620,112
3,103412.226,112
3,103416.178,112
3,103418.904,112
3,103421.372,112
3,103423.958,112
3,103427.004,112
3,103429.694,112
3,103433.412,112
3,103435.978,112
3,103438.482,112
3,103441.256,112
3,103443.924,112
3,103446.517,112
3,103450.763,112
3,103453.478,112
3,103456.179,112
3,103458.797,112
3,103462.784,112
3,103465.279,112
3,103469.630,112
3,103472.254,112
3,103475.219,112
3,103477.867,112
3,103480.416,112
3,103483.198,112
3,103486.342,112
3,103489.483,112
3,103492.318,112
3,103495.045,113
3,103497.828,113
3,103500.959,113
3,103503.855,113
3,103506.409,113
3,103508.983,113
3,103511.963,113
3,103516.396,113
3,103518.934,113
3,103521.326,113
3,103524.096,113
3,103526.468,113
3,103528.974,113
3,103533.974,113
3,103536.609,113
3,103539.225,113
3,103542.032,113
3,103545.282,113
3,103548.471,113
3,103551.811,113
3,103554.648,113
3,103557.503,113
3,103560.133,113
3,103562.929,113
3,103566.820,113
3,103569.345,113
3,103572.109,113
3,103574.706,113
3,103577.213,113
3,103579.694,113
3,103583.907,113
3,103586.543,113
3,103589.353,113
3,103591.986,113
3,103594.929,113
3,103597.556,113
3,103601.625,113
3,103604.822,113
3,103607.782,113
3,103610.494,113
3,103612.996,113
3,103615.705,113
3,103619.366,113
3,103622.809,113
3,103625.347,113
3,103628.356,113
3,103631.064,113
3,103634.929,113
3,103637.429,113
3,103640.057,113
3,103642.876,113
3,103645.923,113
3,103649.875,113
3,103652.844,113
3,103655.673,113
3,103658.316,113
3,103661.027,113
3,103664.757,114
3,103668.776,114
3,103671.458,114
3,103674.103,114
3,103676.620,114
3,103679.588,114
3,103683.565,114
3,103686.166,114
3,103690.052,114
3,103692.738,114
3,103695.070,114
3,103699.599,114
3,103702.466,114
3,103705.510,114
3,103708.735,114
3,103711.433,114
3,103714.710,114
3,103718.233,114
3,103721.374,114
3,103724.150,114
3,103726.518,114
3,103729.063,114
3,103733.714,114
3,103736.771,114
3,103739.256,114
3,103741.900,114
3,103744.565,114
3,103747.176,114
3,103751.097,114
3,103754.080,114
3,103757.031,114
3,103759.680,114
3,103762.163,114
3,103766.365,114
3,103769.455,114
3,103772.358,114
3,103775.902,114
3,103780.109,114
3,103783.245,114
3,103785.914,114
3,103788.704,114
3,103791.130,114
3,103793.649,114
3,103796.129,114
3,103798.643,114
3,103801.679,114
3,103804.252,114
3,103807.395,114
3,103810.085,114
3,103813.069,114
3,103817.067,114
3,103819.844,114
3,103822.924,114
3,103825.602,114
3,103829.738,114
3,103832.263,115
3,103834.752,115
3,103837.507,115
3,103840.224,115
3,103843.805,115
3,103846.293,115
3,103849.272,115
3,103852.235,115
3,103855.474,115
3,103859.145,115
3,103861.695,115
3,103864.537,115
3,103867.131,115
3,103870.270,115
3,103873.221,115
3,103876.572,115
3,103878.896,115
3,103881.738,115
3,103884.337,115
3,103886.901,115
3,103889.427,115
3,103893.272,115
3,103895.869,115
3,103898.500,115
3,103901.214,115
3,103904.281,115
3,103908.021,115
3,103910.777,115
3,103913.284,115
3,103915.688,115
3,103918.594,115
3,103921.649,115
3,103925.941,115
3,103929.761,115
3,103932.256,115
3,103935.270,115
3,103937.936,115
3,103940.609,115
3,103944.527,115
3,103947.520,115
3,103950.603,115
3,103953.150,115
3,103955.905,115
3,103958.608,115
3,103962.151,115
3,103964.944,115
3,103967.974,115
3,103970.654,115
3,103973.420,115
3,103977.109,115
3,103979.845,116
3,103982.390,116
3,103985.029,116
3,103987.667,116
3,103991.825,116
3,103994.539,116
3,103997.011,116
3,103999.563,116
3,104002.338,116
3,104004.906,116
3,104008.879,116
3,104011.999,116
3,104014.943,116
3,104017.562,116
3,104020.183,116
3,104025.065,116
3,104027.747,116
3,104030.285,116
3,104033.035,116
3,104036.272,116
3,104040.838,116
3,104044.644,116
3,104047.581,116
3,104050.125,116
3,104052.878,116
3,104056.454,116
3,104059.663,116
3,104062.281,116
3,104064.912,116
3,104067.405,116
3,104070.209,116
3,104073.163,116
3,104076.798,116
3,104079.396,116
3,104081.941,116
3,104084.622,116
3,104087.319,116
3,104090.122,116
3,104093.686,116
3,104096.143,116
3,104098.532,116
3,104101.640,116
3,104104.471,116
3,104110.591,116
3,104113.222,116
3,104116.412,116
3,104119.657,116
3,104122.954,116
3,104125.728,116
3,104129.597,116
3,104132.214,116
3,104135.598,116
3,104138.412,116
3,104142.782,116
3,104145.315,117
3,104148.057,117
3,104150.722,117
3,104153.315,117
3,104155.996,117
3,104160.000,117
3,104162.547,117
3,104164.977,117
3,104167.546,117
3,104170.233,117
3,104173.105,117
3,104177.102,117
3,104179.518,117
3,104182.250,117
3,104184.730,117
3,104187.342,117
3,104192.153,117
3,104194.881,117
3,104197.537,117
3,104200.125,117
3,104203.068,117
3,104206.220,117
3,104209.600,117
3,104212.238,117
3,104214.656,117
3,104217.511,117
3,104220.183,117
3,104222.859,117
3,104226.450,117
3,104228.832,117
3,104231.398,117
3,104233.981,117
3,104236.446,117
3,104239.039,117
3,104243.358,117
3,104245.897,117
3,104248.611,117
3,104251.024,117
3,104253.848,117
3,104256.827,117
3,104260.547,117
3,104263.103,117
3,104265.857,117
3,104268.840,117
3,104271.698,117
3,104276.235,117
3,104278.802,117
3,104281.966,117
3,104284.895,117
3,104287.661,117
3,104290.162,117
3,104294.465,117
3,104297.490,117
3,104299.995,117
3,104302.599,117
3,104305.288,117
3,104309.375,117
3,104312.121,118
3,104314.738,118
3,104317.261,118
3,104319.856,118
3,104322.997,118
3,104327.443,118
3,104330.077,118
3,104333.230,118
3,104336.087,118
3,104339.525,118
3,104343.803,118
3,104346.311,118
3,104349.394,118
3,104352.183,118
3,104354.704,118
3,104358.770,118
3,104361.447,118
3,104363.968,118
3,104366.592,118
3,104369.615,118
3,104372.145,118
3,104376.059,118
3,104378.649,118
3,104381.311,118
3,104383.848,118
3,104386.395,118
3,104389.180,118
3,104393.115,118
3,104395.691,118
3,104400.259,118
3,104403.062,118
3,104406.059,118
3,104408.852,118
3,104412.529,118
3,104415.470,118
3,104418.386,118
3,104421.124,118
3,104423.991,118
3,104427.703,118
3,104430.248,118
3,104433.030,118
3,104435.768,118
3,104438.711,118
3,104442.250,118
3,104444.989,118
3,104447.627,118
3,104450.690,118
3,104453.260,118
3,104455.925,118
3,104458.564,118
3,104462.991,118
3,104465.499,118
3,104468.238,118
3,104470.908,118
3,104474.058,118
3,104477.350,118
3,104480.243,119
3,104483.063,119
3,104485.546,119
3,104488.184,119
3,104491.936,119
3,104494.646,119
3,104497.143,119
3,104500.137,119
3,104503.529,119
3,104506.602,119
3,104510.955,119
3,104513.584,119
3,104516.489,119
3,104519.033,119
3,104521.659,119
3,104525.385,119
3,104528.096,119
3,104530.626,119
3,104533.155,119
3,104535.708,119
3,104538.256,119
3,104542.542,119
3,104545.329,119
3,104547.838,119
3,104550.443,119
3,104553.035,119
3,104555.641,119
3,104558.450,119
3,104562.184,119
3,104564.735,119
3,104567.316,119
3,104569.841,119
3,104573.244,119
3,104576.276,119
3,104578.840,119
3,104581.578,119
3,104584.220,119
3,104587.394,119
3,104589.923,119
3,104593.772,119
3,104597.010,119
3,104600.041,119
3,104602.476,119
3,104605.710,119
3,104609.357,119
3,104612.539,119
3,104615.198,119
3,104617.766,119
3,104620.539,119
3,104623.160,119
3,104625.918,119
3,104629.492,119
3,104631.981,119
3,104634.504,119
3,104637.159,119
3,104639.982,119
3,104644.035,119
3,104646.667,120
3,104649.245,120
3,104651.957,120
3,104654.668,120
3,104658.374,120
3,104661.449,120
3,104666.141,120
3,104668.971,120
3,104673.722,120
3,104677.482,120
3,104680.134,120
3,104684.325,120
3,104688.385,120
3,104691.982,120
3,104695.187,120
3,104697.979,120
3,104700.436,120
3,104703.066,120
3,104705.732,120
3,104709.591,120
3,104712.053,120
3,104715.155,120
3,104717.572,120
3,104720.166,120
3,104723.071,120
3,104726.855,120
3,104729.283,120
3,104732.090,120
3,104734.921,120
3,104737.554,120
3,104740.102,120
3,104743.876,120
3,104746.433,120
3,104749.215,120
3,104751.915,120
3,104754.695,120
3,104757.251,120
3,104761.175,120
3,104763.708,120
3,104766.291,120
3,104768.916,120
3,104771.795,120
3,104775.093,120
3,104778.207,120
3,104780.813,120
3,104783.282,120
3,104785.806,120
3,104788.135,120
3,104790.839,120
3,104793.656,120
3,104797.219,120
3,104799.539,120
3,104801.944,120
3,104804.553,120
3,104808.735,120
3,104811.403,120
3,104814.048,120
3,104816.687,120
3,104819.107,120
3,104821.665,120
3,104825.277,120
3,104828.036,120
3,104831.027,120
3,104834.110,120
3,104838.722,120
3,104841.929,120
3,104844.583,120
3,104847.084,120
3,104849.641,120
3,104852.553,120
3,104855.017,120
3,104857.644,120
3,104861.508,120
3,104864.048,120
3,104866.651,120
3,104869.245,120
3,104872.286,120
3,104876.179,120
3,104878.756,120
3,104881.299,120
3,104883.907,120
3,104886.436,120
3,104889.243,120
3,104893.284,120
3,104895.897,120
3,104900.560,120
3,104903.591,120
3,104906.690,120
3,104912.238,120
3,104915.458,120
3,104918.875,120
3,104922.958,120
3,104925.832,120
3,104928.608,120
3,104931.055,120
3,104933.505,120
3,104936.016,120
3,104938.644,120
3,104942.714,120
3,104945.766,120
3,104948.331,120
3,104950.929,120
3,104953.524,120
3,104956.050,120
3,104958.806,120
3,104962.329,120
3,104965.385,120
3,104968.228,120
3,104970.900,120
3,104975.261,120
3,104977.974,120
4,104980.514,0
4,104983.350,0
4,104985.870,0
4,104988.573,0
4,104992.362,0
4,104994.965,0
4,104997.569,0
4,105000.339,0
4,105003.070,0
4,105005.982,0
4,105011.904,0
4,105014.998,0
4,105017.616,0
4,105020.488,0
4,105023.630,0
4,105027.041,0
4,105029.603,0
4,105032.287,0
4,105034.706,0
4,105037.607,0
4,105042.007,0
4,105044.704,0
4,105047.072,0
4,105049.598,0
4,105052.217,0
4,105054.788,0
4,105057.478,0
4,105061.121,0
4,105063.613,0
4,105066.257,0
4,105068.776,0
4,105071.524,0
4,105075.723,0
4,105078.420,0
4,105080.903,0
4,105083.383,0
4,105085.904,0
4,105088.407,0
4,105092.262,0
4,105095.131,0
4,105097.922,0
4,105100.524,0
4,105103.279,0
4,105106.606,0
4,105110.243,0
4,105112.733,0
4,105115.135,0
4,105119.157,0
4,105121.869,0
4,105124.512,0
4,105127.429,0
4,105131.607,0
4,105134.303,0
4,105136.937,0
4,105139.582,0
4,105143.957,0
4,105146.612,0
4,105149.088,0
4,105151.503,0
4,105154.059,0
4,105157.839,0
4,105160.601,0
4,105163.038,0
4,105165.684,0
4,105168.316,0
4,105171.076,0
4,105174.946,0
4,105178.187,0
4,105181.171,0
4,105183.553,0
4,105186.539,0
4,105190.430,0
4,105193.017,0
4,105195.961,0
4,105198.954,0
4,105203.117,0
4,105206.159,0
4,105209.580,0
4,105212.137,0
4,105214.745,0
4,105217.337,0
4,105220.137,0
4,105222.791,0
4,105226.110,0
4,105228.547,0
4,105231.059,0
4,105234.021,0
4,105236.740,0
4,105239.338,0
4,105243.021,0
4,105245.563,0
4,105248.398,0
4,105250.856,0
4,105253.512,0
4,105256.343,0
4,105260.018,0
4,105262.495,0
4,105265.349,0
4,105268.102,0
4,105270.786,0
4,105274.940,0
4,105277.541,0
4,105280.376,0
4,105283.148,0
4,105285.660,0
4,105288.020,0
4,105290.486,0
4,105293.170,0
4,105295.734,0
4,105298.347,0
4,105300.945,0
4,105304.772,0
4,105307.313,0
4,105309.939,0
4,105312.557,0
4,105315.321,0
4,105319.517,0
4,105322.274,0
4,105324.959,0
4,105327.970,0
4,105334.166,0
4,105339.021,0
4,105343.076,0
4,105346.487,0
4,105349.166,0
4,105352.037,0
4,105354.540,0
4,105357.690,0
4,105360.289,0
4,105362.591,0
4,105364.987,0
4,105367.630,0
4,105370.194,0
4,105372.895,0
4,105376.610,0
4,105379.267,0
4,105382.192,0
4,105385.085,0
4,105387.476,0
4,105391.978,0
4,105395.153,0
4,105397.711,0
4,105400.700,0
4,105403.569,0
4,105407.485,0
4,105411.642,0
4,105414.203,0
4,105416.814,0
4,105419.174,0
4,105421.805,0
4,105424.789,0
4,105428.314,0
4,105430.728,0
4,105433.651,0
4,105436.013,0
4,105438.591,0
4,105443.432,0
4,105445.895,0
4,105448.898,0
4,105451.636,0
4,105454.537,0
4,105457.148,0
4,105459.861,0
4,105463.608,0
4,105466.138,0
4,105468.791,0
4,105471.417,0
4,105474.305,0
4,105478.200,0
4,105481.461,0
4,105484.176,0
4,105486.879,0
4,105489.711,0
4,105493.405,0
4,105495.985,0
4,105498.549,0
4,105501.102,0
4,105504.758,0
4,105508.691,0
4,105511.456,0
4,105513.963,0
4,105516.372,0
4,105519.410,0
4,105522.114,0
4,105525.869,0
4,105528.817,0
4,105531.259,0
4,105533.852,0
4,105536.420,0
4,105539.013,0
4,105542.828,0
4,105545.339,0
4,105548.464,0
4,105550.946,0
4,105553.598,0
4,105556.552,0
4,105560.372,0
4,105564.907,0
4,105567.681,0
4,105570.196,0
4,105572.954,0
4,105577.330,0
4,105579.917,0
4,105583.124,0
4,105586.117,0
4,105588.716,0
4,105591.986,0
4,105594.974,0
4,105597.883,0
4,105600.481,0
4,105603.085,0
4,105606.132,0
4,105609.606,0
4,105611.996,0
4,105614.562,0
4,105617.084,0
4,105619.488,0
4,105622.590,0
4,105625.312,0
4,105629.251,0
4,105632.036,0
4,105634.685,0
4,105637.332,0
4,105641.829,0
4,105644.387,0
4,105647.318,2
4,105650.210,2
4,105652.812,2
4,105655.367,2
4,105659.172,2
4,105661.651,2
4,105664.727,2
4,105667.167,2
4,105669.873,2
4,105673.397,2
4,105677.645,2
4,105680.145,2
4,105683.130,2
4,105685.634,2
4,105688.666,2
4,105691.293,2
4,105694.904,2
4,105697.672,2
4,105700.127,2
4,105702.968,2
4,105705.672,2
4,105709.694,2
4,105714.669,2
4,105717.433,2
4,105720.226,2
4,105722.997,2
4,105726.898,2
4,105729.580,2
4,105732.190,2
4,105734.860,2
4,105737.609,2
4,105740.401,2
4,105743.916,2
4,105746.423,2
4,105749.081,2
4,105751.869,2
4,105754.693,2
4,105758.904,2
4,105761.788,2
4,105764.644,2
4,105767.525,2
4,105770.198,2
4,105772.981,2
4,105776.654,2
4,105779.376,2
4,105781.944,2
4,105785.962,2
4,105788.942,2
4,105791.712,2
4,105796.609,2
4,105799.373,2
4,105802.011,2
4,105805.457,2
4,105809.735,2
4,105812.383,3
4,105815.501,3
4,105818.022,3
4,105820.690,3
4,105823.379,3
4,105826.983,3
4,105829.730,3
4,105832.328,3
4,105834.840,3
4,105837.472,3
4,105841.769,3
4,105844.412,3
4,105846.941,3
4,105849.667,3
4,105852.250,3
4,105855.171,3
4,105858.535,3
4,105861.349,3
4,105863.892,3
4,105866.460,3
4,105870.877,3
4,105873.814,3
4,105877.754,3
4,105880.346,3
4,105883.042,3
4,105885.576,3
4,105888.225,3
4,105890.870,3
4,105893.588,3
4,105896.124,3
4,105898.783,3
4,105901.974,3
4,105905.325,3
4,105908.073,3
4,105910.682,3
4,105913.124,3
4,105917.389,3
4,105920.172,3
4,105922.836,3
4,105925.455,3
4,105929.514,3
4,105932.157,3
4,105934.621,3
4,105937.193,3
4,105940.045,3
4,105943.394,3
4,105945.711,3
4,105948.241,3
4,105951.107,3
4,105953.840,3
4,105957.092,3
4,105959.611,3
4,105962.003,3
4,105964.686,3
4,105967.249,3
4,105970.008,3
4,105973.453,3
4,105976.150,3
4,105979.304,3
4,105983.976,3
4,105986.674,3
4,105989.253,3
4,105991.961,3
4,105994.718,3
4,105999.134,4
4,106001.846,4
4,106004.716,4
4,106007.376,4
4,106012.106,4
4,106014.861,4
4,106017.362,4
4,106019.947,4
4,106022.989,4
4,106026.886,4
4,106029.248,4
4,106031.881,4
4,106034.603,4
4,106037.224,4
4,106040.750,4
4,106043.866,4
4,106046.130,4
4,106048.845,4
4,106051.290,4
4,106053.993,4
4,106056.554,4
4,106061.270,4
4,106064.584,4
4,106067.123,4
4,106069.515,4
4,106072.558,4
4,106076.358,4
4,106078.944,4
4,106081.835,4
4,106084.426,4
4,106087.203,4
4,106089.926,4
4,106093.799,4
4,106096.268,4
4,106099.238,4
4,106101.779,4
4,106104.418,4
4,106109.455,4
4,106112.102,4
4,106114.708,4
4,106117.635,4
4,106120.238,4
4,106122.942,4
4,106125.619,4
4,106129.412,4
4,106131.890,4
4,106134.408,4
4,106137.123,4
4,106140.043,4
4,106144.072,4
4,106146.720,5
4,106149.060,5
4,106151.693,5
4,106154.629,5
4,106159.144,5
4,106161.572,5
4,106164.643,5
4,106167.428,5
4,106170.460,5
4,106175.004,5
4,106177.560,5
4,106180.094,5
4,106182.858,5
4,106185.650,5
4,106188.096,5
4,106192.844,5
4,106195.871,5
4,106198.972,5
4,106201.752,5
4,106204.983,5
4,106207.957,5
4,106210.636,5
4,106213.486,5
4,106216.657,5
4,106219.622,5
4,106222.278,5
4,106224.832,5
4,106227.548,5
4,106230.315,5
4,106233.407,5
4,106236.894,5
4,106239.532,5
4,106242.197,5
4,106245.120,5
4,106247.810,5
4,106250.509,5
4,106253.250,5
4,106256.236,5
4,106259.433,5
4,106262.190,5
4,106265.195,5
4,106267.703,5
4,106270.398,5
4,106273.243,5
4,106276.335,5
4,106279.578,5
4,106282.091,5
4,106284.595,5
4,106287.167,5
4,106289.719,5
4,106292.506,5
4,106295.676,5
4,106298.363,5
4,106301.491,5
4,106304.461,5
4,106307.260,5
4,106309.921,5
4,106312.508,6
4,106315.255,6
4,106317.934,6
4,106321.464,6
4,106324.077,6
4,106326.609,6
4,106329.373,6
4,106332.131,6
4,106336.408,6
4,106339.389,6
4,106341.961,6
4,106344.932,6
4,106347.241,6
4,106349.735,6
4,106354.077,6
4,106356.741,6
4,106359.901,6
4,106363.231,6
4,106365.768,6
4,106369.546,6
4,106372.177,6
4,106374.846,6
4,106377.474,6
4,106379.957,6
4,106382.528,6
4,106386.793,6
4,106389.298,6
4,106391.996,6
4,106394.369,6
4,106397.152,6
4,106399.734,6
4,106403.730,6
4,106406.420,6
4,106409.788,6
4,106412.837,6
4,106415.646,6
4,106418.360,6
4,106421.046,6
4,106423.817,6
4,106426.320,6
4,106428.953,6
4,106431.763,6
4,106434.774,6
4,106438.883,6
4,106441.623,6
4,106444.504,6
4,106446.945,6
4,106449.390,6
4,106451.792,6
4,106454.367,6
4,106457.049,6
4,106460.006,6
4,106462.904,6
4,106465.864,6
4,106468.540,6
4,106470.982,6
4,106473.651,6
4,106476.441,6
4,106479.655,6
4,106482.947,6
4,106485.898,6
4,106488.638,6
4,106491.460,6
4,106494.239,6
4,106496.822,7
4,106499.349,7
4,106503.772,7
4,106508.508,7
4,106511.666,7
4,106514.236,7
4,106516.622,7
4,106519.170,7
4,106522.043,7
4,106524.873,7
4,106527.968,7
4,106530.885,7
4,106533.834,7
4,106536.490,7
4,106539.361,7
4,106542.080,7
4,106544.849,7
4,106547.507,7
4,106550.152,7
4,106553.065,7
4,106555.786,7
4,106558.262,7
4,106560.696,7
4,106563.065,7
4,106565.717,7
4,106570.690,7
4,106573.327,7
4,106575.749,7
4,106578.703,7
4,106582.001,7
4,106585.925,7
4,106588.684,7
4,106591.303,7
4,106594.672,7
4,106597.451,7
4,106601.662,7
4,106604.228,7
4,106606.821,7
4,106609.437,7
4,106613.790,7
4,106616.426,7
4,106618.925,7
4,106621.478,7
4,106624.109,7
4,106626.956,7
4,106630.925,7
4,106633.494,7
4,106636.043,7
4,106638.652,7
4,106641.341,7
4,106645.474,7
4,106647.894,8
4,106650.599,8
4,106653.760,8
4,106656.892,8
4,106660.760,8
4,106663.532,8
4,106666.094,8
4,106669.150,8
4,106671.850,8
4,106674.628,8
4,106678.428,8
4,106680.880,8
4,106683.481,8
4,106686.585,8
4,106689.329,8
4,106693.343,8
4,106695.939,8
4,106698.677,8
4,106701.897,8
4,106704.553,8
4,106707.534,8
4,106711.171,8
4,106714.215,8
4,106717.008,8
4,106719.437,8
4,106721.849,8
4,106726.332,8
4,106729.281,8
4,106732.046,8
4,106734.953,8
4,106737.500,8
4,106740.100,8
4,106744.454,8
4,106747.188,8
4,106749.627,8
4,106752.207,8
4,106754.973,8
4,106757.718,8
4,106761.761,8
4,106764.177,8
4,106767.352,8
4,106769.965,8
4,106772.535,8
4,106778.067,8
4,106780.603,8
4,106783.075,8
4,106786.108,8
4,106788.764,8
4,106791.443,8
4,106794.082,8
4,106796.625,8
4,106799.846,8
4,106803.048,8
4,106805.860,8
4,106808.453,8
4,106811.187,8
4,106813.842,9
4,106816.635,9
4,106819.708,9
4,106822.363,9
4,106825.128,9
4,106827.912,9
4,106831.167,9
4,106834.350,9
4,106837.117,9
4,106839.837,9
4,106842.584,9
4,106846.135,9
4,106849.826,9
4,106852.344,9
4,106854.997,9
4,106857.819,9
4,106860.737,9
4,106864.809,9
4,106867.438,9
4,106870.410,9
4,106872.952,9
4,106875.652,9
4,106878.428,9
4,106882.389,9
4,106885.093,9
4,106887.741,9
4,106890.244,9
4,106892.996,9
4,106896.761,9
4,106899.531,9
4,106902.145,9
4,106904.868,9
4,106907.695,9
4,106911.494,9
4,106914.536,9
4,106917.350,9
4,106919.964,9
4,106923.315,9
4,106926.917,9
4,106929.482,9
4,106931.920,9
4,106934.845,9
4,106937.841,9
4,106941.400,9
4,106944.694,9
4,106947.339,9
4,106949.972,9
4,106952.606,9
4,106955.613,9
4,106958.260,9
4,106960.945,9
4,106965.661,9
4,106968.261,9
4,106971.042,9
4,106973.774,9
4,106976.667,9
4,106980.487,9
4,106983.124,10
4,106985.810,10
4,106988.980,10
4,106991.839,10
4,106995.603,10
4,106998.154,10
4,107000.790,10
4,107003.738,10
4,107006.409,10
4,107010.396,10
4,107014.272,10
4,107016.918,10
4,107019.582,10
4,107022.316,10
4,107025.313,10
4,107029.545,10
4,107032.201,10
4,107035.010,10
4,107037.863,10
4,107040.688,10
4,107044.635,10
4,107047.142,10
4,107049.849,10
4,107052.973,10
4,107055.544,10
4,107059.990,10
4,107062.965,10
4,107065.758,10
4,107068.233,10
4,107070.889,10
4,107073.872,10
4,107077.815,10
4,107080.355,10
4,107083.000,10
4,107085.691,10
4,107088.428,10
4,107091.677,10
4,107095.417,10
4,107097.946,10
4,107101.016,10
4,107103.851,10
4,107107.036,10
4,107111.159,10
4,107113.825,10
4,107116.485,10
4,107119.061,10
4,107122.183,10
4,107124.972,10
4,107127.935,10
4,107132.374,10
4,107135.118,10
4,107138.005,10
4,107140.736,10
4,107145.286,10
4,107147.942,11
4,107150.594,11
4,107153.142,11
4,107155.757,11
4,107159.399,11
4,107162.038,11
4,107164.666,11
4,107167.326,11
4,107170.077,11
4,107172.717,11
4,107176.919,11
4,107179.518,11
4,107182.267,11
4,107185.009,11
4,107189.749,11
4,107193.951,11
4,107196.609,11
4,107199.222,11
4,107203.568,11
4,107206.409,11
4,107210.513,11
4,107213.088,11
4,107215.715,11
4,107218.336,11
4,107220.959,11
4,107223.614,11
4,107226.368,11
4,107230.274,11
4,107233.016,11
4,107235.851,11
4,107238.385,11
4,107241.110,11
4,107243.887,11
4,107247.946,11
4,107250.325,11
4,107253.057,11
4,107255.980,11
4,107258.830,11
4,107261.866,11
4,107265.470,11
4,107268.089,11
4,107270.845,11
4,107273.747,11
4,107276.623,11
4,107281.176,11
4,107283.639,11
4,107286.407,11
4,107288.890,11
4,107291.511,11
4,107294.225,11
4,107297.053,11
4,107301.353,11
4,107304.181,11
4,107307.018,11
4,107309.947,11
4,107312.476,12
4,107316.648,12
4,107319.392,12
4,107322.147,12
4,107324.883,12
4,107327.733,12
4,107331.793,12
4,107334.344,12
4,107337.573,12
4,107340.458,12
4,107344.689,12
4,107347.294,12
4,107350.044,12
4,107352.716,12
4,107355.445,12
4,107359.993,12
4,107362.662,12
4,107365.413,12
4,107368.112,12
4,107370.800,12
4,107373.480,12
4,107377.423,12
4,107380.965,12
4,107385.077,12
4,107387.740,12
4,107390.664,12
4,107394.895,12
4,107397.870,12
4,107400.373,12
4,107403.000,12
4,107405.571,12
4,107408.387,12
4,107411.930,12
4,107414.998,12
4,107417.828,12
4,107420.465,12
4,107423.258,12
4,107427.154,12
4,107429.762,12
4,107432.280,12
4,107434.996,12
4,107437.875,12
4,107440.962,12
4,107445.187,12
4,107447.678,12
4,107450.267,12
4,107453.616,12
4,107458.555,12
4,107461.968,12
4,107464.995,12
4,107467.633,12
4,107470.192,12
4,107472.786,12
4,107476.185,12
4,107480.274,12
4,107483.372,13
4,107486.024,13
4,107489.314,13
4,107493.071,13
4,107495.574,13
4,107498.287,13
4,107500.925,13
4,107503.645,13
4,107506.502,13
4,107510.479,13
4,107513.027,13
4,107515.627,13
4,107518.125,13
4,107520.829,13
4,107524.350,13
4,107528.031,13
4,107530.912,13
4,107534.235,13
4,107538.106,13
4,107543.530,13
4,107547.067,13
4,107551.751,13
4,107555.334,13
4,107558.345,13
4,107561.113,13
4,107564.175,13
4,107569.550,13
4,107572.487,13
4,107575.373,13
4,107578.192,13
4,107581.040,13
4,107584.765,13
4,107587.658,13
4,107590.609,13
4,107593.465,13
4,107598.842,13
4,107601.761,13
4,107604.489,13
4,107607.330,13
4,107610.945,13
4,107615.355,13
4,107619.475,13
4,107622.602,13
4,107625.506,13
4,107628.321,13
4,107632.721,13
4,107635.623,13
4,107638.558,13
4,107643.477,13
4,107649.859,13
4,107654.293,14
4,107657.265,14
4,107660.731,14
4,107664.974,14
4,107667.747,14
4,107670.612,14
4,107673.348,14
4,107676.175,14
4,107679.290,14
4,107683.638,14
4,107687.293,14
4,107690.597,14
4,107694.508,14
4,107697.806,14
4,107701.191,14
4,107703.982,14
4,107707.529,14
4,107712.163,14
4,107715.266,14
4,107718.505,14
4,107721.533,14
4,107724.496,14
4,107729.589,14
4,107733.673,14
4,107736.784,14
4,107740.126,14
4,107742.853,14
4,107746.658,14
4,107749.462,14
4,107752.168,14
4,107754.935,14
4,107757.724,14
4,107761.323,14
4,107764.511,14
4,107767.659,14
4,107770.343,14
4,107773.226,14
4,107776.931,14
4,107779.550,14
4,107782.231,14
4,107784.969,14
4,107787.405,14
4,107790.126,14
4,107792.929,14
4,107796.618,14
4,107799.089,14
4,107801.770,14
4,107804.854,14
4,107808.671,14
4,107811.351,14
4,107815.125,15
4,107817.816,15
4,107820.268,15
4,107824.320,15
4,107828.630,15
4,107831.356,15
4,107834.341,15
4,107837.059,15
4,107841.867,15
4,107845.194,15
4,107847.725,15
4,107850.396,15
4,107852.971,15
4,107855.622,15
4,107858.504,15
4,107861.300,15
4,107864.382,15
4,107867.399,15
4,107869.945,15
4,107872.592,15
4,107875.343,15
4,107878.200,15
4,107882.289,15
4,107885.030,15
4,107887.430,15
4,107890.022,15
4,107892.418,15
4,107895.055,15
4,107898.929,15
4,107901.383,15
4,107903.787,15
4,107906.200,15
4,107908.974,15
4,107913.430,15
4,107915.820,15
4,107918.248,15
4,107921.385,15
4,107924.095,15
4,107926.533,15
4,107930.732,15
4,107933.333,15
4,107935.903,15
4,107938.409,15
4,107941.791,15
4,107944.816,15
4,107947.321,15
4,107949.852,15
4,107952.262,15
4,107954.820,15
4,107957.271,15
4,107959.838,15
4,107963.926,15
4,107966.323,15
4,107968.911,15
4,107971.548,15
4,107974.344,15
4,107977.802,15
4,107980.297,16
4,107982.973,16
4,107986.131,16
4,107990.297,16
4,107992.972,16
4,107995.490,16
4,107998.029,16
4,108000.833,16
4,108003.582,16
4,108006.277,16
4,108009.287,16
4,108012.381,16
4,108014.999,16
4,108017.661,16
4,108020.352,16
4,108023.147,16
4,108027.888,16
4,108030.499,16
4,108033.189,16
4,108035.910,16
4,108038.657,16
4,108043.037,16
4,108045.905,16
4,108048.643,16
4,108053.752,16
4,108056.773,16
4,108062.713,16
4,108066.202,16
4,108068.975,16
4,108071.531,16
4,108075.931,16
4,108078.383,16
4,108081.101,16
4,108083.708,16
4,108086.447,16
4,108089.736,16
4,108093.943,16
4,108096.350,16
4,108098.983,16
4,108101.595,16
4,108104.349,16
4,108107.221,16
4,108110.882,16
4,108113.441,16
4,108116.297,16
4,108119.022,16
4,108121.739,16
4,108124.520,16
4,108127.554,16
4,108131.294,16
4,108133.876,16
4,108136.688,16
4,108139.410,16
4,108143.276,16
4,108145.854,17
4,108148.619,17
4,108151.434,17
4,108154.282,17
4,108156.913,17
4,108160.707,17
4,108163.215,17
4,108165.774,17
4,108168.480,17
4,108171.226,17
4,108174.056,17
4,108179.431,17
4,108182.393,17
4,108185.260,17
4,108187.886,17
4,108192.859,17
4,108196.173,17
4,108198.736,17
4,108201.876,17
4,108204.494,17
4,108207.108,17
4,108210.915,17
4,108213.463,17
4,108216.061,17
4,108219.177,17
4,108222.967,17
4,108226.842,17
4,108229.612,17
4,108232.210,17
4,108234.798,17
4,108237.382,17
4,108240.191,17
4,108242.786,17
4,108245.880,17
4,108248.399,17
4,108251.026,17
4,108254.262,17
4,108257.202,17
4,108261.759,17
4,108264.615,17
4,108267.119,17
4,108269.465,17
4,108272.630,17
4,108276.346,17
4,108279.515,17
4,108282.054,17
4,108284.826,17
4,108287.969,17
4,108290.815,17
4,108293.488,17
4,108297.449,17
4,108299.920,17
4,108302.373,17
4,108304.997,17
4,108309.593,17
4,108312.789,18
4,108315.207,18
4,108317.791,18
4,108320.393,18
4,108322.900,18
4,108326.069,18
4,108329.125,18
4,108331.653,18
4,108334.304,18
4,108337.139,18
4,108339.768,18
4,108343.845,18
4,108346.474,18
4,108349.091,18
4,108351.724,18
4,108355.057,18
4,108358.673,18
4,108361.433,18
4,108363.995,18
4,108366.633,18
4,108369.180,18
4,108372.369,18
4,108375.617,18
4,108378.362,18
4,108381.007,18
4,108383.610,18
4,108386.591,18
4,108389.367,18
4,108393.368,18
4,108395.958,18
4,108398.569,18
4,108401.038,18
4,108403.820,18
4,108407.038,18
4,108410.813,18
4,108413.334,18
4,108415.911,18
4,108418.349,18
4,108421.027,18
4,108425.304,18
4,108427.971,18
4,108430.350,18
4,108432.990,18
4,108435.479,18
4,108438.067,18
4,108442.610,18
4,108445.114,18
4,108447.727,18
4,108450.251,18
4,108452.831,18
4,108456.027,18
4,108458.703,18
4,108461.807,18
4,108465.946,18
4,108468.514,18
4,108471.567,18
4,108474.147,18
4,108477.306,18
4,108479.792,19
4,108483.694,19
4,108486.181,19
4,108488.890,19
4,108491.571,19
4,108494.232,19
4,108498.865,19
4,108503.361,19
4,108506.231,19
4,108508.890,19
4,108513.460,19
4,108515.963,19
4,108518.633,19
4,108521.249,19
4,108526.397,19
4,108529.099,19
4,108531.858,19
4,108535.008,19
4,108537.727,19
4,108542.046,19
4,108545.163,19
4,108547.741,19
4,108550.322,19
4,108552.760,19
4,108555.449,19
4,108559.539,19
4,108562.048,19
4,108564.439,19
4,108567.059,19
4,108570.108,19
4,108572.813,19
4,108575.495,19
4,108579.552,19
4,108582.124,19
4,108584.780,19
4,108587.460,19
4,108590.512,19
4,108594.030,19
4,108596.604,19
4,108599.202,19
4,108601.876,19
4,108604.902,19
4,108608.751,19
4,108611.492,19
4,108614.199,19
4,108616.752,19
4,108619.169,19
4,108621.723,19
4,108624.206,19
4,108627.031,19
4,108630.725,19
4,108633.280,19
4,108635.900,19
4,108638.404,19
4,108643.460,19
4,108646.243,20
4,108648.796,20
4,108651.757,20
4,108654.413,20
4,108658.646,20
4,108661.317,20
4,108663.910,20
4,108666.490,20
4,108669.484,20
4,108672.365,20
4,108676.205,20
4,108678.678,20
4,108681.262,20
4,108683.889,20
4,108686.301,20
4,108689.073,20
4,108691.916,20
4,108694.441,20
4,108697.368,20
4,108699.997,20
4,108703.004,20
4,108705.791,20
4,108708.436,20
4,108711.638,20
4,108714.092,20
4,108717.119,20
4,108719.799,20
4,108722.388,20
4,108724.974,20
4,108727.461,20
4,108730.312,20
4,108733.166,20
4,108737.185,20
4,108740.105,20
4,108742.704,20
4,108745.880,20
4,108749.346,20
4,108752.722,20
4,108755.611,20
4,108758.655,20
4,108761.895,20
4,108764.595,20
4,108767.220,20
4,108769.872,20
4,108773.012,20
4,108775.689,20
4,108778.535,20
4,108781.272,20
4,108784.183,20
4,108786.719,20
4,108789.570,20
4,108792.785,20
4,108795.510,20
4,108798.323,20
4,108801.566,20
4,108804.800,20
4,108807.565,20
4,108810.156,20
4,108812.640,21
4,108815.322,21
4,108818.003,21
4,108821.279,21
4,108824.017,21
4,108827.390,21
4,108829.896,21
4,108832.453,21
4,108835.518,21
4,108838.150,21
4,108841.298,21
4,108844.061,21
4,108846.580,21
4,108848.956,21
4,108851.852,21
4,108854.529,21
4,108857.987,21
4,108861.367,21
4,108864.186,21
4,108866.823,21
4,108869.465,21
4,108872.340,21
4,108875.123,21
4,108878.823,21
4,108881.867,21
4,108885.091,21
4,108887.631,21
4,108890.366,21
4,108893.083,21
4,108895.595,21
4,108898.557,21
4,108901.480,21
4,108904.452,21
4,108906.870,21
4,108910.005,21
4,108912.722,21
4,108915.446,21
4,108918.601,21
4,108921.523,21
4,108924.276,21
4,108926.869,21
4,108929.748,21
4,108932.213,21
4,108935.177,21
4,108938.564,21
4,108941.446,21
4,108944.717,21
4,108947.273,21
4,108949.832,21
4,108952.418,21
4,108954.863,21
4,108958.238,21
4,108961.109,21
4,108963.794,21
4,108966.283,21
4,108968.955,21
4,108971.853,21
4,108974.391,21
4,108977.143,21
4,108980.815,21
4,108984.015,21
4,108986.545,21
4,108989.269,21
4,108991.809,21
4,108994.356,21
4,108997.446,22
4,109000.738,22
4,109003.487,22
4,109006.298,22
4,109008.882,22
4,109011.980,22
4,109014.601,22
4,109017.262,22
4,109021.405,22
4,109024.057,22
4,109026.810,22
4,109029.605,22
4,109033.856,22
4,109036.329,22
4,109038.821,22
4,109041.923,22
4,109045.785,22
4,109048.305,22
4,109050.922,22
4,109053.504,22
4,109057.450,22
4,109060.349,22
4,109062.988,22
4,109065.406,22
4,109068.510,22
4,109071.002,22
4,109075.192,22
4,109077.863,22
4,109080.391,22
4,109083.032,22
4,109085.599,22
4,109088.040,22
4,109092.575,22
4,109095.903,22
4,109098.846,22
4,109101.950,22
4,109104.344,22
4,109107.214,22
4,109110.435,22
4,109113.319,22
4,109115.997,22
4,109119.069,22
4,109122.894,22
4,109125.922,22
4,109129.344,22
4,109133.196,22
4,109135.956,22
4,109138.348,22
4,109140.873,22
4,109143.728,22
4,109148.076,23
4,109151.073,23
4,109153.582,23
4,109156.274,23
4,109160.768,23
4,109163.915,23
4,109166.893,23
4,109171.614,23
4,109175.726,23
4,109179.740,23
4,109182.591,23
4,109185.185,23
4,109188.086,23
4,109192.804,23
4,109195.705,23
4,109198.804,23
4,109201.820,23
4,109204.504,23
4,109207.984,23
4,109211.493,23
4,109214.095,23
4,109216.743,23
4,109219.355,23
4,109221.882,23
4,109226.568,23
4,109229.373,23
4,109231.799,23
4,109234.820,23
4,109237.698,23
4,109240.759,23
4,109244.418,23
4,109247.110,23
4,109249.472,23
4,109252.082,23
4,109254.676,23
4,109259.443,23
4,109262.039,23
4,109264.680,23
4,109267.303,23
4,109270.011,23
4,109272.599,23
4,109275.364,23
4,109278.992,23
4,109281.790,23
4,109284.428,23
4,109287.012,23
4,109290.021,23
4,109292.754,23
4,109296.946,23
4,109300.023,23
4,109302.621,23
4,109305.899,23
4,109309.031,23
4,109313.172,23
4,109315.703,24
4,109318.418,24
4,109321.071,24
4,109325.676,24
4,109328.343,24
4,109331.046,24
4,109333.506,24
4,109336.073,24
4,109338.717,24
4,109342.801,24
4,109345.474,24
4,109348.080,24
4,109350.682,24
4,109353.147,24
4,109356.209,24
4,109359.684,24
4,109362.177,24
4,109364.951,24
4,109367.748,24
4,109370.400,24
4,109373.261,24
4,109377.322,24
4,109379.848,24
4,109382.501,24
4,109385.205,24
4,109387.821,24
4,109392.229,24
4,109395.316,24
4,109398.435,24
4,109401.069,24
4,109403.874,24
4,109406.680,24
4,109410.370,24
4,109412.931,24
4,109415.517,24
4,109418.107,24
4,109420.829,24
4,109423.617,24
4,109427.265,24
4,109431.095,24
4,109433.762,24
4,109436.778,24
4,109439.899,24
4,109446.046,24
4,109448.825,24
4,109451.682,24
4,109454.345,24
4,109456.823,24
4,109460.157,24
4,109464.380,24
4,109467.691,24
4,109470.320,24
4,109472.953,24
4,109475.595,24
4,109479.005,25
4,109482.228,25
4,109485.011,25
4,109487.806,25
4,109490.512,25
4,109494.979,25
4,109497.530,25
4,109500.129,25
4,109502.644,25
4,109505.742,25
4,109509.319,25
4,109511.914,25
4,109514.545,25
4,109517.120,25
4,109519.639,25
4,109522.331,25
4,109525.987,25
4,109528.423,25
4,109530.965,25
4,109533.692,25
4,109536.338,25
4,109538.961,25
4,109543.230,25
4,109545.723,25
4,109548.834,25
4,109551.870,25
4,109554.582,25
4,109557.194,25
4,109561.293,25
4,109564.033,25
4,109566.477,25
4,109569.030,25
4,109571.632,25
4,109576.390,25
4,109578.795,25
4,109581.411,25
4,109584.526,25
4,109587.326,25
4,109590.424,25
4,109593.531,25
4,109596.041,25
4,109598.360,25
4,109601.007,25
4,109604.173,25
4,109609.011,25
4,109611.702,25
4,109614.722,25
4,109617.246,25
4,109619.803,25
4,109622.334,25
4,109625.052,25
4,109629.763,25
4,109632.464,25
4,109635.200,25
4,109637.976,25
4,109642.586,25
4,109645.268,26
4,109647.886,26
4,109651.004,26
4,109653.628,26
4,109657.030,26
4,109661.050,26
4,109663.701,26
4,109666.445,26
4,109669.366,26
4,109671.907,26
4,109676.024,26
4,109679.169,26
4,109681.694,26
4,109684.700,26
4,109687.196,26
4,109690.551,26
4,109693.715,26
4,109696.313,26
4,109698.977,26
4,109701.660,26
4,109704.377,26
4,109708.724,26
4,109711.400,26
4,109713.912,26
4,109716.703,26
4,109719.257,26
4,109721.875,26
4,109725.968,26
4,109728.543,26
4,109732.192,26
4,109734.812,26
4,109737.407,26
4,109741.972,26
4,109745.079,26
4,109747.740,26
4,109750.331,26
4,109753.094,26
4,109755.961,26
4,109759.853,26
4,109762.482,26
4,109765.732,26
4,109768.150,26
4,109770.864,26
4,109773.651,26
4,109777.338,26
4,109779.917,26
4,109782.430,26
4,109785.035,26
4,109787.486,26
4,109790.194,26
4,109792.900,26
4,109795.974,26
4,109799.775,26
4,109802.338,26
4,109805.151,26
4,109807.902,26
4,109810.592,26
4,109814.502,26
4,109816.984,27
4,109819.577,27
4,109822.253,27
4,109826.592,27
4,109829.080,27
4,109831.793,27
4,109834.777,27
4,109837.535,27
4,109842.005,27
4,109846.393,27
4,109850.399,27
4,109853.221,27
4,109856.629,27
4,109860.131,27
4,109863.696,27
4,109866.226,27
4,109868.579,27
4,109871.252,27
4,109874.548,27
4,109877.957,27
4,109880.954,27
4,109883.992,27
4,109886.869,27
4,109889.926,27
4,109893.778,27
4,109896.371,27
4,109899.318,27
4,109902.029,27
4,109904.556,27
4,109908.828,27
4,109912.056,27
4,109914.565,27
4,109917.040,27
4,109919.611,27
4,109922.206,27
4,109926.060,27
4,109928.594,27
4,109931.743,27
4,109934.353,27
4,109936.989,27
4,109939.711,27
4,109943.467,27
4,109946.082,27
4,109948.707,27
4,109951.395,27
4,109953.985,27
4,109956.670,27
4,109959.288,27
4,109962.969,27
4,109965.389,27
4,109967.894,27
4,109970.405,27
4,109972.970,27
4,109977.051,27
4,109979.485,29
4,109982.148,29
4,109984.755,29
4,109987.308,29
4,109990.010,29
4,109994.081,29
4,109996.628,29
4,109999.357,29
4,110002.371,29
4,110005.038,29
4,110008.878,29
4,110011.606,29
4,110014.222,29
4,110016.764,29
4,110019.160,29
4,110021.729,29
4,110024.369,29
4,110028.067,29
4,110030.598,29
4,110034.081,29
4,110036.981,29
4,110039.923,29
4,110043.191,29
4,110046.442,29
4,110049.439,29
4,110052.672,29
4,110055.378,29
4,110057.923,29
4,110062.003,29
4,110064.393,29
4,110067.130,29
4,110069.490,29
4,110072.186,29
4,110076.106,29
4,110078.652,29
4,110081.825,29
4,110084.369,29
4,110086.824,29
4,110089.459,29
4,110093.388,29
4,110096.158,29
4,110098.695,29
4,110101.732,29
4,110104.412,29
4,110108.653,29
4,110111.139,29
4,110114.092,29
4,110116.720,29
4,110119.562,29
4,110122.086,29
4,110124.522,29
4,110127.283,29
4,110131.478,29
4,110134.143,29
4,110136.796,29
4,110139.446,29
4,110143.283,29
4,110145.759,30
4,110148.197,30
4,110150.929,30
4,110153.989,30
4,110156.864,30
4,110160.819,30
4,110163.375,30
4,110165.784,30
4,110168.181,30
4,110171.296,30
4,110174.073,30
4,110177.765,30
4,110180.246,30
4,110183.544,30
4,110186.049,30
4,110188.696,30
4,110191.067,30
4,110195.259,30
4,110197.723,30
4,110200.273,30
4,110202.883,30
4,110205.361,30
4,110207.835,30
4,110211.748,30
4,110214.285,30
4,110216.949,30
4,110219.738,30
4,110222.340,30
4,110224.920,30
4,110229.564,30
4,110232.211,30
4,110234.703,30
4,110237.695,30
4,110240.198,30
4,110242.905,30
4,110246.584,30
4,110249.250,30
4,110252.004,30
4,110254.629,30
4,110257.258,30
4,110259.975,30
4,110263.575,30
4,110266.043,30
4,110268.849,30
4,110272.022,30
4,110274.585,30
4,110277.152,30
4,110280.851,30
4,110284.660,30
4,110287.543,30
4,110290.415,30
4,110293.119,30
4,110295.649,30
4,110298.441,30
4,110302.344,30
4,110307.073,30
4,110309.904,30
4,110312.712,31
4,110316.046,31
4,110319.793,31
4,110322.948,31
4,110325.789,31
4,110328.502,31
4,110331.056,31
4,110334.863,31
4,110338.556,31
4,110341.166,31
4,110343.793,31
4,110348.205,31
4,110351.357,31
4,110355.185,31
4,110357.966,31
4,110361.491,31
4,110363.993,31
4,110366.529,31
4,110369.052,31
4,110373.027,31
4,110376.265,31
4,110378.940,31
4,110381.657,31
4,110384.278,31
4,110387.003,31
4,110389.684,31
4,110393.835,31
4,110396.354,31
4,110399.215,31
4,110402.234,31
4,110404.946,31
4,110409.240,31
4,110411.839,31
4,110415.542,31
4,110418.256,31
4,110420.912,31
4,110425.220,31
4,110427.897,31
4,110430.473,31
4,110432.918,31
4,110435.588,31
4,110438.136,31
4,110442.450,31
4,110445.400,31
4,110448.052,31
4,110450.969,31
4,110454.090,31
4,110457.118,31
4,110459.700,31
4,110462.450,31
4,110466.459,31
4,110469.108,31
4,110473.375,31
4,110476.202,31
4,110479.319,32
4,110482.130,32
4,110484.737,32
4,110487.399,32
4,110490.171,32
4,110494.140,32
4,110496.873,32
4,110499.485,32
4,110502.280,32
4,110504.932,32
4,110509.410,32
4,110511.918,32
4,110514.598,32
4,110517.229,32
4,110519.777,32
4,110523.936,32
4,110528.228,32
4,110530.724,32
4,110533.437,32
4,110537.753,32
4,110541.918,32
4,110544.782,32
4,110547.493,32
4,110550.421,32
4,110553.568,32
4,110556.182,32
4,110560.477,32
4,110563.280,32
4,110565.883,32
4,110568.513,32
4,110571.720,32
4,110574.321,32
4,110579.885,32
4,110582.955,32
4,110586.013,32
4,110588.635,32
4,110592.445,32
4,110595.379,32
4,110597.908,32
4,110600.956,32
4,110603.577,32
4,110606.389,32
4,110609.954,32
4,110612.525,32
4,110615.077,32
4,110617.682,32
4,110620.265,32
4,110623.567,32
4,110626.791,32
4,110630.107,32
4,110632.895,32
4,110635.521,32
4,110637.890,32
4,110643.533,32
4,110646.367,33
4,110649.371,33
4,110651.905,33
4,110654.386,33
4,110658.947,33
4,110661.758,33
4,110664.627,33
4,110667.256,33
4,110669.931,33
4,110672.891,33
4,110676.273,33
4,110678.879,33
4,110681.428,33
4,110683.957,33
4,110686.916,33
4,110689.684,33
4,110693.317,33
4,110695.863,33
4,110698.222,33
4,110701.294,33
4,110704.485,33
4,110709.125,33
4,110711.797,33
4,110714.281,33
4,110716.726,33
4,110719.438,33
4,110722.369,33
4,110726.601,33
4,110729.316,33
4,110731.958,33
4,110734.500,33
4,110737.069,33
4,110739.991,33
4,110743.728,33
4,110746.467,33
4,110748.950,33
4,110752.046,33
4,110755.128,33
4,110759.350,33
4,110761.897,33
4,110765.119,33
4,110767.757,33
4,110770.347,33
4,110773.450,33
4,110777.331,33
4,110779.916,33
4,110782.484,33
4,110785.523,33
4,110788.243,33
4,110790.874,33
4,110793.605,33
4,110797.807,33
4,110800.733,33
4,110803.418,33
4,110806.513,33
4,110810.006,33
4,110813.035,34
4,110815.462,34
4,110817.869,34
4,110820.772,34
4,110825.251,34
4,110828.067,34
4,110830.594,34
4,110832.963,34
4,110835.480,34
4,110837.996,34
4,110841.414,34
4,110844.516,34
4,110846.992,34
4,110849.775,34
4,110852.292,34
4,110854.883,34
4,110858.845,34
4,110861.520,34
4,110864.435,34
4,110866.950,34
4,110869.622,34
4,110872.458,34
4,110876.508,34
4,110879.216,34
4,110881.723,34
4,110885.322,34
4,110889.169,34
4,110892.090,34
4,110894.730,34
4,110897.150,34
4,110899.719,34
4,110902.272,34
4,110904.676,34
4,110908.737,34
4,110911.456,34
4,110914.055,34
4,110916.961,34
4,110920.002,34
4,110922.571,34
4,110926.350,34
4,110928.881,34
4,110931.773,34
4,110934.428,34
4,110937.046,34
4,110939.838,34
4,110943.789,34
4,110946.402,34
4,110948.932,34
4,110951.459,34
4,110954.080,34
4,110956.706,34
4,110959.244,34
4,110963.029,34
4,110965.610,34
4,110968.122,34
4,110970.822,34
4,110975.264,34
4,110977.933,34
4,110980.911,35
4,110983.526,35
4,110986.022,35
4,110988.829,35
4,110992.502,35
4,110995.157,35
4,110997.694,35
4,111000.292,35
4,111003.106,35
4,111005.658,35
4,111009.871,35
4,111012.320,35
4,111015.436,35
4,111017.809,35
4,111020.465,35
4,111023.109,35
4,111026.839,35
4,111029.531,35
4,111033.927,35
4,111038.641,35
4,111042.253,35
4,111046.293,35
4,111049.058,35
4,111051.758,35
4,111054.632,35
4,111058.952,35
4,111061.892,35
4,111064.838,35
4,111067.531,35
4,111070.023,35
4,111072.790,35
4,111076.632,35
4,111079.469,35
4,111082.197,35
4,111084.963,35
4,111087.478,35
4,111090.233,35
4,111094.307,35
4,111096.775,35
4,111099.658,35
4,111102.188,35
4,111104.752,35
4,111108.951,35
4,111111.669,35
4,111114.298,35
4,111116.838,35
4,111119.360,35
4,111121.926,35
4,111124.728,35
4,111128.369,35
4,111130.772,35
4,111133.821,35
4,111136.508,35
4,111139.552,35
4,111143.955,35
4,111146.641,36
4,111149.536,36
4,111152.249,36
4,111154.963,36
4,111158.124,36
4,111162.024,36
4,111164.917,36
4,111167.624,36
4,111170.462,36
4,111173.652,36
4,111177.024,36
4,111179.501,36
4,111182.058,36
4,111184.764,36
4,111187.215,36
4,111190.112,36
4,111193.540,36
4,111196.087,36
4,111198.575,36
4,111201.266,36
4,111203.948,36
4,111206.825,36
4,111210.827,36
4,111213.409,36
4,111216.072,36
4,111218.920,36
4,111221.513,36
4,111224.288,36
4,111228.140,36
4,111230.776,36
4,111233.421,36
4,111236.104,36
4,111238.931,36
4,111243.339,36
4,111246.761,36
4,111249.385,36
4,111252.037,36
4,111254.692,36
4,111259.458,36
4,111261.939,36
4,111264.580,36
4,111267.257,36
4,111269.865,36
4,111272.735,36
4,111276.396,36
4,111279.178,36
4,111281.904,36
4,111285.076,36
4,111288.209,36
4,111290.908,36
4,111293.738,36
4,111297.617,36
4,111300.207,36
4,111303.126,36
4,111306.059,36
4,111310.237,36
4,111312.885,37
4,111315.412,37
4,111318.068,37
4,111320.547,37
4,111323.513,37
4,111326.936,37
4,111329.251,37
4,111332.040,37
4,111334.435,37
4,111337.380,37
4,111341.705,37
4,111344.911,37
4,111347.860,37
4,111350.745,37
4,111353.378,37
4,111356.134,37
4,111359.773,37
4,111362.328,37
4,111364.709,37
4,111367.844,37
4,111370.251,37
4,111372.960,37
4,111376.483,37
4,111379.291,37
4,111382.009,37
4,111384.774,37
4,111387.607,37
4,111391.124,37
4,111394.096,37
4,111398.111,37
4,111400.714,37
4,111404.444,37
4,111407.927,37
4,111411.436,37
4,111415.368,37
4,111418.635,37
4,111421.607,37
4,111425.735,37
4,111428.316,37
4,111430.948,37
4,111434.056,37
4,111436.648,37
4,111439.732,37
4,111443.550,37
4,111446.022,37
4,111448.522,37
4,111451.083,37
4,111453.705,37
4,111456.532,37
4,111459.219,37
4,111463.033,37
4,111465.679,37
4,111468.318,37
4,111470.968,37
4,111475.141,37
4,111477.814,37
4,111480.857,38
4,111483.530,38
4,111486.175,38
4,111489.028,38
4,111493.352,38
4,111495.999,38
4,111498.841,38
4,111503.073,38
4,111507.386,38
4,111511.951,38
4,111515.074,38
4,111518.109,38
4,111520.672,38
4,111525.104,38
4,111527.789,38
4,111530.402,38
4,111533.500,38
4,111536.079,38
4,111538.584,38
4,111541.228,38
4,111544.546,38
4,111548.256,38
4,111551.107,38
4,111553.811,38
4,111556.800,38
4,111559.435,38
4,111562.139,38
4,111565.948,38
4,111568.542,38
4,111571.094,38
4,111574.227,38
4,111577.225,38
4,111580.283,38
4,111583.292,38
4,111585.902,38
4,111589.055,38
4,111591.826,38
4,111594.467,38
4,111597.045,38
4,111599.748,38
4,111602.372,38
4,111605.448,38
4,111609.141,38
4,111611.917,38
4,111614.471,38
4,111617.043,38
4,111619.567,38
4,111622.406,38
4,111626.038,38
4,111628.563,38
4,111631.271,38
4,111634.037,38
4,111636.600,38
4,111639.455,38
4,111642.082,38
4,111644.773,38
4,111647.248,38
4,111650.494,38
4,111652.935,38
4,111655.771,38
4,111658.536,38
4,111661.166,38
4,111664.206,39
4,111666.715,39
4,111669.374,39
4,111672.333,39
4,111675.425,39
4,111678.095,39
4,111680.692,39
4,111683.193,39
4,111686.163,39
4,111688.917,39
4,111691.513,39
4,111694.562,39
4,111697.277,39
4,111700.330,39
4,111703.143,39
4,111707.311,39
4,111710.208,39
4,111713.345,39
4,111716.020,39
4,111719.401,39
4,111722.103,39
4,111724.600,39
4,111727.529,39
4,111730.116,39
4,111732.684,39
4,111735.589,39
4,111738.332,39
4,111740.997,39
4,111743.844,39
4,111746.550,39
4,111749.120,39
4,111752.072,39
4,111754.537,39
4,111757.243,39
4,111760.251,39
4,111762.999,39
4,111765.463,39
4,111768.056,39
4,111770.843,39
4,111773.762,39
4,111777.121,39
4,111780.335,39
4,111783.609,39
4,111786.255,39
4,111789.333,39
4,111792.474,39
4,111795.363,39
4,111798.272,39
4,111801.320,39
4,111804.705,39
4,111807.638,39
4,111810.949,39
4,111813.743,40
4,111816.268,40
4,111819.077,40
4,111822.093,40
4,111824.929,40
4,111828.454,40
4,111831.598,40
4,111834.610,40
4,111839.376,40
4,111842.334,40
4,111845.519,40
4,111850.076,40
4,111852.957,40
4,111856.836,40
4,111859.599,40
4,111862.307,40
4,111865.288,40
4,111869.168,40
4,111873.053,40
4,111876.204,40
4,111878.815,40
4,111881.502,40
4,111884.275,40
4,111886.969,40
4,111890.972,40
4,111894.109,40
4,111896.796,40
4,111899.358,40
4,111902.101,40
4,111904.713,40
4,111907.701,40
4,111910.999,40
4,111913.976,40
4,111916.845,40
4,111920.069,40
4,111922.788,40
4,111925.648,40
4,111928.464,40
4,111931.116,40
4,111934.377,40
4,111937.541,40
4,111940.371,40
4,111943.037,40
4,111945.704,40
4,111948.476,40
4,111951.198,40
4,111953.959,40
4,111957.639,40
4,111960.556,40
4,111963.239,40
4,111965.717,40
4,111968.453,40
4,111971.049,40
4,111973.704,40
4,111976.248,40
4,111979.485,40
4,111983.045,40
4,111985.598,40
4,111988.658,40
4,111991.712,40
4,111994.550,40
4,111997.228,41
4,112000.744,41
4,112003.635,41
4,112006.539,41
4,112009.727,41
4,112012.671,41
4,112015.360,41
4,112018.506,41
4,112021.866,41
4,112024.972,41
4,112027.676,41
4,112030.726,41
4,112033.674,41
4,112036.360,41
4,112039.068,41
4,112043.273,41
4,112046.013,41
4,112048.681,41
4,112051.743,41
4,112055.194,41
4,112058.248,41
4,112061.266,41
4,112063.913,41
4,112066.553,41
4,112069.103,41
4,112071.785,41
4,112074.532,41
4,112077.326,41
4,112080.708,41
4,112083.636,41
4,112086.605,41
4,112089.450,41
4,112092.150,41
4,112094.878,41
4,112097.701,41
4,112100.586,41
4,112103.865,41
4,112107.156,41
4,112109.980,41
4,112112.380,41
4,112115.159,41
4,112117.869,41
4,112120.957,41
4,112124.005,41
4,112126.802,41
4,112129.301,41
4,112131.752,41
4,112134.469,41
4,112137.291,41
4,112140.421,41
4,112143.181,41
4,112146.029,41
4,112149.241,41
4,112153.030,41
4,112155.840,41
4,112158.800,41
4,112162.506,41
4,112165.170,42
4,112167.743,42
4,112171.184,42
4,112173.986,42
4,112176.615,42
4,112179.399,42
4,112181.996,42
4,112184.777,42
4,112188.727,42
4,112191.945,42
4,112194.660,42
4,112197.338,42
4,112201.654,42
4,112204.477,42
4,112207.607,42
4,112210.576,42
4,112213.656,42
4,112217.176,42
4,112220.108,42
4,112223.257,42
4,112226.073,42
4,112228.804,42
4,112231.501,42
4,112234.064,42
4,112236.670,42
4,112240.378,42
4,112242.922,42
4,112245.940,42
4,112248.638,42
4,112253.444,42
4,112256.187,42
4,112259.458,42
4,112263.210,42
4,112266.973,42
4,112269.841,42
4,112272.402,42
4,112275.118,42
4,112278.129,42
4,112282.287,42
4,112285.084,42
4,112287.796,42
4,112290.519,42
4,112293.128,42
4,112295.759,42
4,112299.533,42
4,112302.258,42
4,112305.033,42
4,112307.726,42
4,112312.210,42
4,112314.954,43
4,112317.637,43
4,112320.638,43
4,112323.583,43
4,112327.160,43
4,112329.638,43
4,112332.375,43
4,112335.140,43
4,112338.284,43
4,112341.577,43
4,112344.628,43
4,112347.881,43
4,112350.441,43
4,112353.176,43
4,112356.028,43
4,112360.136,43
4,112362.772,43
4,112365.400,43
4,112367.947,43
4,112370.469,43
4,112373.915,43
4,112377.306,43
4,112379.957,43
4,112382.469,43
4,112385.416,43
4,112388.210,43
4,112390.843,43
4,112394.675,43
4,112397.372,43
4,112399.872,43
4,112402.984,43
4,112405.548,43
4,112409.425,43
4,112412.139,43
4,112415.155,43
4,112420.075,43
4,112422.970,43
4,112427.004,43
4,112429.735,43
4,112432.293,43
4,112435.007,43
4,112437.703,43
4,112440.661,43
4,112445.314,43
4,112447.995,43
4,112450.601,43
4,112454.027,43
4,112456.686,43
4,112459.839,43
4,112463.860,43
4,112466.487,43
4,112469.298,43
4,112471.745,43
4,112474.554,43
4,112478.120,43
4,112480.697,44
4,112483.517,44
4,112486.161,44
4,112489.169,44
4,112493.006,44
4,112495.617,44
4,112498.141,44
4,112500.747,44
4,112503.898,44
4,112507.168,44
4,112511.013,44
4,112513.587,44
4,112516.413,44
4,112519.095,44
4,112521.722,44
4,112525.920,44
4,112528.544,44
4,112531.223,44
4,112533.974,44
4,112537.030,44
4,112539.636,44
4,112543.678,44
4,112546.724,44
4,112549.269,44
4,112552.605,44
4,112555.309,44
4,112559.352,44
4,112561.902,44
4,112564.438,44
4,112567.088,44
4,112569.739,44
4,112572.629,44
4,112576.801,44
4,112579.492,44
4,112583.493,44
4,112587.960,44
4,112593.100,44
4,112595.652,44
4,112598.143,44
4,112600.667,44
4,112603.318,44
4,112606.192,44
4,112609.992,44
4,112612.644,44
4,112615.263,44
4,112617.868,44
4,112620.510,44
4,112624.048,44
4,112628.836,44
4,112631.314,44
4,112633.939,44
4,112636.536,44
4,112639.588,44
4,112643.351,44
4,112645.765,45
4,112648.250,45
4,112650.916,45
4,112653.658,45
4,112656.301,45
4,112659.914,45
4,112662.502,45
4,112664.936,45
4,112667.451,45
4,112670.113,45
4,112672.932,45
4,112676.719,45
4,112679.717,45
4,112682.276,45
4,112684.964,45
4,112687.579,45
4,112692.334,45
4,112694.981,45
4,112697.499,45
4,112700.094,45
4,112702.636,45
4,112706.166,45
4,112709.671,45
4,112713.757,45
4,112716.778,45
4,112719.418,45
4,112722.195,45
4,112726.237,45
4,112728.909,45
4,112731.436,45
4,112734.153,45
4,112736.816,45
4,112740.643,45
4,112743.317,45
4,112745.912,45
4,112748.390,45
4,112751.407,45
4,112754.809,45
4,112758.302,45
4,112761.003,45
4,112763.479,45
4,112766.267,45
4,112768.908,45
4,112771.482,45
4,112775.205,45
4,112777.716,45
4,112780.327,45
4,112782.957,45
4,112785.801,45
4,112788.843,45
4,112791.539,45
4,112795.596,45
4,112798.158,45
4,112800.786,45
4,112803.483,45
4,112806.210,45
4,112810.748,45
4,112813.500,46
4,112816.384,46
4,112819.534,46
4,112822.254,46
4,112826.046,46
4,112828.586,46
4,112831.701,46
4,112834.603,46
4,112837.411,46
4,112841.737,46
4,112844.391,46
4,112846.917,46
4,112849.782,46
4,112852.220,46
4,112854.687,46
4,112858.680,46
4,112861.413,46
4,112863.971,46
4,112866.524,46
4,112868.966,46
4,112871.518,46
4,112875.713,46
4,112878.329,46
4,112880.846,46
4,112883.702,46
4,112886.327,46
4,112889.319,46
4,112893.704,46
4,112896.567,46
4,112898.977,46
4,112902.107,46
4,112904.781,46
4,112908.814,46
4,112911.622,46
4,112914.765,46
4,112917.386,46
4,112919.735,46
4,112922.383,46
4,112926.039,46
4,112929.062,46
4,112931.670,46
4,112934.317,46
4,112936.932,46
4,112941.207,46
4,112943.863,46
4,112946.369,46
4,112948.882,46
4,112951.807,46
4,112954.938,46
4,112957.513,46
4,112960.307,46
4,112964.137,46
4,112966.611,46
4,112969.690,46
4,112972.119,46
4,112976.178,46
4,112979.042,47
4,112982.147,47
4,112984.773,47
4,112987.332,47
4,112990.184,47
4,112993.701,47
4,112996.496,47
4,112999.026,47
4,113001.845,47
4,113004.472,47
4,113008.851,47
4,113011.507,47
4,113014.039,47
4,113016.769,47
4,113019.763,47
4,113022.586,47
4,113026.527,47
4,113029.168,47
4,113031.901,47
4,113034.624,47
4,113037.135,47
4,113039.867,47
4,113043.746,47
4,113046.293,47
4,113048.924,47
4,113051.690,47
4,113054.380,47
4,113058.533,47
4,113061.162,47
4,113063.637,47
4,113067.701,47
4,113070.549,47
4,113073.587,47
4,113077.928,47
4,113081.890,47
4,113084.944,47
4,113089.047,47
4,113092.169,47
4,113094.909,47
4,113097.703,47
4,113100.441,47
4,113103.009,47
4,113106.015,47
4,113109.588,47
4,113112.655,47
4,113115.364,47
4,113117.848,47
4,113120.468,47
4,113123.127,47
4,113125.681,47
4,113129.519,47
4,113132.142,47
4,113134.784,47
4,113137.316,47
4,113140.133,47
4,113144.103,47
4,113146.565,48
4,113148.933,48
4,113151.464,48
4,113154.115,48
4,113156.755,48
4,113159.621,48
4,113163.112,48
4,113165.491,48
4,113168.626,48
4,113171.332,48
4,113174.067,48
4,113177.853,48
4,113180.407,48
4,113183.153,48
4,113185.762,48
4,113188.548,48
4,113193.109,48
4,113195.745,48
4,113198.758,48
4,113201.346,48
4,113204.432,48
4,113208.507,48
4,113211.108,48
4,113213.477,48
4,113215.981,48
4,113218.558,48
4,113221.667,48
4,113226.607,48
4,113229.006,48
4,113231.612,48
4,113234.199,48
4,113236.795,48
4,113241.385,48
4,113244.467,48
4,113247.012,48
4,113249.612,48
4,113252.047,48
4,113255.246,48
4,113259.244,48
4,113262.216,48
4,113264.870,48
4,113267.576,48
4,113270.400,48
4,113273.308,48
4,113276.575,48
4,113279.462,48
4,113282.215,48
4,113284.980,48
4,113287.758,48
4,113290.956,48
4,113294.212,48
4,113296.861,48
4,113299.621,48
4,113302.156,48
4,113305.001,48
4,113308.302,48
4,113311.201,48
4,113314.328,48
4,113316.948,48
4,113319.405,48
4,113322.297,48
4,113325.826,48
4,113328.413,49
4,113331.134,49
4,113334.203,49
4,113337.540,49
4,113340.895,49
4,113343.725,49
4,113346.707,49
4,113350.363,49
4,113353.211,49
4,113355.804,49
4,113359.193,49
4,113361.707,49
4,113364.883,49
4,113368.333,49
4,113371.011,49
4,113374.196,49
4,113376.919,49
4,113379.736,49
4,113383.289,49
4,113386.001,49
4,113388.966,49
4,113391.580,49
4,113394.267,49
4,113396.885,49
4,113399.744,49
4,113403.186,49
4,113405.628,49
4,113408.669,49
4,113411.253,49
4,113414.004,49
4,113417.575,49
4,113420.372,49
4,113423.417,49
4,113425.796,49
4,113428.455,49
4,113431.111,49
4,113434.742,49
4,113437.801,49
4,113440.235,49
4,113442.821,49
4,113445.277,49
4,113449.482,49
4,113451.963,49
4,113454.533,49
4,113457.165,49
4,113459.986,49
4,113462.727,49
4,113466.553,49
4,113469.182,49
4,113471.786,49
4,113474.390,49
4,113477.143,49
4,113480.011,49
4,113483.708,49
4,113486.199,49
4,113489.282,49
4,113492.116,49
4,113497.093,49
4,113501.212,50
4,113504.438,50
4,113508.932,50
4,113512.979,50
4,113516.806,50
4,113519.639,50
4,113522.503,50
4,113525.536,50
4,113528.892,50
4,113532.890,50
4,113536.064,50
4,113538.768,50
4,113541.528,50
4,113544.127,50
4,113546.623,50
4,113549.740,50
4,113552.618,50
4,113555.245,50
4,113557.884,50
4,113561.172,50
4,113563.753,50
4,113567.328,50
4,113569.934,50
4,113572.680,50
4,113577.128,50
4,113582.192,50
4,113585.953,50
4,113588.637,50
4,113591.404,50
4,113594.126,50
4,113597.100,50
4,113601.337,50
4,113604.406,50
4,113607.171,50
4,113609.811,50
4,113612.392,50
4,113616.528,50
4,113619.344,50
4,113621.748,50
4,113624.753,50
4,113627.322,50
4,113629.825,50
4,113634.810,50
4,113637.893,50
4,113640.622,50
4,113643.407,50
4,113646.239,50
4,113650.132,50
4,113652.558,50
4,113655.045,50
4,113657.708,50
4,113661.024,50
4,113663.555,51
4,113666.334,51
4,113669.689,51
4,113672.958,51
4,113675.609,51
4,113678.582,51
4,113681.309,51
4,113684.817,51
4,113687.564,51
4,113690.239,51
4,113692.851,51
4,113696.608,51
4,113702.322,51
4,113707.326,51
4,113710.128,51
4,113712.539,51
4,113716.640,51
4,113719.687,51
4,113722.715,51
4,113725.221,51
4,113727.629,51
4,113730.300,51
4,113734.577,51
4,113737.246,51
4,113740.096,51
4,113742.768,51
4,113745.332,51
4,113749.762,51
4,113752.295,51
4,113754.850,51
4,113757.480,51
4,113759.876,51
4,113762.835,51
4,113766.705,51
4,113769.381,51
4,113772.047,51
4,113774.702,51
4,113777.450,51
4,113779.871,51
4,113782.610,51
4,113786.134,51
4,113789.008,51
4,113791.733,51
4,113794.599,51
4,113797.196,51
4,113799.874,51
4,113803.967,51
4,113806.742,51
4,113809.406,51
4,113812.097,51
4,113816.924,51
4,113819.456,51
4,113822.242,51
4,113825.002,51
4,113827.646,51
4,113830.077,52
4,113832.756,52
4,113836.609,52
4,113839.316,52
4,113841.978,52
4,113844.738,52
4,113847.323,52
4,113850.912,52
4,113853.710,52
4,113856.573,52
4,113859.285,52
4,113862.076,52
4,113866.237,52
4,113869.072,52
4,113872.188,52
4,113874.874,52
4,113877.605,52
4,113880.138,52
4,113883.549,52
4,113886.736,52
4,113889.788,52
4,113892.783,52
4,113895.528,52
4,113899.955,52
4,113902.872,52
4,113905.797,52
4,113908.494,52
4,113911.702,52
4,113914.158,52
4,113919.214,52
4,113921.951,52
4,113924.769,52
4,113927.244,52
4,113929.837,52
4,113932.339,52
4,113936.050,52
4,113938.625,52
4,113941.765,52
4,113944.232,52
4,113946.802,52
4,113949.656,52
4,113953.314,52
4,113956.222,52
4,113958.922,52
4,113962.234,52
4,113964.761,52
4,113967.496,52
4,113971.100,52
4,113973.738,52
4,113977.043,52
4,113979.622,52
4,113983.899,52
4,113986.540,52
4,113989.524,52
4,113992.060,52
4,113994.840,52
4,113997.529,53
4,114000.839,53
4,114003.648,53
4,114006.391,53
4,114008.830,53
4,114011.423,53
4,114014.630,53
4,114017.683,53
4,114020.429,53
4,114023.919,53
4,114027.282,53
4,114029.831,53
4,114033.790,53
4,114036.877,53
4,114039.505,53
4,114042.250,53
4,114044.905,53
4,114047.653,53
4,114051.350,53
4,114054.219,53
4,114057.022,53
4,114059.710,53
4,114062.369,53
4,114065.070,53
4,114069.324,53
4,114071.957,53
4,114074.575,53
4,114077.230,53
4,114079.867,53
4,114084.316,53
4,114087.012,53
4,114089.787,53
4,114092.428,53
4,114095.316,53
4,114098.616,53
4,114101.850,53
4,114104.624,53
4,114107.300,53
4,114110.152,53
4,114112.656,53
4,114116.982,53
4,114119.625,53
4,114122.606,53
4,114125.266,53
4,114127.747,53
4,114130.226,53
4,114134.907,53
4,114137.586,53
4,114140.386,53
4,114142.994,53
4,114145.769,53
4,114150.128,53
4,114152.765,53
4,114155.351,53
4,114157.897,53
4,114160.942,53
4,114164.036,55
4,114167.821,55
4,114170.578,55
4,114173.224,55
4,114175.875,55
4,114178.801,55
4,114182.793,55
4,114185.446,55
4,114188.579,55
4,114191.283,55
4,114194.066,55
4,114196.602,55
4,114199.529,55
4,114202.988,55
4,114205.731,55
4,114208.405,55
4,114211.135,55
4,114213.780,55
4,114216.798,55
4,114220.402,55
4,114222.906,55
4,114227.279,55
4,114231.140,55
4,114235.047,55
4,114237.758,55
4,114240.300,55
4,114243.134,55
4,114245.763,55
4,114248.846,55
4,114253.661,55
4,114256.529,55
4,114259.323,55
4,114262.605,55
4,114269.338,55
4,114272.260,55
4,114275.430,55
4,114278.398,55
4,114281.523,55
4,114284.914,55
4,114287.517,55
4,114290.175,55
4,114292.794,55
4,114295.641,55
4,114298.208,55
4,114302.713,55
4,114305.530,55
4,114308.790,55
4,114311.592,55
4,114314.255,55
4,114318.150,55
4,114320.896,55
4,114323.474,55
4,114326.033,55
4,114328.703,56
4,114331.510,56
4,114335.540,56
4,114338.635,56
4,114341.377,56
4,114344.074,56
4,114346.676,56
4,114350.958,56
4,114353.679,56
4,114356.291,56
4,114358.992,56
4,114362.106,56
4,114367.146,56
4,114369.543,56
4,114372.407,56
4,114375.122,56
4,114377.691,56
4,114380.161,56
4,114382.769,56
4,114386.381,56
4,114388.931,56
4,114391.424,56
4,114394.242,56
4,114396.639,56
4,114400.780,56
4,114403.438,56
4,114406.220,56
4,114409.008,56
4,114411.794,56
4,114414.614,56
4,114417.939,56
4,114420.677,56
4,114423.364,56
4,114426.096,56
4,114428.842,56
4,114433.199,56
4,114436.204,56
4,114439.095,56
4,114441.900,56
4,114444.603,56
4,114447.544,56
4,114452.253,56
4,114455.031,56
4,114457.442,56
4,114460.165,56
4,114462.742,56
4,114465.365,56
4,114469.888,56
4,114472.526,56
4,114475.157,56
4,114477.755,56
4,114480.238,56
4,114483.902,56
4,114486.467,56
4,114489.003,56
4,114491.792,56
4,114494.846,56
4,114497.382,57
4,114501.264,57
4,114504.412,57
4,114507.399,57
4,114509.968,57
4,114513.020,57
4,114517.322,57
4,114519.988,57
4,114522.666,57
4,114525.864,57
4,114529.690,57
4,114533.325,57
4,114536.082,57
4,114539.333,57
4,114541.788,57
4,114544.427,57
4,114546.923,57
4,114549.734,57
4,114553.338,57
4,114556.570,57
4,114559.502,57
4,114562.632,57
4,114568.353,57
4,114572.127,57
4,114574.693,57
4,114577.692,57
4,114580.359,57
4,114584.534,57
4,114587.183,57
4,114589.825,57
4,114592.475,57
4,114595.717,57
4,114599.567,57
4,114602.222,57
4,114604.808,57
4,114607.472,57
4,114610.201,57
4,114613.109,57
4,114616.876,57
4,114619.992,57
4,114622.889,57
4,114625.662,57
4,114628.063,57
4,114630.639,57
4,114633.443,57
4,114637.239,57
4,114639.963,57
4,114643.178,57
4,114645.895,57
4,114650.415,57
4,114652.871,57
4,114655.462,57
4,114658.272,57
4,114660.943,57
4,114663.532,58
4,114667.702,58
4,114670.409,58
4,114673.072,58
4,114675.675,58
4,114679.651,58
4,114682.859,58
4,114685.889,58
4,114688.295,58
4,114691.387,58
4,114694.037,58
4,114697.045,58
4,114701.297,58
4,114704.489,58
4,114707.468,58
4,114710.455,58
4,114712.903,58
4,114717.487,58
4,114720.377,58
4,114723.247,58
4,114725.734,58
4,114728.735,58
4,114732.923,58
4,114735.428,58
4,114738.072,58
4,114741.213,58
4,114743.826,58
4,114746.161,58
4,114749.364,58
4,114752.744,58
4,114755.601,58
4,114758.101,58
4,114760.775,58
4,114763.372,58
4,114766.809,58
4,114769.665,58
4,114772.459,58
4,114775.239,58
4,114777.861,58
4,114780.322,58
4,114784.657,58
4,114787.253,58
4,114789.833,58
4,114792.425,58
4,114795.016,58
4,114797.470,58
4,114801.053,58
4,114803.660,58
4,114806.249,58
4,114808.941,58
4,114811.499,58
4,114814.859,58
4,114818.254,58
4,114820.839,58
4,114823.476,58
4,114826.343,58
4,114828.877,59
4,114832.633,59
4,114835.336,59
4,114838.104,59
4,114840.833,59
4,114843.653,59
4,114846.304,59
4,114850.354,59
4,114853.035,59
4,114855.740,59
4,114858.404,59
4,114861.531,59
4,114864.455,59
4,114867.598,59
4,114870.314,59
4,114874.467,59
4,114877.206,59
4,114879.800,59
4,114884.512,59
4,114887.178,59
4,114889.823,59
4,114892.445,59
4,114895.353,59
4,114898.295,59
4,114901.567,59
4,114904.724,59
4,114907.481,59
4,114910.143,59
4,114912.615,59
4,114915.409,59
4,114919.098,59
4,114921.781,59
4,114924.629,59
4,114927.396,59
4,114929.900,59
4,114933.821,59
4,114936.338,59
4,114939.421,59
4,114941.975,59
4,114944.754,59
4,114947.357,59
4,114951.148,59
4,114954.270,59
4,114957.001,59
4,114959.420,59
4,114962.082,59
4,114964.597,59
4,114968.697,59
4,114971.220,59
4,114974.231,59
4,114976.964,59
4,114979.449,59
4,114983.762,59
4,114986.170,59
4,114989.082,59
4,114991.503,59
4,114994.532,59
4,114997.011,60
4,115000.747,60
4,115003.430,60
4,115006.002,60
4,115008.682,60
4,115011.892,60
4,115016.979,60
4,115019.961,60
4,115022.903,60
4,115025.727,60
4,115029.092,60
4,115033.005,60
4,115035.509,60
4,115038.466,60
4,115041.213,60
4,115043.822,60
4,115046.708,60
4,115050.870,60
4,115053.838,60
4,115056.361,60
4,115058.992,60
4,115061.703,60
4,115064.830,60
4,115067.784,60
4,115070.887,60
4,115073.915,60
4,115076.783,60
4,115079.532,60
4,115083.164,60
4,115085.850,60
4,115088.641,60
4,115091.682,60
4,115094.185,60
4,115096.808,60
4,115101.042,60
4,115103.823,60
4,115106.457,60
4,115109.503,60
4,115112.010,60
4,115116.398,60
4,115119.056,60
4,115121.819,60
4,115124.708,60
4,115127.777,60
4,115130.179,60
4,115134.653,60
4,115137.794,60
4,115140.391,60
4,115143.235,60
4,115145.800,60
4,115148.495,60
4,115151.876,60
4,115154.724,60
4,115157.225,60
4,115159.853,60
4,115162.986,61
4,115166.948,61
4,115169.837,61
4,115172.435,61
4,115175.865,61
4,115178.488,61
4,115181.215,61
4,115185.152,61
4,115187.833,61
4,115190.339,61
4,115192.879,61
4,115195.420,61
4,115199.834,61
4,115202.829,61
4,115205.576,61
4,115208.303,61
4,115210.991,61
4,115214.141,61
4,115218.270,61
4,115223.009,61
4,115225.640,61
4,115228.404,61
4,115230.961,61
4,115235.458,61
4,115238.281,61
4,115240.943,61
4,115243.646,61
4,115246.163,61
4,115250.221,61
4,115252.809,61
4,115255.518,61
4,115258.086,61
4,115260.608,61
4,115263.196,61
4,115267.180,61
4,115270.199,61
4,115272.830,61
4,115275.254,61
4,115277.883,61
4,115280.582,61
4,115284.957,61
4,115287.501,61
4,115290.192,61
4,115293.181,61
4,115295.771,61
4,115298.274,61
4,115301.157,61
4,115304.646,61
4,115307.836,61
4,115311.046,61
4,115313.791,61
4,115317.744,61
4,115320.829,61
4,115323.557,61
4,115326.545,61
4,115328.975,62
4,115333.293,62
4,115336.913,62
4,115339.629,62
4,115342.497,62
4,115345.301,62
4,115348.095,62
4,115351.780,62
4,115354.538,62
4,115357.192,62
4,115359.805,62
4,115362.439,62
4,115366.739,62
4,115369.202,62
4,115371.780,62
4,115374.943,62
4,115377.439,62
4,115379.786,62
4,115382.530,62
4,115386.054,62
4,115388.774,62
4,115391.830,62
4,115394.314,62
4,115397.062,62
4,115401.174,62
4,115404.014,62
4,115406.685,62
4,115409.875,62
4,115412.431,62
4,115416.345,62
4,115419.497,62
4,115422.582,62
4,115425.164,62
4,115427.796,62
4,115430.480,62
4,115433.396,62
4,115436.935,62
4,115440.272,62
4,115443.110,62
4,115445.617,62
4,115449.840,62
4,115452.503,62
4,115455.007,62
4,115457.418,62
4,115460.082,62
4,115463.226,62
4,115467.123,62
4,115470.243,62
4,115472.949,62
4,115475.618,62
4,115479.105,62
4,115481.967,62
4,115485.253,62
4,115487.823,62
4,115490.314,62
4,115493.169,62
4,115495.856,63
4,115498.525,63
4,115502.561,63
4,115506.195,63
4,115508.996,63
4,115511.724,63
4,115515.934,63
4,115518.623,63
4,115521.704,63
4,115524.781,63
4,115527.386,63
4,115530.009,63
4,115533.957,63
4,115536.810,63
4,115539.526,63
4,115542.635,63
4,115545.923,63
4,115549.603,63
4,115552.434,63
4,115554.985,63
4,115557.663,63
4,115560.275,63
4,115562.778,63
4,115565.560,63
4,115569.113,63
4,115572.124,63
4,115574.862,63
4,115577.443,63
4,115579.889,63
4,115582.519,63
4,115586.029,63
4,115588.676,63
4,115591.136,63
4,115593.812,63
4,115596.201,63
4,115600.528,63
4,115603.151,63
4,115605.687,63
4,115608.356,63
4,115611.372,63
4,115615.520,63
4,115619.271,63
4,115622.050,63
4,115624.646,63
4,115627.250,63
4,115630.226,63
4,115634.948,63
4,115637.708,63
4,115641.097,63
4,115643.847,63
4,115646.652,63
4,115650.540,63
4,115653.696,63
4,115656.554,63
4,115659.228,63
4,115662.372,64
4,115666.309,64
4,115668.975,64
4,115672.054,64
4,115675.154,64
4,115677.675,64
4,115680.634,64
4,115684.398,64
4,115687.102,64
4,115690.063,64
4,115692.725,64
4,115695.968,64
4,115699.756,64
4,115702.859,64
4,115705.733,64
4,115708.587,64
4,115711.092,64
4,115713.670,64
4,115716.471,64
4,115720.261,64
4,115723.428,64
4,115727.142,64
4,115729.922,64
4,115734.624,64
4,115737.266,64
4,115740.183,64
4,115742.777,64
4,115745.504,64
4,115748.571,64
4,115751.843,64
4,115754.735,64
4,115757.647,64
4,115760.374,64
4,115762.807,64
4,115767.026,64
4,115769.949,64
4,115772.581,64
4,115775.269,64
4,115777.922,64
4,115781.435,64
4,115784.873,64
4,115787.638,64
4,115790.363,64
4,115792.828,64
4,115795.160,64
4,115797.841,64
4,115800.543,64
4,115804.428,64
4,115807.163,64
4,115809.793,64
4,115812.333,64
4,115815.030,64
4,115818.735,64
4,115821.369,64
4,115824.526,64
4,115827.443,64
4,115830.045,65
4,115834.068,65
4,115836.751,65
4,115839.310,65
4,115841.868,65
4,115844.464,65
4,115846.845,65
4,115851.838,65
4,115854.516,65
4,115857.072,65
4,115859.619,65
4,115862.146,65
4,115866.611,65
4,115869.323,65
4,115871.912,65
4,115874.635,65
4,115877.229,65
4,115879.670,65
4,115884.017,65
4,115886.769,65
4,115889.501,65
4,115892.236,65
4,115894.932,65
4,115897.436,65
4,115900.897,65
4,115903.624,65
4,115906.419,65
4,115909.091,65
4,115911.919,65
4,115914.649,65
4,115917.867,65
4,115920.836,65
4,115923.468,65
4,115926.397,65
4,115929.402,65
4,115933.259,65
4,115935.871,65
4,115938.520,65
4,115941.127,65
4,115943.810,65
4,115947.326,65
4,115951.361,65
4,115954.470,65
4,115957.208,65
4,115959.742,65
4,115962.856,65
4,115965.749,65
4,115969.715,65
4,115972.356,65
4,115975.238,65
4,115978.211,65
4,115980.730,65
4,115984.461,65
4,115987.350,65
4,115990.041,65
4,115993.022,65
4,115995.672,66
4,115999.983,66
4,116002.907,66
4,116005.581,66
4,116008.241,66
4,116010.779,66
4,116013.201,66
4,116017.595,66
4,116020.494,66
4,116023.949,66
4,116026.572,66
4,116029.510,66
4,116033.618,66
4,116036.779,66
4,116039.275,66
4,116041.879,66
4,116044.490,66
4,116046.975,66
4,116051.310,66
4,116054.011,66
4,116056.730,66
4,116059.330,66
4,116062.308,66
4,116066.259,66
4,116068.918,66
4,116071.350,66
4,116073.929,66
4,116076.502,66
4,116079.059,66
4,116084.454,66
4,116087.182,66
4,116089.997,66
4,116092.679,66
4,116095.287,66
4,116098.109,66
4,116101.535,66
4,116104.212,66
4,116106.645,66
4,116109.349,66
4,116111.854,66
4,116115.907,66
4,116118.805,66
4,116121.425,66
4,116124.559,66
4,116127.548,66
4,116130.014,66
4,116132.630,66
4,116136.723,66
4,116139.586,66
4,116142.229,66
4,116144.795,66
4,116147.446,66
4,116151.660,66
4,116154.305,66
4,116156.878,66
4,116159.362,66
4,116162.978,67
4,116166.327,67
4,116168.976,67
4,116171.458,67
4,116174.339,67
4,116177.225,67
4,116179.756,67
4,116184.240,67
4,116186.901,67
4,116189.513,67
4,116192.728,67
4,116195.493,67
4,116199.839,67
4,116202.863,67
4,116205.312,67
4,116208.234,67
4,116211.367,67
4,116214.530,67
4,116218.480,67
4,116221.215,67
4,116224.052,67
4,116226.872,67
4,116229.760,67
4,116233.319,67
4,116237.047,67
4,116239.980,67
4,116243.047,67
4,116245.640,67
4,116249.643,67
4,116252.679,67
4,116255.313,67
4,116258.146,67
4,116260.910,67
4,116263.555,67
4,116267.948,67
4,116271.497,67
4,116275.086,67
4,116277.895,67
4,116280.350,67
4,116283.158,67
4,116287.161,67
4,116289.808,67
4,116292.750,67
4,116296.013,67
4,116298.696,67
4,116301.993,67
4,116304.866,67
4,116307.431,67
4,116310.266,67
4,116312.799,67
4,116315.669,67
4,116319.321,67
4,116321.916,67
4,116324.554,67
4,116327.117,67
4,116329.656,68
4,116332.534,68
4,116336.020,68
4,116339.061,68
4,116341.533,68
4,116344.175,68
4,116346.580,68
4,116350.349,68
4,116353.289,68
4,116356.320,68
4,116358.938,68
4,116361.687,68
4,116364.861,68
4,116368.074,68
4,116370.769,68
4,116373.327,68
4,116375.943,68
4,116378.610,68
4,116381.346,68
4,116384.784,68
4,116387.585,68
4,116390.019,68
4,116392.693,68
4,116395.167,68
4,116397.961,68
4,116401.723,68
4,116404.342,68
4,116407.048,68
4,116409.666,68
4,116412.164,68
4,116416.620,68
4,116419.321,68
4,116422.426,68
4,116425.014,68
4,116427.595,68
4,116430.078,68
4,116433.593,68
4,116436.523,68
4,116439.162,68
4,116441.794,68
4,116444.330,68
4,116447.261,68
4,116451.488,68
4,116454.313,68
4,116456.982,68
4,116459.972,68
4,116462.719,68
4,116465.280,68
4,116469.596,68
4,116472.538,68
4,116475.202,68
4,116477.775,68
4,116480.316,68
4,116484.751,68
4,116487.516,68
4,116490.180,68
4,116493.198,68
4,116495.750,69
4,116499.901,69
4,116502.559,69
4,116505.089,69
4,116508.425,69
4,116511.127,69
4,116513.596,69
4,116517.994,69
4,116521.149,69
4,116524.233,69
4,116526.841,69
4,116529.293,69
4,116532.045,69
4,116535.647,69
4,116538.458,69
4,116541.027,69
4,116543.785,69
4,116546.928,69
4,116551.226,69
4,116554.627,69
4,116557.097,69
4,116559.760,69
4,116562.792,69
4,116566.425,69
4,116569.071,69
4,116571.730,69
4,116575.133,69
4,116577.917,69
4,116580.576,69
4,116584.627,69
4,116587.252,69
4,116590.113,69
4,116592.728,69
4,116595.387,69
4,116599.595,69
4,116602.564,69
4,116605.168,69
4,116607.745,69
4,116610.377,69
4,116612.835,69
4,116615.467,69
4,116619.077,69
4,116621.623,69
4,116624.253,69
4,116626.886,69
4,116629.437,69
4,116632.063,69
4,116636.111,69
4,116638.988,69
4,116642.110,69
4,116644.789,69
4,116647.463,69
4,116650.873,69
4,116653.443,69
4,116656.040,69
4,116658.580,69
4,116661.149,69
4,116663.809,70
4,116668.462,70
4,116671.405,70
4,116674.662,70
4,116677.283,70
4,116679.808,70
4,116684.373,70
4,116687.884,70
4,116690.592,70
4,116693.138,70
4,116695.666,70
4,116698.280,70
4,116701.989,70
4,116704.693,70
4,116707.704,70
4,116710.169,70
4,116712.741,70
4,116717.311,70
4,116720.511,70
4,116723.094,70
4,116725.819,70
4,116728.738,70
4,116733.543,70
4,116736.876,70
4,116739.755,70
4,116742.976,70
4,116745.491,70
4,116748.942,70
4,116751.992,70
4,116754.646,70
4,116757.321,70
4,116760.458,70
4,116763.105,70
4,116766.882,70
4,116769.532,70
4,116772.334,70
4,116775.045,70
4,116777.675,70
4,116780.066,70
4,116783.506,70
4,116786.679,70
4,116789.735,70
4,116792.311,70
4,116795.033,70
4,116797.692,70
4,116801.304,70
4,116803.996,70
4,116806.404,70
4,116808.844,70
4,116811.367,70
4,116814.148,70
4,116817.684,70
4,116821.526,70
4,116826.336,70
4,116829.183,71
4,116833.928,71
4,116836.800,71
4,116840.539,71
4,116843.612,71
4,116846.693,71
4,116850.924,71
4,116854.485,71
4,116857.274,71
4,116860.028,71
4,116862.397,71
4,116865.001,71
4,116868.648,71
4,116871.391,71
4,116874.301,71
4,116877.250,71
4,116879.877,71
4,116884.826,71
4,116887.553,71
4,116890.484,71
4,116893.145,71
4,116896.246,71
4,116900.237,71
4,116903.406,71
4,116906.102,71
4,116908.712,71
4,116911.457,71
4,116914.644,71
4,116917.797,71
4,116920.540,71
4,116923.632,71
4,116926.653,71
4,116929.988,71
4,116933.551,71
4,116936.682,71
4,116939.728,71
4,116942.881,71
4,116945.454,71
4,116948.340,71
4,116951.887,71
4,116954.776,71
4,116957.351,71
4,116960.078,71
4,116963.094,71
4,116965.693,71
4,116969.691,71
4,116972.422,71
4,116975.026,71
4,116978.256,71
4,116980.896,71
4,116984.765,71
4,116988.352,71
4,116992.172,71
4,116994.975,71
4,116997.636,72
4,117001.244,72
4,117004.508,72
4,117007.612,72
4,117010.499,72
4,117013.331,72
4,117017.898,72
4,117020.757,72
4,117023.649,72
4,117026.349,72
4,117029.073,72
4,117033.730,72
4,117036.366,72
4,117039.455,72
4,117042.078,72
4,117044.799,72
4,117047.632,72
4,117053.096,72
4,117057.890,72
4,117060.870,72
4,117064.093,72
4,117066.918,72
4,117070.693,72
4,117073.515,72
4,117077.858,72
4,117080.769,72
4,117085.200,72
4,117089.687,72
4,117092.540,72
4,117096.717,72
4,117099.731,72
4,117103.834,72
4,117107.005,72
4,117109.750,72
4,117112.387,72
4,117115.319,72
4,117119.280,72
4,117122.213,72
4,117124.947,72
4,117127.595,72
4,117130.227,72
4,117133.169,72
4,117136.911,72
4,117139.686,72
4,117142.654,72
4,117145.361,72
4,117148.113,72
4,117152.659,72
4,117155.465,72
4,117158.121,72
4,117160.903,72
4,117164.076,73
4,117167.002,73
4,117170.603,73
4,117173.421,73
4,117176.151,73
4,117178.827,73
4,117183.200,73
4,117185.863,73
4,117188.554,73
4,117191.216,73
4,117194.126,73
4,117196.801,73
4,117200.193,73
4,117203.371,73
4,117206.180,73
4,117208.895,73
4,117212.191,73
4,117217.186,73
4,117219.931,73
4,117222.640,73
4,117225.224,73
4,117227.971,73
4,117230.425,73
4,117233.243,73
4,117236.687,73
4,117239.885,73
4,117242.577,73
4,117245.337,73
4,117248.040,73
4,117252.224,73
4,117254.901,73
4,117257.602,73
4,117260.282,73
4,117262.673,73
4,117265.462,73
4,117269.155,73
4,117271.991,73
4,117274.834,73
4,117277.811,73
4,117280.630,73
4,117284.047,73
4,117287.351,73
4,117290.616,73
4,117293.857,73
4,117296.572,73
4,117299.239,73
4,117302.080,73
4,117305.787,73
4,117308.549,73
4,117311.715,73
4,117314.258,73
4,117317.114,73
4,117320.925,73
4,117323.639,73
4,117326.245,73
4,117328.895,73
4,117331.904,74
4,117335.861,74
4,117340.161,74
4,117342.935,74
4,117345.639,74
4,117348.212,74
4,117352.302,74
4,117355.323,74
4,117358.016,74
4,117361.526,74
4,117364.119,74
4,117366.958,74
4,117370.654,74
4,117373.343,74
4,117376.073,74
4,117379.486,74
4,117382.363,74
4,117385.820,74
4,117389.376,74
4,117394.079,74
4,117397.285,74
4,117400.870,74
4,117404.965,74
4,117407.604,74
4,117410.453,74
4,117413.577,74
4,117417.554,74
4,117420.580,74
4,117423.195,74
4,117426.573,74
4,117429.254,74
4,117433.983,74
4,117436.979,74
4,117439.923,74
4,117442.700,74
4,117445.351,74
4,117448.748,74
4,117451.870,74
4,117454.677,74
4,117457.370,74
4,117460.007,74
4,117463.433,74
4,117466.582,74
4,117470.241,74
4,117473.157,74
4,117475.675,74
4,117478.426,74
4,117481.024,74
4,117483.923,74
4,117487.621,74
4,117490.444,74
4,117493.257,74
4,117495.874,74
4,117500.375,75
4,117503.726,75
4,117506.832,75
4,117509.516,75
4,117512.288,75
4,117516.582,75
4,117519.334,75
4,117521.964,75
4,117525.210,75
4,117527.792,75
4,117530.455,75
4,117534.963,75
4,117537.732,75
4,117540.452,75
4,117543.175,75
4,117546.252,75
4,117549.078,75
4,117553.059,75
4,117555.844,75
4,117558.641,75
4,117562.048,75
4,117565.360,75
4,117568.779,75
4,117571.566,75
4,117574.659,75
4,117577.437,75
4,117580.092,75
4,117582.749,75
4,117586.388,75
4,117588.894,75
4,117591.860,75
4,117595.359,75
4,117598.154,75
4,117602.405,75
4,117605.181,75
4,117607.842,75
4,117610.495,75
4,117612.869,75
4,117615.555,75
4,117619.003,75
4,117621.537,75
4,117624.201,75
4,117626.722,75
4,117629.452,75
4,117632.322,75
4,117635.753,75
4,117638.422,75
4,117641.043,75
4,117643.743,75
4,117646.627,75
4,117650.489,75
4,117653.063,75
4,117655.448,75
4,117658.041,75
4,117660.769,75
4,117663.327,76
4,117667.591,76
4,117670.397,76
4,117672.974,76
4,117675.622,76
4,117678.442,76
4,117681.231,76
4,117684.641,76
4,117687.478,76
4,117689.943,76
4,117693.097,76
4,117695.724,76
4,117700.022,76
4,117702.695,76
4,117705.397,76
4,117708.090,76
4,117710.664,76
4,117713.662,76
4,117716.378,76
4,117719.920,76
4,117722.337,76
4,117725.151,76
4,117727.782,76
4,117730.380,76
4,117733.116,76
4,117735.996,76
4,117738.790,76
4,117741.459,76
4,117743.991,76
4,117746.502,76
4,117749.067,76
4,117753.122,76
4,117755.989,76
4,117758.757,76
4,117761.401,76
4,117763.930,76
4,117767.050,76
4,117770.696,76
4,117773.653,76
4,117776.242,76
4,117778.985,76
4,117781.477,76
4,117784.311,76
4,117788.319,76
4,117791.439,76
4,117793.938,76
4,117796.433,76
4,117799.300,76
4,117802.021,76
4,117805.873,76
4,117808.610,76
4,117811.247,76
4,117814.323,76
4,117817.299,76
4,117819.995,76
4,117823.608,76
4,117826.531,76
4,117829.275,76
4,117831.968,77
4,117834.500,77
4,117838.277,77
4,117840.987,77
4,117844.178,77
4,117846.660,77
4,117849.668,77
4,117853.780,77
4,117856.484,77
4,117859.136,77
4,117861.694,77
4,117864.111,77
4,117866.806,77
4,117870.647,77
4,117874.239,77
4,117876.953,77
4,117879.600,77
4,117882.409,77
4,117886.286,77
4,117889.407,77
4,117891.905,77
4,117894.939,77
4,117898.368,77
4,117902.080,77
4,117904.606,77
4,117907.271,77
4,117909.773,77
4,117912.363,77
4,117914.875,77
4,117918.389,77
4,117921.126,77
4,117923.901,77
4,117926.426,77
4,117928.999,77
4,117931.579,77
4,117935.409,77
4,117937.894,77
4,117940.614,77
4,117943.277,77
4,117945.775,77
4,117948.593,77
4,117951.917,77
4,117954.616,77
4,117957.685,77
4,117960.524,77
4,117963.098,77
4,117965.649,77
4,117968.148,77
4,117972.110,77
4,117974.909,77
4,117977.300,77
4,117979.759,77
4,117982.271,77
4,117984.946,77
4,117988.920,77
4,117992.040,77
4,117994.481,77
4,117997.068,78
4,117999.899,78
4,118003.930,78
4,118006.632,78
4,118009.269,78
4,118011.801,78
4,118014.411,78
4,118017.825,78
4,118020.717,78
4,118024.098,78
4,118026.905,78
4,118029.466,78
4,118032.306,78
4,118035.947,78
4,118038.778,78
4,118041.831,78
4,118044.464,78
4,118047.635,78
4,118051.851,78
4,118054.617,78
4,118057.291,78
4,118059.914,78
4,118063.116,78
4,118066.596,78
4,118069.368,78
4,118072.307,78
4,118075.054,78
4,118077.651,78
4,118080.137,78
4,118082.805,78
4,118086.159,78
4,118088.955,78
4,118092.253,78
4,118095.204,78
4,118098.081,78
4,118101.544,78
4,118104.607,78
4,118107.242,78
4,118110.004,78
4,118112.731,78
4,118116.526,78
4,118119.447,78
4,118122.165,78
4,118124.573,78
4,118127.276,78
4,118129.755,78
4,118132.479,78
4,118135.913,78
4,118138.580,78
4,118141.256,78
4,118143.977,78
4,118146.379,78
4,118151.340,78
4,118154.160,78
4,118156.693,78
4,118159.224,78
4,118161.855,79
4,118164.561,79
4,118169.041,79
4,118171.810,79
4,118174.560,79
4,118177.116,79
4,118179.608,79
4,118182.699,79
4,118186.477,79
4,118189.318,79
4,118192.311,79
4,118195.129,79
4,118198.118,79
4,118202.000,79
4,118204.961,79
4,118207.979,79
4,118210.656,79
4,118213.195,79
4,118218.087,79
4,118220.799,79
4,118224.084,79
4,118226.834,79
4,118229.781,79
4,118233.943,79
4,118236.476,79
4,118239.058,79
4,118241.943,79
4,118244.556,79
4,118247.297,79
4,118251.512,79
4,118254.200,79
4,118257.040,79
4,118259.447,79
4,118263.375,79
4,118266.559,79
4,118269.064,79
4,118271.426,79
4,118274.170,79
4,118276.920,79
4,118279.559,79
4,118284.145,79
4,118286.876,79
4,118289.441,79
4,118292.095,79
4,118294.776,79
4,118297.252,79
4,118302.087,79
4,118305.096,79
4,118308.172,79
4,118310.878,79
4,118313.375,79
4,118316.410,79
4,118319.912,79
4,118322.526,79
4,118325.874,79
4,118328.518,80
4,118331.423,80
4,118334.920,80
4,118337.631,80
4,118340.131,80
4,118342.510,80
4,118345.185,80
4,118348.050,80
4,118351.499,80
4,118354.495,80
4,118357.210,80
4,118359.926,80
4,118362.511,80
4,118365.303,80
4,118368.675,80
4,118371.426,80
4,118374.085,80
4,118376.581,80
4,118379.172,80
4,118381.923,80
4,118385.431,80
4,118388.218,80
4,118390.823,80
4,118393.669,80
4,118396.259,80
4,118398.918,80
4,118403.277,80
4,118405.861,80
4,118408.982,80
4,118411.850,80
4,118414.677,80
4,118418.281,80
4,118420.829,80
4,118423.406,80
4,118425.991,80
4,118428.555,80
4,118431.901,80
4,118434.677,80
4,118437.829,80
4,118440.272,80
4,118442.781,80
4,118445.360,80
4,118449.730,80
4,118452.447,80
4,118455.072,80
4,118457.676,80
4,118460.867,80
4,118463.391,80
4,118467.708,80
4,118470.523,80
4,118473.170,80
4,118475.588,80
4,118478.407,80
4,118481.165,80
4,118484.738,80
4,118487.805,80
4,118491.081,80
4,118494.044,80
4,118496.717,82
4,118499.637,82
4,118503.054,82
4,118506.311,82
4,118508.939,82
4,118511.605,82
4,118514.247,82
4,118517.790,82
4,118521.047,82
4,118523.587,82
4,118526.140,82
4,118528.661,82
4,118532.077,82
4,118535.178,82
4,118537.885,82
4,118540.583,82
4,118543.255,82
4,118545.754,82
4,118550.331,82
4,118553.097,82
4,118555.935,82
4,118558.856,82
4,118561.432,82
4,118564.090,82
4,118567.434,82
4,118570.341,82
4,118573.217,82
4,118575.985,82
4,118578.767,82
4,118581.345,82
4,118584.039,82
4,118586.579,82
4,118589.265,82
4,118592.127,82
4,118596.218,82
4,118598.878,82
4,118601.453,82
4,118604.163,82
4,118606.804,82
4,118609.537,82
4,118612.158,82
4,118615.022,82
4,118617.670,82
4,118620.332,82
4,118623.310,82
4,118625.868,82
4,118628.368,82
4,118630.825,82
4,118633.867,82
4,118636.339,82
4,118638.896,82
4,118641.914,82
4,118646.054,82
4,118648.707,82
4,118651.817,82
4,118654.387,82
4,118657.183,82
4,118660.784,82
4,118663.837,83
4,118666.733,83
4,118669.192,83
4,118671.729,83
4,118674.394,83
4,118678.179,83
4,118680.630,83
4,118683.091,83
4,118685.668,83
4,118688.259,83
4,118690.876,83
4,118694.816,83
4,118697.160,83
4,118699.728,83
4,118702.208,83
4,118705.955,83
4,118710.683,83
4,118713.111,83
4,118715.690,83
4,118718.695,83
4,118721.689,83
4,118724.298,83
4,118727.934,83
4,118731.586,83
4,118734.182,83
4,118736.865,83
4,118739.676,83
4,118744.279,83
4,118746.831,83
4,118749.416,83
4,118752.101,83
4,118754.764,83
4,118758.757,83
4,118761.808,83
4,118764.351,83
4,118767.028,83
4,118769.955,83
4,118772.638,83
4,118776.578,83
4,118779.038,83
4,118781.707,83
4,118784.379,83
4,118787.409,83
4,118790.383,83
4,118793.205,83
4,118797.202,83
4,118801.055,83
4,118804.389,83
4,118807.265,83
4,118812.033,83
4,118814.501,84
4,118817.329,84
4,118820.030,84
4,118822.676,84
4,118827.532,84
4,118831.299,84
4,118834.158,84
4,118836.967,84
4,118839.650,84
4,118842.262,84
4,118845.042,84
4,118848.899,84
4,118851.733,84
4,118854.993,84
4,118857.665,84
4,118862.156,84
4,118864.672,84
4,118867.377,84
4,118869.913,84
4,118872.818,84
4,118876.764,84
4,118879.385,84
4,118881.945,84
4,118885.139,84
4,118887.794,84
4,118892.686,84
4,118895.208,84
4,118897.986,84
4,118900.700,84
4,118903.942,84
4,118906.987,84
4,118910.608,84
4,118913.189,84
4,118915.724,84
4,118918.479,84
4,118921.097,84
4,118925.459,84
4,118928.543,84
4,118931.723,84
4,118934.607,84
4,118937.579,84
4,118941.913,84
4,118944.666,84
4,118947.190,84
4,118949.990,84
4,118952.576,84
4,118955.374,84
4,118957.947,84
4,118961.473,84
4,118964.796,84
4,118967.614,84
4,118970.360,84
4,118973.467,84
4,118977.479,84
4,118980.466,85
4,118983.037,85
4,118986.077,85
4,118988.810,85
4,118992.662,85
4,118995.746,85
4,118998.723,85
4,119001.442,85
4,119004.104,85
4,119006.990,85
4,119010.682,85
4,119013.475,85
4,119016.953,85
4,119019.619,85
4,119023.093,85
4,119026.615,85
4,119029.483,85
4,119032.245,85
4,119034.940,85
4,119037.765,85
4,119040.774,85
4,119044.250,85
4,119046.823,85
4,119049.581,85
4,119052.224,85
4,119054.928,85
4,119058.179,85
4,119061.316,85
4,119064.042,85
4,119066.718,85
4,119069.401,85
4,119072.418,85
4,119076.988,85
4,119079.823,85
4,119082.418,85
4,119085.290,85
4,119088.232,85
4,119091.704,85
4,119094.877,85
4,119097.493,85
4,119100.351,85
4,119102.975,85
4,119106.865,85
4,119110.406,85
4,119113.658,85
4,119116.397,85
4,119119.005,85
4,119121.863,85
4,119125.254,85
4,119129.736,85
4,119132.441,85
4,119135.150,85
4,119137.784,85
4,119141.819,85
4,119144.592,85
4,119147.294,86
4,119149.998,86
4,119153.221,86
4,119155.800,86
4,119160.168,86
4,119162.849,86
4,119165.505,86
4,119168.162,86
4,119170.812,86
4,119173.577,86
4,119177.178,86
4,119179.672,86
4,119182.807,86
4,119185.216,86
4,119187.849,86
4,119192.535,86
4,119195.036,86
4,119198.007,86
4,119200.466,86
4,119202.948,86
4,119205.973,86
4,119209.591,86
4,119212.214,86
4,119214.689,86
4,119217.366,86
4,119220.016,86
4,119222.615,86
4,119226.013,86
4,119229.837,86
4,119232.411,86
4,119235.087,86
4,119237.662,86
4,119242.132,86
4,119244.962,86
4,119247.601,86
4,119250.369,86
4,119253.488,86
4,119256.329,86
4,119260.550,86
4,119263.246,86
4,119266.164,86
4,119268.882,86
4,119271.607,86
4,119275.979,86
4,119278.469,86
4,119281.180,86
4,119283.785,86
4,119286.440,86
4,119289.273,86
4,119292.009,86
4,119295.638,86
4,119298.154,86
4,119301.274,86
4,119304.213,86
4,119306.997,86
4,119310.816,86
4,119313.424,87
4,119316.560,87
4,119319.222,87
4,119321.776,87
4,119325.769,87
4,119328.452,87
4,119331.168,87
4,119333.721,87
4,119336.681,87
4,119339.640,87
4,119342.896,87
4,119345.665,87
4,119348.283,87
4,119351.350,87
4,119353.816,87
4,119356.545,87
4,119359.877,87
4,119362.422,87
4,119365.165,87
4,119368.182,87
4,119371.286,87
4,119375.438,87
4,119378.108,87
4,119380.633,87
4,119383.270,87
4,119385.800,87
4,119388.526,87
4,119392.451,87
4,119397.133,87
4,119399.958,87
4,119402.724,87
4,119405.381,87
4,119409.333,87
4,119412.944,87
4,119415.574,87
4,119418.239,87
4,119421.070,87
4,119425.661,87
4,119428.265,87
4,119430.916,87
4,119433.378,87
4,119435.975,87
4,119439.261,87
4,119442.533,87
4,119445.273,87
4,119447.708,87
4,119450.285,87
4,119452.942,87
4,119455.910,87
4,119458.529,87
4,119462.356,87
4,119465.438,87
4,119468.473,87
4,119470.989,87
4,119475.333,87
4,119478.128,87
4,119480.486,88
4,119483.139,88
4,119485.750,88
4,119488.395,88
4,119492.132,88
4,119494.957,88
4,119497.984,88
4,119501.021,88
4,119503.805,88
4,119507.473,88
4,119511.245,88
4,119513.736,88
4,119516.474,88
4,119519.140,88
4,119521.705,88
4,119525.385,88
4,119528.223,88
4,119530.728,88
4,119533.856,88
4,119536.507,88
4,119539.814,88
4,119543.433,88
4,119546.001,88
4,119548.578,88
4,119551.243,88
4,119553.852,88
4,119556.761,88
4,119560.940,88
4,119563.425,88
4,119566.301,88
4,119568.969,88
4,119571.872,88
4,119575.916,88
4,119578.698,88
4,119581.787,88
4,119584.248,88
4,119587.135,88
4,119589.770,88
4,119593.763,88
4,119596.351,88
4,119598.735,88
4,119601.800,88
4,119604.805,88
4,119608.980,88
4,119612.066,88
4,119614.843,88
4,119617.282,88
4,119619.865,88
4,119623.078,88
4,119625.813,88
4,119629.681,88
4,119632.295,88
4,119635.011,88
4,119637.735,88
4,119641.012,88
4,119643.953,88
4,119646.620,89
4,119649.243,89
4,119651.820,89
4,119654.511,89
4,119657.718,89
4,119660.783,89
4,119663.368,89
4,119666.257,89
4,119668.877,89
4,119671.492,89
4,119675.843,89
4,119678.960,89
4,119681.811,89
4,119684.515,89
4,119687.042,89
4,119689.972,89
4,119693.684,89
4,119696.431,89
4,119699.050,89
4,119702.065,89
4,119704.663,89
4,119709.794,89
4,119713.112,89
4,119716.046,89
4,119718.618,89
4,119721.321,89
4,119725.598,89
4,119728.397,89
4,119731.394,89
4,119733.971,89
4,119736.505,89
4,119739.256,89
4,119743.429,89
4,119746.156,89
4,119748.812,89
4,119751.511,89
4,119754.064,89
4,119756.696,89
4,119760.845,89
4,119763.830,89
4,119766.376,89
4,119769.297,89
4,119771.802,89
4,119776.174,89
4,119778.812,89
4,119781.445,89
4,119784.098,89
4,119786.653,89
4,119789.389,89
4,119791.941,89
4,119794.890,89
4,119798.828,89
4,119801.828,89
4,119804.447,89
4,119807.361,89
4,119811.250,89
4,119813.788,90
4,119816.262,90
4,119818.857,90
4,119821.329,90
4,119825.656,90
4,119828.193,90
4,119831.277,90
4,119833.920,90
4,119836.511,90
4,119839.615,90
4,119843.427,90
4,119845.985,90
4,119849.174,90
4,119851.841,90
4,119854.787,90
4,119858.718,90
4,119861.560,90
4,119864.020,90
4,119866.589,90
4,119869.133,90
4,119871.880,90
4,119875.993,90
4,119878.513,90
4,119881.276,90
4,119883.828,90
4,119886.833,90
4,119889.901,90
4,119893.197,90
4,119895.756,90
4,119898.555,90
4,119901.332,90
4,119904.080,90
4,119907.027,90
4,119910.732,90
4,119913.307,90
4,119916.223,90
4,119918.851,90
4,119921.372,90
4,119924.686,90
4,119927.861,90
4,119930.862,90
4,119933.344,90
4,119936.274,90
4,119939.399,90
4,119942.770,90
4,119945.266,90
4,119947.978,90
4,119950.648,90
4,119953.585,90
4,119956.198,90
4,119958.936,90
4,119963.311,90
4,119966.294,90
4,119968.707,90
4,119971.377,90
4,119974.289,90
4,119978.010,90
4,119980.573,91
4,119983.037,91
4,119985.599,91
4,119988.966,91
4,119992.978,91
4,119995.530,91
4,119998.167,91
4,120000.769,91
4,120003.401,91
4,120006.282,91
4,120010.385,91
4,120012.971,91
4,120016.385,91
4,120019.424,91
4,120022.188,91
4,120025.957,91
4,120028.947,91
4,120031.364,91
4,120034.036,91
4,120036.788,91
4,120039.632,91
4,120043.675,91
4,120046.239,91
4,120048.926,91
4,120051.785,91
4,120054.664,91
4,120057.337,91
4,120061.052,91
4,120063.633,91
4,120067.012,91
4,120069.955,91
4,120072.689,91
4,120077.778,91
4,120080.195,91
4,120083.019,91
4,120085.744,91
4,120088.233,91
4,120092.693,91
4,120095.103,91
4,120098.249,91
4,120100.858,91
4,120103.574,91
4,120106.490,91
4,120110.558,91
4,120113.143,91
4,120115.961,91
4,120119.204,91
4,120121.933,91
4,120124.592,91
4,120127.249,91
4,120130.953,91
4,120134.227,91
4,120136.861,91
4,120139.520,91
4,120143.983,91
4,120146.567,92
4,120149.598,92
4,120152.158,92
4,120154.737,92
4,120159.374,92
4,120161.935,92
4,120164.689,92
4,120167.072,92
4,120170.141,92
4,120173.111,92
4,120176.251,92
4,120178.801,92
4,120181.385,92
4,120183.918,92
4,120186.392,92
4,120189.232,92
4,120192.856,92
4,120195.360,92
4,120198.038,92
4,120200.655,92
4,120203.842,92
4,120206.852,92
4,120209.453,92
4,120212.450,92
4,120215.056,92
4,120217.746,92
4,120220.399,92
4,120223.067,92
4,120228.234,92
4,120230.811,92
4,120233.430,92
4,120236.178,92
4,120238.956,92
4,120242.883,92
4,120245.372,92
4,120248.266,92
4,120251.261,92
4,120253.840,92
4,120256.758,92
4,120260.030,92
4,120262.867,92
4,120265.615,92
4,120268.325,92
4,120270.970,92
4,120273.561,92
4,120277.599,92
4,120279.906,92
4,120282.788,92
4,120285.332,92
4,120287.886,92
4,120290.626,92
4,120293.129,92
4,120297.110,92
4,120299.685,92
4,120302.265,92
4,120305.295,92
4,120308.484,92
4,120312.436,92
4,120315.039,93
4,120318.965,93
4,120321.851,93
4,120325.713,93
4,120328.603,93
4,120331.211,93
4,120333.907,93
4,120336.648,93
4,120339.943,93
4,120342.918,93
4,120345.419,93
4,120347.979,93
4,120351.427,93
4,120354.111,93
4,120356.931,93
4,120360.455,93
4,120362.961,93
4,120365.727,93
4,120368.438,93
4,120371.021,93
4,120373.820,93
4,120378.345,93
4,120381.327,93
4,120384.021,93
4,120386.859,93
4,120390.016,93
4,120393.739,93
4,120396.334,93
4,120398.920,93
4,120401.778,93
4,120405.028,93
4,120409.491,93
4,120412.216,93
4,120414.802,93
4,120417.823,93
4,120420.301,93
4,120423.005,93
4,120427.359,93
4,120430.087,93
4,120432.974,93
4,120435.634,93
4,120438.622,93
4,120442.071,93
4,120444.736,93
4,120447.233,93
4,120449.594,93
4,120452.137,93
4,120455.094,93
4,120457.604,93
4,120460.215,93
4,120464.419,93
4,120466.952,93
4,120469.646,93
4,120472.247,93
4,120476.047,93
4,120478.622,94
4,120481.796,94
4,120484.608,94
4,120487.411,94
4,120490.021,94
4,120493.642,94
4,120496.159,94
4,120498.711,94
4,120501.685,94
4,120504.339,94
4,120508.426,94
4,120511.362,94
4,120513.929,94
4,120516.567,94
4,120519.240,94
4,120521.931,94
4,120525.566,94
4,120528.370,94
4,120531.413,94
4,120536.258,94
4,120539.580,94
4,120544.387,94
4,120547.332,94
4,120550.015,94
4,120553.015,94
4,120555.841,94
4,120559.721,94
4,120562.785,94
4,120565.436,94
4,120568.281,94
4,120571.003,94
4,120573.741,94
4,120576.683,94
4,120580.681,94
4,120583.367,94
4,120585.902,94
4,120589.047,94
4,120592.306,94
4,120596.048,94
4,120598.944,94
4,120601.436,94
4,120604.533,94
4,120608.501,94
4,120611.777,94
4,120614.899,94
4,120617.557,94
4,120620.952,94
4,120623.812,94
4,120627.730,94
4,120630.681,94
4,120633.015,94
4,120635.583,94
4,120638.265,94
4,120642.189,94
4,120645.451,95
4,120648.128,95
4,120651.268,95
4,120653.935,95
4,120656.453,95
4,120660.093,95
4,120662.610,95
4,120665.232,95
4,120668.013,95
4,120670.788,95
4,120673.586,95
4,120676.771,95
4,120681.155,95
4,120683.818,95
4,120686.317,95
4,120689.224,95
4,120693.723,95
4,120696.322,95
4,120699.241,95
4,120702.190,95
4,120704.826,95
4,120707.568,95
4,120711.092,95
4,120713.793,95
4,120716.554,95
4,120719.153,95
4,120722.336,95
4,120725.736,95
4,120728.866,95
4,120731.638,95
4,120734.608,95
4,120737.321,95
4,120740.049,95
4,120744.018,95
4,120746.606,95
4,120748.972,95
4,120751.672,95
4,120754.324,95
4,120758.525,95
4,120761.544,95
4,120764.095,95
4,120766.536,95
4,120769.373,95
4,120772.427,95
4,120776.150,95
4,120778.697,95
4,120781.621,95
4,120784.259,95
4,120786.822,95
4,120789.717,95
4,120792.368,95
4,120796.197,95
4,120798.946,95
4,120801.998,95
4,120804.725,95
4,120807.872,95
4,120811.379,95
4,120814.458,96
4,120816.938,96
4,120819.321,96
4,120822.516,96
4,120825.404,96
4,120828.083,96
4,120830.730,96
4,120833.099,96
4,120835.467,96
4,120837.923,96
4,120841.992,96
4,120844.712,96
4,120847.755,96
4,120850.151,96
4,120852.727,96
4,120855.247,96
4,120858.997,96
4,120862.075,96
4,120864.843,96
4,120867.462,96
4,120870.158,96
4,120873.736,96
4,120876.682,96
4,120879.627,96
4,120882.223,96
4,120884.820,96
4,120887.417,96
4,120890.769,96
4,120894.624,96
4,120896.948,96
4,120899.409,96
4,120901.953,96
4,120904.486,96
4,120907.837,96
4,120910.647,96
4,120913.195,96
4,120915.703,96
4,120918.636,96
4,120922.095,96
4,120926.002,96
4,120929.124,96
4,120931.675,96
4,120934.282,96
4,120936.884,96
4,120939.488,96
4,120943.156,96
4,120945.718,96
4,120948.277,96
4,120950.935,96
4,120953.679,96
4,120956.375,96
4,120959.002,96
4,120962.997,96
4,120965.607,96
4,120968.700,96
4,120971.998,96
4,120975.936,96
4,120978.676,97
4,120981.330,97
4,120983.861,97
4,120986.467,97
4,120989.659,97
4,120993.721,97
4,120996.263,97
4,120998.740,97
4,121001.386,97
4,121003.994,97
4,121008.384,97
4,121011.197,97
4,121013.769,97
4,121016.359,97
4,121019.019,97
4,121021.815,97
4,121024.842,97
4,121028.604,97
4,121031.560,97
4,121034.419,97
4,121037.166,97
4,121039.822,97
4,121044.174,97
4,121046.764,97
4,121049.476,97
4,121052.042,97
4,121054.476,97
4,121058.758,97
4,121061.902,97
4,121064.459,97
4,121066.966,97
4,121069.546,97
4,121072.649,97
4,121076.479,97
4,121079.048,97
4,121082.174,97
4,121084.778,97
4,121087.374,97
4,121090.217,97
4,121093.894,97
4,121096.375,97
4,121099.424,97
4,121102.000,97
4,121104.701,97
4,121108.352,97
4,121111.051,97
4,121113.581,97
4,121116.246,97
4,121118.848,97
4,121121.459,97
4,121124.088,97
4,121128.770,97
4,121131.418,97
4,121134.156,97
4,121137.138,97
4,121139.782,97
4,121143.475,97
4,121146.045,98
4,121148.608,98
4,121151.663,98
4,121154.288,98
4,121158.791,98
4,121161.507,98
4,121164.097,98
4,121166.674,98
4,121169.249,98
4,121172.218,98
4,121176.053,98
4,121178.641,98
4,121181.171,98
4,121183.825,98
4,121186.365,98
4,121189.117,98
4,121193.297,98
4,121195.816,98
4,121198.874,98
4,121201.574,98
4,121204.252,98
4,121206.861,98
4,121210.755,98
4,121213.234,98
4,121215.652,98
4,121218.346,98
4,121221.037,98
4,121225.826,98
4,121228.518,98
4,121231.525,98
4,121234.146,98
4,121237.053,98
4,121240.041,98
4,121243.658,98
4,121246.235,98
4,121248.864,98
4,121251.627,98
4,121254.948,98
4,121258.699,98
4,121261.551,98
4,121264.150,98
4,121266.875,98
4,121269.897,98
4,121272.308,98
4,121276.655,98
4,121279.452,98
4,121282.036,98
4,121285.120,98
4,121287.932,98
4,121290.628,98
4,121293.396,98
4,121297.962,98
4,121300.716,98
4,121303.458,98
4,121306.223,98
4,121310.419,98
4,121312.955,99
4,121315.548,99
4,121318.019,99
4,121321.161,99
4,121324.976,99
4,121327.787,99
4,121330.259,99
4,121333.520,99
4,121336.130,99
4,121339.401,99
4,121342.617,99
4,121345.192,99
4,121347.838,99
4,121350.558,99
4,121352.970,99
4,121356.041,99
4,121359.477,99
4,121362.107,99
4,121364.636,99
4,121367.524,99
4,121370.226,99
4,121372.816,99
4,121376.454,99
4,121379.161,99
4,121381.815,99
4,121384.344,99
4,121387.062,99
4,121389.836,99
4,121393.309,99
4,121395.966,99
4,121398.549,99
4,121401.221,99
4,121404.449,99
4,121407.678,99
4,121410.816,99
4,121413.238,99
4,121415.769,99
4,121418.620,99
4,121421.577,99
4,121424.358,99
4,121427.508,99
4,121430.107,99
4,121432.771,99
4,121435.522,99
4,121438.525,99
4,121441.392,99
4,121444.187,99
4,121446.864,99
4,121449.529,99
4,121452.340,99
4,121455.296,99
4,121458.547,99
4,121461.364,99
4,121463.909,99
4,121466.311,99
4,121469.442,99
4,121472.569,99
4,121475.414,99
4,121478.911,99
4,121482.593,99
4,121485.170,99
4,121488.104,99
4,121490.834,99
4,121493.660,99
4,121497.432,99
4,121499.888,100
4,121503.689,100
4,121506.537,100
4,121510.881,100
4,121513.769,100
4,121516.239,100
4,121518.842,100
4,121521.531,100
4,121524.285,100
4,121528.183,100
4,121530.814,100
4,121533.608,100
4,121536.201,100
4,121539.283,100
4,121543.870,100
4,121546.533,100
4,121549.496,100
4,121552.154,100
4,121554.899,100
4,121557.535,100
4,121561.604,100
4,121564.130,100
4,121566.601,100
4,121569.027,100
4,121571.443,100
4,121574.131,100
4,121577.896,100
4,121580.397,100
4,121583.126,100
4,121585.556,100
4,121588.278,100
4,121590.892,100
4,121593.704,100
4,121597.235,100
4,121599.806,100
4,121602.473,100
4,121605.344,100
4,121609.129,100
4,121612.050,100
4,121614.838,100
4,121617.502,100
4,121620.082,100
4,121622.946,100
4,121626.071,100
4,121629.687,100
4,121632.542,100
4,121635.391,100
4,121637.927,100
4,121640.595,100
4,121644.672,100
4,121647.161,101
4,121649.703,101
4,121652.213,101
4,121655.050,101
4,121659.003,101
4,121661.784,101
4,121664.534,101
4,121667.209,101
4,121669.855,101
4,121672.970,101
4,121675.740,101
4,121679.349,101
4,121681.872,101
4,121684.594,101
4,121687.966,101
4,121690.936,101
4,121695.891,101
4,121698.507,101
4,121701.669,101
4,121704.332,101
4,121707.076,101
4,121711.471,101
4,121714.125,101
4,121717.255,101
4,121719.863,101
4,121722.438,101
4,121725.264,101
4,121728.821,101
4,121731.377,101
4,121734.029,101
4,121736.624,101
4,121739.094,101
4,121741.737,101
4,121745.795,101
4,121748.397,101
4,121751.089,101
4,121754.003,101
4,121756.868,101
4,121760.506,101
4,121763.867,101
4,121766.408,101
4,121768.996,101
4,121773.925,101
4,121779.281,101
4,121782.199,101
4,121785.506,101
4,121788.273,101
4,121791.440,101
4,121794.353,101
4,121796.973,101
4,121800.787,101
4,121803.706,101
4,121806.365,101
4,121809.274,101
4,121813.824,101
4,121816.301,102
4,121818.876,102
4,121821.588,102
4,121824.291,102
4,121828.248,102
4,121831.660,102
4,121834.295,102
4,121836.853,102
4,121839.663,102
4,121842.322,102
4,121845.872,102
4,121848.303,102
4,121851.679,102
4,121854.386,102
4,121857.155,102
4,121860.983,102
4,121863.555,102
4,121866.294,102
4,121868.922,102
4,121871.392,102
4,121874.145,102
4,121877.327,102
4,121880.937,102
4,121883.419,102
4,121886.755,102
4,121889.434,102
4,121892.228,102
4,121896.634,102
4,121899.200,102
4,121901.872,102
4,121904.595,102
4,121907.703,102
4,121910.553,102
4,121914.256,102
4,121917.261,102
4,121919.888,102
4,121922.651,102
4,121925.321,102
4,121929.293,102
4,121931.785,102
4,121936.046,102
4,121940.505,102
4,121943.957,102
4,121946.530,102
4,121949.295,102
4,121951.985,102
4,121955.482,102
4,121960.381,102
4,121965.248,102
4,121968.083,102
4,121970.803,102
4,121974.038,102
4,121977.007,102
4,121980.729,102
4,121983.205,103
4,121985.868,103
4,121988.604,103
4,121993.302,103
4,121996.026,103
4,121998.946,103
4,122001.515,103
4,122004.592,103
4,122008.874,103
4,122011.805,103
4,122014.364,103
4,122016.979,103
4,122019.502,103
4,122022.586,103
4,122026.233,103
4,122029.041,103
4,122031.846,103
4,122034.481,103
4,122037.026,103
4,122039.933,103
4,122044.510,103
4,122047.181,103
4,122049.811,103
4,122054.568,103
4,122057.633,103
4,122063.509,103
4,122066.439,103
4,122069.015,103
4,122073.522,103
4,122076.563,103
4,122079.174,103
4,122081.915,103
4,122084.733,103
4,122087.695,103
4,122090.965,103
4,122094.609,103
4,122097.185,103
4,122099.697,103
4,122104.605,103
4,122110.400,103
4,122114.424,103
4,122119.012,103
4,122121.841,103
4,122125.098,103
4,122128.708,103
4,122132.953,103
4,122136.541,103
4,122139.293,103
4,122142.067,103
4,122145.142,103
4,122149.041,104
4,122151.922,104
4,122154.844,104
4,122157.511,104
4,122160.676,104
4,122164.143,104
4,122166.784,104
4,122169.431,104
4,122172.529,104
4,122175.294,104
4,122179.432,104
4,122181.943,104
4,122184.633,104
4,122187.256,104
4,122189.938,104
4,122193.439,104
4,122196.019,104
4,122198.730,104
4,122201.393,104
4,122204.303,104
4,122207.252,104
4,122211.332,104
4,122214.488,104
4,122217.212,104
4,122219.829,104
4,122222.511,104
4,122227.416,104
4,122230.297,104
4,122233.128,104
4,122237.202,104
4,122240.205,104
4,122243.977,104
4,122246.541,104
4,122249.183,104
4,122252.302,104
4,122255.036,104
4,122259.179,104
4,122261.738,104
4,122264.407,104
4,122267.181,104
4,122269.740,104
4,122272.273,104
4,122275.083,104
4,122278.594,104
4,122281.113,104
4,122283.866,104
4,122286.331,104
4,122288.986,104
4,122291.649,104
4,122294.583,104
4,122298.344,104
4,122301.191,104
4,122303.867,104
4,122306.764,104
4,122311.381,104
4,122314.025,105
4,122316.580,105
4,122319.220,105
4,122322.152,105
4,122326.517,105
4,122329.170,105
4,122331.822,105
4,122334.460,105
4,122337.071,105
4,122340.349,105
4,122344.478,105
4,122347.065,105
4,122349.558,105
4,122352.290,105
4,122355.122,105
4,122359.440,105
4,122362.038,105
4,122366.910,105
4,122371.727,105
4,122376.762,105
4,122380.189,105
4,122383.509,105
4,122386.449,105
4,122389.568,105
4,122393.421,105
4,122396.754,105
4,122399.249,105
4,122401.715,105
4,122404.481,105
4,122409.511,105
4,122412.268,105
4,122414.983,105
4,122417.521,105
4,122420.271,105
4,122423.127,105
4,122427.161,105
4,122429.596,105
4,122432.239,105
4,122434.852,105
4,122438.211,105
4,122441.740,105
4,122444.951,105
4,122447.490,105
4,122450.166,105
4,122452.896,105
4,122455.388,105
4,122458.038,105
4,122460.655,105
4,122463.342,105
4,122466.778,105
4,122470.133,105
4,122473.108,105
4,122476.193,105
4,122480.300,105
4,122482.752,106
4,122485.444,106
4,122488.373,106
4,122492.003,106
4,122495.304,106
4,122497.884,106
4,122500.503,106
4,122504.645,106
4,122507.817,106
4,122511.996,106
4,122515.077,106
4,122517.704,106
4,122520.338,106
4,122523.570,106
4,122527.052,106
4,122529.494,106
4,122532.299,106
4,122535.111,106
4,122537.969,106
4,122540.856,106
4,122544.240,106
4,122546.836,106
4,122549.976,106
4,122553.994,106
4,122558.393,106
4,122561.251,106
4,122563.846,106
4,122566.457,106
4,122569.285,106
4,122572.668,106
4,122576.105,106
4,122579.580,106
4,122582.151,106
4,122584.679,106
4,122587.391,106
4,122590.331,106
4,122593.045,106
4,122596.564,106
4,122599.111,106
4,122602.379,106
4,122605.021,106
4,122607.718,106
4,122612.952,106
4,122617.198,106
4,122619.929,106
4,122623.064,106
4,122625.610,106
4,122628.316,106
4,122632.132,106
4,122635.190,106
4,122637.856,106
4,122640.674,106
4,122644.257,106
4,122646.805,107
4,122649.555,107
4,122652.140,107
4,122654.992,107
4,122658.516,107
4,122661.240,107
4,122664.030,107
4,122666.616,107
4,122669.196,107
4,122672.388,107
4,122675.547,107
4,122678.854,107
4,122681.377,107
4,122684.561,107
4,122687.306,107
4,122689.993,107
4,122693.665,107
4,122696.276,107
4,122699.469,107
4,122702.275,107
4,122704.983,107
4,122709.305,107
4,122711.706,107
4,122714.754,107
4,122717.157,107
4,122719.721,107
4,122722.330,107
4,122725.122,107
4,122728.114,107
4,122731.015,107
4,122734.332,107
4,122737.054,107
4,122740.240,107
4,122743.387,107
4,122746.883,107
4,122749.697,107
4,122752.455,107
4,122755.199,107
4,122757.947,107
4,122760.514,107
4,122763.214,107
4,122766.508,107
4,122769.563,107
4,122772.611,107
4,122775.252,107
4,122778.552,107
4,122781.114,107
4,122784.265,107
4,122787.858,107
4,122791.112,107
4,122793.698,107
4,122796.454,107
4,122799.404,107
4,122801.851,107
4,122804.465,107
4,122807.288,107
4,122809.965,107
4,122812.867,107
4,122815.433,107
4,122817.995,107
4,122820.665,107
4,122823.334,107
4,122826.811,107
4,122829.535,107
4,122832.375,107
4,122835.798,107
4,122839.896,107
4,122842.987,107
4,122846.278,109
4,122849.337,109
4,122851.906,109
4,122854.742,109
4,122857.472,109
4,122860.157,109
4,122863.020,109
4,122865.626,109
4,122868.274,109
4,122871.546,109
4,122874.777,109
4,122877.571,109
4,122880.059,109
4,122882.904,109
4,122885.640,109
4,122888.740,109
4,122891.293,109
4,122894.268,109
4,122897.120,109
4,122899.829,109
4,122902.855,109
4,122905.689,109
4,122908.472,109
4,122911.222,109
4,122916.318,109
4,122919.510,109
4,122922.131,109
4,122924.892,109
4,122927.565,109
4,122930.117,109
4,122933.089,109
4,122935.678,109
4,122938.202,109
4,122940.713,109
4,122943.848,109
4,122946.419,109
4,122949.014,109
4,122952.190,109
4,122955.254,109
4,122958.652,109
4,122962.124,109
4,122964.674,109
4,122967.318,109
4,122970.453,109
4,122973.018,109
4,122976.369,109
4,122979.522,109
4,122982.391,109
4,122985.623,109
4,122988.775,109
4,122991.237,109
4,122993.800,109
4,122996.316,110
4,122998.906,110
4,123001.961,110
4,123004.629,110
4,123007.368,110
4,123010.094,110
4,123012.634,110
4,123015.223,110
4,123017.906,110
4,123020.821,110
4,123023.767,110
4,123026.850,110
4,123029.561,110
4,123032.152,110
4,123034.540,110
4,123037.192,110
4,123039.989,110
4,123044.332,110
4,123047.017,110
4,123049.827,110
4,123052.907,110
4,123055.338,110
4,123058.012,110
4,123060.621,110
4,123063.301,110
4,123066.064,110
4,123068.805,110
4,123071.457,110
4,123074.004,110
4,123076.868,110
4,123079.421,110
4,123082.013,110
4,123084.739,110
4,123087.454,110
4,123090.291,110
4,123093.134,110
4,123095.817,110
4,123098.461,110
4,123101.231,110
4,123104.453,110
4,123107.714,110
4,123110.987,110
4,123114.331,110
4,123116.906,110
4,123119.674,110
4,123122.449,110
4,123125.060,110
4,123127.706,110
4,123130.244,110
4,123133.291,110
4,123136.647,110
4,123139.725,110
4,123142.541,110
4,123145.173,111
4,123147.885,111
4,123150.515,111
4,123153.192,111
4,123157.102,111
4,123159.747,111
4,123162.393,111
4,123164.912,111
4,123167.767,111
4,123172.196,111
4,123174.898,111
4,123177.505,111
4,123180.539,111
4,123183.330,111
4,123187.275,111
4,123190.215,111
4,123192.821,111
4,123195.556,111
4,123200.141,111
4,123202.994,111
4,123205.815,111
4,123208.310,111
4,123211.142,111
4,123215.170,111
4,123217.842,111
4,123220.553,111
4,123223.244,111
4,123227.180,111
4,123230.274,111
4,123233.008,111
4,123235.561,111
4,123238.337,111
4,123241.637,111
4,123244.638,111
4,123247.016,111
4,123249.739,111
4,123252.353,111
4,123255.248,111
4,123258.078,111
4,123261.533,111
4,123264.720,111
4,123267.362,111
4,123270.065,111
4,123272.696,111
4,123276.343,111
4,123278.911,111
4,123281.675,111
4,123284.366,111
4,123286.861,111
4,123289.576,111
4,123292.186,111
4,123294.924,111
4,123298.553,111
4,123301.098,111
4,123303.609,111
4,123306.217,111
4,123309.168,111
4,123313.147,111
4,123315.638,112
4,123318.142,112
4,123320.690,112
4,123324.292,112
4,123327.188,112
4,123329.797,112
4,123332.368,112
4,123335.013,112
4,123337.659,112
4,123340.514,112
4,123345.265,112
4,123349.236,112
4,123351.833,112
4,123356.781,112
4,123361.214,112
4,123364.527,112
4,123367.142,112
4,123370.358,112
4,123372.862,112
4,123375.542,112
4,123380.579,112
4,123383.381,112
4,123385.988,112
4,123388.512,112
4,123391.096,112
4,123395.238,112
4,123398.090,112
4,123400.615,112
4,123403.273,112
4,123406.042,112
4,123408.686,112
4,123412.549,112
4,123415.570,112
4,123418.743,112
4,123421.885,112
4,123424.602,112
4,123428.685,112
4,123431.600,112
4,123434.715,112
4,123437.342,112
4,123439.977,112
4,123442.724,112
4,123446.571,112
4,123449.219,112
4,123451.879,112
4,123454.837,112
4,123457.420,112
4,123459.915,112
4,123462.648,112
4,123466.370,112
4,123469.056,112
4,123471.651,112
4,123474.561,112
4,123477.300,112
4,123481.079,112
4,123484.244,113
4,123487.084,113
4,123489.810,113
4,123494.372,113
4,123497.007,113
4,123499.665,113
4,123502.301,113
4,123506.019,113
4,123509.752,113
4,123512.417,113
4,123514.993,113
4,123517.515,113
4,123522.094,113
4,123526.743,113
4,123531.344,113
4,123534.394,113
4,123537.485,113
4,123540.042,113
4,123542.810,113
4,123547.344,113
4,123549.974,113
4,123552.841,113
4,123555.519,113
4,123558.279,113
4,123564.249,113
4,123567.240,113
4,123569.980,113
4,123572.898,113
4,123575.964,113
4,123579.640,113
4,123582.264,113
4,123584.994,113
4,123587.527,113
4,123590.198,113
4,123593.063,113
4,123596.717,113
4,123599.508,113
4,123602.038,113
4,123604.636,113
4,123607.276,113
4,123611.065,113
4,123614.458,113
4,123617.084,113
4,123619.720,113
4,123622.929,113
4,123625.511,113
4,123628.400,113
4,123630.943,113
4,123635.124,113
4,123637.971,113
4,123641.146,113
4,123643.883,113
4,123646.536,114
4,123651.801,114
4,123655.459,114
4,123658.112,114
4,123660.661,114
4,123663.447,114
4,123668.188,114
4,123670.970,114
4,123674.188,114
4,123677.248,114
4,123680.754,114
4,123684.444,114
4,123687.653,114
4,123690.440,114
4,123693.028,114
4,123696.255,114
4,123699.013,114
4,123703.311,114
4,123706.522,114
4,123709.304,114
4,123712.232,114
4,123715.285,114
4,123719.419,114
4,123722.236,114
4,123725.567,114
4,123729.312,114
4,123732.456,114
4,123736.608,114
4,123739.448,114
4,123742.669,114
4,123746.871,114
4,123750.316,114
4,123753.081,114
4,123755.864,114
4,123758.862,114
4,123762.175,114
4,123765.787,114
4,123768.368,114
4,123771.154,114
4,123774.561,114
4,123778.207,114
4,123780.776,114
4,123783.473,114
4,123785.957,114
4,123788.568,114
4,123791.072,114
4,123793.928,114
4,123796.499,114
4,123799.135,114
4,123801.976,114
4,123806.147,114
4,123808.943,114
4,123811.620,115
4,123814.310,115
4,123817.019,115
4,123821.692,115
4,123824.442,115
4,123827.026,115
4,123829.587,115
4,123832.788,115
4,123836.588,115
4,123839.237,115
4,123842.010,115
4,123844.909,115
4,123847.840,115
4,123851.118,115
4,123853.847,115
4,123856.619,115
4,123859.272,115
4,123862.243,115
4,123866.209,115
4,123868.980,115
4,123872.045,115
4,123875.104,115
4,123877.930,115
4,123883.179,115
4,123886.009,115
4,123888.712,115
4,123891.479,115
4,123895.699,115
4,123898.208,115
4,123900.978,115
4,123903.565,115
4,123906.395,115
4,123910.139,115
4,123912.702,115
4,123915.292,115
4,123920.148,115
4,123922.965,115
4,123927.125,115
4,123929.490,115
4,123932.394,115
4,123935.088,115
4,123937.782,115
4,123940.487,115
4,123943.229,115
4,123947.047,115
4,123949.566,115
4,123952.981,115
4,123955.625,115
4,123958.343,115
4,123961.108,115
4,123964.990,115
4,123967.353,115
4,123969.805,115
4,123972.422,115
4,123975.327,115
4,123979.168,115
4,123981.567,116
4,123984.227,116
4,123986.734,116
4,123989.825,116
4,123993.696,116
4,123996.171,116
4,123999.278,116
4,124001.929,116
4,124004.389,116
4,124007.958,116
4,124010.918,116
4,124013.505,116
4,124016.133,116
4,124018.874,116
4,124021.310,116
4,124026.023,116
4,124028.682,116
4,124031.179,116
4,124033.777,116
4,124036.269,116
4,124038.974,116
4,124043.272,116
4,124046.097,116
4,124048.860,116
4,124051.269,116
4,124053.821,116
4,124058.959,116
4,124061.569,116
4,124064.037,116
4,124066.562,116
4,124069.028,116
4,124071.685,116
4,124075.509,116
4,124078.505,116
4,124081.354,116
4,124084.109,116
4,124086.592,116
4,124089.386,116
4,124094.140,116
4,124096.912,116
4,124099.889,116
4,124102.461,116
4,124105.147,116
4,124108.419,116
4,124111.799,116
4,124114.353,116
4,124116.949,116
4,124119.345,116
4,124121.775,116
4,124124.295,116
4,124127.454,116
4,124131.918,116
4,124134.978,116
4,124137.733,116
4,124140.386,116
4,124143.994,116
4,124146.420,117
4,124148.906,117
4,124151.334,117
4,124153.921,117
4,124156.893,117
4,124160.961,117
4,124163.534,117
4,124166.157,117
4,124168.936,117
4,124171.729,117
4,124174.952,117
4,124177.859,117
4,124180.404,117
4,124182.939,117
4,124185.469,117
4,124188.039,117
4,124192.002,117
4,124194.827,117
4,124197.263,117
4,124199.749,117
4,124202.208,117
4,124204.680,117
4,124208.334,117
4,124211.104,117
4,124213.585,117
4,124216.049,117
4,124218.693,117
4,124221.071,117
4,124223.654,117
4,124226.902,117
4,124229.635,117
4,124232.292,117
4,124235.011,117
4,124237.484,117
4,124240.158,117
4,124243.919,117
4,124246.359,117
4,124249.474,117
4,124252.125,117
4,124255.530,117
4,124259.337,117
4,124261.880,117
4,124264.650,117
4,124267.282,117
4,124269.861,117
4,124272.479,117
4,124276.129,117
4,124279.072,117
4,124281.586,117
4,124284.099,117
4,124286.484,117
4,124288.893,117
4,124291.622,117
4,124294.162,117
4,124298.861,117
4,124301.672,117
4,124304.231,117
4,124307.039,117
4,124309.623,117
4,124314.193,117
4,124316.730,118
4,124319.390,118
4,124322.006,118
4,124326.241,118
4,124328.778,118
4,124331.215,118
4,124333.914,118
4,124336.528,118
4,124339.494,118
4,124344.412,118
4,124348.334,118
4,124353.010,118
4,124355.986,118
4,124360.734,118
4,124363.284,118
4,124365.837,118
4,124368.692,118
4,124371.272,118
4,124375.901,118
4,124378.677,118
4,124381.461,118
4,124383.976,118
4,124386.395,118
4,124389.077,118
4,124392.754,118
4,124395.410,118
4,124397.915,118
4,124400.537,118
4,124403.131,118
4,124405.674,118
4,124408.250,118
4,124413.266,118
4,124415.806,118
4,124418.561,118
4,124421.672,118
4,124426.009,118
4,124428.631,118
4,124431.286,118
4,124433.900,118
4,124436.540,118
4,124439.127,118
4,124441.938,118
4,124445.562,118
4,124448.227,118
4,124450.775,118
4,124453.267,118
4,124455.910,118
4,124458.503,118
4,124463.255,118
4,124465.850,118
4,124468.522,118
4,124471.253,118
4,124473.974,118
4,124477.895,118
4,124480.377,119
4,124483.112,119
4,124485.658,119
4,124488.245,119
4,124492.675,119
4,124495.250,119
4,124497.841,119
4,124500.461,119
4,124502.905,119
4,124505.761,119
4,124509.980,119
4,124512.640,119
4,124515.369,119
4,124518.128,119
4,124520.776,119
4,124523.952,119
4,124526.740,119
4,124530.565,119
4,124533.331,119
4,124535.874,119
4,124538.629,119
4,124541.625,119
4,124545.560,119
4,124549.380,119
4,124553.309,119
4,124558.660,119
4,124561.944,119
4,124564.690,119
4,124567.347,119
4,124570.047,119
4,124572.752,119
4,124576.307,119
4,124578.892,119
4,124581.961,119
4,124584.561,119
4,124589.296,119
4,124592.830,119
4,124595.584,119
4,124598.243,119
4,124601.355,119
4,124604.061,119
4,124606.799,119
4,124610.471,119
4,124613.205,119
4,124615.811,119
4,124618.422,119
4,124621.622,119
4,124625.205,119
4,124629.899,119
4,124633.798,119
4,124636.569,119
4,124639.465,119
4,124644.661,119
4,124647.656,120
4,124650.692,120
4,124653.730,120
4,124657.208,120
4,124660.847,120
4,124663.517,120
4,124666.061,120
4,124668.784,120
4,124671.479,120
4,124674.199,120
4,124678.292,120
4,124681.195,120
4,124683.632,120
4,124686.541,120
4,124689.884,120
4,124693.740,120
4,124696.968,120
4,124699.601,120
4,124702.265,120
4,124704.990,120
4,124709.723,120
4,124712.317,120
4,124714.880,120
4,124717.542,120
4,124720.223,120
4,124723.238,120
4,124726.863,120
4,124729.776,120
4,124732.480,120
4,124734.950,120
4,124737.641,120
4,124742.298,120
4,124745.236,120
4,124749.262,120
4,124752.095,120
4,124754.642,120
4,124759.685,120
4,124763.841,120
4,124766.538,120
4,124769.187,120
4,124772.032,120
4,124776.696,120
4,124779.679,120
4,124782.305,120
4,124785.619,120
4,124788.231,120
4,124790.824,120
4,124794.187,120
4,124798.670,120
4,124801.422,120
4,124803.965,120
4,124807.160,120
4,124810.718,120
4,124813.343,120
4,124815.961,120
4,124818.635,120
4,124821.343,120
4,124824.089,120
4,124828.007,120
4,124830.603,120
4,124833.186,120
4,124835.601,120
4,124838.423,120
4,124841.366,120
4,124844.444,120
4,124847.008,120
4,124849.709,120
4,124852.475,120
4,124855.761,120
4,124859.194,120
4,124864.167,120
4,124868.895,120
4,124872.005,120
4,124875.619,120
4,124879.545,120
4,124882.188,120
4,124884.989,120
4,124887.964,120
4,124890.780,120
4,124894.435,120
4,124899.193,120
4,124902.020,120
4,124904.660,120
4,124908.119,120
4,124911.946,120
4,124914.376,120
4,124916.951,120
4,124919.999,120
4,124922.613,120
4,124926.357,120
4,124928.919,120
4,124931.533,120
4,124934.120,120
4,124936.755,120
4,124939.460,120
4,124943.189,120
4,124945.752,120
4,124948.369,120
4,124950.936,120
4,124953.514,120
4,124956.131,120
4,124958.844,120
4,124962.637,120
4,124965.064,120
4,124967.561,120
4,124970.112,120
4,124972.823,120
4,124976.796,120
5,124979.174,0
5,124982.141,0
5,124984.802,0
5,124987.425,0
5,124990.002,0
5,124993.545,0
5,124996.132,0
5,124998.635,0
5,125001.091,0
5,125003.817,0
5,125006.518,0
5,125010.037,0
5,125012.722,0
5,125015.444,0
5,125018.147,0
5,125020.804,0
5,125023.442,0
5,125027.900,0
5,125030.525,0
5,125032.851,0
5,125035.201,0
5,125037.572,0
5,125040.188,0
5,125044.522,0
5,125046.872,0
5,125049.695,0
5,125052.208,0
5,125054.577,0
5,125057.246,0
5,125061.012,0
5,125063.359,0
5,125065.857,0
5,125068.498,0
5,125071.060,0
5,125075.886,0
5,125080.643,0
5,125084.445,0
5,125087.392,0
5,125090.219,0
5,125093.553,0
5,125097.513,0
5,125100.705,0
5,125103.415,0
5,125106.340,0
5,125110.253,0
5,125112.814,0
5,125115.375,0
5,125117.988,0
5,125120.414,0
5,125123.253,0
5,125125.761,0
5,125128.574,0
5,125131.658,0
5,125134.452,0
5,125136.961,0
5,125139.432,0
5,125142.232,0
5,125145.624,0
5,125148.345,0
5,125151.178,0
5,125154.557,0
5,125157.717,0
5,125162.396,0
5,125167.064,0
5,125171.482,0
5,125178.996,0
5,125182.374,0
5,125185.964,0
5,125189.457,0
5,125193.259,0
5,125196.422,0
5,125199.267,0
5,125202.597,0
5,125207.336,0
5,125210.628,0
5,125214.936,0
5,125220.573,0
5,125224.055,0
5,125227.335,0
5,125230.548,0
5,125235.713,0
5,125239.073,0
5,125242.549,0
5,125245.667,0
5,125250.294,0
5,125253.792,0
5,125256.793,0
5,125259.841,0
5,125262.424,0
5,125266.518,0
5,125270.326,0
5,125273.538,0
5,125276.608,0
5,125279.646,0
5,125284.590,0
5,125287.677,0
5,125290.809,0
5,125293.927,0
5,125296.876,0
5,125301.302,0
5,125305.628,0
5,125308.929,0
5,125312.231,0
5,125315.423,0
5,125319.368,0
5,125322.624,0
5,125325.724,0
5,125328.956,0
5,125334.398,0
5,125337.572,0
5,125340.697,0
5,125344.643,0
5,125347.413,0
5,125351.665,0
5,125355.035,0
5,125358.233,0
5,125361.383,0
5,125364.125,0
5,125367.942,0
5,125371.529,0
5,125374.068,0
5,125376.610,0
5,125379.595,0
5,125382.965,0
5,125386.519,0
5,125389.825,0
5,125393.078,0
5,125396.065,0
5,125400.710,0
5,125403.881,0
5,125407.057,0
5,125410.229,0
5,125413.283,0
5,125417.798,0
5,125420.866,0
5,125424.246,0
5,125427.252,0
5,125430.540,0
5,125434.909,0
5,125437.764,0
5,125440.902,0
5,125443.817,0
5,125447.037,0
5,125450.425,0
5,125454.065,0
5,125457.133,0
5,125460.370,0
5,125464.675,0
5,125468.049,0
5,125471.860,0
5,125475.154,0
5,125478.452,0
5,125481.472,0
5,125485.392,0
5,125488.613,0
5,125491.804,0
5,125494.931,0
5,125497.586,0
5,125502.613,0
5,125506.185,0
5,125509.229,0
5,125513.657,0
5,125517.110,0
5,125521.811,0
5,125524.592,0
5,125527.313,0
5,125530.466,0
5,125535.431,0
5,125538.250,0
5,125541.766,0
5,125544.900,0
5,125548.297,0
5,125552.061,0
5,125555.258,0
5,125558.350,0
5,125561.037,0
5,125563.990,0
5,125568.562,0
5,125571.865,0
5,125575.041,0
5,125578.422,0
5,125581.422,0
5,125585.658,0
5,125588.956,0
5,125591.976,0
5,125595.080,0
5,125598.018,0
5,125602.063,0
5,125604.755,0
5,125607.830,0
5,125611.103,0
5,125613.735,0
5,125616.975,0
5,125620.984,0
5,125623.650,0
5,125626.646,0
5,125629.332,0
5,125632.481,0
5,125637.528,0
5,125642.333,0
5,125646.232,0
5,125648.904,0
5,125653.644,0
5,125656.912,0
5,125660.029,0
5,125663.306,2
5,125667.264,2
5,125670.394,2
5,125673.695,2
5,125676.302,2
5,125678.789,2
5,125683.734,2
5,125686.798,2
5,125690.220,2
5,125693.304,2
5,125695.607,2
5,125698.253,2
5,125702.018,2
5,125704.808,2
5,125707.260,2
5,125709.800,2
5,125712.373,2
5,125715.215,2
5,125718.274,2
5,125722.498,2
5,125725.537,2
5,125728.845,2
5,125731.776,2
5,125735.420,2
5,125738.572,2
5,125742.140,2
5,125747.497,2
5,125752.701,2
5,125755.526,2
5,125758.623,2
5,125762.952,2
5,125767.122,2
5,125770.613,2
5,125774.393,2
5,125777.983,2
5,125780.677,2
5,125786.468,2
5,125790.958,2
5,125794.565,2
5,125797.492,2
5,125800.708,2
5,125804.755,2
5,125808.005,2
5,125811.019,2
5,125813.710,2
5,125818.490,2
5,125821.781,2
5,125824.896,2
5,125827.901,2
5,125830.406,3
5,125833.583,3
5,125837.528,3
5,125840.647,3
5,125843.876,3
5,125846.889,3
5,125850.692,3
5,125853.885,3
5,125856.456,3
5,125858.887,3
5,125862.129,3
5,125866.484,3
5,125869.100,3
5,125871.716,3
5,125874.742,3
5,125877.678,3
5,125880.578,3
5,125885.141,3
5,125888.015,3
5,125890.656,3
5,125893.570,3
5,125896.195,3
5,125900.579,3
5,125903.654,3
5,125907.011,3
5,125909.405,3
5,125911.876,3
5,125914.652,3
5,125918.177,3
5,125921.244,3
5,125924.540,3
5,125927.070,3
5,125929.610,3
5,125934.239,3
5,125937.240,3
5,125941.310,3
5,125944.410,3
5,125947.431,3
5,125950.948,3
5,125953.702,3
5,125957.143,3
5,125960.329,3
5,125963.510,3
5,125966.508,3
5,125969.628,3
5,125973.022,3
5,125976.998,3
5,125980.256,3
5,125983.098,3
5,125986.119,3
5,125990.834,3
5,125993.725,3
5,125996.925,4
5,125999.845,4
5,126004.034,4
5,126007.640,4
5,126010.738,4
5,126013.755,4
5,126017.271,4
5,126020.368,4
5,126023.449,4
5,126026.685,4
5,126029.845,4
5,126034.050,4
5,126037.300,4
5,126040.500,4
5,126043.793,4
5,126046.899,4
5,126050.391,4
5,126053.733,4
5,126057.196,4
5,126060.372,4
5,126064.086,4
5,126068.214,4
5,126071.460,4
5,126074.554,4
5,126077.702,4
5,126081.146,4
5,126084.837,4
5,126087.993,4
5,126090.725,4
5,126093.885,4
5,126096.907,4
5,126100.984,4
5,126104.226,4
5,126107.335,4
5,126110.459,4
5,126113.012,4
5,126116.399,4
5,126119.821,4
5,126122.852,4
5,126125.922,4
5,126128.948,4
5,126132.104,4
5,126135.204,4
5,126138.336,4
5,126141.430,4
5,126144.575,4
5,126147.644,4
5,126151.962,4
5,126155.179,4
5,126158.761,4
5,126161.936,4
5,126166.706,5
5,126169.652,5
5,126173.046,5
5,126176.163,5
5,126179.684,5
5,126183.224,5
5,126186.302,5
5,126189.533,5
5,126192.752,5
5,126196.319,5
5,126203.822,5
5,126207.149,5
5,126210.335,5
5,126213.704,5
5,126217.076,5
5,126220.154,5
5,126223.423,5
5,126226.406,5
5,126229.562,5
5,126233.138,5
5,126236.234,5
5,126239.394,5
5,126242.748,5
5,126245.256,5
5,126250.184,5
5,126253.002,5
5,126255.984,5
5,126259.203,5
5,126262.304,5
5,126267.285,5
5,126270.456,5
5,126273.419,5
5,126276.882,5
5,126279.504,5
5,126283.598,5
5,126286.629,5
5,126289.724,5
5,126292.669,5
5,126295.556,5
5,126300.375,5
5,126303.511,5
5,126306.523,5
5,126309.519,5
5,126312.632,5
5,126316.983,5
5,126320.220,5
5,126323.547,5
5,126327.858,5
5,126332.880,6
5,126336.360,6
5,126339.586,6
5,126342.691,6
5,126345.179,6
5,126348.340,6
5,126351.999,6
5,126355.108,6
5,126358.123,6
5,126361.036,6
5,126364.005,6
5,126367.329,6
5,126371.242,6
5,126374.352,6
5,126377.285,6
5,126379.717,6
5,126383.704,6
5,126387.000,6
5,126390.338,6
5,126393.491,6
5,126396.359,6
5,126399.067,6
5,126402.663,6
5,126405.841,6
5,126409.171,6
5,126411.815,6
5,126414.394,6
5,126417.495,6
5,126421.119,6
5,126424.221,6
5,126427.157,6
5,126429.690,6
5,126433.120,6
5,126436.300,6
5,126439.779,6
5,126443.167,6
5,126445.800,6
5,126449.497,6
5,126452.147,6
5,126454.993,6
5,126457.999,6
5,126461.486,6
5,126464.007,6
5,126467.692,6
5,126470.796,6
5,126473.691,6
5,126476.244,6
5,126479.023,6
5,126483.048,6
5,126486.022,6
5,126488.522,6
5,126491.279,6
5,126493.873,6
5,126496.380,7
5,126501.527,7
5,126504.295,7
5,126507.506,7
5,126510.791,7
5,126513.125,7
5,126517.291,7
5,126520.386,7
5,126522.839,7
5,126525.749,7
5,126528.285,7
5,126532.793,7
5,126536.074,7
5,126538.878,7
5,126542.060,7
5,126546.894,7
5,126550.105,7
5,126552.838,7
5,126556.826,7
5,126559.528,7
5,126562.122,7
5,126565.542,7
5,126568.029,7
5,126571.124,7
5,126573.758,7
5,126576.692,7
5,126579.308,7
5,126582.855,7
5,126585.722,7
5,126588.389,7
5,126591.065,7
5,126593.777,7
5,126596.210,7
5,126600.427,7
5,126603.438,7
5,126606.197,7
5,126609.274,7
5,126612.139,7
5,126616.531,7
5,126619.117,7
5,126622.157,7
5,126625.403,7
5,126628.404,7
5,126630.874,7
5,126633.790,7
5,126636.647,7
5,126639.887,7
5,126642.491,7
5,126647.163,7
5,126650.200,7
5,126654.378,7
5,126658.730,7
5,126661.849,7
5,126668.145,8
5,126670.905,8
5,126674.757,8
5,126678.383,8
5,126682.649,8
5,126685.224,8
5,126688.209,8
5,126691.394,8
5,126695.160,8
5,126697.748,8
5,126702.285,8
5,126705.392,8
5,126710.724,8
5,126713.638,8
5,126716.201,8
5,126719.283,8
5,126722.602,8
5,126726.538,8
5,126729.575,8
5,126732.814,8
5,126735.441,8
5,126738.519,8
5,126742.950,8
5,126745.444,8
5,126747.912,8
5,126750.974,8
5,126754.056,8
5,126758.000,8
5,126761.701,8
5,126764.160,8
5,126766.629,8
5,126769.848,8
5,126773.039,8
5,126776.603,8
5,126779.340,8
5,126781.820,8
5,126784.850,8
5,126787.519,8
5,126790.500,8
5,126793.153,8
5,126795.793,8
5,126799.262,8
5,126801.962,8
5,126805.018,8
5,126808.023,8
5,126812.666,8
5,126815.040,9
5,126817.688,9
5,126820.659,9
5,126823.809,9
5,126827.215,9
5,126829.777,9
5,126832.639,9
5,126835.983,9
5,126839.113,9
5,126844.487,9
5,126847.018,9
5,126849.703,9
5,126852.427,9
5,126855.703,9
5,126859.200,9
5,126862.266,9
5,126865.299,9
5,126867.936,9
5,126870.988,9
5,126875.657,9
5,126878.378,9
5,126880.964,9
5,126884.781,9
5,126889.509,9
5,126892.908,9
5,126895.707,9
5,126898.676,9
5,126901.865,9
5,126905.097,9
5,126908.952,9
5,126911.832,9
5,126914.547,9
5,126917.523,9
5,126920.679,9
5,126925.653,9
5,126928.383,9
5,126931.035,9
5,126933.678,9
5,126936.199,9
5,126939.234,9
5,126943.075,9
5,126945.648,9
5,126948.593,9
5,126951.131,9
5,126954.091,9
5,126957.167,9
5,126960.303,9
5,126963.726,9
5,126966.128,9
5,126968.878,9
5,126971.821,9
5,126975.671,9
5,126979.147,10
5,126981.835,10
5,126984.662,10
5,126987.882,10
5,126990.653,10
5,126994.661,10
5,126997.174,10
5,126999.726,10
5,127002.206,10
5,127005.232,10
5,127009.665,10
5,127012.309,10
5,127014.765,10
5,127017.685,10
5,127020.733,10
5,127024.148,10
5,127027.754,10
5,127030.588,10
5,127033.539,10
5,127036.064,10
5,127038.960,10
5,127042.781,10
5,127045.358,10
5,127047.906,10
5,127050.449,10
5,127053.436,10
5,127056.098,10
5,127059.993,10
5,127062.579,10
5,127065.326,10
5,127067.868,10
5,127070.862,10
5,127074.078,10
5,127077.224,10
5,127080.191,10
5,127082.775,10
5,127085.893,10
5,127088.460,10
5,127092.740,10
5,127095.350,10
5,127097.905,10
5,127100.547,10
5,127103.615,10
5,127106.453,10
5,127112.294,10
5,127114.772,10
5,127117.834,10
5,127120.909,10
5,127123.484,10
5,127126.304,10
5,127130.340,10
5,127132.881,10
5,127135.414,10
5,127137.949,10
5,127142.946,10
5,127145.908,11
5,127148.492,11
5,127151.173,11
5,127154.198,11
5,127156.901,11
5,127161.382,11
5,127164.138,11
5,127166.883,11
5,127169.492,11
5,127172.516,11
5,127176.129,11
5,127179.322,11
5,127182.124,11
5,127184.651,11
5,127187.586,11
5,127192.216,11
5,127195.210,11
5,127197.760,11
5,127202.312,11
5,127205.217,11
5,127209.571,11
5,127212.187,11
5,127214.665,11
5,127217.251,11
5,127219.784,11
5,127222.639,11
5,127226.550,11
5,127229.162,11
5,127231.652,11
5,127236.104,11
5,127238.956,11
5,127243.625,11
5,127246.282,11
5,127249.245,11
5,127253.807,11
5,127258.317,11
5,127260.979,11
5,127263.827,11
5,127266.324,11
5,127268.816,11
5,127271.843,11
5,127275.369,11
5,127279.199,11
5,127281.646,11
5,127284.681,11
5,127287.730,11
5,127290.573,11
5,127293.599,11
5,127297.069,11
5,127299.764,11
5,127302.741,11
5,127305.288,11
5,127309.446,11
5,127312.147,12
5,127315.206,12
5,127318.158,12
5,127321.344,12
5,127326.850,12
5,127329.615,12
5,127332.267,12
5,127335.422,12
5,127338.681,12
5,127343.451,12
5,127345.935,12
5,127348.508,12
5,127351.060,12
5,127354.019,12
5,127357.014,12
5,127360.514,12
5,127363.169,12
5,127366.246,12
5,127368.821,12
5,127371.418,12
5,127374.109,12
5,127379.514,12
5,127382.095,12
5,127384.600,12
5,127387.232,12
5,127390.611,12
5,127395.081,12
5,127397.577,12
5,127400.153,12
5,127402.758,12
5,127405.550,12
5,127409.389,12
5,127412.020,12
5,127414.417,12
5,127419.144,12
5,127421.905,12
5,127425.507,12
5,127429.551,12
5,127432.112,12
5,127434.670,12
5,127437.895,12
5,127442.005,12
5,127444.710,12
5,127447.895,12
5,127450.569,12
5,127453.510,12
5,127456.103,12
5,127459.420,12
5,127462.766,12
5,127465.743,12
5,127468.395,12
5,127471.366,12
5,127474.421,12
5,127477.754,12
5,127480.258,13
5,127482.781,13
5,127485.308,13
5,127488.014,13
5,127492.766,13
5,127495.262,13
5,127497.757,13
5,127500.312,13
5,127504.264,13
5,127508.879,13
5,127512.242,13
5,127514.822,13
5,127517.382,13
5,127519.956,13
5,127523.054,13
5,127526.030,13
5,127529.351,13
5,127531.983,13
5,127534.556,13
5,127537.461,13
5,127540.789,13
5,127545.950,13
5,127548.976,13
5,127551.700,13
5,127554.993,13
5,127559.018,13
5,127562.144,13
5,127565.102,13
5,127567.586,13
5,127570.393,13
5,127573.228,13
5,127577.125,13
5,127581.168,13
5,127583.743,13
5,127586.273,13
5,127588.863,13
5,127592.711,13
5,127595.375,13
5,127598.063,13
5,127601.027,13
5,127604.051,13
5,127608.618,13
5,127611.447,13
5,127614.446,13
5,127617.568,13
5,127620.717,13
5,127623.958,13
5,127627.883,13
5,127630.194,13
5,127632.730,13
5,127635.299,13
5,127638.324,13
5,127642.400,13
5,127645.008,14
5,127647.441,14
5,127651.226,14
5,127654.693,14
5,127658.331,14
5,127661.632,14
5,127664.019,14
5,127666.987,14
5,127669.949,14
5,127673.517,14
5,127677.450,14
5,127680.060,14
5,127682.681,14
5,127685.668,14
5,127688.992,14
5,127692.400,14
5,127695.118,14
5,127697.747,14
5,127700.833,14
5,127703.977,14
5,127709.047,14
5,127712.152,14
5,127715.291,14
5,127717.856,14
5,127720.896,14
5,127724.876,14
5,127727.832,14
5,127730.790,14
5,127733.804,14
5,127736.211,14
5,127738.815,14
5,127742.767,14
5,127745.357,14
5,127747.880,14
5,127750.337,14
5,127752.676,14
5,127757.125,14
5,127760.553,14
5,127763.528,14
5,127765.910,14
5,127768.282,14
5,127771.638,14
5,127775.024,14
5,127777.742,14
5,127780.754,14
5,127783.381,14
5,127785.935,14
5,127788.940,14
5,127794.719,14
5,127797.593,14
5,127802.005,14
5,127805.993,14
5,127809.763,14
5,127813.848,14
5,127816.435,15
5,127819.073,15
5,127823.775,15
5,127827.412,15
5,127829.851,15
5,127832.410,15
5,127836.730,15
5,127840.062,15
5,127844.073,15
5,127846.442,15
5,127848.929,15
5,127851.348,15
5,127854.603,15
5,127858.870,15
5,127865.121,15
5,127868.327,15
5,127872.943,15
5,127876.608,15
5,127879.304,15
5,127883.060,15
5,127887.055,15
5,127890.051,15
5,127894.796,15
5,127897.754,15
5,127900.887,15
5,127903.850,15
5,127907.179,15
5,127910.196,15
5,127913.342,15
5,127916.274,15
5,127919.276,15
5,127922.026,15
5,127926.534,15
5,127929.572,15
5,127932.511,15
5,127935.640,15
5,127938.681,15
5,127942.595,15
5,127945.511,15
5,127948.678,15
5,127951.723,15
5,127954.901,15
5,127957.750,15
5,127961.136,15
5,127965.007,15
5,127968.032,15
5,127971.074,15
5,127974.475,15
5,127978.110,15
5,127980.981,16
5,127984.155,16
5,127986.700,16
5,127989.732,16
5,127993.513,16
5,127996.472,16
5,127999.067,16
5,128001.977,16
5,128004.604,16
5,128008.577,16
5,128011.345,16
5,128014.402,16
5,128017.373,16
5,128020.453,16
5,128023.668,16
5,128026.747,16
5,128029.768,16
5,128032.702,16
5,128035.937,16
5,128038.591,16
5,128041.772,16
5,128045.103,16
5,128048.093,16
5,128051.094,16
5,128053.732,16
5,128056.275,16
5,128060.961,16
5,128063.980,16
5,128066.512,16
5,128069.033,16
5,128071.362,16
5,128074.552,16
5,128077.938,16
5,128081.001,16
5,128084.014,16
5,128087.045,16
5,128090.448,16
5,128094.791,16
5,128097.181,16
5,128099.836,16
5,128102.247,16
5,128105.463,16
5,128108.719,16
5,128112.858,16
5,128115.567,16
5,128118.021,16
5,128121.227,16
5,128124.226,16
5,128127.605,16
5,128130.770,16
5,128133.864,16
5,128136.375,16
5,128139.200,16
5,128141.751,16
5,128145.047,16
5,128148.189,17
5,128151.142,17
5,128156.007,17
5,128160.791,17
5,128164.101,17
5,128168.216,17
5,128171.535,17
5,128174.889,17
5,128178.085,17
5,128180.465,17
5,128184.571,17
5,128187.489,17
5,128190.103,17
5,128194.660,17
5,128197.410,17
5,128200.469,17
5,128204.916,17
5,128208.409,17
5,128211.827,17
5,128214.876,17
5,128218.436,17
5,128221.679,17
5,128225.026,17
5,128228.767,17
5,128231.654,17
5,128234.700,17
5,128237.244,17
5,128240.501,17
5,128245.342,17
5,128248.504,17
5,128251.145,17
5,128254.966,17
5,128258.117,17
5,128262.496,17
5,128265.157,17
5,128268.261,17
5,128271.402,17
5,128274.509,17
5,128277.604,17
5,128281.230,17
5,128283.658,17
5,128286.930,17
5,128289.699,17
5,128292.871,17
5,128295.561,17
5,128298.542,17
5,128301.109,17
5,128303.758,17
5,128307.491,17
5,128310.042,17
5,128313.011,18
5,128315.713,18
5,128318.049,18
5,128320.887,18
5,128324.997,18
5,128327.680,18
5,128330.206,18
5,128333.134,18
5,128335.643,18
5,128338.930,18
5,128342.156,18
5,128345.083,18
5,128347.357,18
5,128350.066,18
5,128353.176,18
5,128357.406,18
5,128360.624,18
5,128363.771,18
5,128366.947,18
5,128370.088,18
5,128373.986,18
5,128376.678,18
5,128379.503,18
5,128382.795,18
5,128385.901,18
5,128389.674,18
5,128393.447,18
5,128396.755,18
5,128399.539,18
5,128405.005,18
5,128408.392,18
5,128411.532,18
5,128414.707,18
5,128418.611,18
5,128421.869,18
5,128425.074,18
5,128428.261,18
5,128430.997,18
5,128434.419,18
5,128437.992,18
5,128440.827,18
5,128444.036,18
5,128446.446,18
5,128451.434,18
5,128455.118,18
5,128457.870,18
5,128460.553,18
5,128463.184,18
5,128466.272,18
5,128471.266,18
5,128473.959,18
5,128476.782,18
5,128479.431,18
5,128482.126,18
5,128486.642,18
5,128490.592,18
5,128493.229,18
5,128495.861,19
5,128498.582,19
5,128503.032,19
5,128506.093,19
5,128509.549,19
5,128512.785,19
5,128516.741,19
5,128519.447,19
5,128522.084,19
5,128525.429,19
5,128528.181,19
5,128531.593,19
5,128534.686,19
5,128537.609,19
5,128540.844,19
5,128543.982,19
5,128546.925,19
5,128551.380,19
5,128554.750,19
5,128558.191,19
5,128560.935,19
5,128564.034,19
5,128568.047,19
5,128570.793,19
5,128574.274,19
5,128577.661,19
5,128580.553,19
5,128584.578,19
5,128587.983,19
5,128591.163,19
5,128594.378,19
5,128597.010,19
5,128601.072,19
5,128604.319,19
5,128607.184,19
5,128610.379,19
5,128613.479,19
5,128616.962,19
5,128619.653,19
5,128622.529,19
5,128625.050,19
5,128628.061,19
5,128630.635,19
5,128635.160,19
5,128637.796,19
5,128640.872,19
5,128644.094,19
5,128647.232,19
5,128651.232,19
5,128653.989,19
5,128657.188,19
5,128660.316,19
5,128663.378,20
5,128666.878,20
5,128669.462,20
5,128672.233,20
5,128674.959,20
5,128678.170,20
5,128681.304,20
5,128685.686,20
5,128688.322,20
5,128691.363,20
5,128694.751,20
5,128697.411,20
5,128701.367,20
5,128704.307,20
5,128707.393,20
5,128710.665,20
5,128713.853,20
5,128717.302,20
5,128720.082,20
5,128722.787,20
5,128725.325,20
5,128728.440,20
5,128730.933,20
5,128735.649,20
5,128738.963,20
5,128741.847,20
5,128744.933,20
5,128748.076,20
5,128752.086,20
5,128755.246,20
5,128758.456,20
5,128761.727,20
5,128764.290,20
5,128768.959,20
5,128772.065,20
5,128774.613,20
5,128778.179,20
5,128781.473,20
5,128785.359,20
5,128789.122,20
5,128791.699,20
5,128794.329,20
5,128796.861,20
5,128801.626,20
5,128804.890,20
5,128807.991,20
5,128811.127,20
5,128813.881,20
5,128818.399,20
5,128821.649,20
5,128824.218,20
5,128827.372,20
5,128829.826,21
5,128834.784,21
5,128837.504,21
5,128840.445,21
5,128843.597,21
5,128846.757,21
5,128850.939,21
5,128854.255,21
5,128857.013,21
5,128860.011,21
5,128862.855,21
5,128866.425,21
5,128869.114,21
5,128871.826,21
5,128875.232,21
5,128877.910,21
5,128880.520,21
5,128884.722,21
5,128887.979,21
5,128891.117,21
5,128893.793,21
5,128896.862,21
5,128901.821,21
5,128905.071,21
5,128908.293,21
5,128911.425,21
5,128914.526,21
5,128919.412,21
5,128922.783,21
5,128925.352,21
5,128928.295,21
5,128930.794,21
5,128934.462,21
5,128937.045,21
5,128939.754,21
5,128942.151,21
5,128944.941,21
5,128947.667,21
5,128951.091,21
5,128954.236,21
5,128956.834,21
5,128959.468,21
5,128962.698,21
5,128966.026,21
5,128969.245,21
5,128972.734,21
5,128975.778,21
5,128978.357,21
5,128981.676,21
5,128984.853,21
5,128988.148,21
5,128991.620,21
5,128995.224,21
5,128998.281,22
5,129001.425,22
5,129003.990,22
5,129007.264,22
5,129010.628,22
5,129013.970,22
5,129016.873,22
5,129019.826,22
5,129022.780,22
5,129025.751,22
5,129028.513,22
5,129031.923,22
5,129034.462,22
5,129037.528,22
5,129040.972,22
5,129044.287,22
5,129046.967,22
5,129051.066,22
5,129055.688,22
5,129058.633,22
5,129061.981,22
5,129064.722,22
5,129067.959,22
5,129071.321,22
5,129073.830,22
5,129076.581,22
5,129079.757,22
5,129082.981,22
5,129085.719,22
5,129090.249,22
5,129093.737,22
5,129096.962,22
5,129100.785,22
5,129104.691,22
5,129108.067,22
5,129110.977,22
5,129114.890,22
5,129119.734,22
5,129122.747,22
5,129125.493,22
5,129128.044,22
5,129131.053,22
5,129133.649,22
5,129137.938,22
5,129141.180,22
5,129143.731,22
5,129146.723,23
5,129151.476,23
5,129154.575,23
5,129157.076,23
5,129160.189,23
5,129165.167,23
5,129167.836,23
5,129171.045,23
5,129174.285,23
5,129178.316,23
5,129180.857,23
5,129183.443,23
5,129186.761,23
5,129189.973,23
5,129194.192,23
5,129196.928,23
5,129199.947,23
5,129202.468,23
5,129205.656,23
5,129208.303,23
5,129211.606,23
5,129214.651,23
5,129217.938,23
5,129221.120,23
5,129224.257,23
5,129227.568,23
5,129231.623,23
5,129234.705,23
5,129237.738,23
5,129240.949,23
5,129244.810,23
5,129247.642,23
5,129250.282,23
5,129252.971,23
5,129255.961,23
5,129260.147,23
5,129263.180,23
5,129265.685,23
5,129268.818,23
5,129272.101,23
5,129276.355,23
5,129279.551,23
5,129282.748,23
5,129287.611,23
5,129290.558,23
5,129293.306,23
5,129298.416,23
5,129301.641,23
5,129304.263,23
5,129307.586,23
5,129311.877,23
5,129315.059,24
5,129317.479,24
5,129321.616,24
5,129325.637,24
5,129329.031,24
5,129332.073,24
5,129335.280,24
5,129337.974,24
5,129341.961,24
5,129345.188,24
5,129347.646,24
5,129350.694,24
5,129353.823,24
5,129357.367,24
5,129360.804,24
5,129363.924,24
5,129366.602,24
5,129369.657,24
5,129372.646,24
5,129376.724,24
5,129379.884,24
5,129382.975,24
5,129385.599,24
5,129388.010,24
5,129392.876,24
5,129396.878,24
5,129400.119,24
5,129403.312,24
5,129406.878,24
5,129410.583,24
5,129413.679,24
5,129416.799,24
5,129419.943,24
5,129422.924,24
5,129427.886,24
5,129430.765,24
5,129433.825,24
5,129436.804,24
5,129440.914,24
5,129445.020,24
5,129448.061,24
5,129450.810,24
5,129453.667,24
5,129456.835,24
5,129459.970,24
5,129462.794,24
5,129467.436,24
5,129470.700,24
5,129473.297,24
5,129476.113,24
5,129480.434,24
5,129483.034,25
5,129485.749,25
5,129488.771,25
5,129492.909,25
5,129495.938,25
5,129498.453,25
5,129501.851,25
5,129504.452,25
5,129510.141,25
5,129513.534,25
5,129516.691,25
5,129519.841,25
5,129522.958,25
5,129526.459,25
5,129529.311,25
5,129532.573,25
5,129535.208,25
5,129538.646,25
5,129542.782,25
5,129545.317,25
5,129548.069,25
5,129551.114,25
5,129554.619,25
5,129557.436,25
5,129561.147,25
5,129563.487,25
5,129566.688,25
5,129569.856,25
5,129573.442,25
5,129577.390,25
5,129580.584,25
5,129583.144,25
5,129586.329,25
5,129589.430,25
5,129593.484,25
5,129596.537,25
5,129599.664,25
5,129602.752,25
5,129606.540,25
5,129610.320,25
5,129613.028,25
5,129615.570,25
5,129618.784,25
5,129621.716,25
5,129624.740,25
5,129627.244,25
5,129629.872,25
5,129634.465,25
5,129639.041,25
5,129642.317,25
5,129645.020,25
5,129647.586,26
5,129650.429,26
5,129653.597,26
5,129657.266,26
5,129660.429,26
5,129663.469,26
5,129666.349,26
5,129670.449,26
5,129673.153,26
5,129675.739,26
5,129678.470,26
5,129683.823,26
5,129687.184,26
5,129690.291,26
5,129693.483,26
5,129696.163,26
5,129699.865,26
5,129703.353,26
5,129706.747,26
5,129710.863,26
5,129715.557,26
5,129718.800,26
5,129721.582,26
5,129724.236,26
5,129729.134,26
5,129732.112,26
5,129735.263,26
5,129738.396,26
5,129743.525,26
5,129746.606,26
5,129749.687,26
5,129752.793,26
5,129756.169,26
5,129759.832,26
5,129762.966,26
5,129765.522,26
5,129767.928,26
5,129770.582,26
5,129773.277,26
5,129776.333,26
5,129779.873,26
5,129782.566,26
5,129785.934,26
5,129789.031,26
5,129792.307,26
5,129795.524,26
5,129798.520,26
5,129801.691,26
5,129804.823,26
5,129807.950,26
5,129810.924,26
5,129813.492,27
5,129816.081,27
5,129818.727,27
5,129823.243,27
5,129825.980,27
5,129828.366,27
5,129830.787,27
5,129833.817,27
5,129837.712,27
5,129840.801,27
5,129843.563,27
5,129846.078,27
5,129848.907,27
5,129853.768,27
5,129856.555,27
5,129859.089,27
5,129862.149,27
5,129864.729,27
5,129868.197,27
5,129870.917,27
5,129873.577,27
5,129876.418,27
5,129879.629,27
5,129883.465,27
5,129886.819,27
5,129889.730,27
5,129894.015,27
5,129897.253,27
5,129900.152,27
5,129904.031,27
5,129907.380,27
5,129910.718,27
5,129913.287,27
5,129916.678,27
5,129920.336,27
5,129923.095,27
5,129925.629,27
5,129928.613,27
5,129931.673,27
5,129935.020,27
5,129937.599,27
5,129940.621,27
5,129943.218,27
5,129946.707,27
5,129950.592,27
5,129953.721,27
5,129956.295,27
5,129959.285,27
5,129961.809,27
5,129964.892,27
5,129968.120,27
5,129971.530,27
5,129974.340,27
5,129977.390,27
5,129979.782,29
5,129982.967,29
5,129986.345,29
5,129990.016,29
5,129993.207,29
5,129995.931,29
5,129998.864,29
5,130002.092,29
5,130005.118,29
5,130007.747,29
5,130010.982,29
5,130014.312,29
5,130017.302,29
5,130020.566,29
5,130023.762,29
5,130028.066,29
5,130031.167,29
5,130038.541,29
5,130042.051,29
5,130044.845,29
5,130047.774,29
5,130052.444,29
5,130055.994,29
5,130059.135,29
5,130062.203,29
5,130066.675,29
5,130069.804,29
5,130072.416,29
5,130074.989,29
5,130078.844,29
5,130081.924,29
5,130085.030,29
5,130087.707,29
5,130092.491,29
5,130095.599,29
5,130098.690,29
5,130101.895,29
5,130104.709,29
5,130109.460,29
5,130112.725,29
5,130115.757,29
5,130118.887,29
5,130121.635,29
5,130124.345,29
5,130127.896,29
5,130131.710,29
5,130134.293,29
5,130137.305,29
5,130139.798,29
5,130144.206,29
5,130147.208,30
5,130150.258,30
5,130153.408,30
5,130156.643,30
5,130160.134,30
5,130163.220,30
5,130165.859,30
5,130168.589,30
5,130171.637,30
5,130176.204,30
5,130179.454,30
5,130182.163,30
5,130185.200,30
5,130187.828,30
5,130192.053,30
5,130195.316,30
5,130198.239,30
5,130201.422,30
5,130204.545,30
5,130209.431,30
5,130212.602,30
5,130215.240,30
5,130217.955,30
5,130222.001,30
5,130226.411,30
5,130229.560,30
5,130232.635,30
5,130235.148,30
5,130237.722,30
5,130240.300,30
5,130245.111,30
5,130248.140,30
5,130251.341,30
5,130254.467,30
5,130258.962,30
5,130262.066,30
5,130264.786,30
5,130268.182,30
5,130271.183,30
5,130275.449,30
5,130278.334,30
5,130281.518,30
5,130284.592,30
5,130287.118,30
5,130290.497,30
5,130293.107,30
5,130297.655,30
5,130300.919,30
5,130304.889,30
5,130307.673,30
5,130312.002,30
5,130314.800,31
5,130317.379,31
5,130320.733,31
5,130323.619,31
5,130327.369,31
5,130330.443,31
5,130333.590,31
5,130336.656,31
5,130339.316,31
5,130343.988,31
5,130346.983,31
5,130349.997,31
5,130352.423,31
5,130355.144,31
5,130359.543,31
5,130362.504,31
5,130367.828,31
5,130370.570,31
5,130374.021,31
5,130377.817,31
5,130380.813,31
5,130384.157,31
5,130387.357,31
5,130390.871,31
5,130394.899,31
5,130397.874,31
5,130400.993,31
5,130405.358,31
5,130409.833,31
5,130413.169,31
5,130415.820,31
5,130418.788,31
5,130421.466,31
5,130425.316,31
5,130428.213,31
5,130430.613,31
5,130433.231,31
5,130435.791,31
5,130438.639,31
5,130443.187,31
5,130446.304,31
5,130449.362,31
5,130452.473,31
5,130455.291,31
5,130457.871,31
5,130463.037,31
5,130465.739,31
5,130468.477,31
5,130471.797,31
5,130476.167,31
5,130478.896,31
5,130481.858,32
5,130484.351,32
5,130486.957,32
5,130490.430,32
5,130494.110,32
5,130497.143,32
5,130500.138,32
5,130503.217,32
5,130507.043,32
5,130510.702,32
5,130513.813,32
5,130516.783,32
5,130519.845,32
5,130522.841,32
5,130525.810,32
5,130529.881,32
5,130532.466,32
5,130535.172,32
5,130538.493,32
5,130541.314,32
5,130545.143,32
5,130548.333,32
5,130551.492,32
5,130555.783,32
5,130560.037,32
5,130563.479,32
5,130566.490,32
5,130569.528,32
5,130572.463,32
5,130575.494,32
5,130579.683,32
5,130582.670,32
5,130585.518,32
5,130588.671,32
5,130591.059,32
5,130594.641,32
5,130598.178,32
5,130601.280,32
5,130603.832,32
5,130607.618,32
5,130610.622,32
5,130613.574,32
5,130616.485,32
5,130619.375,32
5,130622.356,32
5,130624.969,32
5,130629.208,32
5,130634.065,32
5,130637.443,32
5,130640.488,32
5,130643.287,32
5,130646.829,33
5,130649.644,33
5,130653.205,33
5,130656.069,33
5,130658.783,33
5,130661.269,33
5,130664.439,33
5,130668.230,33
5,130670.906,33
5,130673.601,33
5,130676.033,33
5,130678.549,33
5,130680.887,33
5,130684.171,33
5,130687.636,33
5,130691.900,33
5,130694.778,33
5,130697.488,33
5,130700.249,33
5,130704.380,33
5,130707.071,33
5,130709.405,33
5,130712.450,33
5,130715.063,33
5,130719.681,33
5,130722.796,33
5,130725.410,33
5,130727.943,33
5,130732.321,33
5,130735.589,33
5,130737.944,33
5,130740.568,33
5,130743.198,33
5,130747.424,33
5,130750.031,33
5,130753.140,33
5,130756.552,33
5,130760.254,33
5,130763.454,33
5,130766.491,33
5,130769.558,33
5,130772.572,33
5,130776.457,33
5,130778.936,33
5,130781.926,33
5,130785.093,33
5,130788.298,33
5,130791.536,33
5,130795.880,33
5,130798.384,33
5,130801.557,33
5,130804.252,33
5,130807.693,33
5,130811.432,33
5,130814.513,34
5,130817.641,34
5,130820.723,34
5,130824.221,34
5,130828.034,34
5,130831.199,34
5,130834.330,34
5,130837.654,34
5,130840.954,34
5,130844.955,34
5,130848.002,34
5,130851.139,34
5,130854.232,34
5,130857.493,34
5,130860.888,34
5,130863.529,34
5,130866.862,34
5,130869.999,34
5,130872.672,34
5,130875.980,34
5,130879.373,34
5,130882.133,34
5,130884.648,34
5,130887.743,34
5,130890.347,34
5,130894.931,34
5,130897.562,34
5,130900.378,34
5,130903.279,34
5,130905.952,34
5,130910.137,34
5,130913.652,34
5,130916.725,34
5,130919.919,34
5,130922.514,34
5,130925.153,34
5,130929.117,34
5,130931.607,34
5,130934.213,34
5,130937.231,34
5,130939.638,34
5,130942.471,34
5,130946.430,34
5,130949.604,34
5,130952.216,34
5,130954.832,34
5,130957.352,34
5,130960.381,34
5,130964.304,34
5,130966.897,34
5,130969.700,34
5,130972.898,34
5,130975.660,34
5,130979.080,35
5,130983.497,35
5,130986.690,35
5,130989.996,35
5,130993.203,35
5,130996.247,35
5,131000.641,35
5,131003.821,35
5,131006.448,35
5,131009.094,35
5,131012.932,35
5,131016.964,35
5,131019.455,35
5,131022.143,35
5,131024.919,35
5,131027.539,35
5,131030.598,35
5,131033.833,35
5,131036.543,35
5,131042.413,35
5,131045.828,35
5,131050.871,35
5,131054.139,35
5,131057.343,35
5,131060.544,35
5,131063.638,35
5,131067.321,35
5,131070.502,35
5,131073.551,35
5,131076.450,35
5,131079.431,35
5,131083.452,35
5,131086.138,35
5,131089.428,35
5,131092.568,35
5,131095.031,35
5,131099.486,35
5,131102.646,35
5,131106.041,35
5,131108.610,35
5,131111.562,35
5,131116.329,35
5,131119.090,35
5,131122.178,35
5,131127.702,35
5,131134.302,35
5,131137.486,35
5,131140.127,35
5,131142.803,35
5,131147.408,35
5,131150.235,36
5,131152.805,36
5,131156.424,36
5,131160.871,36
5,131163.594,36
5,131166.258,36
5,131168.880,36
5,131171.312,36
5,131174.903,36
5,131178.724,36
5,131181.285,36
5,131184.633,36
5,131187.756,36
5,131192.653,36
5,131195.743,36
5,131198.974,36
5,131201.851,36
5,131204.596,36
5,131208.908,36
5,131212.782,36
5,131215.869,36
5,131218.281,36
5,131220.987,36
5,131224.795,36
5,131228.085,36
5,131231.057,36
5,131234.233,36
5,131236.859,36
5,131241.864,36
5,131245.110,36
5,131247.614,36
5,131250.735,36
5,131254.015,36
5,131257.253,36
5,131260.035,36
5,131263.709,36
5,131266.849,36
5,131269.500,36
5,131272.678,36
5,131275.322,36
5,131278.785,36
5,131281.777,36
5,131284.499,36
5,131288.275,36
5,131291.555,36
5,131294.772,36
5,131297.895,36
5,131301.084,36
5,131304.331,36
5,131307.700,36
5,131310.683,36
5,131313.872,36
5,131317.168,36
5,131320.290,36
5,131323.444,36
5,131326.625,36
5,131329.726,37
5,131332.683,37
5,131335.391,37
5,131337.844,37
5,131340.762,37
5,131344.272,37
5,131347.214,37
5,131349.885,37
5,131352.421,37
5,131355.562,37
5,131358.792,37
5,131361.525,37
5,131366.296,37
5,131371.475,37
5,131375.055,37
5,131378.236,37
5,131381.209,37
5,131384.980,37
5,131387.533,37
5,131391.405,37
5,131394.653,37
5,131397.743,37
5,131400.306,37
5,131403.149,37
5,131406.933,37
5,131409.970,37
5,131413.078,37
5,131416.116,37
5,131419.507,37
5,131423.015,37
5,131425.881,37
5,131428.475,37
5,131431.565,37
5,131434.730,37
5,131438.089,37
5,131441.289,37
5,131444.094,37
5,131447.194,37
5,131450.418,37
5,131453.776,37
5,131456.995,37
5,131460.061,37
5,131463.163,37
5,131466.199,37
5,131471.202,37
5,131474.371,37
5,131476.713,37
5,131479.983,38
5,131482.794,38
5,131487.263,38
5,131490.566,38
5,131493.008,38
5,131495.576,38
5,131498.133,38
5,131502.702,38
5,131506.082,38
5,131509.065,38
5,131511.811,38
5,131516.943,38
5,131520.209,38
5,131523.433,38
5,131526.275,38
5,131530.802,38
5,131533.918,38
5,131536.487,38
5,131541.542,38
5,131545.106,38
5,131547.625,38
5,131551.540,38
5,131554.427,38
5,131559.842,38
5,131563.025,38
5,131565.433,38
5,131568.648,38
5,131571.315,38
5,131576.491,38
5,131579.643,38
5,131582.719,38
5,131585.303,38
5,131587.753,38
5,131590.475,38
5,131593.751,38
5,131597.260,38
5,131600.203,38
5,131603.595,38
5,131606.585,38
5,131609.452,38
5,131612.590,38
5,131615.671,38
5,131618.323,38
5,131621.777,38
5,131625.397,38
5,131629.060,38
5,131632.079,38
5,131635.320,38
5,131638.585,38
5,131641.257,38
5,131643.979,38
5,131647.387,38
5,131650.184,38
5,131652.988,38
5,131656.316,38
5,131659.367,38
5,131662.591,38
5,131667.753,39
5,131671.205,39
5,131674.590,39
5,131677.289,39
5,131681.074,39
5,131684.158,39
5,131687.316,39
5,131689.915,39
5,131692.744,39
5,131697.424,39
5,131700.397,39
5,131703.129,39
5,131706.011,39
5,131709.433,39
5,131712.543,39
5,131715.614,39
5,131718.636,39
5,131721.748,39
5,131726.011,39
5,131729.047,39
5,131732.109,39
5,131735.342,39
5,131738.750,39
5,131742.176,39
5,131745.524,39
5,131748.543,39
5,131751.718,39
5,131754.963,39
5,131758.830,39
5,131761.423,39
5,131764.535,39
5,131768.207,39
5,131773.536,39
5,131777.085,39
5,131779.652,39
5,131783.089,39
5,131785.674,39
5,131788.482,39
5,131791.820,39
5,131794.795,39
5,131800.071,39
5,131803.438,39
5,131806.854,39
5,131809.594,39
5,131813.822,39
5,131817.835,40
5,131820.367,40
5,131823.599,40
5,131827.513,40
5,131830.457,40
5,131832.748,40
5,131835.311,40
5,131837.831,40
5,131842.096,40
5,131844.879,40
5,131847.884,40
5,131850.962,40
5,131854.127,40
5,131857.833,40
5,131860.589,40
5,131863.477,40
5,131866.405,40
5,131868.989,40
5,131871.608,40
5,131875.663,40
5,131878.335,40
5,131882.250,40
5,131884.954,40
5,131887.662,40
5,131891.162,40
5,131894.558,40
5,131897.412,40
5,131900.430,40
5,131903.544,40
5,131906.450,40
5,131909.831,40
5,131912.763,40
5,131915.314,40
5,131918.282,40
5,131921.237,40
5,131925.556,40
5,131928.210,40
5,131931.133,40
5,131934.423,40
5,131937.403,40
5,131940.802,40
5,131943.898,40
5,131946.380,40
5,131948.811,40
5,131951.337,40
5,131954.382,40
5,131957.360,40
5,131960.550,40
5,131963.617,40
5,131967.182,40
5,131969.837,40
5,131973.146,40
5,131975.834,40
5,131979.655,40
5,131982.149,41
5,131984.723,41
5,131988.282,41
5,131993.173,41
5,131995.935,41
5,131998.418,41
5,132001.334,41
5,132003.863,41
5,132007.191,41
5,132011.003,41
5,132014.006,41
5,132016.603,41
5,132019.407,41
5,132022.568,41
5,132025.216,41
5,132029.046,41
5,132031.924,41
5,132035.043,41
5,132038.157,41
5,132040.781,41
5,132044.456,41
5,132047.409,41
5,132050.384,41
5,132052.839,41
5,132055.461,41
5,132059.623,41
5,132062.170,41
5,132064.467,41
5,132068.331,41
5,132071.046,41
5,132073.771,41
5,132077.643,41
5,132080.131,41
5,132082.819,41
5,132085.387,41
5,132090.829,41
5,132095.288,41
5,132098.033,41
5,132100.621,41
5,132103.244,41
5,132106.278,41
5,132109.614,41
5,132112.165,41
5,132114.696,41
5,132118.064,41
5,132120.691,41
5,132123.239,41
5,132126.387,41
5,132129.826,41
5,132132.741,41
5,132135.291,41
5,132138.304,41
5,132142.658,41
5,132145.624,42
5,132148.017,42
5,132150.533,42
5,132153.028,42
5,132155.751,42
5,132159.217,42
5,132161.737,42
5,132164.827,42
5,132167.835,42
5,132170.453,42
5,132173.216,42
5,132177.137,42
5,132179.798,42
5,132182.422,42
5,132184.952,42
5,132187.542,42
5,132190.300,42
5,132195.723,42
5,132198.374,42
5,132201.391,42
5,132204.958,42
5,132208.458,42
5,132211.167,42
5,132213.644,42
5,132216.291,42
5,132218.794,42
5,132221.286,42
5,132225.068,42
5,132227.639,42
5,132229.887,42
5,132232.389,42
5,132235.041,42
5,132237.678,42
5,132241.354,42
5,132244.117,42
5,132247.071,42
5,132250.102,42
5,132252.841,42
5,132255.541,42
5,132260.105,42
5,132263.206,42
5,132265.746,42
5,132268.648,42
5,132271.183,42
5,132275.693,42
5,132278.621,42
5,132281.767,42
5,132284.397,42
5,132287.081,42
5,132290.023,42
5,132292.950,42
5,132296.314,42
5,132299.410,42
5,132302.087,42
5,132304.751,42
5,132308.850,42
5,132311.965,43
5,132314.663,43
5,132317.271,43
5,132319.790,43
5,132322.983,43
5,132326.566,43
5,132329.224,43
5,132331.703,43
5,132334.287,43
5,132337.270,43
5,132341.814,43
5,132344.507,43
5,132347.000,43
5,132349.625,43
5,132352.180,43
5,132354.715,43
5,132358.371,43
5,132360.983,43
5,132363.514,43
5,132366.188,43
5,132368.770,43
5,132371.333,43
5,132375.146,43
5,132379.883,43
5,132382.649,43
5,132385.228,43
5,132387.854,43
5,132391.958,43
5,132394.675,43
5,132397.182,43
5,132399.683,43
5,132402.201,43
5,132404.748,43
5,132408.432,43
5,132411.436,43
5,132414.464,43
5,132417.029,43
5,132420.689,43
5,132423.477,43
5,132427.919,43
5,132430.475,43
5,132433.088,43
5,132435.658,43
5,132438.282,43
5,132441.030,43
5,132444.616,43
5,132447.563,43
5,132450.144,43
5,132452.825,43
5,132455.518,43
5,132458.095,43
5,132462.240,43
5,132464.723,43
5,132467.186,43
5,132470.317,43
5,132474.542,43
5,132477.606,43
5,132480.208,44
5,132482.738,44
5,132486.219,44
5,132490.018,44
5,132493.288,44
5,132495.755,44
5,132498.318,44
5,132504.043,44
5,132509.161,44
5,132514.583,44
5,132517.446,44
5,132521.334,44
5,132525.684,44
5,132528.707,44
5,132532.207,44
5,132535.731,44
5,132539.014,44
5,132542.781,44
5,132547.329,44
5,132550.138,44
5,132552.684,44
5,132555.204,44
5,132557.980,44
5,132561.545,44
5,132563.836,44
5,132566.451,44
5,132568.988,44
5,132571.824,44
5,132575.642,44
5,132578.312,44
5,132580.844,44
5,132583.784,44
5,132586.954,44
5,132591.725,44
5,132594.953,44
5,132598.020,44
5,132601.066,44
5,132604.159,44
5,132608.686,44
5,132611.922,44
5,132615.039,44
5,132618.044,44
5,132621.095,44
5,132623.702,44
5,132627.036,44
5,132630.909,44
5,132634.052,44
5,132637.163,44
5,132641.877,44
5,132644.693,44
5,132647.511,45
5,132650.652,45
5,132653.476,45
5,132658.249,45
5,132661.459,45
5,132664.449,45
5,132666.981,45
5,132669.671,45
5,132673.560,45
5,132677.085,45
5,132680.145,45
5,132683.397,45
5,132685.944,45
5,132689.294,45
5,132692.794,45
5,132695.964,45
5,132698.964,45
5,132701.853,45
5,132704.539,45
5,132709.326,45
5,132713.488,45
5,132717.646,45
5,132722.677,45
5,132726.099,45
5,132728.725,45
5,132731.762,45
5,132734.972,45
5,132737.771,45
5,132740.875,45
5,132744.734,45
5,132747.296,45
5,132751.694,45
5,132756.071,45
5,132760.253,45
5,132763.987,45
5,132767.202,45
5,132769.807,45
5,132773.145,45
5,132777.207,45
5,132780.348,45
5,132783.497,45
5,132786.351,45
5,132788.944,45
5,132791.648,45
5,132794.856,45
5,132798.619,45
5,132801.754,45
5,132805.043,45
5,132808.308,45
5,132811.090,45
5,132814.204,46
5,132817.767,46
5,132820.579,46
5,132823.198,46
5,132828.328,46
5,132830.770,46
5,132833.358,46
5,132835.796,46
5,132839.190,46
5,132842.534,46
5,132845.446,46
5,132847.930,46
5,132850.498,46
5,132853.951,46
5,132857.433,46
5,132860.599,46
5,132863.751,46
5,132866.685,46
5,132869.058,46
5,132872.181,46
5,132877.180,46
5,132879.926,46
5,132883.012,46
5,132885.677,46
5,132888.258,46
5,132893.074,46
5,132896.948,46
5,132900.333,46
5,132902.905,46
5,132905.728,46
5,132909.519,46
5,132912.107,46
5,132915.137,46
5,132917.868,46
5,132921.347,46
5,132925.927,46
5,132928.716,46
5,132931.246,46
5,132933.970,46
5,132936.498,46
5,132939.070,46
5,132943.574,46
5,132946.937,46
5,132950.114,46
5,132953.217,46
5,132955.924,46
5,132958.646,46
5,132962.308,46
5,132964.955,46
5,132967.556,46
5,132970.632,46
5,132974.535,46
5,132978.364,46
5,132981.461,47
5,132983.953,47
5,132986.501,47
5,132989.817,47
5,132993.609,47
5,132996.293,47
5,132998.835,47
5,133001.777,47
5,133004.708,47
5,133009.563,47
5,133012.798,47
5,133015.838,47
5,133018.455,47
5,133021.489,47
5,133025.515,47
5,133028.782,47
5,133031.796,47
5,133034.897,47
5,133037.790,47
5,133042.312,47
5,133045.616,47
5,133048.880,47
5,133052.078,47
5,133055.250,47
5,133059.419,47
5,133062.600,47
5,133065.079,47
5,133067.937,47
5,133070.609,47
5,133073.333,47
5,133078.099,47
5,133081.198,47
5,133084.744,47
5,133087.802,47
5,133092.535,47
5,133095.696,47
5,133098.814,47
5,133101.869,47
5,133106.273,47
5,133109.242,47
5,133113.687,47
5,133116.328,47
5,133118.756,47
5,133122.013,47
5,133124.642,47
5,133127.856,47
5,133131.906,47
5,133134.480,47
5,133136.952,47
5,133139.664,47
5,133143.383,47
5,133146.309,48
5,133148.814,48
5,133151.379,48
5,133154.581,48
5,133159.586,48
5,133162.641,48
5,133165.111,48
5,133167.802,48
5,133170.893,48
5,133174.548,48
5,133177.594,48
5,133180.571,48
5,133183.590,48
5,133186.598,48
5,133189.710,48
5,133192.797,48
5,133195.318,48
5,133198.140,48
5,133200.822,48
5,133203.822,48
5,133206.564,48
5,133210.956,48
5,133214.019,48
5,133216.733,48
5,133219.150,48
5,133221.783,48
5,133225.405,48
5,133228.647,48
5,133231.739,48
5,133234.733,48
5,133237.549,48
5,133240.482,48
5,133244.846,48
5,133248.171,48
5,133251.207,48
5,133254.540,48
5,133257.987,48
5,133261.744,48
5,133264.897,48
5,133268.293,48
5,133271.644,48
5,133276.895,48
5,133280.110,48
5,133283.237,48
5,133285.669,48
5,133288.719,48
5,133291.451,48
5,133296.483,48
5,133299.094,48
5,133302.370,48
5,133305.104,48
5,133309.579,48
5,133312.756,49
5,133315.220,49
5,133318.548,49
5,133321.727,49
5,133325.081,49
5,133329.003,49
5,133332.743,49
5,133335.393,49
5,133338.568,49
5,133342.963,49
5,133346.056,49
5,133349.379,49
5,133352.256,49
5,133355.167,49
5,133358.924,49
5,133362.756,49
5,133365.939,49
5,133368.430,49
5,133370.971,49
5,133373.977,49
5,133378.241,49
5,133380.640,49
5,133383.299,49
5,133386.376,49
5,133389.778,49
5,133394.219,49
5,133397.321,49
5,133400.338,49
5,133403.396,49
5,133406.781,49
5,133410.454,49
5,133413.570,49
5,133416.730,49
5,133419.289,49
5,133422.098,49
5,133426.792,49
5,133429.994,49
5,133433.095,49
5,133436.324,49
5,133439.539,49
5,133443.392,49
5,133446.377,49
5,133449.431,49
5,133452.121,49
5,133454.768,49
5,133457.640,49
5,133461.712,49
5,133464.811,49
5,133467.361,49
5,133471.184,49
5,133474.527,49
5,133477.982,49
5,133480.903,50
5,133483.987,50
5,133487.105,50
5,133491.024,50
5,133494.469,50
5,133497.672,50
5,133501.218,50
5,133504.046,50
5,133507.501,50
5,133510.974,50
5,133514.157,50
5,133516.640,50
5,133519.691,50
5,133522.229,50
5,133527.857,50
5,133531.042,50
5,133534.219,50
5,133538.360,50
5,133542.554,50
5,133546.445,50
5,133549.044,50
5,133552.193,50
5,133554.947,50
5,133559.212,50
5,133562.513,50
5,133565.038,50
5,133567.568,50
5,133570.084,50
5,133573.375,50
5,133576.988,50
5,133580.271,50
5,133582.846,50
5,133586.048,50
5,133588.883,50
5,133593.275,50
5,133595.648,50
5,133598.125,50
5,133600.772,50
5,133603.469,50
5,133606.673,50
5,133610.623,50
5,133613.734,50
5,133616.418,50
5,133619.137,50
5,133622.626,50
5,133626.154,50
5,133629.578,50
5,133632.197,50
5,133636.227,50
5,133639.512,50
5,133642.908,50
5,133645.432,51
5,133647.846,51
5,133650.485,51
5,133653.501,51
5,133656.963,51
5,133660.034,51
5,133662.697,51
5,133665.134,51
5,133667.509,51
5,133670.321,51
5,133673.038,51
5,133677.404,51
5,133680.409,51
5,133683.555,51
5,133686.760,51
5,133689.427,51
5,133693.919,51
5,133696.554,51
5,133699.717,51
5,133702.851,51
5,133706.157,51
5,133709.854,51
5,133712.485,51
5,133715.263,51
5,133718.414,51
5,133721.070,51
5,133725.249,51
5,133728.550,51
5,133731.542,51
5,133734.631,51
5,133737.390,51
5,133742.042,51
5,133745.184,51
5,133748.285,51
5,133751.437,51
5,133754.750,51
5,133758.801,51
5,133762.159,51
5,133765.270,51
5,133767.833,51
5,133771.260,51
5,133775.922,51
5,133779.374,51
5,133781.975,51
5,133784.697,51
5,133787.280,51
5,133790.335,51
5,133793.316,51
5,133796.608,51
5,133800.033,51
5,133803.159,51
5,133805.832,51
5,133808.968,51
5,133812.363,51
5,133815.698,51
5,133818.722,52
5,133821.880,52
5,133824.935,52
5,133828.881,52
5,133831.785,52
5,133834.715,52
5,133837.224,52
5,133839.901,52
5,133844.064,52
5,133847.083,52
5,133850.167,52
5,133853.327,52
5,133856.284,52
5,133860.365,52
5,133863.369,52
5,133866.002,52
5,133868.839,52
5,133871.825,52
5,133874.937,52
5,133878.333,52
5,133881.337,52
5,133884.477,52
5,133887.382,52
5,133890.339,52
5,133894.088,52
5,133896.777,52
5,133899.420,52
5,133902.207,52
5,133905.523,52
5,133909.161,52
5,133914.107,52
5,133917.336,52
5,133920.466,52
5,133923.595,52
5,133926.992,52
5,133929.930,52
5,133932.776,52
5,133935.229,52
5,133939.418,52
5,133943.954,52
5,133946.514,52
5,133949.560,52
5,133952.420,52
5,133955.141,52
5,133957.811,52
5,133960.298,52
5,133965.052,52
5,133967.772,52
5,133970.449,52
5,133972.846,52
5,133976.198,52
5,133978.580,53
5,133983.793,53
5,133986.728,53
5,133989.914,53
5,133992.403,53
5,133996.813,53
5,133999.831,53
5,134002.377,53
5,134004.998,53
5,134008.035,53
5,134011.889,53
5,134014.931,53
5,134018.007,53
5,134021.025,53
5,134024.466,53
5,134028.159,53
5,134032.594,53
5,134035.716,53
5,134038.288,53
5,134041.551,53
5,134045.335,53
5,134048.380,53
5,134051.425,53
5,134054.554,53
5,134057.777,53
5,134061.153,53
5,134064.492,53
5,134067.893,53
5,134071.043,53
5,134074.013,53
5,134076.897,53
5,134079.292,53
5,134084.034,53
5,134087.092,53
5,134090.531,53
5,134093.677,53
5,134098.135,53
5,134100.894,53
5,134103.878,53
5,134106.678,53
5,134109.542,53
5,134112.787,53
5,134115.845,53
5,134118.654,53
5,134121.760,53
5,134124.383,53
5,134127.019,53
5,134130.144,53
5,134134.141,53
5,134137.288,53
5,134140.565,53
5,134143.102,53
5,134145.839,53
5,134149.784,55
5,134152.996,55
5,134155.673,55
5,134158.140,55
5,134162.949,55
5,134165.922,55
5,134168.984,55
5,134172.003,55
5,134174.648,55
5,134178.571,55
5,134181.601,55
5,134184.666,55
5,134187.150,55
5,134189.920,55
5,134193.574,55
5,134196.519,55
5,134199.172,55
5,134202.147,55
5,134205.389,55
5,134208.766,55
5,134211.822,55
5,134214.811,55
5,134217.646,55
5,134220.663,55
5,134223.824,55
5,134227.777,55
5,134230.358,55
5,134232.842,55
5,134235.401,55
5,134238.408,55
5,134242.452,55
5,134246.034,55
5,134248.651,55
5,134250.982,55
5,134254.171,55
5,134256.918,55
5,134261.760,55
5,134264.941,55
5,134267.983,55
5,134271.139,55
5,134273.752,55
5,134277.985,55
5,134281.129,55
5,134284.276,55
5,134287.291,55
5,134290.244,55
5,134292.679,55
5,134295.782,55
5,134300.083,55
5,134303.339,55
5,134306.017,55
5,134308.713,55
5,134312.103,55
5,134315.059,56
5,134317.850,56
5,134320.970,56
5,134324.128,56
5,134326.842,56
5,134329.882,56
5,134332.445,56
5,134335.152,56
5,134338.327,56
5,134340.984,56
5,134343.860,56
5,134346.381,56
5,134348.936,56
5,134353.127,56
5,134355.766,56
5,134358.801,56
5,134361.861,56
5,134365.053,56
5,134369.040,56
5,134372.406,56
5,134375.500,56
5,134378.720,56
5,134383.542,56
5,134386.935,56
5,134389.776,56
5,134392.810,56
5,134396.502,56
5,134400.428,56
5,134403.203,56
5,134406.372,56
5,134408.815,56
5,134411.911,56
5,134414.527,56
5,134418.055,56
5,134420.561,56
5,134423.165,56
5,134425.782,56
5,134428.120,56
5,134431.241,56
5,134434.707,56
5,134437.456,56
5,134440.623,56
5,134443.360,56
5,134446.554,56
5,134449.716,56
5,134452.442,56
5,134455.520,56
5,134458.895,56
5,134462.081,56
5,134465.144,56
5,134468.232,56
5,134471.299,56
5,134474.484,56
5,134477.789,56
5,134481.162,56
5,134484.487,56
5,134487.591,56
5,134490.693,56
5,134493.459,56
5,134496.103,57
5,134499.298,57
5,134502.867,57
5,134505.971,57
5,134508.949,57
5,134511.815,57
5,134514.587,57
5,134517.491,57
5,134520.662,57
5,134523.592,57
5,134526.137,57
5,134528.728,57
5,134531.553,57
5,134534.231,57
5,134537.014,57
5,134539.981,57
5,134544.597,57
5,134547.776,57
5,134550.898,57
5,134553.718,57
5,134556.202,57
5,134559.212,57
5,134562.034,57
5,134565.116,57
5,134567.922,57
5,134570.555,57
5,134572.948,57
5,134576.001,57
5,134579.172,57
5,134582.528,57
5,134586.307,57
5,134589.575,57
5,134592.665,57
5,134595.062,57
5,134599.374,57
5,134602.415,57
5,134605.942,57
5,134609.373,57
5,134612.761,57
5,134615.924,57
5,134619.189,57
5,134623.031,57
5,134626.419,57
5,134629.695,57
5,134632.763,57
5,134635.918,57
5,134639.156,57
5,134642.402,57
5,134645.532,57
5,134648.150,57
5,134651.894,57
5,134654.531,57
5,134657.494,57
5,134659.983,57
5,134663.038,58
5,134665.760,58
5,134668.620,58
5,134671.512,58
5,134674.086,58
5,134676.686,58
5,134679.575,58
5,134681.994,58
5,134684.697,58
5,134687.760,58
5,134691.528,58
5,134695.190,58
5,134698.341,58
5,134701.548,58
5,134704.661,58
5,134707.273,58
5,134710.084,58
5,134712.965,58
5,134716.270,58
5,134718.808,58
5,134721.337,58
5,134724.579,58
5,134727.383,58
5,134730.577,58
5,134734.046,58
5,134736.572,58
5,134739.560,58
5,134742.863,58
5,134746.442,58
5,134749.293,58
5,134752.361,58
5,134755.038,58
5,134758.233,58
5,134762.075,58
5,134765.471,58
5,134768.580,58
5,134771.919,58
5,134776.964,58
5,134780.189,58
5,134783.264,58
5,134786.434,58
5,134789.830,58
5,134793.181,58
5,134797.345,58
5,134800.420,58
5,134803.483,58
5,134806.779,58
5,134810.480,58
5,134813.619,59
5,134816.668,59
5,134819.619,59
5,134822.899,59
5,134826.756,59
5,134829.843,59
5,134832.676,59
5,134835.464,59
5,134838.180,59
5,134842.958,59
5,134846.852,59
5,134849.356,59
5,134851.978,59
5,134854.660,59
5,134859.074,59
5,134861.567,59
5,134864.033,59
5,134866.666,59
5,134869.203,59
5,134872.117,59
5,134876.201,59
5,134879.414,59
5,134882.501,59
5,134885.724,59
5,134888.971,59
5,134892.273,59
5,134895.396,59
5,134898.407,59
5,134900.843,59
5,134904.005,59
5,134907.476,59
5,134910.403,59
5,134912.857,59
5,134915.935,59
5,134919.240,59
5,134921.633,59
5,134926.207,59
5,134929.394,59
5,134932.579,59
5,134935.643,59
5,134938.853,59
5,134941.906,59
5,134944.618,59
5,134947.597,59
5,134950.214,59
5,134952.666,59
5,134955.943,59
5,134959.215,59
5,134962.385,59
5,134967.189,59
5,134969.871,59
5,134972.919,59
5,134976.158,59
5,134980.338,59
5,134982.864,60
5,134985.567,60
5,134988.650,60
5,134991.458,60
5,134994.974,60
5,134997.994,60
5,135000.609,60
5,135004.102,60
5,135007.329,60
5,135010.619,60
5,135013.777,60
5,135016.664,60
5,135019.639,60
5,135022.817,60
5,135026.118,60
5,135029.179,60
5,135032.352,60
5,135035.408,60
5,135038.057,60
5,135042.219,60
5,135044.994,60
5,135047.761,60
5,135050.759,60
5,135054.020,60
5,135056.796,60
5,135060.370,60
5,135062.983,60
5,135065.614,60
5,135068.411,60
5,135070.988,60
5,135076.087,60
5,135078.824,60
5,135081.910,60
5,135084.934,60
5,135087.484,60
5,135092.005,60
5,135095.241,60
5,135097.770,60
5,135100.495,60
5,135103.132,60
5,135106.557,60
5,135110.254,60
5,135113.610,60
5,135116.680,60
5,135119.268,60
5,135122.416,60
5,135125.443,60
5,135128.468,60
5,135133.183,60
5,135135.774,60
5,135138.245,60
5,135140.640,60
5,135145.347,60
5,135149.592,61
5,135152.198,61
5,135154.992,61
5,135159.005,61
5,135161.639,61
5,135164.110,61
5,135167.379,61
5,135170.583,61
5,135175.470,61
5,135178.392,61
5,135180.986,61
5,135184.217,61
5,135186.638,61
5,135189.875,61
5,135193.094,61
5,135196.172,61
5,135199.311,61
5,135202.432,61
5,135204.990,61
5,135209.466,61
5,135212.471,61
5,135214.939,61
5,135217.919,61
5,135221.138,61
5,135224.927,61
5,135228.112,61
5,135230.601,61
5,135233.230,61
5,135235.814,61
5,135238.229,61
5,135242.893,61
5,135246.243,61
5,135248.767,61
5,135251.850,61
5,135255.247,61
5,135258.879,61
5,135262.111,61
5,135266.499,61
5,135269.183,61
5,135272.181,61
5,135275.770,61
5,135278.424,61
5,135281.582,61
5,135284.691,61
5,135287.755,61
5,135291.016,61
5,135294.903,61
5,135298.157,61
5,135300.661,61
5,135303.221,61
5,135305.769,61
5,135310.281,61
5,135313.487,62
5,135316.593,62
5,135319.227,62
5,135322.684,62
5,135326.122,62
5,135328.682,62
5,135331.653,62
5,135334.279,62
5,135337.039,62
5,135340.616,62
5,135343.691,62
5,135346.269,62
5,135349.202,62
5,135351.823,62
5,135354.422,62
5,135358.122,62
5,135361.051,62
5,135364.080,62
5,135366.538,62
5,135369.738,62
5,135373.620,62
5,135376.764,62
5,135379.861,62
5,135382.969,62
5,135385.625,62
5,135388.150,62
5,135392.423,62
5,135395.228,62
5,135397.640,62
5,135401.109,62
5,135404.264,62
5,135407.767,62
5,135410.610,62
5,135413.762,62
5,135416.800,62
5,135419.859,62
5,135423.269,62
5,135427.327,62
5,135430.430,62
5,135433.562,62
5,135436.713,62
5,135440.008,62
5,135443.607,62
5,135446.676,62
5,135450.345,62
5,135453.054,62
5,135455.915,62
5,135458.546,62
5,135463.068,62
5,135466.055,62
5,135468.712,62
5,135471.667,62
5,135476.980,62
5,135480.145,63
5,135483.188,63
5,135486.243,63
5,135488.803,63
5,135492.584,63
5,135495.338,63
5,135498.270,63
5,135501.348,63
5,135504.849,63
5,135509.339,63
5,135511.987,63
5,135514.848,63
5,135517.316,63
5,135520.288,63
5,135523.461,63
5,135527.300,63
5,135530.400,63
5,135533.447,63
5,135536.651,63
5,135539.431,63
5,135543.618,63
5,135546.673,63
5,135551.062,63
5,135553.820,63
5,135556.499,63
5,135560.829,63
5,135563.911,63
5,135566.421,63
5,135569.677,63
5,135572.864,63
5,135576.149,63
5,135579.323,63
5,135581.963,63
5,135584.988,63
5,135587.514,63
5,135592.076,63
5,135594.718,63
5,135597.639,63
5,135600.213,63
5,135603.068,63
5,135606.174,63
5,135609.698,63
5,135612.932,63
5,135615.451,63
5,135617.973,63
5,135621.031,63
5,135624.025,63
5,135628.800,63
5,135631.853,63
5,135635.007,63
5,135638.174,63
5,135642.011,63
5,135645.296,63
5,135648.463,64
5,135651.641,64
5,135654.992,64
5,135658.958,64
5,135662.432,64
5,135665.601,64
5,135668.879,64
5,135672.019,64
5,135676.599,64
5,135679.017,64
5,135682.041,64
5,135684.431,64
5,135686.882,64
5,135689.516,64
5,135694.248,64
5,135697.595,64
5,135700.325,64
5,135703.417,64
5,135707.885,64
5,135711.278,64
5,135714.356,64
5,135717.421,64
5,135720.099,64
5,135722.891,64
5,135726.585,64
5,135728.982,64
5,135731.932,64
5,135734.797,64
5,135737.927,64
5,135741.345,64
5,135745.093,64
5,135748.068,64
5,135752.109,64
5,135754.839,64
5,135759.502,64
5,135762.783,64
5,135765.481,64
5,135767.990,64
5,135771.204,64
5,135774.604,64
5,135777.810,64
5,135781.035,64
5,135783.961,64
5,135787.046,64
5,135789.874,64
5,135793.088,64
5,135795.648,64
5,135799.572,64
5,135802.986,64
5,135805.580,64
5,135808.189,64
5,135813.773,64
5,135816.682,65
5,135819.267,65
5,135822.405,65
5,135826.878,65
5,135829.540,65
5,135832.645,65
5,135835.773,65
5,135838.314,65
5,135841.117,65
5,135846.482,65
5,135850.397,65
5,135853.707,65
5,135857.252,65
5,135860.779,65
5,135863.864,65
5,135866.513,65
5,135869.246,65
5,135872.440,65
5,135876.856,65
5,135879.846,65
5,135883.184,65
5,135886.286,65
5,135889.614,65
5,135892.899,65
5,135895.987,65
5,135898.650,65
5,135901.827,65
5,135904.975,65
5,135910.240,65
5,135913.385,65
5,135915.988,65
5,135918.527,65
5,135921.658,65
5,135926.426,65
5,135929.795,65
5,135932.851,65
5,135935.889,65
5,135939.296,65
5,135943.186,65
5,135946.400,65
5,135949.560,65
5,135952.814,65
5,135956.205,65
5,135959.429,65
5,135963.427,65
5,135965.942,65
5,135969.053,65
5,135971.900,65
5,135976.233,65
5,135979.691,66
5,135982.660,66
5,135985.504,66
5,135988.083,66
5,135993.337,66
5,135996.579,66
5,135999.646,66
5,136002.712,66
5,136006.095,66
5,136009.405,66
5,136012.555,66
5,136014.960,66
5,136018.105,66
5,136020.751,66
5,136025.974,66
5,136028.719,66
5,136031.235,66
5,136034.381,66
5,136036.906,66
5,136040.293,66
5,136044.221,66
5,136047.312,66
5,136050.277,66
5,136054.119,66
5,136056.924,66
5,136060.388,66
5,136063.176,66
5,136065.800,66
5,136068.611,66
5,136071.191,66
5,136075.975,66
5,136079.019,66
5,136082.100,66
5,136084.772,66
5,136087.537,66
5,136092.151,66
5,136095.397,66
5,136098.410,66
5,136100.999,66
5,136103.626,66
5,136107.104,66
5,136110.595,66
5,136113.764,66
5,136116.694,66
5,136119.599,66
5,136121.977,66
5,136125.039,66
5,136127.635,66
5,136130.853,66
5,136134.231,66
5,136136.822,66
5,136140.254,66
5,136143.056,66
5,136146.992,66
5,136150.112,67
5,136152.647,67
5,136156.157,67
5,136159.187,67
5,136162.056,67
5,136165.007,67
5,136167.935,67
5,136170.900,67
5,136175.700,67
5,136178.840,67
5,136181.977,67
5,136184.705,67
5,136187.731,67
5,136192.632,67
5,136195.943,67
5,136198.544,67
5,136201.666,67
5,136204.827,67
5,136209.248,67
5,136212.183,67
5,136215.328,67
5,136218.453,67
5,136221.129,67
5,136225.284,67
5,136228.142,67
5,136230.879,67
5,136233.471,67
5,136236.545,67
5,136239.208,67
5,136244.067,67
5,136247.232,67
5,136250.221,67
5,136252.778,67
5,136255.631,67
5,136259.629,67
5,136262.960,67
5,136265.568,67
5,136268.555,67
5,136271.676,67
5,136274.606,67
5,136278.945,67
5,136281.994,67
5,136285.153,67
5,136287.751,67
5,136290.390,67
5,136293.565,67
5,136296.986,67
5,136300.396,67
5,136303.537,67
5,136306.263,67
5,136308.921,67
5,136313.381,67
5,136315.913,68
5,136318.497,68
5,136321.941,68
5,136325.763,68
5,136328.772,68
5,136331.968,68
5,136334.801,68
5,136337.432,68
5,136342.318,68
5,136345.080,68
5,136348.241,68
5,136351.366,68
5,136354.801,68
5,136359.647,68
5,136362.966,68
5,136365.485,68
5,136368.122,68
5,136371.316,68
5,136376.409,68
5,136379.704,68
5,136382.240,68
5,136384.887,68
5,136387.378,68
5,136390.016,68
5,136394.441,68
5,136397.592,68
5,136400.868,68
5,136403.860,68
5,136406.978,68
5,136410.632,68
5,136413.100,68
5,136415.619,68
5,136418.152,68
5,136421.161,68
5,136425.445,68
5,136428.740,68
5,136431.903,68
5,136435.021,68
5,136438.303,68
5,136442.059,68
5,136445.383,68
5,136448.417,68
5,136451.405,68
5,136454.680,68
5,136457.201,68
5,136460.219,68
5,136464.453,68
5,136466.976,68
5,136470.322,68
5,136473.533,68
5,136477.371,68
5,136480.461,69
5,136483.570,69
5,136486.715,69
5,136489.816,69
5,136493.987,69
5,136497.022,69
5,136500.186,69
5,136503.450,69
5,136506.381,69
5,136510.775,69
5,136514.343,69
5,136518.660,69
5,136521.460,69
5,136526.080,69
5,136528.782,69
5,136531.740,69
5,136534.680,69
5,136537.279,69
5,136540.655,69
5,136543.966,69
5,136547.061,69
5,136550.865,69
5,136554.217,69
5,136557.491,69
5,136561.190,69
5,136564.234,69
5,136567.245,69
5,136571.859,69
5,136575.765,69
5,136578.754,69
5,136581.406,69
5,136584.522,69
5,136587.024,69
5,136589.807,69
5,136593.317,69
5,136595.924,69
5,136598.508,69
5,136601.706,69
5,136604.315,69
5,136607.701,69
5,136611.422,69
5,136614.475,69
5,136617.639,69
5,136620.700,69
5,136623.840,69
5,136627.140,69
5,136630.972,69
5,136634.093,69
5,136637.288,69
5,136641.753,69
5,136644.993,69
5,136647.987,70
5,136651.130,70
5,136654.261,70
5,136657.643,70
5,136660.510,70
5,136664.993,70
5,136667.390,70
5,136670.583,70
5,136673.876,70
5,136676.981,70
5,136679.955,70
5,136683.089,70
5,136685.636,70
5,136688.204,70
5,136692.713,70
5,136695.240,70
5,136697.800,70
5,136700.326,70
5,136703.036,70
5,136706.343,70
5,136710.304,70
5,136713.963,70
5,136716.614,70
5,136719.131,70
5,136721.848,70
5,136726.147,70
5,136728.695,70
5,136731.867,70
5,136734.768,70
5,136738.247,70
5,136742.334,70
5,136745.537,70
5,136748.620,70
5,136751.761,70
5,136754.965,70
5,136757.479,70
5,136762.064,70
5,136765.425,70
5,136768.476,70
5,136771.806,70
5,136776.942,70
5,136780.165,70
5,136783.381,70
5,136786.534,70
5,136789.814,70
5,136793.048,70
5,136796.570,70
5,136799.235,70
5,136802.507,70
5,136805.128,70
5,136810.276,70
5,136813.434,71
5,136816.516,71
5,136819.593,71
5,136822.719,71
5,136825.615,71
5,136829.959,71
5,136832.507,71
5,136835.401,71
5,136838.359,71
5,136843.411,71
5,136846.492,71
5,136849.599,71
5,136852.658,71
5,136856.128,71
5,136859.989,71
5,136863.073,71
5,136866.004,71
5,136868.772,71
5,136871.799,71
5,136875.838,71
5,136878.977,71
5,136882.017,71
5,136884.682,71
5,136888.942,71
5,136891.833,71
5,136895.045,71
5,136897.537,71
5,136900.970,71
5,136904.263,71
5,136907.174,71
5,136911.201,71
5,136913.680,71
5,136916.017,71
5,136919.076,71
5,136921.515,71
5,136926.724,71
5,136929.915,71
5,136933.079,71
5,136936.313,71
5,136939.185,71
5,136943.679,71
5,136946.882,71
5,136949.964,71
5,136952.345,71
5,136955.506,71
5,136959.504,71
5,136964.710,71
5,136967.426,71
5,136970.022,71
5,136973.654,71
5,136977.527,71
5,136980.586,72
5,136983.732,72
5,136986.847,72
5,136990.219,72
5,136993.784,72
5,136996.856,72
5,136999.368,72
5,137002.013,72
5,137004.484,72
5,137009.593,72
5,137012.862,72
5,137017.065,72
5,137019.905,72
5,137024.167,72
5,137027.173,72
5,137030.014,72
5,137032.596,72
5,137035.717,72
5,137038.857,72
5,137042.205,72
5,137046.274,72
5,137049.461,72
5,137052.547,72
5,137055.929,72
5,137060.270,72
5,137063.423,72
5,137065.973,72
5,137069.165,72
5,137071.772,72
5,137075.701,72
5,137078.670,72
5,137081.732,72
5,137084.644,72
5,137087.154,72
5,137092.130,72
5,137095.249,72
5,137098.447,72
5,137101.587,72
5,137105.092,72
5,137109.014,72
5,137112.122,72
5,137114.781,72
5,137117.932,72
5,137121.117,72
5,137123.675,72
5,137126.948,72
5,137131.327,72
5,137134.061,72
5,137137.357,72
5,137140.478,72
5,137144.998,72
5,137147.658,73
5,137150.504,73
5,137153.093,73
5,137156.571,73
5,137160.236,73
5,137163.372,73
5,137165.963,73
5,137168.499,73
5,137171.825,73
5,137175.968,73
5,137179.082,73
5,137182.190,73
5,137184.856,73
5,137187.461,73
5,137191.669,73
5,137194.992,73
5,137198.163,73
5,137201.336,73
5,137204.512,73
5,137209.019,73
5,137211.664,73
5,137214.754,73
5,137217.204,73
5,137219.771,73
5,137222.659,73
5,137226.625,73
5,137229.650,73
5,137232.158,73
5,137234.924,73
5,137237.648,73
5,137242.586,73
5,137245.771,73
5,137248.563,73
5,137251.706,73
5,137254.759,73
5,137259.998,73
5,137263.939,73
5,137267.099,73
5,137270.242,73
5,137274.454,73
5,137278.686,73
5,137281.851,73
5,137285.003,73
5,137287.913,73
5,137290.552,73
5,137293.224,73
5,137298.304,73
5,137301.318,73
5,137305.823,73
5,137308.856,73
5,137313.082,73
5,137315.717,74
5,137318.723,74
5,137321.257,74
5,137325.593,74
5,137328.444,74
5,137330.910,74
5,137333.340,74
5,137335.874,74
5,137339.165,74
5,137342.765,74
5,137345.467,74
5,137348.640,74
5,137351.744,74
5,137354.911,74
5,137357.747,74
5,137361.609,74
5,137366.299,74
5,137369.680,74
5,137373.077,74
5,137376.031,74
5,137379.359,74
5,137382.801,74
5,137386.074,74
5,137388.916,74
5,137391.599,74
5,137394.861,74
5,137397.850,74
5,137400.848,74
5,137403.673,74
5,137406.730,74
5,137409.842,74
5,137412.316,74
5,137415.254,74
5,137418.392,74
5,137421.347,74
5,137424.489,74
5,137427.296,74
5,137430.530,74
5,137433.516,74
5,137435.971,74
5,137438.934,74
5,137442.107,74
5,137444.694,74
5,137448.059,74
5,137451.219,74
5,137454.451,74
5,137457.505,74
5,137460.118,74
5,137462.914,74
5,137465.558,74
5,137468.116,74
5,137471.223,74
5,137474.479,74
5,137477.606,74
5,137480.476,75
5,137482.993,75
5,137486.037,75
5,137489.302,75
5,137493.207,75
5,137496.510,75
5,137499.697,75
5,137502.763,75
5,137505.635,75
5,137508.560,75
5,137512.793,75
5,137515.751,75
5,137518.492,75
5,137521.644,75
5,137526.003,75
5,137528.978,75
5,137531.616,75
5,137534.768,75
5,137537.724,75
5,137541.675,75
5,137544.390,75
5,137547.419,75
5,137550.332,75
5,137554.965,75
5,137557.714,75
5,137560.279,75
5,137562.884,75
5,137567.863,75
5,137570.912,75
5,137573.931,75
5,137576.870,75
5,137579.543,75
5,137583.735,75
5,137586.893,75
5,137589.988,75
5,137593.071,75
5,137595.447,75
5,137599.664,75
5,137602.246,75
5,137604.817,75
5,137607.894,75
5,137610.543,75
5,137613.524,75
5,137617.718,75
5,137620.860,75
5,137623.302,75
5,137625.947,75
5,137628.454,75
5,137631.210,75
5,137635.162,75
5,137638.273,75
5,137641.442,75
5,137644.599,75
5,137647.683,75
5,137651.458,75
5,137654.110,75
5,137656.686,75
5,137659.293,75
5,137662.280,76
5,137666.692,76
5,137669.574,76
5,137672.128,76
5,137675.111,76
5,137678.462,76
5,137681.064,76
5,137684.684,76
5,137687.773,76
5,137690.815,76
5,137693.331,76
5,137696.000,76
5,137700.703,76
5,137703.255,76
5,137706.069,76
5,137709.289,76
5,137711.813,76
5,137714.524,76
5,137718.097,76
5,137721.193,76
5,137723.788,76
5,137726.746,76
5,137729.674,76
5,137734.068,76
5,137736.675,76
5,137739.716,76
5,137743.090,76
5,137745.772,76
5,137749.929,76
5,137753.050,76
5,137755.774,76
5,137759.301,76
5,137762.025,76
5,137766.263,76
5,137769.261,76
5,137771.971,76
5,137775.277,76
5,137778.428,76
5,137781.463,76
5,137785.205,76
5,137788.509,76
5,137791.748,76
5,137795.032,76
5,137797.984,76
5,137801.254,76
5,137805.039,76
5,137807.626,76
5,137810.328,76
5,137813.119,76
5,137817.697,76
5,137820.740,76
5,137823.679,76
5,137826.168,76
5,137829.425,77
5,137833.586,77
5,137836.801,77
5,137839.685,77
5,137842.296,77
5,137845.099,77
5,137847.856,77
5,137851.165,77
5,137854.126,77
5,137857.367,77
5,137860.618,77
5,137863.643,77
5,137867.576,77
5,137871.791,77
5,137874.920,77
5,137878.217,77
5,137881.490,77
5,137885.207,77
5,137888.427,77
5,137891.695,77
5,137895.043,77
5,137898.188,77
5,137902.005,77
5,137905.335,77
5,137908.077,77
5,137912.086,77
5,137915.052,77
5,137917.941,77
5,137921.234,77
5,137924.582,77
5,137927.677,77
5,137930.198,77
5,137935.040,77
5,137938.235,77
5,137941.334,77
5,137944.001,77
5,137946.550,77
5,137951.650,77
5,137954.985,77
5,137958.120,77
5,137961.308,77
5,137964.425,77
5,137968.926,77
5,137972.005,77
5,137974.764,77
5,137978.200,77
5,137980.705,77
5,137986.412,77
5,137989.388,77
5,137993.094,77
5,137995.858,78
5,138000.533,78
5,138003.710,78
5,138006.314,78
5,138009.440,78
5,138012.071,78
5,138016.850,78
5,138019.371,78
5,138022.174,78
5,138024.841,78
5,138028.239,78
5,138031.469,78
5,138034.789,78
5,138037.974,78
5,138041.163,78
5,138044.588,78
5,138047.852,78
5,138051.660,78
5,138055.038,78
5,138058.420,78
5,138061.751,78
5,138065.024,78
5,138069.122,78
5,138072.006,78
5,138074.752,78
5,138079.010,78
5,138082.342,78
5,138088.023,78
5,138091.389,78
5,138095.061,78
5,138097.707,78
5,138102.421,78
5,138105.593,78
5,138108.611,78
5,138111.710,78
5,138115.101,78
5,138118.144,78
5,138121.498,78
5,138124.662,78
5,138127.791,78
5,138130.497,78
5,138134.458,78
5,138137.970,78
5,138141.291,78
5,138144.728,78
5,138147.962,78
5,138151.285,78
5,138154.556,78
5,138157.486,78
5,138161.336,78
5,138163.993,79
5,138168.067,79
5,138171.247,79
5,138174.552,79
5,138177.148,79
5,138180.255,79
5,138184.260,79
5,138189.454,79
5,138192.882,79
5,138196.024,79
5,138199.932,79
5,138203.127,79
5,138206.380,79
5,138209.748,79
5,138212.401,79
5,138217.144,79
5,138220.008,79
5,138223.086,79
5,138226.636,79
5,138230.136,79
5,138234.223,79
5,138237.436,79
5,138240.508,79
5,138243.743,79
5,138247.121,79
5,138250.334,79
5,138252.871,79
5,138255.854,79
5,138259.783,79
5,138264.388,79
5,138268.011,79
5,138271.295,79
5,138274.504,79
5,138277.711,79
5,138280.879,79
5,138284.944,79
5,138288.192,79
5,138291.432,79
5,138294.596,79
5,138297.195,79
5,138300.025,79
5,138302.953,79
5,138306.813,79
5,138311.496,79
5,138314.083,79
5,138318.082,79
5,138321.087,79
5,138323.781,79
5,138327.650,79
5,138330.098,80
5,138333.426,80
5,138337.217,80
5,138340.563,80
5,138343.335,80
5,138346.282,80
5,138351.085,80
5,138354.592,80
5,138357.660,80
5,138360.726,80
5,138363.291,80
5,138367.745,80
5,138370.850,80
5,138373.416,80
5,138376.575,80
5,138379.921,80
5,138383.407,80
5,138386.528,80
5,138389.611,80
5,138392.775,80
5,138395.827,80
5,138399.899,80
5,138403.160,80
5,138405.793,80
5,138408.371,80
5,138411.559,80
5,138414.682,80
5,138418.405,80
5,138421.507,80
5,138424.046,80
5,138427.402,80
5,138430.628,80
5,138433.749,80
5,138436.511,80
5,138439.355,80
5,138442.553,80
5,138445.514,80
5,138449.609,80
5,138452.305,80
5,138455.055,80
5,138457.651,80
5,138460.848,80
5,138463.579,80
5,138467.763,80
5,138470.958,80
5,138474.212,80
5,138478.098,80
5,138481.234,80
5,138484.987,80
5,138488.207,80
5,138491.534,80
5,138494.803,80
5,138498.271,82
5,138501.319,82
5,138505.324,82
5,138509.118,82
5,138512.060,82
5,138517.034,82
5,138519.742,82
5,138522.731,82
5,138526.086,82
5,138528.587,82
5,138532.871,82
5,138535.471,82
5,138538.013,82
5,138540.684,82
5,138543.972,82
5,138547.830,82
5,138551.826,82
5,138556.085,82
5,138559.296,82
5,138562.372,82
5,138565.796,82
5,138570.715,82
5,138574.039,82
5,138577.237,82
5,138580.365,82
5,138584.587,82
5,138587.927,82
5,138591.059,82
5,138594.536,82
5,138597.130,82
5,138600.520,82
5,138603.737,82
5,138606.404,82
5,138609.626,82
5,138612.270,82
5,138616.432,82
5,138619.696,82
5,138622.832,82
5,138625.457,82
5,138628.725,82
5,138631.905,82
5,138634.993,82
5,138638.442,82
5,138641.057,82
5,138644.226,82
5,138647.355,82
5,138650.678,82
5,138653.774,82
5,138657.047,82
5,138660.154,82
5,138663.294,83
5,138666.870,83
5,138670.322,83
5,138673.510,83
5,138676.698,83
5,138679.205,83
5,138683.546,83
5,138686.127,83
5,138688.895,83
5,138692.259,83
5,138695.546,83
5,138700.597,83
5,138703.482,83
5,138706.100,83
5,138709.251,83
5,138712.325,83
5,138716.404,83
5,138719.127,83
5,138721.742,83
5,138725.079,83
5,138727.750,83
5,138730.794,83
5,138734.739,83
5,138737.954,83
5,138741.168,83
5,138744.506,83
5,138747.640,83
5,138750.724,83
5,138753.992,83
5,138756.757,83
5,138760.002,83
5,138762.486,83
5,138768.605,83
5,138771.881,83
5,138774.676,83
5,138777.873,83
5,138781.962,83
5,138785.188,83
5,138788.272,83
5,138792.075,83
5,138795.575,83
5,138798.783,83
5,138803.122,83
5,138805.792,83
5,138808.446,83
5,138811.749,83
5,138814.851,83
5,138818.123,83
5,138821.234,83
5,138824.317,83
5,138826.878,83
5,138829.985,84
5,138833.675,84
5,138836.884,84
5,138840.096,84
5,138843.232,84
5,138846.336,84
5,138850.795,84
5,138853.538,84
5,138856.932,84
5,138860.164,84
5,138862.826,84
5,138867.042,84
5,138869.651,84
5,138872.441,84
5,138875.714,84
5,138878.487,84
5,138881.718,84
5,138884.938,84
5,138888.351,84
5,138891.686,84
5,138894.925,84
5,138897.488,84
5,138901.998,84
5,138904.761,84
5,138907.997,84
5,138911.089,84
5,138913.930,84
5,138918.311,84
5,138921.593,84
5,138924.266,84
5,138927.195,84
5,138930.070,84
5,138934.128,84
5,138937.456,84
5,138940.608,84
5,138943.807,84
5,138946.943,84
5,138949.962,84
5,138952.932,84
5,138955.583,84
5,138958.292,84
5,138960.916,84
5,138964.095,84
5,138968.070,84
5,138971.288,84
5,138973.915,84
5,138977.219,84
5,138980.195,84
5,138983.997,84
5,138987.024,84
5,138990.321,84
5,138993.592,84
5,138996.178,85
5,139000.443,85
5,139002.836,85
5,139005.478,85
5,139008.689,85
5,139011.988,85
5,139016.923,85
5,139020.096,85
5,139023.481,85
5,139026.300,85
5,139029.471,85
5,139033.635,85
5,139036.824,85
5,139040.312,85
5,139043.598,85
5,139046.815,85
5,139050.724,85
5,139053.634,85
5,139056.842,85
5,139059.898,85
5,139062.471,85
5,139066.855,85
5,139069.543,85
5,139072.683,85
5,139076.053,85
5,139079.197,85
5,139082.987,85
5,139086.229,85
5,139089.651,85
5,139092.906,85
5,139096.695,85
5,139100.085,85
5,139103.992,85
5,139107.262,85
5,139110.462,85
5,139113.596,85
5,139118.322,85
5,139120.855,85
5,139124.135,85
5,139127.127,85
5,139129.961,85
5,139132.761,85
5,139136.441,85
5,139139.727,85
5,139142.467,85
5,139145.529,85
5,139150.152,85
5,139153.337,85
5,139155.879,85
5,139159.225,85
5,139161.668,86
5,139164.815,86
5,139168.005,86
5,139171.399,86
5,139174.472,86
5,139177.703,86
5,139180.758,86
5,139184.134,86
5,139187.463,86
5,139190.310,86
5,139192.907,86
5,139195.397,86
5,139198.595,86
5,139202.186,86
5,139205.433,86
5,139208.232,86
5,139211.325,86
5,139214.397,86
5,139218.237,86
5,139221.530,86
5,139224.699,86
5,139227.389,86
5,139230.418,86
5,139234.346,86
5,139237.205,86
5,139239.734,86
5,139242.335,86
5,139245.304,86
5,139250.526,86
5,139253.264,86
5,139256.354,86
5,139259.649,86
5,139262.741,86
5,139266.723,86
5,139269.725,86
5,139272.377,86
5,139274.840,86
5,139278.111,86
5,139281.181,86
5,139284.831,86
5,139287.397,86
5,139289.985,86
5,139293.143,86
5,139295.809,86
5,139298.671,86
5,139302.691,86
5,139305.844,86
5,139309.250,86
5,139312.321,86
5,139316.929,86
5,139319.703,86
5,139322.746,86
5,139326.107,86
5,139328.772,87
5,139331.453,87
5,139335.014,87
5,139337.768,87
5,139341.073,87
5,139343.638,87
5,139346.144,87
5,139350.328,87
5,139352.828,87
5,139355.517,87
5,139358.850,87
5,139361.655,87
5,139364.598,87
5,139368.603,87
5,139371.429,87
5,139374.563,87
5,139377.134,87
5,139379.574,87
5,139383.885,87
5,139387.865,87
5,139390.960,87
5,139394.284,87
5,139397.005,87
5,139401.618,87
5,139404.949,87
5,139408.090,87
5,139411.449,87
5,139413.942,87
5,139417.862,87
5,139421.003,87
5,139423.722,87
5,139427.007,87
5,139429.608,87
5,139434.102,87
5,139436.777,87
5,139439.612,87
5,139443.000,87
5,139446.193,87
5,139450.117,87
5,139453.267,87
5,139456.395,87
5,139459.558,87
5,139462.280,87
5,139465.599,87
5,139469.240,87
5,139471.802,87
5,139475.934,87
5,139479.986,87
5,139484.045,87
5,139486.837,87
5,139490.167,87
5,139493.485,87
5,139496.560,88
5,139500.648,88
5,139503.885,88
5,139507.250,88
5,139509.881,88
5,139513.107,88
5,139516.485,88
5,139518.964,88
5,139521.502,88
5,139524.775,88
5,139527.439,88
5,139530.621,88
5,139534.388,88
5,139537.044,88
5,139539.856,88
5,139543.086,88
5,139545.589,88
5,139549.014,88
5,139552.564,88
5,139555.313,88
5,139558.487,88
5,139561.706,88
5,139564.824,88
5,139568.283,88
5,139570.984,88
5,139573.382,88
5,139576.124,88
5,139579.228,88
5,139583.314,88
5,139586.363,88
5,139588.971,88
5,139592.292,88
5,139595.229,88
5,139598.555,88
5,139601.823,88
5,139604.600,88
5,139606.965,88
5,139610.209,88
5,139613.263,88
5,139616.637,88
5,139619.809,88
5,139622.757,88
5,139627.185,88
5,139630.438,88
5,139633.582,88
5,139636.981,88
5,139640.073,88
5,139642.667,88
5,139646.156,88
5,139650.403,88
5,139653.592,88
5,139656.943,88
5,139659.546,88
5,139662.573,89
5,139666.917,89
5,139670.113,89
5,139673.584,89
5,139676.661,89
5,139679.921,89
5,139683.594,89
5,139686.299,89
5,139690.336,89
5,139693.178,89
5,139696.341,89
5,139700.885,89
5,139704.236,89
5,139707.436,89
5,139711.198,89
5,139713.799,89
5,139717.443,89
5,139720.543,89
5,139723.005,89
5,139725.330,89
5,139728.557,89
5,139731.071,89
5,139734.497,89
5,139737.557,89
5,139740.099,89
5,139742.658,89
5,139745.590,89
5,139750.076,89
5,139752.740,89
5,139755.395,89
5,139758.705,89
5,139761.851,89
5,139764.936,89
5,139768.721,89
5,139772.045,89
5,139775.293,89
5,139777.932,89
5,139780.595,89
5,139784.241,89
5,139787.563,89
5,139790.022,89
5,139792.620,89
5,139795.548,89
5,139798.205,89
5,139801.704,89
5,139804.883,89
5,139808.076,89
5,139811.217,89
5,139814.642,89
5,139818.139,89
5,139820.893,89
5,139824.053,89
5,139827.292,89
5,139830.398,90
5,139833.998,90
5,139836.719,90
5,139839.453,90
5,139842.797,90
5,139845.300,90
5,139848.519,90
5,139851.868,90
5,139854.419,90
5,139857.555,90
5,139860.627,90
5,139863.220,90
5,139867.087,90
5,139869.709,90
5,139872.486,90
5,139875.564,90
5,139878.910,90
5,139883.045,90
5,139885.680,90
5,139888.071,90
5,139891.287,90
5,139893.948,90
5,139896.424,90
5,139899.039,90
5,139903.541,90
5,139906.162,90
5,139909.316,90
5,139912.031,90
5,139916.490,90
5,139919.544,90
5,139922.115,90
5,139925.152,90
5,139928.284,90
5,139930.895,90
5,139935.261,90
5,139938.514,90
5,139941.569,90
5,139944.676,90
5,139947.866,90
5,139951.632,90
5,139954.823,90
5,139957.789,90
5,139960.427,90
5,139962.991,90
5,139965.382,90
5,139968.019,90
5,139972.015,90
5,139974.701,90
5,139977.410,90
5,139980.355,90
5,139984.781,90
5,139987.393,90
5,139991.472,90
5,139994.033,90
5,139996.553,91
5,140001.478,91
5,140004.661,91
5,140007.958,91
5,140010.601,91
5,140013.109,91
5,140017.494,91
5,140020.312,91
5,140022.776,91
5,140026.237,91
5,140028.816,91
5,140032.850,91
5,140035.484,91
5,140038.554,91
5,140042.177,91
5,140045.425,91
5,140049.634,91
5,140052.314,91
5,140054.919,91
5,140058.012,91
5,140060.795,91
5,140063.876,91
5,140067.847,91
5,140070.446,91
5,140072.924,91
5,140076.100,91
5,140079.390,91
5,140083.509,91
5,140086.070,91
5,140088.755,91
5,140092.151,91
5,140096.046,91
5,140100.404,91
5,140103.114,91
5,140106.203,91
5,140109.797,91
5,140112.955,91
5,140116.384,91
5,140119.227,91
5,140122.061,91
5,140125.215,91
5,140128.407,91
5,140131.586,91
5,140134.717,91
5,140138.709,91
5,140141.598,91
5,140144.167,91
5,140147.275,91
5,140151.433,91
5,140154.721,91
5,140157.864,91
5,140160.417,91
5,140162.923,92
5,140167.615,92
5,140170.373,92
5,140173.595,92
5,140176.812,92
5,140179.999,92
5,140183.111,92
5,140185.928,92
5,140189.063,92
5,140192.154,92
5,140195.398,92
5,140199.718,92
5,140202.864,92
5,140205.610,92
5,140208.831,92
5,140211.944,92
5,140216.458,92
5,140219.605,92
5,140222.283,92
5,140225.245,92
5,140227.828,92
5,140230.524,92
5,140233.998,92
5,140236.842,92
5,140239.354,92
5,140242.484,92
5,140245.788,92
5,140250.632,92
5,140253.825,92
5,140256.932,92
5,140260.212,92
5,140263.463,92
5,140266.695,92
5,140269.933,92
5,140273.387,92
5,140276.507,92
5,140279.185,92
5,140282.874,92
5,140286.128,92
5,140289.427,92
5,140293.399,92
5,140296.735,92
5,140301.002,92
5,140303.796,92
5,140306.411,92
5,140309.672,92
5,140312.094,92
5,140316.583,92
5,140319.065,92
5,140322.276,92
5,140325.449,92
5,140328.531,92
5,140333.416,93
5,140336.564,93
5,140339.777,93
5,140342.886,93
5,140345.931,93
5,140349.274,93
5,140352.790,93
5,140356.036,93
5,140359.180,93
5,140362.344,93
5,140365.713,93
5,140369.090,93
5,140372.565,93
5,140376.237,93
5,140379.235,93
5,140383.889,93
5,140386.656,93
5,140389.166,93
5,140392.465,93
5,140395.244,93
5,140398.415,93
5,140401.286,93
5,140403.918,93
5,140406.978,93
5,140409.551,93
5,140412.620,93
5,140416.926,93
5,140419.975,93
5,140422.375,93
5,140425.674,93
5,140428.386,93
5,140431.675,93
5,140434.597,93
5,140437.674,93
5,140440.813,93
5,140444.103,93
5,140447.287,93
5,140451.490,93
5,140454.820,93
5,140457.987,93
5,140461.484,93
5,140464.584,93
5,140468.248,93
5,140471.746,93
5,140474.948,93
5,140478.114,93
5,140481.368,93
5,140484.521,93
5,140487.526,93
5,140490.573,93
5,140493.130,93
5,140495.725,94
5,140498.983,94
5,140502.724,94
5,140506.526,94
5,140510.620,94
5,140513.728,94
5,140517.468,94
5,140520.461,94
5,140523.096,94
5,140526.199,94
5,140529.205,94
5,140533.026,94
5,140535.669,94
5,140538.211,94
5,140540.813,94
5,140544.273,94
5,140547.376,94
5,140550.633,94
5,140556.119,94
5,140560.565,94
5,140564.108,94
5,140567.936,94
5,140571.187,94
5,140574.085,94
5,140576.648,94
5,140579.123,94
5,140583.473,94
5,140586.496,94
5,140589.581,94
5,140593.015,94
5,140596.475,94
5,140600.375,94
5,140603.017,94
5,140605.863,94
5,140609.278,94
5,140612.058,94
5,140617.125,94
5,140620.364,94
5,140622.908,94
5,140626.147,94
5,140628.717,94
5,140631.439,94
5,140635.407,94
5,140638.762,94
5,140641.872,94
5,140645.318,94
5,140648.568,94
5,140651.915,94
5,140654.809,94
5,140657.992,94
5,140661.307,94
5,140664.477,95
5,140667.843,95
5,140670.855,95
5,140674.068,95
5,140677.054,95
5,140679.584,95
5,140682.187,95
5,140686.225,95
5,140689.723,95
5,140692.351,95
5,140695.894,95
5,140700.386,95
5,140703.175,95
5,140706.580,95
5,140709.867,95
5,140713.074,95
5,140716.722,95
5,140719.926,95
5,140722.840,95
5,140726.026,95
5,140728.712,95
5,140731.907,95
5,140734.862,95
5,140737.482,95
5,140740.646,95
5,140743.912,95
5,140746.396,95
5,140750.698,95
5,140753.960,95
5,140756.906,95
5,140760.186,95
5,140762.931,95
5,140766.762,95
5,140769.874,95
5,140772.713,95
5,140776.040,95
5,140778.507,95
5,140781.362,95
5,140785.473,95
5,140789.081,95
5,140792.333,95
5,140795.434,95
5,140798.374,95
5,140802.176,95
5,140804.984,95
5,140808.327,95
5,140811.506,95
5,140814.697,95
5,140817.731,95
5,140820.314,95
5,140822.992,95
5,140825.474,95
5,140828.140,95
5,140830.757,96
5,140835.125,96
5,140837.671,96
5,140840.978,96
5,140844.313,96
5,140847.446,96
5,140850.433,96
5,140853.208,96
5,140856.404,96
5,140859.502,96
5,140862.109,96
5,140866.397,96
5,140869.003,96
5,140872.025,96
5,140875.021,96
5,140877.575,96
5,140880.045,96
5,140882.898,96
5,140886.303,96
5,140889.899,96
5,140893.044,96
5,140895.657,96
5,140900.124,96
5,140903.039,96
5,140905.989,96
5,140909.283,96
5,140911.821,96
5,140915.225,96
5,140918.871,96
5,140922.026,96
5,140925.140,96
5,140928.258,96
5,140930.756,96
5,140934.433,96
5,140937.058,96
5,140940.701,96
5,140943.921,96
5,140946.405,96
5,140949.577,96
5,140952.959,96
5,140955.881,96
5,140959.353,96
5,140962.296,96
5,140965.595,96
5,140968.581,96
5,140971.414,96
5,140976.136,96
5,140979.242,96
5,140982.018,96
5,140984.620,96
5,140988.359,96
5,140991.504,96
5,140994.871,96
5,140997.948,97
5,141002.236,97
5,141005.548,97
5,141008.761,97
5,141011.982,97
5,141016.112,97
5,141018.879,97
5,141022.083,97
5,141025.054,97
5,141028.344,97
5,141030.872,97
5,141035.049,97
5,141038.436,97
5,141041.100,97
5,141044.270,97
5,141046.799,97
5,141050.743,97
5,141053.877,97
5,141056.486,97
5,141059.918,97
5,141062.989,97
5,141066.771,97
5,141069.891,97
5,141073.071,97
5,141076.394,97
5,141080.425,97
5,141083.561,97
5,141086.610,97
5,141089.329,97
5,141092.905,97
5,141096.118,97
5,141099.362,97
5,141102.845,97
5,141105.746,97
5,141109.020,97
5,141111.919,97
5,141116.424,97
5,141119.506,97
5,141122.779,97
5,141126.085,97
5,141129.178,97
5,141132.121,97
5,141134.855,97
5,141137.411,97
5,141140.147,97
5,141144.485,97
5,141146.999,97
5,141150.005,97
5,141152.835,97
5,141157.353,97
5,141160.757,97
5,141163.948,98
5,141167.102,98
5,141170.533,98
5,141173.935,98
5,141176.465,98
5,141178.971,98
5,141181.758,98
5,141186.058,98
5,141189.337,98
5,141192.541,98
5,141195.190,98
5,141200.164,98
5,141204.632,98
5,141207.840,98
5,141210.916,98
5,141213.827,98
5,141217.451,98
5,141220.637,98
5,141223.826,98
5,141226.852,98
5,141229.773,98
5,141233.315,98
5,141235.999,98
5,141238.569,98
5,141241.690,98
5,141245.021,98
5,141248.228,98
5,141251.327,98
5,141254.052,98
5,141257.023,98
5,141260.386,98
5,141263.613,98
5,141266.860,98
5,141270.002,98
5,141272.875,98
5,141276.030,98
5,141278.795,98
5,141283.690,98
5,141287.536,98
5,141290.289,98
5,141293.188,98
5,141295.839,98
5,141300.888,98
5,141304.053,98
5,141306.985,98
5,141309.732,98
5,141312.403,98
5,141316.721,98
5,141319.542,98
5,141322.141,98
5,141324.759,98
5,141328.122,98
5,141331.266,99
5,141337.883,99
5,141341.179,99
5,141344.334,99
5,141347.461,99
5,141351.277,99
5,141354.177,99
5,141357.385,99
5,141360.541,99
5,141363.696,99
5,141367.674,99
5,141370.990,99
5,141374.329,99
5,141377.849,99
5,141380.944,99
5,141384.657,99
5,141387.911,99
5,141391.033,99
5,141394.029,99
5,141397.201,99
5,141400.774,99
5,141404.286,99
5,141407.827,99
5,141410.921,99
5,141413.507,99
5,141418.437,99
5,141421.265,99
5,141424.771,99
5,141427.960,99
5,141430.579,99
5,141434.497,99
5,141437.697,99
5,141440.840,99
5,141444.394,99
5,141447.556,99
5,141451.456,99
5,141454.692,99
5,141458.084,99
5,141461.350,99
5,141464.357,99
5,141467.717,99
5,141470.422,99
5,141472.922,99
5,141475.936,99
5,141479.208,99
5,141483.832,99
5,141486.481,99
5,141489.358,99
5,141492.736,99
5,141495.680,100
5,141498.485,100
5,141502.214,100
5,141507.409,100
5,141510.712,100
5,141513.920,100
5,141517.743,100
5,141520.475,100
5,141523.741,100
5,141526.293,100
5,141529.560,100
5,141534.316,100
5,141537.628,100
5,141540.779,100
5,141544.097,100
5,141546.628,100
5,141550.821,100
5,141554.924,100
5,141558.437,100
5,141561.762,100
5,141564.306,100
5,141568.933,100
5,141571.960,100
5,141574.969,100
5,141578.595,100
5,141581.206,100
5,141586.048,100
5,141589.261,100
5,141592.518,100
5,141595.099,100
5,141598.119,100
5,141601.933,100
5,141604.746,100
5,141608.036,100
5,141610.442,100
5,141613.423,100
5,141618.301,100
5,141621.056,100
5,141623.661,100
5,141626.231,100
5,141628.827,100
5,141632.186,100
5,141635.603,100
5,141638.508,100
5,141641.756,100
5,141644.909,100
5,141648.052,100
5,141652.009,100
5,141654.758,100
5,141657.363,100
5,141659.907,100
5,141662.688,101
5,141667.427,101
5,141670.785,101
5,141673.962,101
5,141676.984,101
5,141680.160,101
5,141684.224,101
5,141687.149,101
5,141690.378,101
5,141693.593,101
5,141696.773,101
5,141700.740,101
5,141703.384,101
5,141705.881,101
5,141708.418,101
5,141711.681,101
5,141714.845,101
5,141718.486,101
5,141721.043,101
5,141723.648,101
5,141727.011,101
5,141729.769,101
5,141733.541,101
5,141736.888,101
5,141740.106,101
5,141743.222,101
5,141745.788,101
5,141749.970,101
5,141752.751,101
5,141755.424,101
5,141758.933,101
5,141762.550,101
5,141765.954,101
5,141768.708,101
5,141771.756,101
5,141775.107,101
5,141778.252,101
5,141780.801,101
5,141785.537,101
5,141788.900,101
5,141792.110,101
5,141795.521,101
5,141798.596,101
5,141801.873,101
5,141805.149,101
5,141808.547,101
5,141811.670,101
5,141814.298,101
5,141818.021,101
5,141821.081,101
5,141824.216,101
5,141827.319,101
5,141830.440,102
5,141834.040,102
5,141837.327,102
5,141840.197,102
5,141843.219,102
5,141846.150,102
5,141849.624,102
5,141852.337,102
5,141855.722,102
5,141859.022,102
5,141862.751,102
5,141867.374,102
5,141871.728,102
5,141875.190,102
5,141878.383,102
5,141881.447,102
5,141885.242,102
5,141887.986,102
5,141891.427,102
5,141893.863,102
5,141896.969,102
5,141900.434,102
5,141903.547,102
5,141906.712,102
5,141909.865,102
5,141912.491,102
5,141917.226,102
5,141919.934,102
5,141923.123,102
5,141926.357,102
5,141928.914,102
5,141933.619,102
5,141936.933,102
5,141940.174,102
5,141943.290,102
5,141945.744,102
5,141950.695,102
5,141953.655,102
5,141956.083,102
5,141958.566,102
5,141961.107,102
5,141963.842,102
5,141967.945,102
5,141971.091,102
5,141974.109,102
5,141977.297,102
5,141980.524,102
5,141984.370,102
5,141987.672,102
5,141990.674,102
5,141993.237,102
5,141995.787,103
5,142000.032,103
5,142002.568,103
5,142005.471,103
5,142008.687,103
5,142011.919,103
5,142016.696,103
5,142019.426,103
5,142022.533,103
5,142025.503,103
5,142028.674,103
5,142033.747,103
5,142036.746,103
5,142039.967,103
5,142043.306,103
5,142045.704,103
5,142048.991,103
5,142052.718,103
5,142055.241,103
5,142058.392,103
5,142061.591,103
5,142064.672,103
5,142068.441,103
5,142071.069,103
5,142073.631,103
5,142076.750,103
5,142079.841,103
5,142083.280,103
5,142085.875,103
5,142089.082,103
5,142092.085,103
5,142094.742,103
5,142097.495,103
5,142101.637,103
5,142104.374,103
5,142107.474,103
5,142111.466,103
5,142114.193,103
5,142118.739,103
5,142122.001,103
5,142125.049,103
5,142127.639,103
5,142130.352,103
5,142135.166,103
5,142137.985,103
5,142141.029,103
5,142144.259,103
5,142146.717,103
5,142151.104,103
5,142153.758,103
5,142157.010,103
5,142160.171,103
5,142163.277,104
5,142166.935,104
5,142169.557,104
5,142173.012,104
5,142176.206,104
5,142178.801,104
5,142182.153,104
5,142185.216,104
5,142188.379,104
5,142191.520,104
5,142194.733,104
5,142197.842,104
5,142201.532,104
5,142204.205,104
5,142207.332,104
5,142209.904,104
5,142212.982,104
5,142216.739,104
5,142219.654,104
5,142222.165,104
5,142224.765,104
5,142227.972,104
5,142231.132,104
5,142234.930,104
5,142238.077,104
5,142241.100,104
5,142243.915,104
5,142246.450,104
5,142250.838,104
5,142254.076,104
5,142257.046,104
5,142260.244,104
5,142263.439,104
5,142267.092,104
5,142270.292,104
5,142273.366,104
5,142276.131,104
5,142279.359,104
5,142283.547,104
5,142286.652,104
5,142289.429,104
5,142292.176,104
5,142294.804,104
5,142297.598,104
5,142301.335,104
5,142304.650,104
5,142307.856,104
5,142311.007,104
5,142313.960,104
5,142318.721,104
5,142321.336,104
5,142324.399,104
5,142327.275,104
5,142330.443,105
5,142334.820,105
5,142337.736,105
5,142340.387,105
5,142343.753,105
5,142346.815,105
5,142350.999,105
5,142354.146,105
5,142357.226,105
5,142359.944,105
5,142362.905,105
5,142366.471,105
5,142368.907,105
5,142371.368,105
5,142374.560,105
5,142377.757,105
5,142380.217,105
5,142383.844,105
5,142386.397,105
5,142389.515,105
5,142392.599,105
5,142395.771,105
5,142399.729,105
5,142402.909,105
5,142405.519,105
5,142408.893,105
5,142413.427,105
5,142416.956,105
5,142420.986,105
5,142424.146,105
5,142427.037,105
5,142430.377,105
5,142434.874,105
5,142438.044,105
5,142440.684,105
5,142443.886,105
5,142446.476,105
5,142451.509,105
5,142454.830,105
5,142458.150,105
5,142461.400,105
5,142464.501,105
5,142467.102,105
5,142469.580,105
5,142472.006,105
5,142476.042,105
5,142479.275,105
5,142481.846,105
5,142484.348,105
5,142489.872,105
5,142493.225,105
5,142496.271,106
5,142498.993,106
5,142502.706,106
5,142505.504,106
5,142509.232,106
5,142512.627,106
5,142515.734,106
5,142518.925,106
5,142521.595,106
5,142525.004,106
5,142527.991,106
5,142530.542,106
5,142534.713,106
5,142537.224,106
5,142540.007,106
5,142543.193,106
5,142545.658,106
5,142549.842,106
5,142552.767,106
5,142555.685,106
5,142558.736,106
5,142563.240,106
5,142566.999,106
5,142570.203,106
5,142573.669,106
5,142576.353,106
5,142579.467,106
5,142583.473,106
5,142585.988,106
5,142589.350,106
5,142592.058,106
5,142594.808,106
5,142598.060,106
5,142601.717,106
5,142604.927,106
5,142608.074,106
5,142610.619,106
5,142613.588,106
5,142619.300,106
5,142622.939,106
5,142626.252,106
5,142629.421,106
5,142632.761,106
5,142636.307,106
5,142639.992,106
5,142643.273,106
5,142646.432,106
5,142650.396,106
5,142653.688,106
5,142656.753,106
5,142660.062,106
5,142662.496,107
5,142667.049,107
5,142669.843,107
5,142673.122,107
5,142675.848,107
5,142678.573,107
5,142681.216,107
5,142684.749,107
5,142687.412,107
5,142690.442,107
5,142693.588,107
5,142696.745,107
5,142700.460,107
5,142703.509,107
5,142706.776,107
5,142710.102,107
5,142714.342,107
5,142717.844,107
5,142721.086,107
5,142724.307,107
5,142728.111,107
5,142731.230,107
5,142734.949,107
5,142738.200,107
5,142741.264,107
5,142744.581,107
5,142747.216,107
5,142750.981,107
5,142754.174,107
5,142757.161,107
5,142760.105,107
5,142763.465,107
5,142767.341,107
5,142769.892,107
5,142772.926,107
5,142776.440,107
5,142779.687,107
5,142783.898,107
5,142786.412,107
5,142789.560,107
5,142792.134,107
5,142794.755,107
5,142797.841,107
5,142800.454,107
5,142804.917,107
5,142808.239,107
5,142811.433,107
5,142814.565,107
5,142818.807,107
5,142822.293,107
5,142825.406,107
5,142828.119,107
5,142831.245,109
5,142835.774,109
5,142838.821,109
5,142842.009,109
5,142844.735,109
5,142847.865,109
5,142851.015,109
5,142854.331,109
5,142857.459,109
5,142860.606,109
5,142863.248,109
5,142867.776,109
5,142871.083,109
5,142874.439,109
5,142877.875,109
5,142881.127,109
5,142884.854,109
5,142888.077,109
5,142891.206,109
5,142894.462,109
5,142897.398,109
5,142901.163,109
5,142904.240,109
5,142907.188,109
5,142910.549,109
5,142913.736,109
5,142916.973,109
5,142920.091,109
5,142923.939,109
5,142927.773,109
5,142931.237,109
5,142934.791,109
5,142937.504,109
5,142940.073,109
5,142942.576,109
5,142945.275,109
5,142948.497,109
5,142951.675,109
5,142954.748,109
5,142957.213,109
5,142960.307,109
5,142963.053,109
5,142966.097,109
5,142970.760,109
5,142973.917,109
5,142977.186,109
5,142980.369,109
5,142983.650,109
5,142987.166,109
5,142989.905,109
5,142992.563,109
5,142995.131,110
5,142997.809,110
5,143001.204,110
5,143004.535,110
5,143007.777,110
5,143011.047,110
5,143014.628,110
5,143018.713,110
5,143021.930,110
5,143025.048,110
5,143028.010,110
5,143030.604,110
5,143034.424,110
5,143037.546,110
5,143039.997,110
5,143043.279,110
5,143046.421,110
5,143050.728,110
5,143054.063,110
5,143056.686,110
5,143060.034,110
5,143062.676,110
5,143066.661,110
5,143070.823,110
5,143074.921,110
5,143078.188,110
5,143081.454,110
5,143085.372,110
5,143088.783,110
5,143091.838,110
5,143095.124,110
5,143097.722,110
5,143101.767,110
5,143104.373,110
5,143107.458,110
5,143110.535,110
5,143113.815,110
5,143117.409,110
5,143120.755,110
5,143123.828,110
5,143126.802,110
5,143129.735,110
5,143132.710,110
5,143135.853,110
5,143138.782,110
5,143141.799,110
5,143144.974,110
5,143148.255,110
5,143151.105,110
5,143154.843,110
5,143157.504,110
5,143160.705,110
5,143163.663,111
5,143167.622,111
5,143170.835,111
5,143174.348,111
5,143177.738,111
5,143180.866,111
5,143184.306,111
5,143187.474,111
5,143190.640,111
5,143193.820,111
5,143196.432,111
5,143201.074,111
5,143203.861,111
5,143206.515,111
5,143209.869,111
5,143212.420,111
5,143216.435,111
5,143219.027,111
5,143221.851,111
5,143225.144,111
5,143228.620,111
5,143231.771,111
5,143235.193,111
5,143238.337,111
5,143241.541,111
5,143244.642,111
5,143247.845,111
5,143251.378,111
5,143254.107,111
5,143256.761,111
5,143260.166,111
5,143264.936,111
5,143269.438,111
5,143272.926,111
5,143276.077,111
5,143279.348,111
5,143284.539,111
5,143287.861,111
5,143291.022,111
5,143294.306,111
5,143296.838,111
5,143301.831,111
5,143305.058,111
5,143308.051,111
5,143311.293,111
5,143314.287,111
5,143318.235,111
5,143321.375,111
5,143324.603,111
5,143327.816,111
5,143331.063,112
5,143334.899,112
5,143337.543,112
5,143340.214,112
5,143343.544,112
5,143346.665,112
5,143349.948,112
5,143355.115,112
5,143359.438,112
5,143362.895,112
5,143367.116,112
5,143370.140,112
5,143373.642,112
5,143376.835,112
5,143379.986,112
5,143383.648,112
5,143386.640,112
5,143389.805,112
5,143393.198,112
5,143396.335,112
5,143400.497,112
5,143403.171,112
5,143406.163,112
5,143409.303,112
5,143411.922,112
5,143416.348,112
5,143419.361,112
5,143422.403,112
5,143425.462,112
5,143427.976,112
5,143430.589,112
5,143434.190,112
5,143437.491,112
5,143441.122,112
5,143444.054,112
5,143447.252,112
5,143451.613,112
5,143454.836,112
5,143457.990,112
5,143461.304,112
5,143464.561,112
5,143467.942,112
5,143472.511,112
5,143475.446,112
5,143478.753,112
5,143481.841,112
5,143485.413,112
5,143488.827,112
5,143492.076,112
5,143494.826,112
5,143497.601,113
5,143501.382,113
5,143504.040,113
5,143506.721,113
5,143510.069,113
5,143513.233,113
5,143517.457,113
5,143520.581,113
5,143523.751,113
5,143526.895,113
5,143529.413,113
5,143533.669,113
5,143536.730,113
5,143539.704,113
5,143543.160,113
5,143545.816,113
5,143549.728,113
5,143552.352,113
5,143554.881,113
5,143557.447,113
5,143560.012,113
5,143562.646,113
5,143567.171,113
5,143569.786,113
5,143572.534,113
5,143575.103,113
5,143578.424,113
5,143581.067,113
5,143585.327,113
5,143588.377,113
5,143591.331,113
5,143594.699,113
5,143597.870,113
5,143601.568,113
5,143604.842,113
5,143607.451,113
5,143610.794,113
5,143613.807,113
5,143618.072,113
5,143622.215,113
5,143625.371,113
5,143628.689,113
5,143631.773,113
5,143635.619,113
5,143638.396,113
5,143643.250,113
5,143647.996,113
5,143652.956,113
5,143656.482,113
5,143659.789,113
5,143662.353,114
5,143666.814,114
5,143669.323,114
5,143671.873,114
5,143674.626,114
5,143677.230,114
5,143680.293,114
5,143684.558,114
5,143687.216,114
5,143690.246,114
5,143693.403,114
5,143696.378,114
5,143700.809,114
5,143703.901,114
5,143707.126,114
5,143709.913,114
5,143712.299,114
5,143716.561,114
5,143719.577,114
5,143722.872,114
5,143726.132,114
5,143729.264,114
5,143733.023,114
5,143736.143,114
5,143739.242,114
5,143742.400,114
5,143745.845,114
5,143750.744,114
5,143753.988,114
5,143757.120,114
5,143760.224,114
5,143763.345,114
5,143766.982,114
5,143770.071,114
5,143773.373,114
5,143776.502,114
5,143779.682,114
5,143784.102,114
5,143787.380,114
5,143790.201,114
5,143793.415,114
5,143796.896,114
5,143801.197,114
5,143804.087,114
5,143807.495,114
5,143810.873,114
5,143813.972,114
5,143817.798,114
5,143820.327,114
5,143823.642,114
5,143826.683,114
5,143829.245,115
5,143833.119,115
5,143835.579,115
5,143838.119,115
5,143841.332,115
5,143844.505,115
5,143847.556,115
5,143851.317,115
5,143853.899,115
5,143857.444,115
5,143860.843,115
5,143863.943,115
5,143867.678,115
5,143870.963,115
5,143874.122,115
5,143876.629,115
5,143879.187,115
5,143883.941,115
5,143887.103,115
5,143890.104,115
5,143893.321,115
5,143896.415,115
5,143899.224,115
5,143902.559,115
5,143905.209,115
5,143907.797,115
5,143911.532,115
5,143914.618,115
5,143919.038,115
5,143922.762,115
5,143926.220,115
5,143929.420,115
5,143933.047,115
5,143935.719,115
5,143938.133,115
5,143941.271,115
5,143944.356,115
5,143947.430,115
5,143951.744,115
5,143954.989,115
5,143958.097,115
5,143961.386,115
5,143964.445,115
5,143968.472,115
5,143972.088,115
5,143974.890,115
5,143977.759,115
5,143980.831,115
5,143984.864,115
5,143987.353,115
5,143989.962,115
5,143993.082,115
5,143995.711,116
5,143999.794,116
5,144003.050,116
5,144005.662,116
5,144009.030,116
5,144012.276,116
5,144015.138,116
5,144019.701,116
5,144024.207,116
5,144027.476,116
5,144030.771,116
5,144034.303,116
5,144037.707,116
5,144041.026,116
5,144044.408,116
5,144047.768,116
5,144051.508,116
5,144054.914,116
5,144058.213,116
5,144060.884,116
5,144064.098,116
5,144068.674,116
5,144072.894,116
5,144075.834,116
5,144079.418,116
5,144084.394,116
5,144088.735,116
5,144092.091,116
5,144094.954,116
5,144097.867,116
5,144101.830,116
5,144104.849,116
5,144107.305,116
5,144110.927,116
5,144114.308,116
5,144117.636,116
5,144121.046,116
5,144124.337,116
5,144127.574,116
5,144130.830,116
5,144134.144,116
5,144138.091,116
5,144140.869,116
5,144143.564,116
5,144146.156,116
5,144151.004,116
5,144153.988,116
5,144157.044,116
5,144159.552,116
5,144162.111,117
5,144166.853,117
5,144170.329,117
5,144173.521,117
5,144176.220,117
5,144178.821,117
5,144183.952,117
5,144186.931,117
5,144189.967,117
5,144193.136,117
5,144196.319,117
5,144199.611,117
5,144203.075,117
5,144206.374,117
5,144209.540,117
5,144212.618,117
5,144216.957,117
5,144220.132,117
5,144224.131,117
5,144226.817,117
5,144229.323,117
5,144233.678,117
5,144236.484,117
5,144239.463,117
5,144242.050,117
5,144245.254,117
5,144249.922,117
5,144252.830,117
5,144255.275,117
5,144258.655,117
5,144261.322,117
5,144264.245,117
5,144268.264,117
5,144271.442,117
5,144274.507,117
5,144277.741,117
5,144280.862,117
5,144284.799,117
5,144288.050,117
5,144290.613,117
5,144293.553,117
5,144296.060,117
5,144299.259,117
5,144302.878,117
5,144305.492,117
5,144308.073,117
5,144310.673,117
5,144313.164,117
5,144317.500,117
5,144321.059,117
5,144324.114,117
5,144327.259,117
5,144330.428,118
5,144333.669,118
5,144336.109,118
5,144339.465,118
5,144342.789,118
5,144345.244,118
5,144348.381,118
5,144352.163,118
5,144355.350,118
5,144358.581,118
5,144361.652,118
5,144364.183,118
5,144368.426,118
5,144371.894,118
5,144374.564,118
5,144378.352,118
5,144380.882,118
5,144385.543,118
5,144388.654,118
5,144391.965,118
5,144394.894,118
5,144398.052,118
5,144401.043,118
5,144403.729,118
5,144406.909,118
5,144409.991,118
5,144413.052,118
5,144417.132,118
5,144420.341,118
5,144423.650,118
5,144426.166,118
5,144429.363,118
5,144433.928,118
5,144436.973,118
5,144440.046,118
5,144443.349,118
5,144445.982,118
5,144448.804,118
5,144452.890,118
5,144455.718,118
5,144458.333,118
5,144461.525,118
5,144464.790,118
5,144468.987,118
5,144471.670,118
5,144474.209,118
5,144477.466,118
5,144480.514,118
5,144483.720,118
5,144486.845,118
5,144489.998,118
5,144493.261,118
5,144496.371,119
5,144499.890,119
5,144502.884,119
5,144505.504,119
5,144508.759,119
5,144511.834,119
5,144514.951,119
5,144518.151,119
5,144521.962,119
5,144525.584,119
5,144529.908,119
5,144533.760,119
5,144537.028,119
5,144540.160,119
5,144542.950,119
5,144546.180,119
5,144550.790,119
5,144554.228,119
5,144557.467,119
5,144560.693,119
5,144563.244,119
5,144567.209,119
5,144570.394,119
5,144573.665,119
5,144576.311,119
5,144578.718,119
5,144582.627,119
5,144585.443,119
5,144588.823,119
5,144591.886,119
5,144595.005,119
5,144598.054,119
5,144601.056,119
5,144603.677,119
5,144606.850,119
5,144609.985,119
5,144613.112,119
5,144616.298,119
5,144619.477,119
5,144622.197,119
5,144625.295,119
5,144628.492,119
5,144631.035,119
5,144635.115,119
5,144637.777,119
5,144641.036,119
5,144644.253,119
5,144647.102,119
5,144651.238,119
5,144654.479,119
5,144657.594,119
5,144660.813,119
5,144664.071,120
5,144667.873,120
5,144670.980,120
5,144673.633,120
5,144676.136,120
5,144678.716,120
5,144681.811,120
5,144684.881,120
5,144687.513,120
5,144690.541,120
5,144693.740,120
5,144696.361,120
5,144700.558,120
5,144703.118,120
5,144705.549,120
5,144709.430,120
5,144712.621,120
5,144716.661,120
5,144719.863,120
5,144722.983,120
5,144726.105,120
5,144729.500,120
5,144733.414,120
5,144736.775,120
5,144739.965,120
5,144743.193,120
5,144746.126,120
5,144749.885,120
5,144752.472,120
5,144755.222,120
5,144757.873,120
5,144760.736,120
5,144763.803,120
5,144768.187,120
5,144771.606,120
5,144774.859,120
5,144778.307,120
5,144780.837,120
5,144785.146,120
5,144787.786,120
5,144790.869,120
5,144793.733,120
5,144796.711,120
5,144799.230,120
5,144803.877,120
5,144807.160,120
5,144810.361,120
5,144813.530,120
5,144817.311,120
5,144820.605,120
5,144823.799,120
5,144828.127,120
5,144831.291,120
5,144837.452,120
5,144840.060,120
5,144843.373,120
5,144846.478,120
5,144850.221,120
5,144852.948,120
5,144856.706,120
5,144860.068,120
5,144863.177,120
5,144867.248,120
5,144869.950,120
5,144872.972,120
5,144876.272,120
5,144878.871,120
5,144883.350,120
5,144885.944,120
5,144889.152,120
5,144892.238,120
5,144894.858,120
5,144898.264,120
5,144901.504,120
5,144904.775,120
5,144907.291,120
5,144910.658,120
5,144913.736,120
5,144917.499,120
5,144921.025,120
5,144924.110,120
5,144927.261,120
5,144930.318,120
5,144934.212,120
5,144936.876,120
5,144939.967,120
5,144943.084,120
5,144945.608,120
5,144950.136,120
5,144952.983,120
5,144955.490,120
5,144958.167,120
5,144961.258,120
5,144964.569,120
5,144968.254,120
5,144971.515,120
5,144974.714,120
5,144977.975,120
5,144981.127,120
5,144984.933,120
5,144988.315,120
5,144991.497,120
5,144995.389,120
6,144998.516,0
6,145002.723,0
6,145005.924,0
6,145009.224,0
6,145011.920,0
6,145016.510,0
6,145019.326,0
6,145022.390,0
6,145025.019,0
6,145028.322,0
6,145030.821,0
6,145034.992,0
6,145037.649,0
6,145040.923,0
6,145044.081,0
6,145047.272,0
6,145050.777,0
6,145053.463,0
6,145056.493,0
6,145059.754,0
6,145062.250,0
6,145066.345,0
6,145068.970,0
6,145071.571,0
6,145074.372,0
6,145077.676,0
6,145080.221,0
6,145084.625,0
6,145089.584,0
6,145092.345,0
6,145095.938,0
6,145101.111,0
6,145104.322,0
6,145107.910,0
6,145111.176,0
6,145114.303,0
6,145118.182,0
6,145121.406,0
6,145124.540,0
6,145127.693,0
6,145131.655,0
6,145134.951,0
6,145137.641,0
6,145140.283,0
6,145142.832,0
6,145146.473,0
6,145150.209,0
6,145153.416,0
6,145156.835,0
6,145161.551,0
6,145165.259,0
6,145168.215,0
6,145170.925,0
6,145174.311,0
6,145177.949,0
6,145181.581,0
6,145185.060,0
6,145187.992,0
6,145191.294,0
6,145194.219,0
6,145197.174,0
6,145200.943,0
6,145204.294,0
6,145206.817,0
6,145209.292,0
6,145212.156,0
6,145214.904,0
6,145217.962,0
6,145220.887,0
6,145224.202,0
6,145227.141,0
6,145229.697,0
6,145232.208,0
6,145235.005,0
6,145237.701,0
6,145240.434,0
6,145243.131,0
6,145245.690,0
6,145248.795,0
6,145251.922,0
6,145255.187,0
6,145258.133,0
6,145262.326,0
6,145265.485,0
6,145268.077,0
6,145271.228,0
6,145274.302,0
6,145277.172,0
6,145280.131,0
6,145283.965,0
6,145286.992,0
6,145289.717,0
6,145292.911,0
6,145295.469,0
6,145298.641,0
6,145301.837,0
6,145304.686,0
6,145307.615,0
6,145310.962,0
6,145313.584,0
6,145316.226,0
6,145318.931,0
6,145322.123,0
6,145325.389,0
6,145328.801,0
6,145332.221,0
6,145335.558,0
6,145338.491,0
6,145341.817,0
6,145344.618,0
6,145347.435,0
6,145350.132,0
6,145352.683,0
6,145355.325,0
6,145358.519,0
6,145361.823,0
6,145364.833,0
6,145367.490,0
6,145370.224,0
6,145372.991,0
6,145376.114,0
6,145378.778,0
6,145381.867,0
6,145385.328,0
6,145388.477,0
6,145391.657,0
6,145394.440,0
6,145397.352,0
6,145400.116,0
6,145404.362,0
6,145407.787,0
6,145410.986,0
6,145414.593,0
6,145418.021,0
6,145421.334,0
6,145424.003,0
6,145427.438,0
6,145430.677,0
6,145433.982,0
6,145436.980,0
6,145440.570,0
6,145444.427,0
6,145447.017,0
6,145449.716,0
6,145452.689,0
6,145455.152,0
6,145458.553,0
6,145463.426,0
6,145466.573,0
6,145469.803,0
6,145472.884,0
6,145476.310,0
6,145479.569,0
6,145482.231,0
6,145485.012,0
6,145487.737,0
6,145490.552,0
6,145495.086,0
6,145498.345,0
6,145501.578,0
6,145504.928,0
6,145508.370,0
6,145511.749,0
6,145515.002,0
6,145517.652,0
6,145520.697,0
6,145523.828,0
6,145526.970,0
6,145530.242,0
6,145532.846,0
6,145535.752,0
6,145538.776,0
6,145541.366,0
6,145544.598,0
6,145547.570,0
6,145550.535,0
6,145553.249,0
6,145557.064,0
6,145560.570,0
6,145563.112,0
6,145566.397,0
6,145569.596,0
6,145574.469,0
6,145577.774,0
6,145580.207,0
6,145585.688,0
6,145590.792,0
6,145594.111,0
6,145597.043,0
6,145599.575,0
6,145602.396,0
6,145606.475,0
6,145609.229,0
6,145611.972,0
6,145615.179,0
6,145620.136,0
6,145623.585,0
6,145626.352,0
6,145629.279,0
6,145632.105,0
6,145635.543,0
6,145638.707,0
6,145641.998,0
6,145646.347,0
6,145650.267,2
6,145653.132,2
6,145657.745,2
6,145662.440,2
6,145665.221,2
6,145668.444,2
6,145671.595,2
6,145675.243,2
6,145678.369,2
6,145681.389,2
6,145684.667,2
6,145687.366,2
6,145691.895,2
6,145695.383,2
6,145698.836,2
6,145701.539,2
6,145704.202,2
6,145708.842,2
6,145711.562,2
6,145714.643,2
6,145717.190,2
6,145719.737,2
6,145722.254,2
6,145725.760,2
6,145728.677,2
6,145731.746,2
6,145735.644,2
6,145740.027,2
6,145743.230,2
6,145747.160,2
6,145750.113,2
6,145752.584,2
6,145755.780,2
6,145759.956,2
6,145762.659,2
6,145765.431,2
6,145768.036,2
6,145770.674,2
6,145773.842,2
6,145777.243,2
6,145780.262,2
6,145783.299,2
6,145786.869,2
6,145790.251,2
6,145793.505,2
6,145796.017,2
6,145799.107,2
6,145801.950,2
6,145804.924,2
6,145808.391,2
6,145811.812,2
6,145815.069,2
6,145817.438,2
6,145819.987,2
6,145822.823,2
6,145826.101,2
6,145829.766,3
6,145833.158,3
6,145836.139,3
6,145839.301,3
6,145842.364,3
6,145845.447,3
6,145848.546,3
6,145851.784,3
6,145854.561,3
6,145857.577,3
6,145859.902,3
6,145862.498,3
6,145865.109,3
6,145868.574,3
6,145871.306,3
6,145873.844,3
6,145876.353,3
6,145878.885,3
6,145881.523,3
6,145884.244,3
6,145887.629,3
6,145890.234,3
6,145892.757,3
6,145895.344,3
6,145898.280,3
6,145902.266,3
6,145905.073,3
6,145907.722,3
6,145910.959,3
6,145913.569,3
6,145917.497,3
6,145920.573,3
6,145923.231,3
6,145925.755,3
6,145928.433,3
6,145932.149,3
6,145934.776,3
6,145937.414,3
6,145940.042,3
6,145942.596,3
6,145945.521,3
6,145949.093,3
6,145954.150,3
6,145957.449,3
6,145961.818,3
6,145965.376,3
6,145969.736,3
6,145972.364,3
6,145975.220,3
6,145978.558,3
6,145982.920,4
6,145985.654,4
6,145989.133,4
6,145992.338,4
6,145996.432,4
6,145999.678,4
6,146002.790,4
6,146006.183,4
6,146009.978,4
6,146013.091,4
6,146016.093,4
6,146019.294,4
6,146022.653,4
6,146026.357,4
6,146029.515,4
6,146032.220,4
6,146034.931,4
6,146039.135,4
6,146042.947,4
6,146045.303,4
6,146048.305,4
6,146051.035,4
6,146053.668,4
6,146056.369,4
6,146060.547,4
6,146063.628,4
6,146066.647,4
6,146069.714,4
6,146072.407,4
6,146075.668,4
6,146079.274,4
6,146082.425,4
6,146085.597,4
6,146088.172,4
6,146093.118,4
6,146096.173,4
6,146098.737,4
6,146101.395,4
6,146104.510,4
6,146107.982,4
6,146111.153,4
6,146114.283,4
6,146117.307,4
6,146120.369,4
6,146123.433,4
6,146127.391,4
6,146130.220,4
6,146132.897,4
6,146135.561,4
6,146138.120,4
6,146142.106,4
6,146145.174,4
6,146147.722,5
6,146150.385,5
6,146153.328,5
6,146156.865,5
6,146160.705,5
6,146163.855,5
6,146166.325,5
6,146169.468,5
6,146172.875,5
6,146176.609,5
6,146179.938,5
6,146184.198,5
6,146187.754,5
6,146191.247,5
6,146194.634,5
6,146197.749,5
6,146200.281,5
6,146202.775,5
6,146205.908,5
6,146210.102,5
6,146213.269,5
6,146216.285,5
6,146219.396,5
6,146222.535,5
6,146225.840,5
6,146229.504,5
6,146232.440,5
6,146235.122,5
6,146237.723,5
6,146240.903,5
6,146244.546,5
6,146247.466,5
6,146250.289,5
6,146253.487,5
6,146257.219,5
6,146260.875,5
6,146263.967,5
6,146268.245,5
6,146271.559,5
6,146274.678,5
6,146278.433,5
6,146282.195,5
6,146285.415,5
6,146288.492,5
6,146292.492,5
6,146295.941,5
6,146299.868,5
6,146303.045,5
6,146306.433,5
6,146309.598,5
6,146312.847,5
6,146316.600,6
6,146319.134,6
6,146321.767,6
6,146324.764,6
6,146327.955,6
6,146331.415,6
6,146334.078,6
6,146337.059,6
6,146340.266,6
6,146344.613,6
6,146347.501,6
6,146350.359,6
6,146353.219,6
6,146356.532,6
6,146359.806,6
6,146362.325,6
6,146366.961,6
6,146369.775,6
6,146374.472,6
6,146377.757,6
6,146380.802,6
6,146383.329,6
6,146386.411,6
6,146389.092,6
6,146391.890,6
6,146395.264,6
6,146398.415,6
6,146401.614,6
6,146404.828,6
6,146407.905,6
6,146411.113,6
6,146414.719,6
6,146418.193,6
6,146422.311,6
6,146425.970,6
6,146428.833,6
6,146431.468,6
6,146434.278,6
6,146437.755,6
6,146440.900,6
6,146444.254,6
6,146446.900,6
6,146452.219,6
6,146454.944,6
6,146458.327,6
6,146461.534,6
6,146464.125,6
6,146468.258,6
6,146470.834,6
6,146473.366,6
6,146475.863,6
6,146479.092,7
6,146482.491,7
6,146485.616,7
6,146489.035,7
6,146492.298,7
6,146495.769,7
6,146498.320,7
6,146500.931,7
6,146503.657,7
6,146508.708,7
6,146511.955,7
6,146515.016,7
6,146518.222,7
6,146520.970,7
6,146524.922,7
6,146527.745,7
6,146530.646,7
6,146533.255,7
6,146535.791,7
6,146538.445,7
6,146542.863,7
6,146547.179,7
6,146550.524,7
6,146553.177,7
6,146556.677,7
6,146560.244,7
6,146562.954,7
6,146565.538,7
6,146570.520,7
6,146575.656,7
6,146578.890,7
6,146581.892,7
6,146585.020,7
6,146587.597,7
6,146592.025,7
6,146594.606,7
6,146597.210,7
6,146599.774,7
6,146602.857,7
6,146605.965,7
6,146609.868,7
6,146612.831,7
6,146615.910,7
6,146619.091,7
6,146622.284,7
6,146624.759,7
6,146628.137,7
6,146630.766,7
6,146633.846,7
6,146636.421,7
6,146639.256,7
6,146642.862,7
6,146647.213,7
6,146650.874,8
6,146654.003,8
6,146657.347,8
6,146661.315,8
6,146664.441,8
6,146667.242,8
6,146671.251,8
6,146674.546,8
6,146678.256,8
6,146681.014,8
6,146684.237,8
6,146686.856,8
6,146691.184,8
6,146694.019,8
6,146696.543,8
6,146699.565,8
6,146704.479,8
6,146707.121,8
6,146709.824,8
6,146715.118,8
6,146718.442,8
6,146721.527,8
6,146724.776,8
6,146727.952,8
6,146731.053,8
6,146734.755,8
6,146738.170,8
6,146741.423,8
6,146744.593,8
6,146747.839,8
6,146750.988,8
6,146754.166,8
6,146756.758,8
6,146759.962,8
6,146762.563,8
6,146766.259,8
6,146769.034,8
6,146771.474,8
6,146774.896,8
6,146778.034,8
6,146781.095,8
6,146784.138,8
6,146786.530,8
6,146789.790,8
6,146793.571,8
6,146796.709,8
6,146799.783,8
6,146802.875,8
6,146805.905,8
6,146810.410,8
6,146813.046,8
6,146815.722,8
6,146818.758,8
6,146822.096,8
6,146824.758,8
6,146827.505,8
6,146829.936,9
6,146834.835,9
6,146837.605,9
6,146840.570,9
6,146843.796,9
6,146846.482,9
6,146849.538,9
6,146852.176,9
6,146854.719,9
6,146857.983,9
6,146862.434,9
6,146864.940,9
6,146870.220,9
6,146872.982,9
6,146876.159,9
6,146880.227,9
6,146883.677,9
6,146886.442,9
6,146889.916,9
6,146893.363,9
6,146896.568,9
6,146900.417,9
6,146903.600,9
6,146906.928,9
6,146910.208,9
6,146913.301,9
6,146917.204,9
6,146920.269,9
6,146923.344,9
6,146926.558,9
6,146929.691,9
6,146933.460,9
6,146936.621,9
6,146939.609,9
6,146942.755,9
6,146946.978,9
6,146950.877,9
6,146954.244,9
6,146957.422,9
6,146960.604,9
6,146963.789,9
6,146967.518,9
6,146970.283,9
6,146972.866,9
6,146976.252,9
6,146979.474,9
6,146983.902,9
6,146986.752,9
6,146989.692,9
6,146992.253,9
6,146994.901,9
6,146997.699,10
6,147001.039,10
6,147003.709,10
6,147006.589,10
6,147009.793,10
6,147012.925,10
6,147016.719,10
6,147019.995,10
6,147023.144,10
6,147026.422,10
6,147029.043,10
6,147033.316,10
6,147036.001,10
6,147038.714,10
6,147042.087,10
6,147044.784,10
6,147048.118,10
6,147051.183,10
6,147053.910,10
6,147056.521,10
6,147059.748,10
6,147062.250,10
6,147065.066,10
6,147069.807,10
6,147072.472,10
6,147075.615,10
6,147078.477,10
6,147083.396,10
6,147086.527,10
6,147089.812,10
6,147093.004,10
6,147095.471,10
6,147100.481,10
6,147103.022,10
6,147105.980,10
6,147108.547,10
6,147111.735,10
6,147114.855,10
6,147118.591,10
6,147121.813,10
6,147124.459,10
6,147127.619,10
6,147130.604,10
6,147134.325,10
6,147136.894,10
6,147139.859,10
6,147143.080,10
6,147148.289,10
6,147151.544,10
6,147154.908,10
6,147158.057,10
6,147161.102,10
6,147164.171,11
6,147167.734,11
6,147170.705,11
6,147173.590,11
6,147176.718,11
6,147179.257,11
6,147182.914,11
6,147186.128,11
6,147188.720,11
6,147191.900,11
6,147195.041,11
6,147197.875,11
6,147200.566,11
6,147203.209,11
6,147206.459,11
6,147209.686,11
6,147212.773,11
6,147215.903,11
6,147219.012,11
6,147224.042,11
6,147226.704,11
6,147229.807,11
6,147232.404,11
6,147235.973,11
6,147239.095,11
6,147242.301,11
6,147245.589,11
6,147250.233,11
6,147252.854,11
6,147255.831,11
6,147258.973,11
6,147262.015,11
6,147266.622,11
6,147269.723,11
6,147272.932,11
6,147276.323,11
6,147279.470,11
6,147283.604,11
6,147286.762,11
6,147289.899,11
6,147293.098,11
6,147295.885,11
6,147298.777,11
6,147302.458,11
6,147306.099,11
6,147308.795,11
6,147311.948,11
6,147315.255,11
6,147318.945,11
6,147321.965,11
6,147325.505,11
6,147328.639,11
6,147334.046,12
6,147337.056,12
6,147339.852,12
6,147343.083,12
6,147345.593,12
6,147349.609,12
6,147352.841,12
6,147356.017,12
6,147359.233,12
6,147362.015,12
6,147366.749,12
6,147369.930,12
6,147372.843,12
6,147376.183,12
6,147378.769,12
6,147382.785,12
6,147385.456,12
6,147388.015,12
6,147391.437,12
6,147394.511,12
6,147397.661,12
6,147402.279,12
6,147405.671,12
6,147409.008,12
6,147412.117,12
6,147417.396,12
6,147420.170,12
6,147423.565,12
6,147427.085,12
6,147429.586,12
6,147433.886,12
6,147436.466,12
6,147439.649,12
6,147442.341,12
6,147445.898,12
6,147450.125,12
6,147453.355,12
6,147456.088,12
6,147458.512,12
6,147461.809,12
6,147464.306,12
6,147468.800,12
6,147471.492,12
6,147474.506,12
6,147477.241,12
6,147480.401,12
6,147484.887,12
6,147488.036,12
6,147491.397,12
6,147494.036,12
6,147496.686,13
6,147500.682,13
6,147503.902,13
6,147506.981,13
6,147510.186,13
6,147513.333,13
6,147516.563,13
6,147519.643,13
6,147522.652,13
6,147525.741,13
6,147528.791,13
6,147533.389,13
6,147536.017,13
6,147539.012,13
6,147542.158,13
6,147544.915,13
6,147548.157,13
6,147551.871,13
6,147554.851,13
6,147557.947,13
6,147561.007,13
6,147564.186,13
6,147567.287,13
6,147570.406,13
6,147573.266,13
6,147575.862,13
6,147578.838,13
6,147582.541,13
6,147585.396,13
6,147588.468,13
6,147591.908,13
6,147595.096,13
6,147598.146,13
6,147602.790,13
6,147605.574,13
6,147608.711,13
6,147611.708,13
6,147615.940,13
6,147619.085,13
6,147621.591,13
6,147624.911,13
6,147628.271,13
6,147631.156,13
6,147635.126,13
6,147638.355,13
6,147640.885,13
6,147644.284,13
6,147647.439,13
6,147650.382,13
6,147653.653,13
6,147657.140,13
6,147660.258,13
6,147663.046,14
6,147666.890,14
6,147669.921,14
6,147672.836,14
6,147675.448,14
6,147678.107,14
6,147681.212,14
6,147684.839,14
6,147687.582,14
6,147690.842,14
6,147694.277,14
6,147697.401,14
6,147701.104,14
6,147703.907,14
6,147706.685,14
6,147710.068,14
6,147715.204,14
6,147718.514,14
6,147721.758,14
6,147725.092,14
6,147727.787,14
6,147730.916,14
6,147734.369,14
6,147737.469,14
6,147739.967,14
6,147743.299,14
6,147745.894,14
6,147750.033,14
6,147752.518,14
6,147755.246,14
6,147758.643,14
6,147763.485,14
6,147769.939,14
6,147773.011,14
6,147776.575,14
6,147779.807,14
6,147784.360,14
6,147787.075,14
6,147789.839,14
6,147793.085,14
6,147795.651,14
6,147798.246,14
6,147802.751,14
6,147805.937,14
6,147809.240,14
6,147811.934,14
6,147816.189,14
6,147819.429,14
6,147822.500,14
6,147825.479,14
6,147828.173,14
6,147831.360,15
6,147834.091,15
6,147837.141,15
6,147840.586,15
6,147843.525,15
6,147846.089,15
6,147850.191,15
6,147855.624,15
6,147859.096,15
6,147862.177,15
6,147868.194,15
6,147871.571,15
6,147874.875,15
6,147878.020,15
6,147880.574,15
6,147885.382,15
6,147888.580,15
6,147891.798,15
6,147895.062,15
6,147898.291,15
6,147902.118,15
6,147905.439,15
6,147908.814,15
6,147913.007,15
6,147916.528,15
6,147919.154,15
6,147922.559,15
6,147925.964,15
6,147928.687,15
6,147933.116,15
6,147935.765,15
6,147938.291,15
6,147940.889,15
6,147944.206,15
6,147946.805,15
6,147950.357,15
6,147953.623,15
6,147956.209,15
6,147960.811,15
6,147964.146,15
6,147968.835,15
6,147972.114,15
6,147975.919,15
6,147979.474,15
6,147984.669,15
6,147987.915,15
6,147990.555,15
6,147993.757,15
6,147996.317,16
6,147999.801,16
6,148003.290,16
6,148005.958,16
6,148009.278,16
6,148012.125,16
6,148015.597,16
6,148018.445,16
6,148021.179,16
6,148024.569,16
6,148027.280,16
6,148029.821,16
6,148033.043,16
6,148035.956,16
6,148038.796,16
6,148042.194,16
6,148044.759,16
6,148048.817,16
6,148053.305,16
6,148057.054,16
6,148060.292,16
6,148063.489,16
6,148067.020,16
6,148070.109,16
6,148073.271,16
6,148076.559,16
6,148079.084,16
6,148083.127,16
6,148086.456,16
6,148089.075,16
6,148092.370,16
6,148096.376,16
6,148099.796,16
6,148102.473,16
6,148104.954,16
6,148107.966,16
6,148111.095,16
6,148114.263,16
6,148119.111,16
6,148122.124,16
6,148124.770,16
6,148127.409,16
6,148130.093,16
6,148134.001,16
6,148136.669,16
6,148139.211,16
6,148142.713,16
6,148145.311,16
6,148149.703,16
6,148152.553,16
6,148156.938,16
6,148160.151,16
6,148163.167,17
6,148167.016,17
6,148169.646,17
6,148172.903,17
6,148175.514,17
6,148178.110,17
6,148180.734,17
6,148184.222,17
6,148187.392,17
6,148190.000,17
6,148192.533,17
6,148195.207,17
6,148199.580,17
6,148202.188,17
6,148205.137,17
6,148208.453,17
6,148211.669,17
6,148214.716,17
6,148218.687,17
6,148221.870,17
6,148224.722,17
6,148228.996,17
6,148232.250,17
6,148237.855,17
6,148241.252,17
6,148244.391,17
6,148248.017,17
6,148251.582,17
6,148254.302,17
6,148257.662,17
6,148261.186,17
6,148264.306,17
6,148267.420,17
6,148270.586,17
6,148273.724,17
6,148276.935,17
6,148279.670,17
6,148284.523,17
6,148287.778,17
6,148290.421,17
6,148293.860,17
6,148297.908,17
6,148301.268,17
6,148305.480,17
6,148308.804,17
6,148311.863,17
6,148314.708,17
6,148317.864,17
6,148321.551,17
6,148324.296,17
6,148327.631,17
6,148330.212,18
6,148334.361,18
6,148338.214,18
6,148341.776,18
6,148344.940,18
6,148347.560,18
6,148353.006,18
6,148355.722,18
6,148359.369,18
6,148362.503,18
6,148366.978,18
6,148370.116,18
6,148373.403,18
6,148375.850,18
6,148379.147,18
6,148383.330,18
6,148386.525,18
6,148389.621,18
6,148393.087,18
6,148395.766,18
6,148398.734,18
6,148401.789,18
6,148404.907,18
6,148408.244,18
6,148411.310,18
6,148414.406,18
6,148418.832,18
6,148422.112,18
6,148426.568,18
6,148429.800,18
6,148433.616,18
6,148438.245,18
6,148442.282,18
6,148445.207,18
6,148448.279,18
6,148451.761,18
6,148454.970,18
6,148458.555,18
6,148461.729,18
6,148464.822,18
6,148469.575,18
6,148472.374,18
6,148475.594,18
6,148478.331,18
6,148480.952,18
6,148484.851,18
6,148487.952,18
6,148491.431,18
6,148494.141,18
6,148497.209,19
6,148500.388,19
6,148503.612,19
6,148506.854,19
6,148509.942,19
6,148512.491,19
6,148515.950,19
6,148518.580,19
6,148521.930,19
6,148525.221,19
6,148528.305,19
6,148531.450,19
6,148534.878,19
6,148538.141,19
6,148541.372,19
6,148544.542,19
6,148548.908,19
6,148551.753,19
6,148554.697,19
6,148557.715,19
6,148561.202,19
6,148564.343,19
6,148568.057,19
6,148571.343,19
6,148574.565,19
6,148577.709,19
6,148580.855,19
6,148584.362,19
6,148587.006,19
6,148590.517,19
6,148595.226,19
6,148597.632,19
6,148600.492,19
6,148604.205,19
6,148606.995,19
6,148609.660,19
6,148613.775,19
6,148617.066,19
6,148620.162,19
6,148623.187,19
6,148626.443,19
6,148629.565,19
6,148632.309,19
6,148636.198,19
6,148638.947,19
6,148642.353,19
6,148645.151,19
6,148648.129,19
6,148651.271,19
6,148654.639,19
6,148657.498,19
6,148660.599,19
6,148663.131,20
6,148666.947,20
6,148669.819,20
6,148672.261,20
6,148675.548,20
6,148678.373,20
6,148682.679,20
6,148685.318,20
6,148687.758,20
6,148691.111,20
6,148694.228,20
6,148697.309,20
6,148700.618,20
6,148703.675,20
6,148706.774,20
6,148709.972,20
6,148712.482,20
6,148715.549,20
6,148719.036,20
6,148721.699,20
6,148725.029,20
6,148728.144,20
6,148731.253,20
6,148735.200,20
6,148738.431,20
6,148741.644,20
6,148744.918,20
6,148747.959,20
6,148751.971,20
6,148755.087,20
6,148758.177,20
6,148761.962,20
6,148764.648,20
6,148768.053,20
6,148770.877,20
6,148774.066,20
6,148777.138,20
6,148779.819,20
6,148784.444,20
6,148787.686,20
6,148791.164,20
6,148794.016,20
6,148796.512,20
6,148799.067,20
6,148803.558,20
6,148807.389,20
6,148810.071,20
6,148813.140,20
6,148815.805,20
6,148819.458,20
6,148822.631,20
6,148825.673,20
6,148829.213,21
6,148832.135,21
6,148836.070,21
6,148838.753,21
6,148841.966,21
6,148844.678,21
6,148847.456,21
6,148851.384,21
6,148854.742,21
6,148857.919,21
6,148860.490,21
6,148863.038,21
6,148865.645,21
6,148868.943,21
6,148871.731,21
6,148874.749,21
6,148877.302,21
6,148880.397,21
6,148885.058,21
6,148888.170,21
6,148891.378,21
6,148894.024,21
6,148896.542,21
6,148899.170,21
6,148902.419,21
6,148905.254,21
6,148908.369,21
6,148911.520,21
6,148914.663,21
6,148918.336,21
6,148921.702,21
6,148924.994,21
6,148927.670,21
6,148930.602,21
6,148933.911,21
6,148937.199,21
6,148940.340,21
6,148943.301,21
6,148945.924,21
6,148950.118,21
6,148952.954,21
6,148956.640,21
6,148959.088,21
6,148962.123,21
6,148964.951,21
6,148969.569,21
6,148972.792,21
6,148975.356,21
6,148978.675,21
6,148981.746,21
6,148985.359,21
6,148987.935,21
6,148990.518,21
6,148993.158,21
6,148995.687,22
6,148998.235,22
6,149002.069,22
6,149004.572,22
6,149007.608,22
6,149010.894,22
6,149013.906,22
6,149017.119,22
6,149020.274,22
6,149022.859,22
6,149025.437,22
6,149028.167,22
6,149030.673,22
6,149034.560,22
6,149037.171,22
6,149040.509,22
6,149043.624,22
6,149046.825,22
6,149050.009,22
6,149053.200,22
6,149056.460,22
6,149059.622,22
6,149063.420,22
6,149070.652,22
6,149074.074,22
6,149078.330,22
6,149081.506,22
6,149085.481,22
6,149088.533,22
6,149091.764,22
6,149094.936,22
6,149098.052,22
6,149101.620,22
6,149104.196,22
6,149106.703,22
6,149109.952,22
6,149112.365,22
6,149116.166,22
6,149119.418,22
6,149122.962,22
6,149126.216,22
6,149129.196,22
6,149132.128,22
6,149135.178,22
6,149138.064,22
6,149141.908,22
6,149144.609,22
6,149147.314,22
6,149149.953,22
6,149154.320,22
6,149156.973,22
6,149159.535,22
6,149162.638,23
6,149165.472,23
6,149169.774,23
6,149172.915,23
6,149176.108,23
6,149179.302,23
6,149183.168,23
6,149185.869,23
6,149189.094,23
6,149192.432,23
6,149195.938,23
6,149200.655,23
6,149203.826,23
6,149206.998,23
6,149210.153,23
6,149213.282,23
6,149216.581,23
6,149219.201,23
6,149221.747,23
6,149224.821,23
6,149227.352,23
6,149229.883,23
6,149232.594,23
6,149236.291,23
6,149239.026,23
6,149242.285,23
6,149244.981,23
6,149247.501,23
6,149251.298,23
6,149254.624,23
6,149257.820,23
6,149261.230,23
6,149264.328,23
6,149267.514,23
6,149271.049,23
6,149274.272,23
6,149277.060,23
6,149279.686,23
6,149283.828,23
6,149286.968,23
6,149289.690,23
6,149292.286,23
6,149297.177,23
6,149300.953,23
6,149304.272,23
6,149307.401,23
6,149310.497,23
6,149313.569,23
6,149316.813,23
6,149320.057,23
6,149323.670,23
6,149328.096,23
6,149331.198,24
6,149336.280,24
6,149339.828,24
6,149342.441,24
6,149345.140,24
6,149348.149,24
6,149351.570,24
6,149354.947,24
6,149358.217,24
6,149360.739,24
6,149364.849,24
6,149368.355,24
6,149371.658,24
6,149374.967,24
6,149378.118,24
6,149381.176,24
6,149384.741,24
6,149387.431,24
6,149390.063,24
6,149393.530,24
6,149396.578,24
6,149400.248,24
6,149403.585,24
6,149406.158,24
6,149409.549,24
6,149412.629,24
6,149415.697,24
6,149419.830,24
6,149422.544,24
6,149425.703,24
6,149428.653,24
6,149431.727,24
6,149435.276,24
6,149438.031,24
6,149441.176,24
6,149443.847,24
6,149446.617,24
6,149449.750,24
6,149453.326,24
6,149455.988,24
6,149458.972,24
6,149461.621,24
6,149464.126,24
6,149466.532,24
6,149469.026,24
6,149472.776,24
6,149475.945,24
6,149478.652,24
6,149481.162,24
6,149483.832,24
6,149487.778,24
6,149491.075,24
6,149493.707,24
6,149496.882,25
6,149501.509,25
6,149504.852,25
6,149507.938,25
6,149510.929,25
6,149513.938,25
6,149516.800,25
6,149519.613,25
6,149522.394,25
6,149525.613,25
6,149528.733,25
6,149531.454,25
6,149534.646,25
6,149537.526,25
6,149540.445,25
6,149543.160,25
6,149546.144,25
6,149549.785,25
6,149552.702,25
6,149555.673,25
6,149558.437,25
6,149560.970,25
6,149563.396,25
6,149566.581,25
6,149569.559,25
6,149572.662,25
6,149575.500,25
6,149578.677,25
6,149581.910,25
6,149584.672,25
6,149587.287,25
6,149590.488,25
6,149593.515,25
6,149596.587,25
6,149600.356,25
6,149602.996,25
6,149605.681,25
6,149608.950,25
6,149611.539,25
6,149614.033,25
6,149617.300,25
6,149619.940,25
6,149622.701,25
6,149625.276,25
6,149628.334,25
6,149631.510,25
6,149635.250,25
6,149637.819,25
6,149640.897,25
6,149643.623,25
6,149648.257,25
6,149652.236,25
6,149655.066,25
6,149658.367,25
6,149661.652,25
6,149665.274,26
6,149669.691,26
6,149673.253,26
6,149675.800,26
6,149678.365,26
6,149681.271,26
6,149684.410,26
6,149686.974,26
6,149690.451,26
6,149693.580,26
6,149696.628,26
6,149700.760,26
6,149703.475,26
6,149707.140,26
6,149710.385,26
6,149713.580,26
6,149717.024,26
6,149719.849,26
6,149723.301,26
6,149726.383,26
6,149728.903,26
6,149731.609,26
6,149737.037,26
6,149740.403,26
6,149743.508,26
6,149746.576,26
6,149750.687,26
6,149753.383,26
6,149756.205,26
6,149759.009,26
6,149762.316,26
6,149767.222,26
6,149770.255,26
6,149773.766,26
6,149777.003,26
6,149779.751,26
6,149782.481,26
6,149785.673,26
6,149788.249,26
6,149791.426,26
6,149794.403,26
6,149796.977,26
6,149801.652,26
6,149805.012,26
6,149808.205,26
6,149811.332,26
6,149814.383,26
6,149817.634,26
6,149821.800,26
6,149825.130,26
6,149828.255,26
6,149831.289,27
6,149835.867,27
6,149839.578,27
6,149842.092,27
6,149844.748,27
6,149847.893,27
6,149850.898,27
6,149853.609,27
6,149856.056,27
6,149859.185,27
6,149862.146,27
6,149864.640,27
6,149868.304,27
6,149870.983,27
6,149874.303,27
6,149877.444,27
6,149879.972,27
6,149883.898,27
6,149886.828,27
6,149889.215,27
6,149892.493,27
6,149895.223,27
6,149897.979,27
6,149901.234,27
6,149903.899,27
6,149906.935,27
6,149910.068,27
6,149912.598,27
6,149915.253,27
6,149918.747,27
6,149921.344,27
6,149924.685,27
6,149928.164,27
6,149930.686,27
6,149934.843,27
6,149937.439,27
6,149940.877,27
6,149944.256,27
6,149946.819,27
6,149951.001,27
6,149954.249,27
6,149956.778,27
6,149959.405,27
6,149962.084,27
6,149964.749,27
6,149968.447,27
6,149971.115,27
6,149974.575,27
6,149977.733,27
6,149980.801,27
6,149984.151,27
6,149987.432,27
6,149990.062,27
6,149992.651,27
6,149995.394,29
6,149997.951,29
6,150001.267,29
6,150003.929,29
6,150006.670,29
6,150009.732,29
6,150012.745,29
6,150015.511,29
6,150018.748,29
6,150021.815,29
6,150025.400,29
6,150028.511,29
6,150030.841,29
6,150033.980,29
6,150036.797,29
6,150039.674,29
6,150042.494,29
6,150045.581,29
6,150048.561,29
6,150051.352,29
6,150054.841,29
6,150058.289,29
6,150061.690,29
6,150064.894,29
6,150068.183,29
6,150071.293,29
6,150074.488,29
6,150077.879,29
6,150080.604,29
6,150083.484,29
6,150086.061,29
6,150088.909,29
6,150091.710,29
6,150094.443,29
6,150098.066,29
6,150103.630,29
6,150106.984,29
6,150112.081,29
6,150115.310,29
6,150118.090,29
6,150121.184,29
6,150124.280,29
6,150126.950,29
6,150131.189,29
6,150134.342,29
6,150137.386,29
6,150140.068,29
6,150143.228,29
6,150147.053,30
6,150149.803,30
6,150152.856,30
6,150155.396,30
6,150160.024,30
6,150163.257,30
6,150166.551,30
6,150169.752,30
6,150173.324,30
6,150178.156,30
6,150181.334,30
6,150184.794,30
6,150187.854,30
6,150192.658,30
6,150195.928,30
6,150199.144,30
6,150201.717,30
6,150204.974,30
6,150208.248,30
6,150211.502,30
6,150214.601,30
6,150218.082,30
6,150221.339,30
6,150224.825,30
6,150227.498,30
6,150230.056,30
6,150232.671,30
6,150235.719,30
6,150239.288,30
6,150242.667,30
6,150245.781,30
6,150248.996,30
6,150252.249,30
6,150257.426,30
6,150260.782,30
6,150263.497,30
6,150266.656,30
6,150270.486,30
6,150274.871,30
6,150278.186,30
6,150281.322,30
6,150284.570,30
6,150287.196,30
6,150290.485,30
6,150295.242,30
6,150297.840,30
6,150300.959,30
6,150303.613,30
6,150308.108,30
6,150311.153,30
6,150314.355,31
6,150317.456,31
6,150320.739,31
6,150324.814,31
6,150327.532,31
6,150330.046,31
6,150332.752,31
6,150335.915,31
6,150339.259,31
6,150341.843,31
6,150344.724,31
6,150347.257,31
6,150349.641,31
6,150352.264,31
6,150355.438,31
6,150358.835,31
6,150361.349,31
6,150363.976,31
6,150366.509,31
6,150369.705,31
6,150374.124,31
6,150377.592,31
6,150380.597,31
6,150384.034,31
6,150387.343,31
6,150390.985,31
6,150394.201,31
6,150398.811,31
6,150401.677,31
6,150406.299,31
6,150409.692,31
6,150412.574,31
6,150415.602,31
6,150417.976,31
6,150420.575,31
6,150423.269,31
6,150426.779,31
6,150429.795,31
6,150432.908,31
6,150436.095,31
6,150438.905,31
6,150443.096,31
6,150445.567,31
6,150448.206,31
6,150450.934,31
6,150453.625,31
6,150456.226,31
6,150459.186,31
6,150462.075,31
6,150465.854,31
6,150468.799,31
6,150471.585,31
6,150474.203,31
6,150478.797,31
6,150481.939,32
6,150485.159,32
6,150488.321,32
6,150491.547,32
6,150495.387,32
6,150497.982,32
6,150500.478,32
6,150503.605,32
6,150506.786,32
6,150510.187,32
6,150513.007,32
6,150516.088,32
6,150519.036,32
6,150522.229,32
6,150525.281,32
6,150528.579,32
6,150532.567,32
6,150535.760,32
6,150538.854,32
6,150542.072,32
6,150545.103,32
6,150547.709,32
6,150551.174,32
6,150553.883,32
6,150556.446,32
6,150559.140,32
6,150561.818,32
6,150565.115,32
6,150567.924,32
6,150571.724,32
6,150575.009,32
6,150577.761,32
6,150580.321,32
6,150582.992,32
6,150585.999,32
6,150589.302,32
6,150592.763,32
6,150595.901,32
6,150599.106,32
6,150601.880,32
6,150604.552,32
6,150608.932,32
6,150612.043,32
6,150615.171,32
6,150618.279,32
6,150621.419,32
6,150624.642,32
6,150628.351,32
6,150631.405,32
6,150634.583,32
6,150637.750,32
6,150641.004,32
6,150643.853,32
6,150647.886,32
6,150651.007,33
6,150653.537,33
6,150658.306,33
6,150660.972,33
6,150664.133,33
6,150666.662,33
6,150669.203,33
6,150672.033,33
6,150676.077,33
6,150678.792,33
6,150681.353,33
6,150684.059,33
6,150687.061,33
6,150691.522,33
6,150694.813,33
6,150697.945,33
6,150701.087,33
6,150705.540,33
6,150708.804,33
6,150712.098,33
6,150715.047,33
6,150718.191,33
6,150721.538,33
6,150725.171,33
6,150728.503,33
6,150731.715,33
6,150734.867,33
6,150738.229,33
6,150741.715,33
6,150744.920,33
6,150748.378,33
6,150754.082,33
6,150757.681,33
6,150761.261,33
6,150764.279,33
6,150766.812,33
6,150769.564,33
6,150772.917,33
6,150776.281,33
6,150779.490,33
6,150782.702,33
6,150785.296,33
6,150787.837,33
6,150790.469,33
6,150794.513,33
6,150797.137,33
6,150799.802,33
6,150802.420,33
6,150805.851,33
6,150809.247,33
6,150812.077,34
6,150815.113,34
6,150817.908,34
6,150821.859,34
6,150824.877,34
6,150827.527,34
6,150830.472,34
6,150833.259,34
6,150835.828,34
6,150838.764,34
6,150841.215,34
6,150845.724,34
6,150848.391,34
6,150852.341,34
6,150856.067,34
6,150858.861,34
6,150861.616,34
6,150864.226,34
6,150866.704,34
6,150869.263,34
6,150873.283,34
6,150877.046,34
6,150880.257,34
6,150883.769,34
6,150886.694,34
6,150889.693,34
6,150892.566,34
6,150895.411,34
6,150898.287,34
6,150901.284,34
6,150904.806,34
6,150909.087,34
6,150912.054,34
6,150915.196,34
6,150918.230,34
6,150921.102,34
6,150924.886,34
6,150928.095,34
6,150931.052,34
6,150933.975,34
6,150936.906,34
6,150939.898,34
6,150942.871,34
6,150946.713,34
6,150950.090,34
6,150953.256,34
6,150956.432,34
6,150960.471,34
6,150963.500,34
6,150966.520,34
6,150969.746,34
6,150974.082,34
6,150976.717,34
6,150979.893,35
6,150982.964,35
6,150986.412,35
6,150989.704,35
6,150993.205,35
6,150996.369,35
6,150999.027,35
6,151001.826,35
6,151005.157,35
6,151008.418,35
6,151011.682,35
6,151014.772,35
6,151017.993,35
6,151020.496,35
6,151024.807,35
6,151027.917,35
6,151031.164,35
6,151034.165,35
6,151037.191,35
6,151041.058,35
6,151044.261,35
6,151046.856,35
6,151049.365,35
6,151051.952,35
6,151054.600,35
6,151058.711,35
6,151062.033,35
6,151065.137,35
6,151068.320,35
6,151070.841,35
6,151075.026,35
6,151078.219,35
6,151081.340,35
6,151084.432,35
6,151087.602,35
6,151090.927,35
6,151093.903,35
6,151096.982,35
6,151099.686,35
6,151102.227,35
6,151105.182,35
6,151109.196,35
6,151112.807,35
6,151116.212,35
6,151119.377,35
6,151121.971,35
6,151124.510,35
6,151127.522,35
6,151130.405,35
6,151133.421,35
6,151136.007,35
6,151138.774,35
6,151141.382,35
6,151144.611,35
6,151147.508,36
6,151150.262,36
6,151152.981,36
6,151156.108,36
6,151159.334,36
6,151162.720,36
6,151166.241,36
6,151168.928,36
6,151171.357,36
6,151175.449,36
6,151178.782,36
6,151181.895,36
6,151185.062,36
6,151188.206,36
6,151191.996,36
6,151196.382,36
6,151199.447,36
6,151202.695,36
6,151206.301,36
6,151210.321,36
6,151213.435,36
6,151216.536,36
6,151219.662,36
6,151223.265,36
6,151226.532,36
6,151229.690,36
6,151232.766,36
6,151235.308,36
6,151238.481,36
6,151241.821,36
6,151244.718,36
6,151247.804,36
6,151250.828,36
6,151253.381,36
6,151256.112,36
6,151258.799,36
6,151261.409,36
6,151264.772,36
6,151267.913,36
6,151271.118,36
6,151273.711,36
6,151276.473,36
6,151279.981,36
6,151283.629,36
6,151286.690,36
6,151289.745,36
6,151292.919,36
6,151295.459,36
6,151298.917,36
6,151302.360,36
6,151305.059,36
6,151307.659,36
6,151310.239,36
6,151313.042,37
6,151316.500,37
6,151319.888,37
6,151323.040,37
6,151326.217,37
6,151329.311,37
6,151332.430,37
6,151335.219,37
6,151338.437,37
6,151341.442,37
6,151344.033,37
6,151347.112,37
6,151349.873,37
6,151353.052,37
6,151356.240,37
6,151360.166,37
6,151363.204,37
6,151366.151,37
6,151368.793,37
6,151373.867,37
6,151376.538,37
6,151379.647,37
6,151382.009,37
6,151384.921,37
6,151387.768,37
6,151391.627,37
6,151394.783,37
6,151397.867,37
6,151401.068,37
6,151404.308,37
6,151407.287,37
6,151410.088,37
6,151413.084,37
6,151415.567,37
6,151418.534,37
6,151421.752,37
6,151425.002,37
6,151428.252,37
6,151431.306,37
6,151433.698,37
6,151436.777,37
6,151440.299,37
6,151444.523,37
6,151447.728,37
6,151450.885,37
6,151454.014,37
6,151456.614,37
6,151459.887,37
6,151463.089,37
6,151466.387,37
6,151469.739,37
6,151472.832,37
6,151476.474,37
6,151479.395,38
6,151482.285,38
6,151485.950,38
6,151489.193,38
6,151491.865,38
6,151495.236,38
6,151498.407,38
6,151501.277,38
6,151504.749,38
6,151507.884,38
6,151511.061,38
6,151514.264,38
6,151516.922,38
6,151519.970,38
6,151523.142,38
6,151526.485,38
6,151530.456,38
6,151533.954,38
6,151538.124,38
6,151540.828,38
6,151545.817,38
6,151549.071,38
6,151552.215,38
6,151554.927,38
6,151558.167,38
6,151561.739,38
6,151564.452,38
6,151567.170,38
6,151570.046,38
6,151574.112,38
6,151577.425,38
6,151580.522,38
6,151584.672,38
6,151587.429,38
6,151591.757,38
6,151594.990,38
6,151598.029,38
6,151600.656,38
6,151603.676,38
6,151607.787,38
6,151611.074,38
6,151614.149,38
6,151617.177,38
6,151620.353,38
6,151623.875,38
6,151627.262,38
6,151629.797,38
6,151632.737,38
6,151635.813,38
6,151638.488,38
6,151641.842,38
6,151645.020,38
6,151647.511,39
6,151650.089,39
6,151653.375,39
6,151656.745,39
6,151660.111,39
6,151663.285,39
6,151666.439,39
6,151669.701,39
6,151672.872,39
6,151676.403,39
6,151679.274,39
6,151682.353,39
6,151684.924,39
6,151687.937,39
6,151692.047,39
6,151695.383,39
6,151698.519,39
6,151701.653,39
6,151704.855,39
6,151709.891,39
6,151713.055,39
6,151715.787,39
6,151718.837,39
6,151721.736,39
6,151725.308,39
6,151728.515,39
6,151731.567,39
6,151734.707,39
6,151737.851,39
6,151741.291,39
6,151744.012,39
6,151747.414,39
6,151750.369,39
6,151752.950,39
6,151757.107,39
6,151760.319,39
6,151763.326,39
6,151765.868,39
6,151769.066,39
6,151772.454,39
6,151775.839,39
6,151779.927,39
6,151783.053,39
6,151785.758,39
6,151788.389,39
6,151790.945,39
6,151793.605,39
6,151797.034,39
6,151799.516,39
6,151802.065,39
6,151804.572,39
6,151807.256,39
6,151811.562,39
6,151814.704,40
6,151817.718,40
6,151820.827,40
6,151823.915,40
6,151826.999,40
6,151830.634,40
6,151837.147,40
6,151841.760,40
6,151845.080,40
6,151848.221,40
6,151851.466,40
6,151854.430,40
6,151860.073,40
6,151863.323,40
6,151866.347,40
6,151869.428,40
6,151872.597,40
6,151875.997,40
6,151878.984,40
6,151881.513,40
6,151884.703,40
6,151887.649,40
6,151891.981,40
6,151894.657,40
6,151897.509,40
6,151900.504,40
6,151903.729,40
6,151906.333,40
6,151909.885,40
6,151912.759,40
6,151915.345,40
6,151918.336,40
6,151921.094,40
6,151924.846,40
6,151928.154,40
6,151930.752,40
6,151933.838,40
6,151936.576,40
6,151939.212,40
6,151943.711,40
6,151946.241,40
6,151949.329,40
6,151952.530,40
6,151955.449,40
6,151958.108,40
6,151961.328,40
6,151964.779,40
6,151967.552,40
6,151970.514,40
6,151973.272,40
6,151977.510,40
6,151980.622,41
6,151983.748,41
6,151986.993,41
6,151991.797,41
6,151995.027,41
6,151998.174,41
6,152001.407,41
6,152004.577,41
6,152008.541,41
6,152011.783,41
6,152014.840,41
6,152017.952,41
6,152021.217,41
6,152026.213,41
6,152029.430,41
6,152032.445,41
6,152035.423,41
6,152038.556,41
6,152041.999,41
6,152044.593,41
6,152047.538,41
6,152050.595,41
6,152053.689,41
6,152057.259,41
6,152060.575,41
6,152063.607,41
6,152066.773,41
6,152069.866,41
6,152072.681,41
6,152076.638,41
6,152079.780,41
6,152083.374,41
6,152086.266,41
6,152090.859,41
6,152093.540,41
6,152096.060,41
6,152098.802,41
6,152101.358,41
6,152103.917,41
6,152108.180,41
6,152110.869,41
6,152113.924,41
6,152116.435,41
6,152118.823,41
6,152121.882,41
6,152124.665,41
6,152128.234,41
6,152131.553,41
6,152134.160,41
6,152136.616,41
6,152139.257,41
6,152142.059,41
6,152144.796,41
6,152148.295,42
6,152151.747,42
6,152155.087,42
6,152157.829,42
6,152160.791,42
6,152164.236,42
6,152167.041,42
6,152169.553,42
6,152172.454,42
6,152175.674,42
6,152178.635,42
6,152181.485,42
6,152185.340,42
6,152188.565,42
6,152191.770,42
6,152194.462,42
6,152197.051,42
6,152200.402,42
6,152203.170,42
6,152205.950,42
6,152208.572,42
6,152211.185,42
6,152213.689,42
6,152216.394,42
6,152219.269,42
6,152222.444,42
6,152225.676,42
6,152229.062,42
6,152232.150,42
6,152236.292,42
6,152239.520,42
6,152242.171,42
6,152244.795,42
6,152247.915,42
6,152251.121,42
6,152254.990,42
6,152257.829,42
6,152260.775,42
6,152263.764,42
6,152267.203,42
6,152270.535,42
6,152273.701,42
6,152277.063,42
6,152280.220,42
6,152283.295,42
6,152286.530,42
6,152289.881,42
6,152292.953,42
6,152296.424,42
6,152299.493,42
6,152302.557,42
6,152305.471,42
6,152308.976,42
6,152312.592,42
6,152315.864,42
6,152318.480,42
6,152321.584,42
6,152324.173,42
6,152326.811,42
6,152330.252,42
6,152333.397,43
6,152336.903,43
6,152339.999,43
6,152343.338,43
6,152346.193,43
6,152349.174,43
6,152351.673,43
6,152354.255,43
6,152357.301,43
6,152360.513,43
6,152363.776,43
6,152367.065,43
6,152370.185,43
6,152373.355,43
6,152376.737,43
6,152379.943,43
6,152383.219,43
6,152386.448,43
6,152389.106,43
6,152392.569,43
6,152395.176,43
6,152397.878,43
6,152401.180,43
6,152404.281,43
6,152406.883,43
6,152409.852,43
6,152412.661,43
6,152416.390,43
6,152419.545,43
6,152422.147,43
6,152425.119,43
6,152427.745,43
6,152430.084,43
6,152433.129,43
6,152435.990,43
6,152439.190,43
6,152442.151,43
6,152445.257,43
6,152448.190,43
6,152450.873,43
6,152453.895,43
6,152457.238,43
6,152460.573,43
6,152463.308,43
6,152465.975,43
6,152469.626,43
6,152475.248,43
6,152478.585,43
6,152481.705,43
6,152485.545,43
6,152488.264,43
6,152491.290,43
6,152494.439,43
6,152497.707,44
6,152501.307,44
6,152504.634,44
6,152507.918,44
6,152510.565,44
6,152513.079,44
6,152517.412,44
6,152520.505,44
6,152523.701,44
6,152526.776,44
6,152529.401,44
6,152533.244,44
6,152536.382,44
6,152540.043,44
6,152543.298,44
6,152547.980,44
6,152550.755,44
6,152555.259,44
6,152558.947,44
6,152562.437,44
6,152566.502,44
6,152569.196,44
6,152572.361,44
6,152575.578,44
6,152579.332,44
6,152583.091,44
6,152585.714,44
6,152588.995,44
6,152592.215,44
6,152595.283,44
6,152600.162,44
6,152603.402,44
6,152606.861,44
6,152609.497,44
6,152612.609,44
6,152616.322,44
6,152619.593,44
6,152622.791,44
6,152626.003,44
6,152628.684,44
6,152633.468,44
6,152636.883,44
6,152640.163,44
6,152643.341,44
6,152645.751,44
6,152650.399,44
6,152653.713,44
6,152656.879,44
6,152660.065,44
6,152663.255,45
6,152666.749,45
6,152669.707,45
6,152672.270,45
6,152674.821,45
6,152677.197,45
6,152679.710,45
6,152682.398,45
6,152686.043,45
6,152689.671,45
6,152692.234,45
6,152694.937,45
6,152697.701,45
6,152701.749,45
6,152705.052,45
6,152708.408,45
6,152711.598,45
6,152714.741,45
6,152718.296,45
6,152721.662,45
6,152724.997,45
6,152727.560,45
6,152730.794,45
6,152734.134,45
6,152736.850,45
6,152740.116,45
6,152743.455,45
6,152746.244,45
6,152749.457,45
6,152752.775,45
6,152755.739,45
6,152759.084,45
6,152763.521,45
6,152767.027,45
6,152769.693,45
6,152772.300,45
6,152775.710,45
6,152778.655,45
6,152781.324,45
6,152784.500,45
6,152787.820,45
6,152791.168,45
6,152793.775,45
6,152796.885,45
6,152801.499,45
6,152804.755,45
6,152807.230,45
6,152810.455,45
6,152813.498,45
6,152816.775,45
6,152819.832,45
6,152822.607,45
6,152825.950,45
6,152829.167,45
6,152831.625,46
6,152835.497,46
6,152838.120,46
6,152841.401,46
6,152844.541,46
6,152847.810,46
6,152851.185,46
6,152853.664,46
6,152856.723,46
6,152859.721,46
6,152862.791,46
6,152866.271,46
6,152869.013,46
6,152871.605,46
6,152875.108,46
6,152878.301,46
6,152881.325,46
6,152884.378,46
6,152887.697,46
6,152890.353,46
6,152893.476,46
6,152896.113,46
6,152898.948,46
6,152902.641,46
6,152905.387,46
6,152908.550,46
6,152911.716,46
6,152914.788,46
6,152919.120,46
6,152922.419,46
6,152925.080,46
6,152927.625,46
6,152930.706,46
6,152934.345,46
6,152937.389,46
6,152939.948,46
6,152943.097,46
6,152946.082,46
6,152949.352,46
6,152953.329,46
6,152956.615,46
6,152959.857,46
6,152962.275,46
6,152965.833,46
6,152968.488,46
6,152971.455,46
6,152974.434,46
6,152977.605,46
6,152980.707,46
6,152984.072,46
6,152988.298,46
6,152991.934,46
6,152995.230,46
6,152998.341,47
6,153001.290,47
6,153004.069,47
6,153007.161,47
6,153010.356,47
6,153013.549,47
6,153016.516,47
6,153019.682,47
6,153022.869,47
6,153026.185,47
6,153029.337,47
6,153033.442,47
6,153036.606,47
6,153040.014,47
6,153043.083,47
6,153046.457,47
6,153049.183,47
6,153055.184,47
6,153059.220,47
6,153062.775,47
6,153065.829,47
6,153069.632,47
6,153074.044,47
6,153076.810,47
6,153080.003,47
6,153082.731,47
6,153085.936,47
6,153088.637,47
6,153091.906,47
6,153095.001,47
6,153098.082,47
6,153101.480,47
6,153104.032,47
6,153107.309,47
6,153110.578,47
6,153113.427,47
6,153116.019,47
6,153118.584,47
6,153123.219,47
6,153126.484,47
6,153129.835,47
6,153132.456,47
6,153136.009,47
6,153139.595,47
6,153142.922,47
6,153145.712,47
6,153149.404,47
6,153152.568,47
6,153156.008,47
6,153159.286,47
6,153161.927,48
6,153165.958,48
6,153168.724,48
6,153171.418,48
6,153174.569,48
6,153177.668,48
6,153180.400,48
6,153184.307,48
6,153187.180,48
6,153190.484,48
6,153193.845,48
6,153196.595,48
6,153199.834,48
6,153203.081,48
6,153206.252,48
6,153209.466,48
6,153211.871,48
6,153215.572,48
6,153218.742,48
6,153221.774,48
6,153224.916,48
6,153227.971,48
6,153230.585,48
6,153234.453,48
6,153237.776,48
6,153240.382,48
6,153243.518,48
6,153246.639,48
6,153250.119,48
6,153253.288,48
6,153256.364,48
6,153259.001,48
6,153261.888,48
6,153264.726,48
6,153268.967,48
6,153271.908,48
6,153275.120,48
6,153278.213,48
6,153280.671,48
6,153285.643,48
6,153288.731,48
6,153292.008,48
6,153295.911,48
6,153299.104,48
6,153302.241,48
6,153305.513,48
6,153308.661,48
6,153311.590,48
6,153316.476,48
6,153319.638,48
6,153322.812,48
6,153326.132,48
6,153328.808,49
6,153333.252,49
6,153336.361,49
6,153339.676,49
6,153342.804,49
6,153346.025,49
6,153349.241,49
6,153351.938,49
6,153355.130,49
6,153358.247,49
6,153361.326,49
6,153364.434,49
6,153367.776,49
6,153371.047,49
6,153374.705,49
6,153378.464,49
6,153381.667,49
6,153384.824,49
6,153388.151,49
6,153391.446,49
6,153394.636,49
6,153397.746,49
6,153400.634,49
6,153403.333,49
6,153406.780,49
6,153410.165,49
6,153413.325,49
6,153416.699,49
6,153419.830,49
6,153423.973,49
6,153426.742,49
6,153430.766,49
6,153433.991,49
6,153437.174,49
6,153440.327,49
6,153443.332,49
6,153446.561,49
6,153449.898,49
6,153452.686,49
6,153455.456,49
6,153458.178,49
6,153461.606,49
6,153465.185,49
6,153468.370,49
6,153471.699,49
6,153475.084,49
6,153477.785,49
6,153482.313,49
6,153486.847,49
6,153490.581,49
6,153494.600,49
6,153498.221,50
6,153501.666,50
6,153504.337,50
6,153506.952,50
6,153509.536,50
6,153512.080,50
6,153515.895,50
6,153518.648,50
6,153521.937,50
6,153525.150,50
6,153528.205,50
6,153531.155,50
6,153534.342,50
6,153537.439,50
6,153540.195,50
6,153543.186,50
6,153545.770,50
6,153550.217,50
6,153553.375,50
6,153556.108,50
6,153559.243,50
6,153562.381,50
6,153566.520,50
6,153569.668,50
6,153573.036,50
6,153576.453,50
6,153579.427,50
6,153583.291,50
6,153586.504,50
6,153589.613,50
6,153592.841,50
6,153596.704,50
6,153600.250,50
6,153602.884,50
6,153606.683,50
6,153609.852,50
6,153612.817,50
6,153618.166,50
6,153621.429,50
6,153624.558,50
6,153627.976,50
6,153631.144,50
6,153635.510,50
6,153638.845,50
6,153641.978,50
6,153645.293,50
6,153649.434,50
6,153652.054,50
6,153654.578,50
6,153658.043,50
6,153661.267,50
6,153664.339,51
6,153668.331,51
6,153671.533,51
6,153674.607,51
6,153677.641,51
6,153680.187,51
6,153684.202,51
6,153687.287,51
6,153690.456,51
6,153693.635,51
6,153696.761,51
6,153701.277,51
6,153704.550,51
6,153707.606,51
6,153710.874,51
6,153714.073,51
6,153717.313,51
6,153720.406,51
6,153723.682,51
6,153726.900,51
6,153729.488,51
6,153732.042,51
6,153734.785,51
6,153738.064,51
6,153740.759,51
6,153743.888,51
6,153747.116,51
6,153750.793,51
6,153754.108,51
6,153757.229,51
6,153759.842,51
6,153762.392,51
6,153766.338,51
6,153768.963,51
6,153771.532,51
6,153774.912,51
6,153778.075,51
6,153781.131,51
6,153784.713,51
6,153787.589,51
6,153790.757,51
6,153793.443,51
6,153796.014,51
6,153798.669,51
6,153804.224,51
6,153807.499,51
6,153810.519,51
6,153815.016,51
6,153818.635,51
6,153821.892,51
6,153825.048,51
6,153828.139,51
6,153830.946,52
6,153834.924,52
6,153837.804,52
6,153840.421,52
6,153843.793,52
6,153846.897,52
6,153850.126,52
6,153853.362,52
6,153856.878,52
6,153860.035,52
6,153863.170,52
6,153866.305,52
6,153869.107,52
6,153872.095,52
6,153874.606,52
6,153877.264,52
6,153880.268,52
6,153885.062,52
6,153888.244,52
6,153891.369,52
6,153894.571,52
6,153898.567,52
6,153902.173,52
6,153904.784,52
6,153908.087,52
6,153912.038,52
6,153914.647,52
6,153918.866,52
6,153922.204,52
6,153925.496,52
6,153928.916,52
6,153932.023,52
6,153934.677,52
6,153937.195,52
6,153940.405,52
6,153943.439,52
6,153946.063,52
6,153949.018,52
6,153952.062,52
6,153955.251,52
6,153958.559,52
6,153960.929,52
6,153963.815,52
6,153966.614,52
6,153969.775,52
6,153973.070,52
6,153976.100,52
6,153978.563,52
6,153981.857,52
6,153985.095,52
6,153988.245,52
6,153991.381,52
6,153994.568,52
6,153997.157,53
6,154000.361,53
6,154003.706,53
6,154006.859,53
6,154010.017,53
6,154012.453,53
6,154016.576,53
6,154019.614,53
6,154022.862,53
6,154026.048,53
6,154028.771,53
6,154033.066,53
6,154035.708,53
6,154038.170,53
6,154041.311,53
6,154044.267,53
6,154047.320,53
6,154050.497,53
6,154053.558,53
6,154058.275,53
6,154062.367,53
6,154066.851,53
6,154071.256,53
6,154074.418,53
6,154077.739,53
6,154080.945,53
6,154084.586,53
6,154087.748,53
6,154091.165,53
6,154094.273,53
6,154097.243,53
6,154101.050,53
6,154103.893,53
6,154106.924,53
6,154110.105,53
6,154113.155,53
6,154116.947,53
6,154120.079,53
6,154123.314,53
6,154126.648,53
6,154129.763,53
6,154132.656,53
6,154135.949,53
6,154139.257,53
6,154142.597,53
6,154145.674,53
6,154148.487,53
6,154151.983,53
6,154155.006,53
6,154158.188,53
6,154161.225,53
6,154164.121,55
6,154167.325,55
6,154169.971,55
6,154172.767,55
6,154176.175,55
6,154179.270,55
6,154182.675,55
6,154185.637,55
6,154188.548,55
6,154191.732,55
6,154194.950,55
6,154198.037,55
6,154201.977,55
6,154205.136,55
6,154209.710,55
6,154213.027,55
6,154216.028,55
6,154218.950,55
6,154221.472,55
6,154225.205,55
6,154228.369,55
6,154231.281,55
6,154234.894,55
6,154237.473,55
6,154239.849,55
6,154242.445,55
6,154245.735,55
6,154249.159,55
6,154251.912,55
6,154254.975,55
6,154258.162,55
6,154260.721,55
6,154263.633,55
6,154266.767,55
6,154269.463,55
6,154272.648,55
6,154276.042,55
6,154278.602,55
6,154282.865,55
6,154285.468,55
6,154287.971,55
6,154291.080,55
6,154294.568,55
6,154297.683,55
6,154300.589,55
6,154303.413,55
6,154306.811,55
6,154310.006,55
6,154313.060,55
6,154316.298,55
6,154319.478,55
6,154322.905,55
6,154326.058,55
6,154329.268,56
6,154332.886,56
6,154336.066,56
6,154339.358,56
6,154342.695,56
6,154347.636,56
6,154351.273,56
6,154355.990,56
6,154359.938,56
6,154363.106,56
6,154367.140,56
6,154370.112,56
6,154372.807,56
6,154375.976,56
6,154378.708,56
6,154381.400,56
6,154384.804,56
6,154387.376,56
6,154390.479,56
6,154393.710,56
6,154396.701,56
6,154400.582,56
6,154403.861,56
6,154407.194,56
6,154410.303,56
6,154412.883,56
6,154416.320,56
6,154419.479,56
6,154422.088,56
6,154425.310,56
6,154428.543,56
6,154431.758,56
6,154434.962,56
6,154438.092,56
6,154441.155,56
6,154444.233,56
6,154447.283,56
6,154450.699,56
6,154453.295,56
6,154455.797,56
6,154458.646,56
6,154461.803,56
6,154464.453,56
6,154467.787,56
6,154470.553,56
6,154473.730,56
6,154476.981,56
6,154480.037,56
6,154483.085,56
6,154486.272,56
6,154489.479,56
6,154492.071,56
6,154495.252,56
6,154498.483,57
6,154501.678,57
6,154505.651,57
6,154508.888,57
6,154512.079,57
6,154516.740,57
6,154520.756,57
6,154523.880,57
6,154526.813,57
6,154529.747,57
6,154533.025,57
6,154536.167,57
6,154539.469,57
6,154542.491,57
6,154545.531,57
6,154549.756,57
6,154552.733,57
6,154555.647,57
6,154558.949,57
6,154562.287,57
6,154566.421,57
6,154569.444,57
6,154572.332,57
6,154575.411,57
6,154578.596,57
6,154581.929,57
6,154585.133,57
6,154588.106,57
6,154591.110,57
6,154594.149,57
6,154597.130,57
6,154600.358,57
6,154603.386,57
6,154606.660,57
6,154609.700,57
6,154612.715,57
6,154616.147,57
6,154619.252,57
6,154622.598,57
6,154625.793,57
6,154628.903,57
6,154633.032,57
6,154636.110,57
6,154639.243,57
6,154642.391,57
6,154645.876,57
6,154649.584,57
6,154652.636,57
6,154655.685,57
6,154658.754,57
6,154661.672,57
6,154666.340,58
6,154669.334,58
6,154672.521,58
6,154675.502,58
6,154678.775,58
6,154682.882,58
6,154685.998,58
6,154689.016,58
6,154691.969,58
6,154695.118,58
6,154699.433,58
6,154702.527,58
6,154705.617,58
6,154708.704,58
6,154711.875,58
6,154715.890,58
6,154719.036,58
6,154722.116,58
6,154725.183,58
6,154728.148,58
6,154731.005,58
6,154734.362,58
6,154737.497,58
6,154740.471,58
6,154743.446,58
6,154746.019,58
6,154750.698,58
6,154753.879,58
6,154756.982,58
6,154759.994,58
6,154762.929,58
6,154767.250,58
6,154770.930,58
6,154774.425,58
6,154777.901,58
6,154781.055,58
6,154784.816,58
6,154788.063,58
6,154791.259,58
6,154794.511,58
6,154797.584,58
6,154800.899,58
6,154803.997,58
6,154807.985,58
6,154811.055,58
6,154814.024,58
6,154818.438,58
6,154821.663,58
6,154824.663,58
6,154827.735,58
6,154830.944,59
6,154834.567,59
6,154837.673,59
6,154840.716,59
6,154843.949,59
6,154847.061,59
6,154850.858,59
6,154853.978,59
6,154857.078,59
6,154860.121,59
6,154862.705,59
6,154866.644,59
6,154869.720,59
6,154872.711,59
6,154875.796,59
6,154879.044,59
6,154884.747,59
6,154888.163,59
6,154891.185,59
6,154894.263,59
6,154897.282,59
6,154901.141,59
6,154904.263,59
6,154907.209,59
6,154910.240,59
6,154913.107,59
6,154916.806,59
6,154919.861,59
6,154922.885,59
6,154926.030,59
6,154928.727,59
6,154931.980,59
6,154935.473,59
6,154938.534,59
6,154941.575,59
6,154944.547,59
6,154947.469,59
6,154951.356,59
6,154954.491,59
6,154957.581,59
6,154960.713,59
6,154963.715,59
6,154966.879,59
6,154970.077,59
6,154973.239,59
6,154976.292,59
6,154979.280,59
6,154983.061,59
6,154985.820,59
6,154988.985,59
6,154992.062,59
6,154995.157,59
6,154999.801,60
6,155003.023,60
6,155006.125,60
6,155009.105,60
6,155012.270,60
6,155016.393,60
6,155019.459,60
6,155022.825,60
6,155025.888,60
6,155028.793,60
6,155032.923,60
6,155036.152,60
6,155039.348,60
6,155042.325,60
6,155045.167,60
6,155049.309,60
6,155051.951,60
6,155054.900,60
6,155057.441,60
6,155060.554,60
6,155063.523,60
6,155066.911,60
6,155071.282,60
6,155074.557,60
6,155077.197,60
6,155079.729,60
6,155083.876,60
6,155086.999,60
6,155089.738,60
6,155092.758,60
6,155095.863,60
6,155099.162,60
6,155102.458,60
6,155106.124,60
6,155109.569,60
6,155112.366,60
6,155116.664,60
6,155120.150,60
6,155122.842,60
6,155125.486,60
6,155128.708,60
6,155133.076,60
6,155135.720,60
6,155138.244,60
6,155140.891,60
6,155143.895,60
6,155146.848,60
6,155150.501,60
6,155153.839,60
6,155156.881,60
6,155159.252,60
6,155162.027,61
6,155165.420,61
6,155168.590,61
6,155171.710,61
6,155174.393,61
6,155177.497,61
6,155180.387,61
6,155183.293,61
6,155185.936,61
6,155188.964,61
6,155191.485,61
6,155194.605,61
6,155197.639,61
6,155200.399,61
6,155203.806,61
6,155206.186,61
6,155208.756,61
6,155211.366,61
6,155214.248,61
6,155216.913,61
6,155219.959,61
6,155222.722,61
6,155225.726,61
6,155228.310,61
6,155230.683,61
6,155233.914,61
6,155236.490,61
6,155239.160,61
6,155241.812,61
6,155244.178,61
6,155246.682,61
6,155250.284,61
6,155252.942,61
6,155255.303,61
6,155258.481,61
6,155261.630,61
6,155264.109,61
6,155267.928,61
6,155270.616,61
6,155273.300,61
6,155275.987,61
6,155279.050,61
6,155282.862,61
6,155285.743,61
6,155288.392,61
6,155291.207,61
6,155294.108,61
6,155296.561,61
6,155300.320,61
6,155302.982,61
6,155307.139,61
6,155309.832,61
6,155312.351,61
6,155316.025,61
6,155318.789,61
6,155321.457,61
6,155324.103,61
6,155326.688,61
6,155329.349,62
6,155332.154,62
6,155335.257,62
6,155338.673,62
6,155341.845,62
6,155344.564,62
6,155347.052,62
6,155349.979,62
6,155352.981,62
6,155356.002,62
6,155359.177,62
6,155362.147,62
6,155365.027,62
6,155368.757,62
6,155371.692,62
6,155374.992,62
6,155377.993,62
6,155380.897,62
6,155384.571,62
6,155387.386,62
6,155390.062,62
6,155392.638,62
6,155395.176,62
6,155397.679,62
6,155400.933,62
6,155403.979,62
6,155406.885,62
6,155410.064,62
6,155414.041,62
6,155416.896,62
6,155419.974,62
6,155422.827,62
6,155425.883,62
6,155428.672,62
6,155431.492,62
6,155434.571,62
6,155437.327,62
6,155440.349,62
6,155443.402,62
6,155446.334,62
6,155449.919,62
6,155453.046,62
6,155457.152,62
6,155461.690,62
6,155465.833,62
6,155469.270,62
6,155471.954,62
6,155475.109,62
6,155478.074,62
6,155480.665,62
6,155485.493,62
6,155488.635,62
6,155491.715,62
6,155494.851,62
6,155497.789,63
6,155501.274,63
6,155504.629,63
6,155507.789,63
6,155510.978,63
6,155513.910,63
6,155517.102,63
6,155519.918,63
6,155522.918,63
6,155525.836,63
6,155529.064,63
6,155532.068,63
6,155535.088,63
6,155538.165,63
6,155541.291,63
6,155543.910,63
6,155547.172,63
6,155551.042,63
6,155553.851,63
6,155557.530,63
6,155560.141,63
6,155563.235,63
6,155566.791,63
6,155569.746,63
6,155572.207,63
6,155575.303,63
6,155578.464,63
6,155581.225,63
6,155585.041,63
6,155587.891,63
6,155591.050,63
6,155594.040,63
6,155596.594,63
6,155600.785,63
6,155603.427,63
6,155606.545,63
6,155609.515,63
6,155612.503,63
6,155615.462,63
6,155618.580,63
6,155621.307,63
6,155624.422,63
6,155627.370,63
6,155630.190,63
6,155634.548,63
6,155637.688,63
6,155641.009,63
6,155644.268,63
6,155647.216,63
6,155650.775,63
6,155653.820,63
6,155656.777,63
6,155659.732,63
6,155662.646,64
6,155666.255,64
6,155668.902,64
6,155671.868,64
6,155674.635,64
6,155677.613,64
6,155680.136,64
6,155684.509,64
6,155687.693,64
6,155690.726,64
6,155693.852,64
6,155696.789,64
6,155701.080,64
6,155704.881,64
6,155707.927,64
6,155711.321,64
6,155714.395,64
6,155718.329,64
6,155721.398,64
6,155724.484,64
6,155727.212,64
6,155730.258,64
6,155733.786,64
6,155736.720,64
6,155739.724,64
6,155742.761,64
6,155745.934,64
6,155748.641,64
6,155751.720,64
6,155754.581,64
6,155757.639,64
6,155760.761,64
6,155763.601,64
6,155767.905,64
6,155770.531,64
6,155773.985,64
6,155777.037,64
6,155780.064,64
6,155784.063,64
6,155786.751,64
6,155790.552,64
6,155793.321,64
6,155796.373,64
6,155799.115,64
6,155803.763,64
6,155806.480,64
6,155809.113,64
6,155812.475,64
6,155816.918,64
6,155819.939,64
6,155823.042,64
6,155826.166,64
6,155829.114,65
6,155832.151,65
6,155835.272,65
6,155838.258,65
6,155841.286,65
6,155845.047,65
6,155847.985,65
6,155852.851,65
6,155856.012,65
6,155859.045,65
6,155861.985,65
6,155864.818,65
6,155867.743,65
6,155870.379,65
6,155872.832,65
6,155875.444,65
6,155877.966,65
6,155880.908,65
6,155883.690,65
6,155886.617,65
6,155889.735,65
6,155892.722,65
6,155895.453,65
6,155898.130,65
6,155901.922,65
6,155904.689,65
6,155907.667,65
6,155910.609,65
6,155913.505,65
6,155917.686,65
6,155920.746,65
6,155923.796,65
6,155926.424,65
6,155929.233,65
6,155932.028,65
6,155935.123,65
6,155938.203,65
6,155940.823,65
6,155943.845,65
6,155946.719,65
6,155950.423,65
6,155952.903,65
6,155956.008,65
6,155958.458,65
6,155961.480,65
6,155964.409,65
6,155968.472,65
6,155971.527,65
6,155974.537,65
6,155977.502,65
6,155979.820,65
6,155982.830,65
6,155985.902,65
6,155988.982,65
6,155991.712,65
6,155994.240,65
6,155997.199,66
6,155999.788,66
6,156003.407,66
6,156006.645,66
6,156009.606,66
6,156012.507,66
6,156016.166,66
6,156018.796,66
6,156022.094,66
6,156025.200,66
6,156028.144,66
6,156030.652,66
6,156034.292,66
6,156037.050,66
6,156040.130,66
6,156043.225,66
6,156046.300,66
6,156050.567,66
6,156053.677,66
6,156056.630,66
6,156059.676,66
6,156062.582,66
6,156066.550,66
6,156069.191,66
6,156071.956,66
6,156075.059,66
6,156078.116,66
6,156081.001,66
6,156084.242,66
6,156087.424,66
6,156090.518,66
6,156093.504,66
6,156096.443,66
6,156101.106,66
6,156104.014,66
6,156106.773,66
6,156109.832,66
6,156112.799,66
6,156116.819,66
6,156120.038,66
6,156122.631,66
6,156125.070,66
6,156127.791,66
6,156130.767,66
6,156133.552,66
6,156136.885,66
6,156139.612,66
6,156142.200,66
6,156145.236,66
6,156147.853,66
6,156151.162,66
6,156153.890,66
6,156156.491,66
6,156159.437,66
6,156161.970,67
6,156164.608,67
6,156169.195,67
6,156172.549,67
6,156176.689,67
6,156179.852,67
6,156183.744,67
6,156186.605,67
6,156189.946,67
6,156193.098,67
6,156195.933,67
6,156200.230,67
6,156203.332,67
6,156206.288,67
6,156209.300,67
6,156212.300,67
6,156216.714,67
6,156219.734,67
6,156223.263,67
6,156226.299,67
6,156229.164,67
6,156233.088,67
6,156235.659,67
6,156238.267,67
6,156241.305,67
6,156244.294,67
6,156246.946,67
6,156251.133,67
6,156254.238,67
6,156257.192,67
6,156260.245,67
6,156262.905,67
6,156267.235,67
6,156270.249,67
6,156273.235,67
6,156276.258,67
6,156279.214,67
6,156283.181,67
6,156286.117,67
6,156288.802,67
6,156292.196,67
6,156294.875,67
6,156297.306,67
6,156300.786,67
6,156304.048,67
6,156307.017,67
6,156309.989,67
6,156313.016,67
6,156316.445,67
6,156320.309,67
6,156323.307,67
6,156326.382,67
6,156328.864,68
6,156331.944,68
6,156334.857,68
6,156337.432,68
6,156340.462,68
6,156343.402,68
6,156348.032,68
6,156351.029,68
6,156354.688,68
6,156357.769,68
6,156360.961,68
6,156363.979,68
6,156367.873,68
6,156371.076,68
6,156374.376,68
6,156377.432,68
6,156380.383,68
6,156384.557,68
6,156387.672,68
6,156390.646,68
6,156393.190,68
6,156396.242,68
6,156399.760,68
6,156402.918,68
6,156405.507,68
6,156408.661,68
6,156411.329,68
6,156413.830,68
6,156416.870,68
6,156419.872,68
6,156423.027,68
6,156426.096,68
6,156429.107,68
6,156432.379,68
6,156435.557,68
6,156438.736,68
6,156441.811,68
6,156444.818,68
6,156447.760,68
6,156451.522,68
6,156454.638,68
6,156457.640,68
6,156460.790,68
6,156463.732,68
6,156466.912,68
6,156469.498,68
6,156472.181,68
6,156475.267,68
6,156478.184,68
6,156481.132,68
6,156485.028,68
6,156488.128,68
6,156491.187,68
6,156494.490,68
6,156497.568,69
6,156500.828,69
6,156503.886,69
6,156506.818,69
6,156509.751,69
6,156512.375,69
6,156516.231,69
6,156518.761,69
6,156521.818,69
6,156524.913,69
6,156527.900,69
6,156530.932,69
6,156534.511,69
6,156537.593,69
6,156540.351,69
6,156543.451,69
6,156546.685,69
6,156552.122,69
6,156555.015,69
6,156558.319,69
6,156561.454,69
6,156564.333,69
6,156568.253,69
6,156571.207,69
6,156574.713,69
6,156577.427,69
6,156580.406,69
6,156585.307,69
6,156588.716,69
6,156591.728,69
6,156594.654,69
6,156597.237,69
6,156601.162,69
6,156604.359,69
6,156606.877,69
6,156609.932,69
6,156612.823,69
6,156616.534,69
6,156619.193,69
6,156622.779,69
6,156625.556,69
6,156628.835,69
6,156631.656,69
6,156635.083,69
6,156637.728,69
6,156640.796,69
6,156643.467,69
6,156646.346,69
6,156650.385,69
6,156653.088,69
6,156656.452,69
6,156659.477,69
6,156662.068,70
6,156664.726,70
6,156668.376,70
6,156671.483,70
6,156674.637,70
6,156677.238,70
6,156679.701,70
6,156682.382,70
6,156685.570,70
6,156688.630,70
6,156691.845,70
6,156694.886,70
6,156697.789,70
6,156701.222,70
6,156703.873,70
6,156706.745,70
6,156709.770,70
6,156712.776,70
6,156716.336,70
6,156719.012,70
6,156721.346,70
6,156724.441,70
6,156727.370,70
6,156730.117,70
6,156733.356,70
6,156736.027,70
6,156738.724,70
6,156741.901,70
6,156745.012,70
6,156747.610,70
6,156751.853,70
6,156755.031,70
6,156758.093,70
6,156760.658,70
6,156763.154,70
6,156766.232,70
6,156769.049,70
6,156773.207,70
6,156776.410,70
6,156779.440,70
6,156784.201,70
6,156787.351,70
6,156790.345,70
6,156793.366,70
6,156796.487,70
6,156800.516,70
6,156803.370,70
6,156805.823,70
6,156809.090,70
6,156812.088,70
6,156814.731,70
6,156818.277,70
6,156820.973,70
6,156824.117,70
6,156826.471,70
6,156828.813,71
6,156831.269,71
6,156834.548,71
6,156837.480,71
6,156840.094,71
6,156843.200,71
6,156846.219,71
6,156849.313,71
6,156852.068,71
6,156854.539,71
6,156857.630,71
6,156860.697,71
6,156863.610,71
6,156867.066,71
6,156869.719,71
6,156872.287,71
6,156875.353,71
6,156878.461,71
6,156881.393,71
6,156884.617,71
6,156887.718,71
6,156890.706,71
6,156893.677,71
6,156896.140,71
6,156898.907,71
6,156902.590,71
6,156905.867,71
6,156909.107,71
6,156913.503,71
6,156916.295,71
6,156918.916,71
6,156922.000,71
6,156926.032,71
6,156928.697,71
6,156932.190,71
6,156935.308,71
6,156938.032,71
6,156941.338,71
6,156943.810,71
6,156946.273,71
6,156948.970,71
6,156952.153,71
6,156955.335,71
6,156957.825,71
6,156961.124,71
6,156964.095,71
6,156967.677,71
6,156970.735,71
6,156973.686,71
6,156976.615,71
6,156979.821,71
6,156983.772,71
6,156986.338,71
6,156989.260,71
6,156992.438,71
6,156995.519,72
6,156998.184,72
6,157001.171,72
6,157003.743,72
6,157006.696,72
6,157009.662,72
6,157012.166,72
6,157016.165,72
6,157019.183,72
6,157022.105,72
6,157025.224,72
6,157027.814,72
6,157030.343,72
6,157033.109,72
6,157035.903,72
6,157038.587,72
6,157041.627,72
6,157044.820,72
6,157047.701,72
6,157051.249,72
6,157053.761,72
6,157056.854,72
6,157059.832,72
6,157062.828,72
6,157066.409,72
6,157069.690,72
6,157072.688,72
6,157075.785,72
6,157078.944,72
6,157083.289,72
6,157086.423,72
6,157089.442,72
6,157092.489,72
6,157095.540,72
6,157098.210,72
6,157101.825,72
6,157104.557,72
6,157107.211,72
6,157110.549,72
6,157112.944,72
6,157116.190,72
6,157119.264,72
6,157122.129,72
6,157125.233,72
6,157128.035,72
6,157131.763,72
6,157134.723,72
6,157138.075,72
6,157141.169,72
6,157144.168,72
6,157147.117,72
6,157150.712,72
6,157154.071,72
6,157157.135,72
6,157160.226,72
6,157163.235,73
6,157166.186,73
6,157169.279,73
6,157172.548,73
6,157175.601,73
6,157179.001,73
6,157183.011,73
6,157186.091,73
6,157189.098,73
6,157191.721,73
6,157194.971,73
6,157197.894,73
6,157202.271,73
6,157205.183,73
6,157208.372,73
6,157210.842,73
6,157213.731,73
6,157217.883,73
6,157221.157,73
6,157224.255,73
6,157228.311,73
6,157231.324,73
6,157233.933,73
6,157236.989,73
6,157239.966,73
6,157243.047,73
6,157245.691,73
6,157249.800,73
6,157252.830,73
6,157256.009,73
6,157259.096,73
6,157263.840,73
6,157269.409,73
6,157272.747,73
6,157276.045,73
6,157279.233,73
6,157282.788,73
6,157285.522,73
6,157288.277,73
6,157291.432,73
6,157294.841,73
6,157297.836,73
6,157301.109,73
6,157304.318,73
6,157307.477,73
6,157310.383,73
6,157312.930,73
6,157316.420,73
6,157319.225,73
6,157322.798,73
6,157325.488,73
6,157328.112,73
6,157330.755,74
6,157333.893,74
6,157337.128,74
6,157340.262,74
6,157343.247,74
6,157346.236,74
6,157349.361,74
6,157352.518,74
6,157355.478,74
6,157358.528,74
6,157361.436,74
6,157364.411,74
6,157367.140,74
6,157370.287,74
6,157373.077,74
6,157376.047,74
6,157378.661,74
6,157382.319,74
6,157385.080,74
6,157388.211,74
6,157391.379,74
6,157394.029,74
6,157396.545,74
6,157400.498,74
6,157403.870,74
6,157406.589,74
6,157409.706,74
6,157412.728,74
6,157416.351,74
6,157419.427,74
6,157422.470,74
6,157425.464,74
6,157428.114,74
6,157430.792,74
6,157433.863,74
6,157436.598,74
6,157439.781,74
6,157442.956,74
6,157445.913,74
6,157449.599,74
6,157452.172,74
6,157454.573,74
6,157457.015,74
6,157459.648,74
6,157462.706,74
6,157466.346,74
6,157469.368,74
6,157472.316,74
6,157475.371,74
6,157478.109,74
6,157481.164,74
6,157484.231,74
6,157487.238,74
6,157490.357,74
6,157493.373,74
6,157496.335,75
6,157499.754,75
6,157504.055,75
6,157507.235,75
6,157510.865,75
6,157514.897,75
6,157518.745,75
6,157522.711,75
6,157525.942,75
6,157529.367,75
6,157533.467,75
6,157536.210,75
6,157539.613,75
6,157542.735,75
6,157545.267,75
6,157548.180,75
6,157551.651,75
6,157554.138,75
6,157557.087,75
6,157560.124,75
6,157562.557,75
6,157565.884,75
6,157568.589,75
6,157571.169,75
6,157574.185,75
6,157576.612,75
6,157579.639,75
6,157583.255,75
6,157586.312,75
6,157589.319,75
6,157592.483,75
6,157595.490,75
6,157599.192,75
6,157602.460,75
6,157605.085,75
6,157608.276,75
6,157611.368,75
6,157614.319,75
6,157617.764,75
6,157620.612,75
6,157623.052,75
6,157626.056,75
6,157628.633,75
6,157632.413,75
6,157635.195,75
6,157638.009,75
6,157641.040,75
6,157643.996,75
6,157646.889,75
6,157650.400,75
6,157652.904,75
6,157656.597,75
6,157659.599,75
6,157662.319,76
6,157666.156,76
6,157669.273,76
6,157672.230,76
6,157674.834,76
6,157678.098,76
6,157680.465,76
6,157683.400,76
6,157688.350,76
6,157691.877,76
6,157694.959,76
6,157697.991,76
6,157701.139,76
6,157704.272,76
6,157706.872,76
6,157709.836,76
6,157712.386,76
6,157716.095,76
6,157719.267,76
6,157722.687,76
6,157725.763,76
6,157729.270,76
6,157732.946,76
6,157735.965,76
6,157739.031,76
6,157742.213,76
6,157744.867,76
6,157747.805,76
6,157750.967,76
6,157754.116,76
6,157757.096,76
6,157760.210,76
6,157763.002,76
6,157766.458,76
6,157769.432,76
6,157772.379,76
6,157775.065,76
6,157778.168,76
6,157780.715,76
6,157784.234,76
6,157787.269,76
6,157790.135,76
6,157792.777,76
6,157795.298,76
6,157799.775,76
6,157802.367,76
6,157805.532,76
6,157808.115,76
6,157810.731,76
6,157813.253,76
6,157816.891,76
6,157819.930,76
6,157822.778,76
6,157825.800,76
6,157828.747,77
6,157832.787,77
6,157835.659,77
6,157839.243,77
6,157841.943,77
6,157844.667,77
6,157847.904,77
6,157850.690,77
6,157854.003,77
6,157857.217,77
6,157860.210,77
6,157863.085,77
6,157866.926,77
6,157869.584,77
6,157872.740,77
6,157875.852,77
6,157878.535,77
6,157882.435,77
6,157885.177,77
6,157887.659,77
6,157890.718,77
6,157895.790,77
6,157899.078,77
6,157903.337,77
6,157906.187,77
6,157908.785,77
6,157911.359,77
6,157914.484,77
6,157917.566,77
6,157920.327,77
6,157923.780,77
6,157926.912,77
6,157930.185,77
6,157932.919,77
6,157935.598,77
6,157938.120,77
6,157941.256,77
6,157944.199,77
6,157946.771,77
6,157949.947,77
6,157953.697,77
6,157956.642,77
6,157959.217,77
6,157962.290,77
6,157965.830,77
6,157968.991,77
6,157972.268,77
6,157975.346,77
6,157978.642,77
6,157982.416,77
6,157985.057,77
6,157988.170,77
6,157991.173,77
6,157993.696,77
6,157996.226,78
6,158000.560,78
6,158003.698,78
6,158006.814,78
6,158009.821,78
6,158012.351,78
6,158015.899,78
6,158018.971,78
6,158021.838,78
6,158025.014,78
6,158028.046,78
6,158030.908,78
6,158034.335,78
6,158037.294,78
6,158039.810,78
6,158043.005,78
6,158046.080,78
6,158050.208,78
6,158052.828,78
6,158055.559,78
6,158058.680,78
6,158061.672,78
6,158064.547,78
6,158068.611,78
6,158071.989,78
6,158074.966,78
6,158077.909,78
6,158080.252,78
6,158084.090,78
6,158086.673,78
6,158089.047,78
6,158092.222,78
6,158094.981,78
6,158097.557,78
6,158100.838,78
6,158104.159,78
6,158107.237,78
6,158110.259,78
6,158113.326,78
6,158118.101,78
6,158120.780,78
6,158123.308,78
6,158125.793,78
6,158128.913,78
6,158131.670,78
6,158135.817,78
6,158138.856,78
6,158141.879,78
6,158144.372,78
6,158147.315,78
6,158151.323,78
6,158154.596,78
6,158157.587,78
6,158160.595,78
6,158163.479,79
6,158167.024,79
6,158169.902,79
6,158172.863,79
6,158175.923,79
6,158178.943,79
6,158181.552,79
6,158185.108,79
6,158188.249,79
6,158191.249,79
6,158194.906,79
6,158197.824,79
6,158203.601,79
6,158207.504,79
6,158210.633,79
6,158214.762,79
6,158217.608,79
6,158220.740,79
6,158223.360,79
6,158226.359,79
6,158229.409,79
6,158233.430,79
6,158236.481,79
6,158239.639,79
6,158242.226,79
6,158244.778,79
6,158247.403,79
6,158250.615,79
6,158253.186,79
6,158255.651,79
6,158258.869,79
6,158262.060,79
6,158266.705,79
6,158269.769,79
6,158272.837,79
6,158275.953,79
6,158278.645,79
6,158281.393,79
6,158284.982,79
6,158288.092,79
6,158291.172,79
6,158294.279,79
6,158296.831,79
6,158301.164,79
6,158304.400,79
6,158307.424,79
6,158310.381,79
6,158313.340,79
6,158316.788,79
6,158319.854,79
6,158322.847,79
6,158325.874,79
6,158328.938,80
6,158333.365,80
6,158335.975,80
6,158338.564,80
6,158341.700,80
6,158344.662,80
6,158347.508,80
6,158350.521,80
6,158353.809,80
6,158356.529,80
6,158359.597,80
6,158362.574,80
6,158366.290,80
6,158369.291,80
6,158372.565,80
6,158375.659,80
6,158378.348,80
6,158381.183,80
6,158384.688,80
6,158387.845,80
6,158391.044,80
6,158393.973,80
6,158396.882,80
6,158400.863,80
6,158403.984,80
6,158407.260,80
6,158410.447,80
6,158413.054,80
6,158416.460,80
6,158419.527,80
6,158421.920,80
6,158425.027,80
6,158427.930,80
6,158430.835,80
6,158433.923,80
6,158437.300,80
6,158439.947,80
6,158443.173,80
6,158446.067,80
6,158450.492,80
6,158453.590,80
6,158456.608,80
6,158459.560,80
6,158462.481,80
6,158466.843,80
6,158469.876,80
6,158472.796,80
6,158475.445,80
6,158478.664,80
6,158481.715,80
6,158484.777,80
6,158487.842,80
6,158490.910,80
6,158493.966,80
6,158496.812,82
6,158500.907,82
6,158503.981,82
6,158506.906,82
6,158509.925,82
6,158512.910,82
6,158516.704,82
6,158519.728,82
6,158522.943,82
6,158526.005,82
6,158529.233,82
6,158533.119,82
6,158535.754,82
6,158538.176,82
6,158541.376,82
6,158544.054,82
6,158546.580,82
6,158549.240,82
6,158552.514,82
6,158555.208,82
6,158558.392,82
6,158561.928,82
6,158564.793,82
6,158567.805,82
6,158570.990,82
6,158573.555,82
6,158576.620,82
6,158579.578,82
6,158583.299,82
6,158585.739,82
6,158588.449,82
6,158591.571,82
6,158594.603,82
6,158597.572,82
6,158601.357,82
6,158604.459,82
6,158607.444,82
6,158610.539,82
6,158613.399,82
6,158616.910,82
6,158619.651,82
6,158622.208,82
6,158625.207,82
6,158628.234,82
6,158631.179,82
6,158634.469,82
6,158637.608,82
6,158640.524,82
6,158643.515,82
6,158646.441,82
6,158650.601,82
6,158653.713,82
6,158656.755,82
6,158659.408,82
6,158662.306,83
6,158665.078,83
6,158668.711,83
6,158671.405,83
6,158674.557,83
6,158677.476,83
6,158680.422,83
6,158684.231,83
6,158687.274,83
6,158689.998,83
6,158692.881,83
6,158695.274,83
6,158698.629,83
6,158701.648,83
6,158704.803,83
6,158707.961,83
6,158710.957,83
6,158713.855,83
6,158717.915,83
6,158721.223,83
6,158724.349,83
6,158727.261,83
6,158729.714,83
6,158734.132,83
6,158736.877,83
6,158740.544,83
6,158743.807,83
6,158746.806,83
6,158750.676,83
6,158753.754,83
6,158756.818,83
6,158759.779,83
6,158762.754,83
6,158766.761,83
6,158769.783,83
6,158772.875,83
6,158776.020,83
6,158778.947,83
6,158783.300,83
6,158786.392,83
6,158789.089,83
6,158792.370,83
6,158795.484,83
6,158798.685,83
6,158801.372,83
6,158804.545,83
6,158807.525,83
6,158810.632,83
6,158813.726,83
6,158816.855,83
6,158819.922,83
6,158822.759,83
6,158825.920,83
6,158828.565,84
6,158831.065,84
6,158834.679,84
6,158837.226,84
6,158839.860,84
6,158842.459,84
6,158844.946,84
6,158847.642,84
6,158850.659,84
6,158853.364,84
6,158856.297,84
6,158859.311,84
6,158862.250,84
6,158864.972,84
6,158868.142,84
6,158870.838,84
6,158873.963,84
6,158876.931,84
6,158879.878,84
6,158883.178,84
6,158885.794,84
6,158889.097,84
6,158892.047,84
6,158894.664,84
6,158897.477,84
6,158900.650,84
6,158903.311,84
6,158906.415,84
6,158909.362,84
6,158912.304,84
6,158915.763,84
6,158918.510,84
6,158921.536,84
6,158924.611,84
6,158927.573,84
6,158930.181,84
6,158933.152,84
6,158936.630,84
6,158939.735,84
6,158942.832,84
6,158945.523,84
6,158949.460,84
6,158952.508,84
6,158956.015,84
6,158959.038,84
6,158962.180,84
6,158966.498,84
6,158969.555,84
6,158972.525,84
6,158975.579,84
6,158978.687,84
6,158981.918,84
6,158984.968,84
6,158988.085,84
6,158991.204,84
6,158994.440,84
6,158997.680,85
6,159001.135,85
6,159004.389,85
6,159007.411,85
6,159010.636,85
6,159013.604,85
6,159016.786,85
6,159019.388,85
6,159022.491,85
6,159025.669,85
6,159029.158,85
6,159033.122,85
6,159035.905,85
6,159039.094,85
6,159042.853,85
6,159046.012,85
6,159049.858,85
6,159052.453,85
6,159055.588,85
6,159058.715,85
6,159061.460,85
6,159065.451,85
6,159068.440,85
6,159071.499,85
6,159074.586,85
6,159077.486,85
6,159080.398,85
6,159083.863,85
6,159086.531,85
6,159089.877,85
6,159092.924,85
6,159095.660,85
6,159099.780,85
6,159102.448,85
6,159105.770,85
6,159109.043,85
6,159112.277,85
6,159116.158,85
6,159119.043,85
6,159121.723,85
6,159124.477,85
6,159127.459,85
6,159130.377,85
6,159134.021,85
6,159136.511,85
6,159139.674,85
6,159142.746,85
6,159145.707,85
6,159149.488,85
6,159152.553,85
6,159155.660,85
6,159158.840,85
6,159161.814,85
6,159166.527,86
6,159169.103,86
6,159171.632,86
6,159174.991,86
6,159177.602,86
6,159180.862,86
6,159184.602,86
6,159187.618,86
6,159190.716,86
6,159193.732,86
6,159196.686,86
6,159199.605,86
6,159202.433,86
6,159205.485,86
6,159208.563,86
6,159211.669,86
6,159215.311,86
6,159218.497,86
6,159221.210,86
6,159223.923,86
6,159226.855,86
6,159229.481,86
6,159233.274,86
6,159236.330,86
6,159239.444,86
6,159242.417,86
6,159245.505,86
6,159249.461,86
6,159252.547,86
6,159255.160,86
6,159258.310,86
6,159261.275,86
6,159264.217,86
6,159267.422,86
6,159270.003,86
6,159272.684,86
6,159275.878,86
6,159278.488,86
6,159281.516,86
6,159284.758,86
6,159287.812,86
6,159291.060,86
6,159294.136,86
6,159297.038,86
6,159300.851,86
6,159303.898,86
6,159306.955,86
6,159310.051,86
6,159312.480,86
6,159315.619,86
6,159318.414,86
6,159321.550,86
6,159324.515,86
6,159327.657,86
6,159330.596,87
6,159333.706,87
6,159336.854,87
6,159340.245,87
6,159343.791,87
6,159346.651,87
6,159350.443,87
6,159353.201,87
6,159356.215,87
6,159359.232,87
6,159362.296,87
6,159366.027,87
6,159368.625,87
6,159371.589,87
6,159374.569,87
6,159377.435,87
6,159379.903,87
6,159383.438,87
6,159385.999,87
6,159388.596,87
6,159391.221,87
6,159394.254,87
6,159396.593,87
6,159400.652,87
6,159404.202,87
6,159407.265,87
6,159410.203,87
6,159413.199,87
6,159416.505,87
6,159419.560,87
6,159422.646,87
6,159425.773,87
6,159429.067,87
6,159432.120,87
6,159435.065,87
6,159438.161,87
6,159441.271,87
6,159443.735,87
6,159446.353,87
6,159448.932,87
6,159452.057,87
6,159454.595,87
6,159457.197,87
6,159460.270,87
6,159463.246,87
6,159466.535,87
6,159469.551,87
6,159472.533,87
6,159475.681,87
6,159478.411,87
6,159481.692,87
6,159484.739,87
6,159487.705,87
6,159490.735,87
6,159493.575,87
6,159496.503,88
6,159500.387,88
6,159503.345,88
6,159505.979,88
6,159509.423,88
6,159512.388,88
6,159516.457,88
6,159519.486,88
6,159522.714,88
6,159525.834,88
6,159528.906,88
6,159533.453,88
6,159536.507,88
6,159539.837,88
6,159543.016,88
6,159546.081,88
6,159550.078,88
6,159552.537,88
6,159555.092,88
6,159558.215,88
6,159561.337,88
6,159564.298,88
6,159568.266,88
6,159570.827,88
6,159573.462,88
6,159576.074,88
6,159579.059,88
6,159582.861,88
6,159585.527,88
6,159588.232,88
6,159591.587,88
6,159594.611,88
6,159597.541,88
6,159601.132,88
6,159604.060,88
6,159607.108,88
6,159610.161,88
6,159613.099,88
6,159617.064,88
6,159619.823,88
6,159622.340,88
6,159625.047,88
6,159628.210,88
6,159630.719,88
6,159635.109,88
6,159637.762,88
6,159640.596,88
6,159643.712,88
6,159647.507,88
6,159652.866,88
6,159656.092,88
6,159658.838,88
6,159663.189,88
6,159667.434,89
6,159670.690,89
6,159673.889,89
6,159676.974,89
6,159679.571,89
6,159683.512,89
6,159686.129,89
6,159688.664,89
6,159691.314,89
6,159694.507,89
6,159697.530,89
6,159701.379,89
6,159704.344,89
6,159707.583,89
6,159710.692,89
6,159713.652,89
6,159716.464,89
6,159719.098,89
6,159721.745,89
6,159724.877,89
6,159727.996,89
6,159730.989,89
6,159734.314,89
6,159737.446,89
6,159740.480,89
6,159743.547,89
6,159746.525,89
6,159750.593,89
6,159753.750,89
6,159756.737,89
6,159759.704,89
6,159762.150,89
6,159765.778,89
6,159768.428,89
6,159771.070,89
6,159774.398,89
6,159777.496,89
6,159780.796,89
6,159784.733,89
6,159787.816,89
6,159791.038,89
6,159793.708,89
6,159796.749,89
6,159799.561,89
6,159802.633,89
6,159805.243,89
6,159808.389,89
6,159811.457,89
6,159814.504,89
6,159818.096,89
6,159820.843,89
6,159823.984,89
6,159826.468,89
6,159829.046,90
6,159833.628,90
6,159836.586,90
6,159839.663,90
6,159842.267,90
6,159845.694,90
6,159850.133,90
6,159852.858,90
6,159856.044,90
6,159858.584,90
6,159861.615,90
6,159864.593,90
6,159868.115,90
6,159871.319,90
6,159874.413,90
6,159877.468,90
6,159879.845,90
6,159884.432,90
6,159886.921,90
6,159889.664,90
6,159892.796,90
6,159895.230,90
6,159897.713,90
6,159901.400,90
6,159904.797,90
6,159907.842,90
6,159910.797,90
6,159913.691,90
6,159916.868,90
6,159919.991,90
6,159923.416,90
6,159926.380,90
6,159929.377,90
6,159933.514,90
6,159936.210,90
6,159939.049,90
6,159942.068,90
6,159945.100,90
6,159949.755,90
6,159953.066,90
6,159955.766,90
6,159958.378,90
6,159961.487,90
6,159964.450,90
6,159968.036,90
6,159971.105,90
6,159973.659,90
6,159976.647,90
6,159979.558,90
6,159983.032,90
6,159986.057,90
6,159989.008,90
6,159991.712,90
6,159994.776,90
6,159997.681,91
6,160001.585,91
6,160004.753,91
6,160007.773,91
6,160010.230,91
6,160013.081,91
6,160016.826,91
6,160019.826,91
6,160023.110,91
6,160026.327,91
6,160028.816,91
6,160032.947,91
6,160035.642,91
6,160038.790,91
6,160041.796,91
6,160044.701,91
6,160047.208,91
6,160050.405,91
6,160053.115,91
6,160056.487,91
6,160059.598,91
6,160062.244,91
6,160066.048,91
6,160069.135,91
6,160072.339,91
6,160075.447,91
6,160078.354,91
6,160082.417,91
6,160084.959,91
6,160088.274,91
6,160091.306,91
6,160093.843,91
6,160096.777,91
6,160100.743,91
6,160103.883,91
6,160106.484,91
6,160109.513,91
6,160112.066,91
6,160116.190,91
6,160118.874,91
6,160121.452,91
6,160124.016,91
6,160127.226,91
6,160130.262,91
6,160133.844,91
6,160136.867,91
6,160140.123,91
6,160143.135,91
6,160145.474,91
6,160148.128,91
6,160151.570,91
6,160154.190,91
6,160157.172,91
6,160159.804,91
6,160162.345,92
6,160165.373,92
6,160168.416,92
6,160171.475,92
6,160174.478,92
6,160177.408,92
6,160180.322,92
6,160184.373,92
6,160186.948,92
6,160189.953,92
6,160193.052,92
6,160195.987,92
6,160199.421,92
6,160202.364,92
6,160205.194,92
6,160208.292,92
6,160211.230,92
6,160214.065,92
6,160217.705,92
6,160220.782,92
6,160224.023,92
6,160227.055,92
6,160230.012,92
6,160233.485,92
6,160235.986,92
6,160238.974,92
6,160242.018,92
6,160244.510,92
6,160247.497,92
6,160251.001,92
6,160253.622,92
6,160256.587,92
6,160259.589,92
6,160262.504,92
6,160267.097,92
6,160270.137,92
6,160273.084,92
6,160276.097,92
6,160279.131,92
6,160283.288,92
6,160286.373,92
6,160289.762,92
6,160292.751,92
6,160295.669,92
6,160298.765,92
6,160301.424,92
6,160304.080,92
6,160307.025,92
6,160310.069,92
6,160312.598,92
6,160316.047,92
6,160319.107,92
6,160322.047,92
6,160324.511,92
6,160327.812,92
6,160330.730,93
6,160334.435,93
6,160337.068,93
6,160339.747,93
6,160342.744,93
6,160345.650,93
6,160348.893,93
6,160351.983,93
6,160355.003,93
6,160358.020,93
6,160360.650,93
6,160363.649,93
6,160366.117,93
6,160369.762,93
6,160372.715,93
6,160376.604,93
6,160379.561,93
6,160383.087,93
6,160385.937,93
6,160389.013,93
6,160392.038,93
6,160395.362,93
6,160399.586,93
6,160402.846,93
6,160405.765,93
6,160408.913,93
6,160412.202,93
6,160415.207,93
6,160418.588,93
6,160421.770,93
6,160424.829,93
6,160427.749,93
6,160430.672,93
6,160434.203,93
6,160436.822,93
6,160439.963,93
6,160443.018,93
6,160445.911,93
6,160450.075,93
6,160453.091,93
6,160456.029,93
6,160459.070,93
6,160462.405,93
6,160466.753,93
6,160469.383,93
6,160471.907,93
6,160474.967,93
6,160477.882,93
6,160480.907,93
6,160483.920,93
6,160486.708,93
6,160489.811,93
6,160492.952,93
6,160495.894,94
6,160499.998,94
6,160502.945,94
6,160505.921,94
6,160509.108,94
6,160512.366,94
6,160516.061,94
6,160518.924,94
6,160521.411,94
6,160524.511,94
6,160527.573,94
6,160530.435,94
6,160533.847,94
6,160536.957,94
6,160539.937,94
6,160542.720,94
6,160545.689,94
6,160549.641,94
6,160553.698,94
6,160556.993,94
6,160559.961,94
6,160563.061,94
6,160566.872,94
6,160569.990,94
6,160572.850,94
6,160576.015,94
6,160578.936,94
6,160583.459,94
6,160586.601,94
6,160589.803,94
6,160592.837,94
6,160595.305,94
6,160597.804,94
6,160600.834,94
6,160604.098,94
6,160607.175,94
6,160610.181,94
6,160613.004,94
6,160616.864,94
6,160619.517,94
6,160622.198,94
6,160625.237,94
6,160628.251,94
6,160631.158,94
6,160634.161,94
6,160636.912,94
6,160639.782,94
6,160642.739,94
6,160645.025,94
6,160647.665,94
6,160650.843,94
6,160653.743,94
6,160657.027,94
6,160660.069,94
6,160663.108,95
6,160666.722,95
6,160669.940,95
6,160672.880,95
6,160676.007,95
6,160679.021,95
6,160682.250,95
6,160685.109,95
6,160687.710,95
6,160690.114,95
6,160692.771,95
6,160695.173,95
6,160698.655,95
6,160701.734,95
6,160704.890,95
6,160707.976,95
6,160711.003,95
6,160715.081,95
6,160717.898,95
6,160720.636,95
6,160724.088,95
6,160727.117,95
6,160730.185,95
6,160733.410,95
6,160736.405,95
6,160739.750,95
6,160742.866,95
6,160745.779,95
6,160748.998,95
6,160752.397,95
6,160755.634,95
6,160758.179,95
6,160760.766,95
6,160763.358,95
6,160766.297,95
6,160770.291,95
6,160773.489,95
6,160776.531,95
6,160779.523,95
6,160782.482,95
6,160785.519,95
6,160788.839,95
6,160791.832,95
6,160794.522,95
6,160797.030,95
6,160799.683,95
6,160802.486,95
6,160805.876,95
6,160809.193,95
6,160812.158,95
6,160816.837,95
6,160821.183,95
6,160824.953,95
6,160828.404,95
6,160831.242,96
6,160834.419,96
6,160837.505,96
6,160840.451,96
6,160843.873,96
6,160847.041,96
6,160849.918,96
6,160853.040,96
6,160857.630,96
6,160860.712,96
6,160863.325,96
6,160866.475,96
6,160869.732,96
6,160873.010,96
6,160876.127,96
6,160879.054,96
6,160881.981,96
6,160886.264,96
6,160890.989,96
6,160894.823,96
6,160897.890,96
6,160900.490,96
6,160903.221,96
6,160906.828,96
6,160909.657,96
6,160912.658,96
6,160915.636,96
6,160918.150,96
6,160920.976,96
6,160924.257,96
6,160926.991,96
6,160929.816,96
6,160932.508,96
6,160935.083,96
6,160937.611,96
6,160940.175,96
6,160942.821,96
6,160945.812,96
6,160948.927,96
6,160952.052,96
6,160954.556,96
6,160957.250,96
6,160959.928,96
6,160962.614,96
6,160965.347,96
6,160968.487,96
6,160971.674,96
6,160974.218,96
6,160977.175,96
6,160980.052,96
6,160983.364,96
6,160986.385,96
6,160989.042,96
6,160992.071,96
6,160994.798,96
6,160997.767,97
6,161001.769,97
6,161004.326,97
6,161007.358,97
6,161010.718,97
6,161013.566,97
6,161016.823,97
6,161019.450,97
6,161022.226,97
6,161025.351,97
6,161027.867,97
6,161030.941,97
6,161033.650,97
6,161036.086,97
6,161039.029,97
6,161041.853,97
6,161044.746,97
6,161047.065,97
6,161050.160,97
6,161052.993,97
6,161056.160,97
6,161059.326,97
6,161061.938,97
6,161064.577,97
6,161068.013,97
6,161071.174,97
6,161074.260,97
6,161077.235,97
6,161080.135,97
6,161083.732,97
6,161086.695,97
6,161089.677,97
6,161092.705,97
6,161095.689,97
6,161099.556,97
6,161102.759,97
6,161105.855,97
6,161109.015,97
6,161112.304,97
6,161115.789,97
6,161118.791,97
6,161121.328,97
6,161124.597,97
6,161127.275,97
6,161129.823,97
6,161134.570,97
6,161137.329,97
6,161139.860,97
6,161142.886,97
6,161145.716,97
6,161148.124,97
6,161152.721,97
6,161155.535,97
6,161159.569,97
6,161163.186,98
6,161167.279,98
6,161169.975,98
6,161173.266,98
6,161176.445,98
6,161179.236,98
6,161182.997,98
6,161185.618,98
6,161188.189,98
6,161191.338,98
6,161193.992,98
6,161196.965,98
6,161201.327,98
6,161204.437,98
6,161207.412,98
6,161210.658,98
6,161213.465,98
6,161216.979,98
6,161219.706,98
6,161223.101,98
6,161226.130,98
6,161228.705,98
6,161231.193,98
6,161234.791,98
6,161237.416,98
6,161240.711,98
6,161244.167,98
6,161247.329,98
6,161251.766,98
6,161254.784,98
6,161257.890,98
6,161260.510,98
6,161263.515,98
6,161266.819,98
6,161269.550,98
6,161272.908,98
6,161275.622,98
6,161279.000,98
6,161282.689,98
6,161285.850,98
6,161288.925,98
6,161291.918,98
6,161294.968,98
6,161297.852,98
6,161301.901,98
6,161304.980,98
6,161307.946,98
6,161310.952,98
6,161313.512,98
6,161316.812,98
6,161319.609,98
6,161322.271,98
6,161325.282,98
6,161328.107,98
6,161330.637,99
6,161334.341,99
6,161337.077,99
6,161340.140,99
6,161343.189,99
6,161346.139,99
6,161349.911,99
6,161352.966,99
6,161356.978,99
6,161360.293,99
6,161363.297,99
6,161367.317,99
6,161370.648,99
6,161373.783,99
6,161376.230,99
6,161378.680,99
6,161381.747,99
6,161385.190,99
6,161388.015,99
6,161390.786,99
6,161393.632,99
6,161396.193,99
6,161399.298,99
6,161402.165,99
6,161405.244,99
6,161408.285,99
6,161411.312,99
6,161414.197,99
6,161416.593,99
6,161420.136,99
6,161423.383,99
6,161426.598,99
6,161429.690,99
6,161433.349,99
6,161436.034,99
6,161439.215,99
6,161442.228,99
6,161445.348,99
6,161448.004,99
6,161451.449,99
6,161454.638,99
6,161457.660,99
6,161461.310,99
6,161464.063,99
6,161467.753,99
6,161470.445,99
6,161473.288,99
6,161476.280,99
6,161479.245,99
6,161483.119,99
6,161486.224,99
6,161489.682,99
6,161492.654,99
6,161495.454,100
6,161498.307,100
6,161501.087,100
6,161504.488,100
6,161508.081,100
6,161511.126,100
6,161514.018,100
6,161518.020,100
6,161521.177,100
6,161524.513,100
6,161527.463,100
6,161530.354,100
6,161534.105,100
6,161537.361,100
6,161540.525,100
6,161543.363,100
6,161546.329,100
6,161549.433,100
6,161552.220,100
6,161555.117,100
6,161558.309,100
6,161561.226,100
6,161564.156,100
6,161567.765,100
6,161570.359,100
6,161573.040,100
6,161575.772,100
6,161578.921,100
6,161583.203,100
6,161586.348,100
6,161589.384,100
6,161592.488,100
6,161595.289,100
6,161599.208,100
6,161602.047,100
6,161605.024,100
6,161608.114,100
6,161610.446,100
6,161612.836,100
6,161615.867,100
6,161619.081,100
6,161622.078,100
6,161624.938,100
6,161627.357,100
6,161629.766,100
6,161632.307,100
6,161635.599,100
6,161638.020,100
6,161641.064,100
6,161644.181,100
6,161647.134,100
6,161650.715,100
6,161653.748,100
6,161656.711,100
6,161659.642,100
6,161662.135,101
6,161664.749,101
6,161668.368,101
6,161671.541,101
6,161674.663,101
6,161677.544,101
6,161680.552,101
6,161684.439,101
6,161687.524,101
6,161690.524,101
6,161693.662,101
6,161696.165,101
6,161699.382,101
6,161702.089,101
6,161705.000,101
6,161707.983,101
6,161710.545,101
6,161712.869,101
6,161715.619,101
6,161718.839,101
6,161722.041,101
6,161725.119,101
6,161728.142,101
6,161731.017,101
6,161734.619,101
6,161737.566,101
6,161740.575,101
6,161744.052,101
6,161746.947,101
6,161750.477,101
6,161753.679,101
6,161756.599,101
6,161759.541,101
6,161762.924,101
6,161767.003,101
6,161770.177,101
6,161773.180,101
6,161776.283,101
6,161779.351,101
6,161783.521,101
6,161786.147,101
6,161789.375,101
6,161792.506,101
6,161795.077,101
6,161797.499,101
6,161800.076,101
6,161803.200,101
6,161806.007,101
6,161808.999,101
6,161812.088,101
6,161816.642,101
6,161819.662,101
6,161822.725,101
6,161825.752,101
6,161828.597,102
6,161831.803,102
6,161834.415,102
6,161837.459,102
6,161840.882,102
6,161844.005,102
6,161846.900,102
6,161850.423,102
6,161853.087,102
6,161856.138,102
6,161859.211,102
6,161862.255,102
6,161866.162,102
6,161868.850,102
6,161871.458,102
6,161874.587,102
6,161877.106,102
6,161880.149,102
6,161884.484,102
6,161887.356,102
6,161890.125,102
6,161893.155,102
6,161896.136,102
6,161900.141,102
6,161902.918,102
6,161906.316,102
6,161909.391,102
6,161912.009,102
6,161914.690,102
6,161917.868,102
6,161921.004,102
6,161924.103,102
6,161926.779,102
6,161929.564,102
6,161932.298,102
6,161935.873,102
6,161938.930,102
6,161942.011,102
6,161945.104,102
6,161948.156,102
6,161951.333,102
6,161954.274,102
6,161957.314,102
6,161960.379,102
6,161963.001,102
6,161965.779,102
6,161969.407,102
6,161972.053,102
6,161974.729,102
6,161977.708,102
6,161980.609,102
6,161984.157,102
6,161987.158,102
6,161990.227,102
6,161993.234,102
6,161995.594,103
6,161999.456,103
6,162002.100,103
6,162005.136,103
6,162008.261,103
6,162011.237,103
6,162014.207,103
6,162017.573,103
6,162020.570,103
6,162023.830,103
6,162026.926,103
6,162029.981,103
6,162033.131,103
6,162035.846,103
6,162039.155,103
6,162042.319,103
6,162045.688,103
6,162050.177,103
6,162053.571,103
6,162056.652,103
6,162059.773,103
6,162062.274,103
6,162066.782,103
6,162069.479,103
6,162072.678,103
6,162075.845,103
6,162079.086,103
6,162083.277,103
6,162085.912,103
6,162088.545,103
6,162091.687,103
6,162094.713,103
6,162097.312,103
6,162101.430,103
6,162104.686,103
6,162107.777,103
6,162110.864,103
6,162113.436,103
6,162117.173,103
6,162120.291,103
6,162122.884,103
6,162125.998,103
6,162129.177,103
6,162132.161,103
6,162135.566,103
6,162138.888,103
6,162142.257,103
6,162145.104,103
6,162149.663,103
6,162152.824,103
6,162156.015,103
6,162158.575,103
6,162161.223,103
6,162163.862,104
6,162167.590,104
6,162170.285,104
6,162172.977,104
6,162175.875,104
6,162179.064,104
6,162182.446,104
6,162185.086,104
6,162188.000,104
6,162191.197,104
6,162194.262,104
6,162196.795,104
6,162200.546,104
6,162203.808,104
6,162206.911,104
6,162209.946,104
6,162212.705,104
6,162215.727,104
6,162218.386,104
6,162221.429,104
6,162224.427,104
6,162227.659,104
6,162230.114,104
6,162234.077,104
6,162237.156,104
6,162239.727,104
6,162242.782,104
6,162245.670,104
6,162250.153,104
6,162253.297,104
6,162256.231,104
6,162259.290,104
6,162261.985,104
6,162266.458,104
6,162269.507,104
6,162272.365,104
6,162275.490,104
6,162278.523,104
6,162281.359,104
6,162285.799,104
6,162288.850,104
6,162291.952,104
6,162294.967,104
6,162297.543,104
6,162300.874,104
6,162304.004,104
6,162306.766,104
6,162309.733,104
6,162312.168,104
6,162315.976,104
6,162319.069,104
6,162321.998,104
6,162325.030,104
6,162327.944,104
6,162331.038,105
6,162333.787,105
6,162336.737,105
6,162339.864,105
6,162342.965,105
6,162345.442,105
6,162349.599,105
6,162352.650,105
6,162355.246,105
6,162358.323,105
6,162361.308,105
6,162363.812,105
6,162367.906,105
6,162370.948,105
6,162373.966,105
6,162376.914,105
6,162379.875,105
6,162383.018,105
6,162386.014,105
6,162388.931,105
6,162392.067,105
6,162395.188,105
6,162399.814,105
6,162402.994,105
6,162406.259,105
6,162409.314,105
6,162412.282,105
6,162416.170,105
6,162419.345,105
6,162421.943,105
6,162425.028,105
6,162427.936,105
6,162430.501,105
6,162434.212,105
6,162437.481,105
6,162440.606,105
6,162443.579,105
6,162446.451,105
6,162449.861,105
6,162452.997,105
6,162455.811,105
6,162459.287,105
6,162462.234,105
6,162464.822,105
6,162468.344,105
6,162471.466,105
6,162474.493,105
6,162477.507,105
6,162480.405,105
6,162484.243,105
6,162486.890,105
6,162489.279,105
6,162492.358,105
6,162495.767,106
6,162499.135,106
6,162501.907,106
6,162504.414,106
6,162507.052,106
6,162510.121,106
6,162513.905,106
6,162517.321,106
6,162521.386,106
6,162524.590,106
6,162527.888,106
6,162530.875,106
6,162535.036,106
6,162538.058,106
6,162541.076,106
6,162544.296,106
6,162547.305,106
6,162550.948,106
6,162554.022,106
6,162557.013,106
6,162560.029,106
6,162562.923,106
6,162566.282,106
6,162568.810,106
6,162571.442,106
6,162574.578,106
6,162577.487,106
6,162579.894,106
6,162583.609,106
6,162586.785,106
6,162589.845,106
6,162592.859,106
6,162595.746,106
6,162600.221,106
6,162603.086,106
6,162606.722,106
6,162609.255,106
6,162611.862,106
6,162614.584,106
6,162618.061,106
6,162621.087,106
6,162624.101,106
6,162627.184,106
6,162630.187,106
6,162634.787,106
6,162637.516,106
6,162640.530,106
6,162643.533,106
6,162646.429,106
6,162650.560,106
6,162653.586,106
6,162656.709,106
6,162659.257,106
6,162662.258,107
6,162664.911,107
6,162668.641,107
6,162671.675,107
6,162674.279,107
6,162676.697,107
6,162679.309,107
6,162682.222,107
6,162685.308,107
6,162687.709,107
6,162691.312,107
6,162693.991,107
6,162696.932,107
6,162699.953,107
6,162703.148,107
6,162706.465,107
6,162709.519,107
6,162712.201,107
6,162714.851,107
6,162717.921,107
6,162720.573,107
6,162723.210,107
6,162725.900,107
6,162728.793,107
6,162732.995,107
6,162735.684,107
6,162738.041,107
6,162741.058,107
6,162743.892,107
6,162746.726,107
6,162751.166,107
6,162754.432,107
6,162756.872,107
6,162759.882,107
6,162762.851,107
6,162766.791,107
6,162769.468,107
6,162772.722,107
6,162775.977,107
6,162778.958,107
6,162782.560,107
6,162785.528,107
6,162788.262,107
6,162791.433,107
6,162794.709,107
6,162797.825,107
6,162800.656,107
6,162803.859,107
6,162806.366,107
6,162809.433,107
6,162812.434,107
6,162815.422,107
6,162817.888,107
6,162820.937,107
6,162824.148,107
6,162826.794,107
6,162829.602,109
6,162832.457,109
6,162835.189,109
6,162837.579,109
6,162840.615,109
6,162843.890,109
6,162846.559,109
6,162850.298,109
6,162853.461,109
6,162856.334,109
6,162859.699,109
6,162863.885,109
6,162867.108,109
6,162869.724,109
6,162873.170,109
6,162876.174,109
6,162878.671,109
6,162882.712,109
6,162885.842,109
6,162888.684,109
6,162891.304,109
6,162894.954,109
6,162899.473,109
6,162903.026,109
6,162905.913,109
6,162909.055,109
6,162912.150,109
6,162916.790,109
6,162919.487,109
6,162923.003,109
6,162926.061,109
6,162929.059,109
6,162932.055,109
6,162935.262,109
6,162937.575,109
6,162940.702,109
6,162943.971,109
6,162947.117,109
6,162950.479,109
6,162953.040,109
6,162955.801,109
6,162958.900,109
6,162961.980,109
6,162964.790,109
6,162967.842,109
6,162971.139,109
6,162974.160,109
6,162977.276,109
6,162980.289,109
6,162983.668,109
6,162986.651,109
6,162989.642,109
6,162992.647,109
6,162995.606,110
6,163000.079,110
6,163003.077,110
6,163006.376,110
6,163009.459,110
6,163012.402,110
6,163016.654,110
6,163019.631,110
6,163022.078,110
6,163025.127,110
6,163027.515,110
6,163029.767,110
6,163033.036,110
6,163035.832,110
6,163038.591,110
6,163041.648,110
6,163044.637,110
6,163047.564,110
6,163050.933,110
6,163054.058,110
6,163057.051,110
6,163060.101,110
6,163062.659,110
6,163066.500,110
6,163069.065,110
6,163072.145,110
6,163075.148,110
6,163078.182,110
6,163080.994,110
6,163084.145,110
6,163086.883,110
6,163090.639,110
6,163093.581,110
6,163096.655,110
6,163100.728,110
6,163103.904,110
6,163107.175,110
6,163110.145,110
6,163112.719,110
6,163116.663,110
6,163119.631,110
6,163122.614,110
6,163125.251,110
6,163128.392,110
6,163131.343,110
6,163134.589,110
6,163137.258,110
6,163140.694,110
6,163143.860,110
6,163146.211,110
6,163150.513,110
6,163153.583,110
6,163156.589,110
6,163159.562,110
6,163162.222,111
6,163166.173,111
6,163169.162,111
6,163172.494,111
6,163175.538,111
6,163178.076,111
6,163180.652,111
6,163184.448,111
6,163187.517,111
6,163190.484,111
6,163193.411,111
6,163196.421,111
6,163199.647,111
6,163202.561,111
6,163205.774,111
6,163208.976,111
6,163211.845,111
6,163216.126,111
6,163219.187,111
6,163222.351,111
6,163225.480,111
6,163229.001,111
6,163233.549,111
6,163236.521,111
6,163239.726,111
6,163242.678,111
6,163245.552,111
6,163249.671,111
6,163252.716,111
6,163256.109,111
6,163259.180,111
6,163262.213,111
6,163265.534,111
6,163268.380,111
6,163271.038,111
6,163274.878,111
6,163277.953,111
6,163280.902,111
6,163283.600,111
6,163286.698,111
6,163289.906,111
6,163292.945,111
6,163295.819,111
6,163299.408,111
6,163302.079,111
6,163305.005,111
6,163308.085,111
6,163310.641,111
6,163313.247,111
6,163316.689,111
6,163319.379,111
6,163322.139,111
6,163324.894,111
6,163327.958,111
6,163330.913,112
6,163334.158,112
6,163336.799,112
6,163340.184,112
6,163343.151,112
6,163345.689,112
6,163349.294,112
6,163351.830,112
6,163354.552,112
6,163357.530,112
6,163360.489,112
6,163363.446,112
6,163366.907,112
6,163369.466,112
6,163372.073,112
6,163374.763,112
6,163377.848,112
6,163380.740,112
6,163384.093,112
6,163386.550,112
6,163389.031,112
6,163391.799,112
6,163394.740,112
6,163397.467,112
6,163400.689,112
6,163403.464,112
6,163406.104,112
6,163408.475,112
6,163411.440,112
6,163414.352,112
6,163418.784,112
6,163421.644,112
6,163424.777,112
6,163427.806,112
6,163430.790,112
6,163433.699,112
6,163436.425,112
6,163438.918,112
6,163441.937,112
6,163444.900,112
6,163447.799,112
6,163450.846,112
6,163453.992,112
6,163457.018,112
6,163460.071,112
6,163463.125,112
6,163465.860,112
6,163468.737,112
6,163471.621,112
6,163474.746,112
6,163477.129,112
6,163480.129,112
6,163483.464,112
6,163486.522,112
6,163489.889,112
6,163493.013,112
6,163496.020,113
6,163499.185,113
6,163502.366,113
6,163505.426,113
6,163508.468,113
6,163511.381,113
6,163514.382,113
6,163517.686,113
6,163520.340,113
6,163523.523,113
6,163526.549,113
6,163529.441,113
6,163533.090,113
6,163536.154,113
6,163538.750,113
6,163541.930,113
6,163544.862,113
6,163547.355,113
6,163551.069,113
6,163554.136,113
6,163557.148,113
6,163560.109,113
6,163563.095,113
6,163566.689,113
6,163569.677,113
6,163572.284,113
6,163576.126,113
6,163578.707,113
6,163582.983,113
6,163585.743,113
6,163588.823,113
6,163591.893,113
6,163594.856,113
6,163597.826,113
6,163600.687,113
6,163603.678,113
6,163606.301,113
6,163609.324,113
6,163612.263,113
6,163615.748,113
6,163618.828,113
6,163621.944,113
6,163624.708,113
6,163627.146,113
6,163629.644,113
6,163633.975,113
6,163636.551,113
6,163639.666,113
6,163642.661,113
6,163645.636,113
6,163648.956,113
6,163652.024,113
6,163655.108,113
6,163658.213,113
6,163662.295,113
6,163665.266,114
6,163668.386,114
6,163671.268,114
6,163675.838,114
6,163678.856,114
6,163683.063,114
6,163686.088,114
6,163688.911,114
6,163692.137,114
6,163694.833,114
6,163697.260,114
6,163700.880,114
6,163703.501,114
6,163706.622,114
6,163709.690,114
6,163712.108,114
6,163715.831,114
6,163718.392,114
6,163721.271,114
6,163724.347,114
6,163727.793,114
6,163730.885,114
6,163734.998,114
6,163738.068,114
6,163741.288,114
6,163744.037,114
6,163746.982,114
6,163750.738,114
6,163753.589,114
6,163756.101,114
6,163759.592,114
6,163762.533,114
6,163765.701,114
6,163768.383,114
6,163771.970,114
6,163774.862,114
6,163778.076,114
6,163780.964,114
6,163783.699,114
6,163786.971,114
6,163790.159,114
6,163793.015,114
6,163796.107,114
6,163800.202,114
6,163803.003,114
6,163805.686,114
6,163808.733,114
6,163811.815,114
6,163816.081,114
6,163818.695,114
6,163821.847,114
6,163824.899,114
6,163827.837,114
6,163830.397,115
6,163834.025,115
6,163836.579,115
6,163839.644,115
6,163842.608,115
6,163845.625,115
6,163848.977,115
6,163852.028,115
6,163855.091,115
6,163858.089,115
6,163860.732,115
6,163863.623,115
6,163866.803,115
6,163870.122,115
6,163873.261,115
6,163877.062,115
6,163880.176,115
6,163882.895,115
6,163885.351,115
6,163888.294,115
6,163891.285,115
6,163893.863,115
6,163896.793,115
6,163900.571,115
6,163903.248,115
6,163906.389,115
6,163909.412,115
6,163912.405,115
6,163915.831,115
6,163918.913,115
6,163921.458,115
6,163924.491,115
6,163927.672,115
6,163930.687,115
6,163934.819,115
6,163938.120,115
6,163942.006,115
6,163944.732,115
6,163947.371,115
6,163951.367,115
6,163954.451,115
6,163957.427,115
6,163960.474,115
6,163963.522,115
6,163966.586,115
6,163969.606,115
6,163972.433,115
6,163975.420,115
6,163978.437,115
6,163981.452,115
6,163984.671,115
6,163987.648,115
6,163990.631,115
6,163993.634,115
6,163996.527,116
6,164000.013,116
6,164003.264,116
6,164006.480,116
6,164009.523,116
6,164012.678,116
6,164016.587,116
6,164019.608,116
6,164022.626,116
6,164025.399,116
6,164028.513,116
6,164033.299,116
6,164036.132,116
6,164039.428,116
6,164042.465,116
6,164047.229,116
6,164050.361,116
6,164052.993,116
6,164056.030,116
6,164059.193,116
6,164062.273,116
6,164065.681,116
6,164068.421,116
6,164071.596,116
6,164074.183,116
6,164077.391,116
6,164080.299,116
6,164084.103,116
6,164087.082,116
6,164090.034,116
6,164093.031,116
6,164095.622,116
6,164098.412,116
6,164101.826,116
6,164104.657,116
6,164107.713,116
6,164110.245,116
6,164112.525,116
6,164115.639,116
6,164118.167,116
6,164121.236,116
6,164123.803,116
6,164127.171,116
6,164130.166,116
6,164132.745,116
6,164135.889,116
6,164138.991,116
6,164142.022,116
6,164144.606,116
6,164147.712,116
6,164150.964,116
6,164154.017,116
6,164157.005,116
6,164159.900,116
6,164162.458,117
6,164166.587,117
6,164169.646,117
6,164172.604,117
6,164175.770,117
6,164179.168,117
6,164183.255,117
6,164185.944,117
6,164188.412,117
6,164191.050,117
6,164194.115,117
6,164197.017,117
6,164201.272,117
6,164204.552,117
6,164207.676,117
6,164210.731,117
6,164213.614,117
6,164216.888,117
6,164219.696,117
6,164222.727,117
6,164225.806,117
6,164229.097,117
6,164232.906,117
6,164235.591,117
6,164238.232,117
6,164241.331,117
6,164243.900,117
6,164246.526,117
6,164249.202,117
6,164252.099,117
6,164254.708,117
6,164257.792,117
6,164260.397,117
6,164262.930,117
6,164265.476,117
6,164268.788,117
6,164271.875,117
6,164275.029,117
6,164278.043,117
6,164280.924,117
6,164284.550,117
6,164287.268,117
6,164289.974,117
6,164292.451,117
6,164295.245,117
6,164297.917,117
6,164301.024,117
6,164304.407,117
6,164307.418,117
6,164310.447,117
6,164313.406,117
6,164316.886,117
6,164319.342,117
6,164322.234,117
6,164325.455,117
6,164328.877,118
6,164332.966,118
6,164335.688,118
6,164338.676,118
6,164341.762,118
6,164344.449,118
6,164347.422,118
6,164351.094,118
6,164353.636,118
6,164356.218,118
6,164359.294,118
6,164362.468,118
6,164366.698,118
6,164369.504,118
6,164372.107,118
6,164375.272,118
6,164378.490,118
6,164381.547,118
6,164384.851,118
6,164387.920,118
6,164390.960,118
6,164394.010,118
6,164398.578,118
6,164402.335,118
6,164405.151,118
6,164408.520,118
6,164411.534,118
6,164414.015,118
6,164416.658,118
6,164420.195,118
6,164422.945,118
6,164425.985,118
6,164429.020,118
6,164432.285,118
6,164436.503,118
6,164439.723,118
6,164442.661,118
6,164446.010,118
6,164449.642,118
6,164452.236,118
6,164454.924,118
6,164458.024,118
6,164461.055,118
6,164464.189,118
6,164467.518,118
6,164470.358,118
6,164472.803,118
6,164475.934,118
6,164479.069,118
6,164483.344,118
6,164486.238,118
6,164489.498,118
6,164492.575,118
6,164495.712,119
6,164499.739,119
6,164502.405,119
6,164505.698,119
6,164508.860,119
6,164511.985,119
6,164515.962,119
6,164518.632,119
6,164521.153,119
6,164524.327,119
6,164527.284,119
6,164529.829,119
6,164533.243,119
6,164536.295,119
6,164539.080,119
6,164542.504,119
6,164545.278,119
6,164548.040,119
6,164551.619,119
6,164554.404,119
6,164557.592,119
6,164560.748,119
6,164564.680,119
6,164567.410,119
6,164570.008,119
6,164572.952,119
6,164575.438,119
6,164578.696,119
6,164583.291,119
6,164586.397,119
6,164589.824,119
6,164593.073,119
6,164596.049,119
6,164600.737,119
6,164603.803,119
6,164606.827,119
6,164609.863,119
6,164612.495,119
6,164615.973,119
6,164618.513,119
6,164621.030,119
6,164623.618,119
6,164626.171,119
6,164629.188,119
6,164631.853,119
6,164634.914,119
6,164637.354,119
6,164639.995,119
6,164642.878,119
6,164645.819,119
6,164649.417,119
6,164652.400,119
6,164655.037,119
6,164658.149,119
6,164660.746,119
6,164663.816,120
6,164668.323,120
6,164671.723,120
6,164674.880,120
6,164677.972,120
6,164680.888,120
6,164684.066,120
6,164686.634,120
6,164689.182,120
6,164691.672,120
6,164694.311,120
6,164697.336,120
6,164699.999,120
6,164703.795,120
6,164706.688,120
6,164709.103,120
6,164712.325,120
6,164717.685,120
6,164721.394,120
6,164724.544,120
6,164727.125,120
6,164730.009,120
6,164733.728,120
6,164736.305,120
6,164739.047,120
6,164742.109,120
6,164744.745,120
6,164747.706,120
6,164750.400,120
6,164753.580,120
6,164756.663,120
6,164759.674,120
6,164762.178,120
6,164766.045,120
6,164768.773,120
6,164771.159,120
6,164774.280,120
6,164777.329,120
6,164780.293,120
6,164784.056,120
6,164786.724,120
6,164789.301,120
6,164791.774,120
6,164794.302,120
6,164796.861,120
6,164799.297,120
6,164802.003,120
6,164805.120,120
6,164808.100,120
6,164810.541,120
6,164813.433,120
6,164816.593,120
6,164819.971,120
6,164822.999,120
6,164826.007,120
6,164829.019,120
6,164832.720,120
6,164835.430,120
6,164838.055,120
6,164841.205,120
6,164844.158,120
6,164847.042,120
6,164850.309,120
6,164853.499,120
6,164856.845,120
6,164859.806,120
6,164862.295,120
6,164865.499,120
6,164868.349,120
6,164870.817,120
6,164873.823,120
6,164876.397,120
6,164879.391,120
6,164883.081,120
6,164886.180,120
6,164889.208,120
6,164892.226,120
6,164894.963,120
6,164898.055,120
6,164901.143,120
6,164903.812,120
6,164906.973,120
6,164909.987,120
6,164912.619,120
6,164916.526,120
6,164919.518,120
6,164922.530,120
6,164925.139,120
6,164928.237,120
6,164930.713,120
6,164935.836,120
6,164939.105,120
6,164942.432,120
6,164945.349,120
6,164949.802,120
6,164953.334,120
6,164956.561,120
6,164959.551,120
6,164961.888,120
6,164966.139,120
6,164968.627,120
6,164971.718,120
6,164974.852,120
6,164977.302,120
6,164979.710,120
6,164984.216,120
6,164987.237,120
6,164990.359,120
6,164993.073,120
7,164996.038,0
7,165000.188,0
7,165003.492,0
7,165006.756,0
7,165009.157,0
7,165012.295,0
7,165015.813,0
7,165018.350,0
7,165020.959,0
7,165024.038,0
7,165026.967,0
7,165029.957,0
7,165033.302,0
7,165036.338,0
7,165039.613,0
7,165042.731,0
7,165045.412,0
7,165049.874,0
7,165052.911,0
7,165055.287,0
7,165058.339,0
7,165061.257,0
7,165064.142,0
7,165067.188,0
7,165070.325,0
7,165072.930,0
7,165075.450,0
7,165078.607,0
7,165081.733,0
7,165085.823,0
7,165089.108,0
7,165092.148,0
7,165095.357,0
7,165098.139,0
7,165101.788,0
7,165104.715,0
7,165107.774,0
7,165110.825,0
7,165113.699,0
7,165116.831,0
7,165119.473,0
7,165122.127,0
7,165124.893,0
7,165127.453,0
7,165130.418,0
7,165133.505,0
7,165136.722,0
7,165140.080,0
7,165143.326,0
7,165145.795,0
7,165149.592,0
7,165152.234,0
7,165154.752,0
7,165157.838,0
7,165160.891,0
7,165164.153,0
7,165166.832,0
7,165169.833,0
7,165172.384,0
7,165175.595,0
7,165178.766,0
7,165183.038,0
7,165185.677,0
7,165188.454,0
7,165191.003,0
7,165194.013,0
7,165196.874,0
7,165200.869,0
7,165204.211,0
7,165207.214,0
7,165210.204,0
7,165213.310,0
7,165216.743,0
7,165219.805,0
7,165222.845,0
7,165225.420,0
7,165228.564,0
7,165231.152,0
7,165234.749,0
7,165238.001,0
7,165241.058,0
7,165244.107,0
7,165247.094,0
7,165250.218,0
7,165253.026,0
7,165255.942,0
7,165258.954,0
7,165261.915,0
7,165266.054,0
7,165269.147,0
7,165272.469,0
7,165275.628,0
7,165278.783,0
7,165282.873,0
7,165285.396,0
7,165288.211,0
7,165291.213,0
7,165294.394,0
7,165297.452,0
7,165300.564,0
7,165303.419,0
7,165306.493,0
7,165309.513,0
7,165312.156,0
7,165316.056,0
7,165318.542,0
7,165321.554,0
7,165324.037,0
7,165326.982,0
7,165329.865,0
7,165334.011,0
7,165337.277,0
7,165340.365,0
7,165343.047,0
7,165346.099,0
7,165349.642,0
7,165352.246,0
7,165354.903,0
7,165357.959,0
7,165361.231,0
7,165364.170,0
7,165366.907,0
7,165369.612,0
7,165372.930,0
7,165376.046,0
7,165379.069,0
7,165382.283,0
7,165385.040,0
7,165388.829,0
7,165391.999,0
7,165394.553,0
7,165397.386,0
7,165400.426,0
7,165403.283,0
7,165406.035,0
7,165409.100,0
7,165412.187,0
7,165416.622,0
7,165419.527,0
7,165423.000,0
7,165425.991,0
7,165428.571,0
7,165433.305,0
7,165436.149,0
7,165439.329,0
7,165442.343,0
7,165444.978,0
7,165449.012,0
7,165451.656,0
7,165455.084,0
7,165458.173,0
7,165461.288,0
7,165464.466,0
7,165467.945,0
7,165471.129,0
7,165474.285,0
7,165477.293,0
7,165479.823,0
7,165483.186,0
7,165485.803,0
7,165488.815,0
7,165491.548,0
7,165494.814,0
7,165497.824,0
7,165502.162,0
7,165505.147,0
7,165508.324,0
7,165511.454,0
7,165513.944,0
7,165518.404,0
7,165521.060,0
7,165525.329,0
7,165529.849,0
7,165533.213,0
7,165535.914,0
7,165539.418,0
7,165542.525,0
7,165545.622,0
7,165550.339,0
7,165552.834,0
7,165556.987,0
7,165559.983,0
7,165564.024,0
7,165566.687,0
7,165569.212,0
7,165572.215,0
7,165575.441,0
7,165578.650,0
7,165582.837,0
7,165585.681,0
7,165588.988,0
7,165591.982,0
7,165595.186,0
7,165597.731,0
7,165601.120,0
7,165603.765,0
7,165606.483,0
7,165609.643,0
7,165612.395,0
7,165616.183,0
7,165619.234,0
7,165622.259,0
7,165625.295,0
7,165628.055,0
7,165630.836,0
7,165634.440,0
7,165637.476,0
7,165640.679,0
7,165644.029,0
7,165646.430,0
7,165649.866,0
7,165653.036,0
7,165655.578,0
7,165659.545,0
7,165662.142,2
7,165665.551,2
7,165668.748,2
7,165671.827,2
7,165674.934,2
7,165677.936,2
7,165680.833,2
7,165685.067,2
7,165687.692,2
7,165691.688,2
7,165694.931,2
7,165697.482,2
7,165701.456,2
7,165704.689,2
7,165707.753,2
7,165710.830,2
7,165713.378,2
7,165717.051,2
7,165719.797,2
7,165722.422,2
7,165725.571,2
7,165728.977,2
7,165733.395,2
7,165736.060,2
7,165738.632,2
7,165741.650,2
7,165744.686,2
7,165747.609,2
7,165750.835,2
7,165754.151,2
7,165756.725,2
7,165759.183,2
7,165761.872,2
7,165765.091,2
7,165768.289,2
7,165771.413,2
7,165774.547,2
7,165777.507,2
7,165779.867,2
7,165782.542,2
7,165785.683,2
7,165788.328,2
7,165791.025,2
7,165794.000,2
7,165796.490,2
7,165799.147,2
7,165802.365,2
7,165805.054,2
7,165808.118,2
7,165811.211,2
7,165814.154,2
7,165817.804,2
7,165820.688,2
7,165823.876,2
7,165826.437,2
7,165829.007,3
7,165832.824,3
7,165835.386,3
7,165838.669,3
7,165841.745,3
7,165844.748,3
7,165847.750,3
7,165850.495,3
7,165853.335,3
7,165856.572,3
7,165859.571,3
7,165862.160,3
7,165866.107,3
7,165869.248,3
7,165872.684,3
7,165875.918,3
7,165878.999,3
7,165882.610,3
7,165885.244,3
7,165888.273,3
7,165891.220,3
7,165894.391,3
7,165897.303,3
7,165900.641,3
7,165903.689,3
7,165906.645,3
7,165909.595,3
7,165912.576,3
7,165915.810,3
7,165918.959,3
7,165922.095,3
7,165925.108,3
7,165928.219,3
7,165931.161,3
7,165934.989,3
7,165937.705,3
7,165940.919,3
7,165944.177,3
7,165947.165,3
7,165950.615,3
7,165953.666,3
7,165956.656,3
7,165959.132,3
7,165962.041,3
7,165965.778,3
7,165968.893,3
7,165972.045,3
7,165974.504,3
7,165977.527,3
7,165980.631,3
7,165983.534,3
7,165986.432,3
7,165989.509,3
7,165993.331,3
7,165996.503,4
7,166000.135,4
7,166002.959,4
7,166006.372,4
7,166009.549,4
7,166012.663,4
7,166015.976,4
7,166020.243,4
7,166024.666,4
7,166028.299,4
7,166031.254,4
7,166034.962,4
7,166037.839,4
7,166041.015,4
7,166044.209,4
7,166047.346,4
7,166050.160,4
7,166052.999,4
7,166056.284,4
7,166059.334,4
7,166062.369,4
7,166066.080,4
7,166069.094,4
7,166072.246,4
7,166075.225,4
7,166078.207,4
7,166080.644,4
7,166084.092,4
7,166087.122,4
7,166090.141,4
7,166093.170,4
7,166095.562,4
7,166099.671,4
7,166102.739,4
7,166105.951,4
7,166109.031,4
7,166112.001,4
7,166115.896,4
7,166119.078,4
7,166122.215,4
7,166125.592,4
7,166129.019,4
7,166132.997,4
7,166136.147,4
7,166139.430,4
7,166142.575,4
7,166145.486,4
7,166150.109,4
7,166153.207,4
7,166156.250,4
7,166159.389,4
7,166162.463,5
7,166166.322,5
7,166169.446,5
7,166172.826,5
7,166176.024,5
7,166178.838,5
7,166183.230,5
7,166186.119,5
7,166189.215,5
7,166191.933,5
7,166195.096,5
7,166198.131,5
7,166201.307,5
7,166204.628,5
7,166207.762,5
7,166210.859,5
7,166214.067,5
7,166217.209,5
7,166220.446,5
7,166223.646,5
7,166226.721,5
7,166229.783,5
7,166232.913,5
7,166236.157,5
7,166239.240,5
7,166242.399,5
7,166245.909,5
7,166249.218,5
7,166252.559,5
7,166255.760,5
7,166258.552,5
7,166261.579,5
7,166264.597,5
7,166268.691,5
7,166271.752,5
7,166274.885,5
7,166277.896,5
7,166280.825,5
7,166284.446,5
7,166287.082,5
7,166290.121,5
7,166293.119,5
7,166297.154,5
7,166300.915,5
7,166303.989,5
7,166306.989,5
7,166309.942,5
7,166312.416,5
7,166316.129,5
7,166319.149,5
7,166322.282,5
7,166325.434,5
7,166328.351,5
7,166332.861,6
7,166336.236,6
7,166339.058,6
7,166342.205,6
7,166344.685,6
7,166347.654,6
7,166351.261,6
7,166353.925,6
7,166357.024,6
7,166360.011,6
7,166363.091,6
7,166366.230,6
7,166368.930,6
7,166371.706,6
7,166374.780,6
7,166377.761,6
7,166380.329,6
7,166384.604,6
7,166387.211,6
7,166390.535,6
7,166393.653,6
7,166396.292,6
7,166399.652,6
7,166402.892,6
7,166405.933,6
7,166409.016,6
7,166412.355,6
7,166416.113,6
7,166419.155,6
7,166422.212,6
7,166425.293,6
7,166428.473,6
7,166431.358,6
7,166435.090,6
7,166438.353,6
7,166441.043,6
7,166445.268,6
7,166448.300,6
7,166452.106,6
7,166455.960,6
7,166459.163,6
7,166462.096,6
7,166466.847,6
7,166470.008,6
7,166473.205,6
7,166476.371,6
7,166479.138,6
7,166483.125,6
7,166486.024,6
7,166489.029,6
7,166492.168,6
7,166495.309,6
7,166498.009,7
7,166501.806,7
7,166505.975,7
7,166509.622,7
7,166512.641,7
7,166515.519,7
7,166518.424,7
7,166521.623,7
7,166524.642,7
7,166527.599,7
7,166530.173,7
7,166534.363,7
7,166537.541,7
7,166540.606,7
7,166543.206,7
7,166546.282,7
7,166549.602,7
7,166552.662,7
7,166555.754,7
7,166558.893,7
7,166562.056,7
7,166565.363,7
7,166568.610,7
7,166571.562,7
7,166574.707,7
7,166577.665,7
7,166580.253,7
7,166584.175,7
7,166586.803,7
7,166589.734,7
7,166592.935,7
7,166595.880,7
7,166599.900,7
7,166602.346,7
7,166605.595,7
7,166608.768,7
7,166611.912,7
7,166616.364,7
7,166619.458,7
7,166622.010,7
7,166625.108,7
7,166628.170,7
7,166631.096,7
7,166634.021,7
7,166637.140,7
7,166640.072,7
7,166642.987,7
7,166645.895,7
7,166649.915,7
7,166652.593,7
7,166655.179,7
7,166658.324,7
7,166661.301,7
7,166664.374,8
7,166667.779,8
7,166670.868,8
7,166674.077,8
7,166676.645,8
7,166679.582,8
7,166684.139,8
7,166686.864,8
7,166689.912,8
7,166693.009,8
7,166696.100,8
7,166700.107,8
7,166703.004,8
7,166706.311,8
7,166709.327,8
7,166712.288,8
7,166716.184,8
7,166719.232,8
7,166722.371,8
7,166725.521,8
7,166728.650,8
7,166731.850,8
7,166735.026,8
7,166738.179,8
7,166741.242,8
7,166743.933,8
7,166746.864,8
7,166751.215,8
7,166754.308,8
7,166756.868,8
7,166760.022,8
7,166762.546,8
7,166767.642,8
7,166770.250,8
7,166773.739,8
7,166776.392,8
7,166779.462,8
7,166784.085,8
7,166786.913,8
7,166789.895,8
7,166792.767,8
7,166795.930,8
7,166799.168,8
7,166802.098,8
7,166804.936,8
7,166808.090,8
7,166811.176,8
7,166814.174,8
7,166817.845,8
7,166820.744,8
7,166823.798,8
7,166827.116,8
7,166830.049,9
7,166834.288,9
7,166837.450,9
7,166840.808,9
7,166843.821,9
7,166846.435,9
7,166850.800,9
7,166853.410,9
7,166856.655,9
7,166859.729,9
7,166862.293,9
7,166865.026,9
7,166868.468,9
7,166871.249,9
7,166873.837,9
7,166876.857,9
7,166879.800,9
7,166883.618,9
7,166886.304,9
7,166889.109,9
7,166892.280,9
7,166894.891,9
7,166897.428,9
7,166901.164,9
7,166903.878,9
7,166906.470,9
7,166909.507,9
7,166912.966,9
7,166916.685,9
7,166921.416,9
7,166924.757,9
7,166928.479,9
7,166931.559,9
7,166937.340,9
7,166940.605,9
7,166943.482,9
7,166946.177,9
7,166949.399,9
7,166952.591,9
7,166955.082,9
7,166957.774,9
7,166960.509,9
7,166963.097,9
7,166965.831,9
7,166969.452,9
7,166972.223,9
7,166974.830,9
7,166977.585,9
7,166980.083,9
7,166982.803,9
7,166985.963,9
7,166989.276,9
7,166992.415,9
7,166995.124,10
7,166999.535,10
7,167002.119,10
7,167005.294,10
7,167008.354,10
7,167011.420,10
7,167014.374,10
7,167017.255,10
7,167019.918,10
7,167022.913,10
7,167026.067,10
7,167029.046,10
7,167031.820,10
7,167034.699,10
7,167037.527,10
7,167040.697,10
7,167043.976,10
7,167046.536,10
7,167050.747,10
7,167053.791,10
7,167057.178,10
7,167060.291,10
7,167062.919,10
7,167066.385,10
7,167068.952,10
7,167072.285,10
7,167075.393,10
7,167077.985,10
7,167081.106,10
7,167083.733,10
7,167086.402,10
7,167089.487,10
7,167092.499,10
7,167095.124,10
7,167097.783,10
7,167101.280,10
7,167104.456,10
7,167107.512,10
7,167112.330,10
7,167117.102,10
7,167119.951,10
7,167122.996,10
7,167126.167,10
7,167128.577,10
7,167131.220,10
7,167134.649,10
7,167137.362,10
7,167140.728,10
7,167143.943,10
7,167146.520,10
7,167150.258,10
7,167152.798,10
7,167155.863,10
7,167158.934,10
7,167161.814,11
7,167165.574,11
7,167168.318,11
7,167170.677,11
7,167173.773,11
7,167176.723,11
7,167179.254,11
7,167182.606,11
7,167185.466,11
7,167188.090,11
7,167191.168,11
7,167194.173,11
7,167197.107,11
7,167201.182,11
7,167205.181,11
7,167208.320,11
7,167211.373,11
7,167214.120,11
7,167217.838,11
7,167220.681,11
7,167223.359,11
7,167226.533,11
7,167228.941,11
7,167232.998,11
7,167236.129,11
7,167239.373,11
7,167242.331,11
7,167245.341,11
7,167248.363,11
7,167251.699,11
7,167254.786,11
7,167257.737,11
7,167260.740,11
7,167265.619,11
7,167268.669,11
7,167271.796,11
7,167274.901,11
7,167277.453,11
7,167280.014,11
7,167283.998,11
7,167287.155,11
7,167290.158,11
7,167292.737,11
7,167295.357,11
7,167299.035,11
7,167301.854,11
7,167304.512,11
7,167307.658,11
7,167310.634,11
7,167313.680,11
7,167317.636,11
7,167320.814,11
7,167323.777,11
7,167327.002,11
7,167329.776,12
7,167333.242,12
7,167336.401,12
7,167339.618,12
7,167342.730,12
7,167345.348,12
7,167348.507,12
7,167351.581,12
7,167354.345,12
7,167357.449,12
7,167360.066,12
7,167363.039,12
7,167366.476,12
7,167369.584,12
7,167372.877,12
7,167375.926,12
7,167380.802,12
7,167385.103,12
7,167388.297,12
7,167391.466,12
7,167395.392,12
7,167398.237,12
7,167401.612,12
7,167404.772,12
7,167407.961,12
7,167410.588,12
7,167412.907,12
7,167417.702,12
7,167420.835,12
7,167423.793,12
7,167426.761,12
7,167429.195,12
7,167432.358,12
7,167435.701,12
7,167438.901,12
7,167441.959,12
7,167444.716,12
7,167447.652,12
7,167450.852,12
7,167454.063,12
7,167457.220,12
7,167460.198,12
7,167462.856,12
7,167465.561,12
7,167469.073,12
7,167472.184,12
7,167475.168,12
7,167478.123,12
7,167481.114,12
7,167483.965,12
7,167487.052,12
7,167490.024,12
7,167493.052,12
7,167495.635,13
7,167499.315,13
7,167502.829,13
7,167507.302,13
7,167510.702,13
7,167513.873,13
7,167516.968,13
7,167519.833,13
7,167522.879,13
7,167525.963,13
7,167528.998,13
7,167532.768,13
7,167536.000,13
7,167539.165,13
7,167542.327,13
7,167545.365,13
7,167549.128,13
7,167552.042,13
7,167555.140,13
7,167558.382,13
7,167561.376,13
7,167564.440,13
7,167567.725,13
7,167570.408,13
7,167573.014,13
7,167576.034,13
7,167579.060,13
7,167582.564,13
7,167585.655,13
7,167589.062,13
7,167592.118,13
7,167594.682,13
7,167597.121,13
7,167600.642,13
7,167603.285,13
7,167606.269,13
7,167609.224,13
7,167612.012,13
7,167616.099,13
7,167618.718,13
7,167621.200,13
7,167624.195,13
7,167627.321,13
7,167629.812,13
7,167634.337,13
7,167637.554,13
7,167640.652,13
7,167643.630,13
7,167646.642,13
7,167650.322,13
7,167652.859,13
7,167655.406,13
7,167658.477,13
7,167661.536,13
7,167663.873,14
7,167666.811,14
7,167671.738,14
7,167675.169,14
7,167678.319,14
7,167680.892,14
7,167684.182,14
7,167687.020,14
7,167690.230,14
7,167693.258,14
7,167695.861,14
7,167699.810,14
7,167702.877,14
7,167705.949,14
7,167709.011,14
7,167711.989,14
7,167716.331,14
7,167719.429,14
7,167722.458,14
7,167725.646,14
7,167729.351,14
7,167732.474,14
7,167735.319,14
7,167738.320,14
7,167741.329,14
7,167745.384,14
7,167748.021,14
7,167752.054,14
7,167754.805,14
7,167757.961,14
7,167760.998,14
7,167765.105,14
7,167770.080,14
7,167772.990,14
7,167776.050,14
7,167779.010,14
7,167782.182,14
7,167785.467,14
7,167788.489,14
7,167791.760,14
7,167794.863,14
7,167797.776,14
7,167801.533,14
7,167804.179,14
7,167808.236,14
7,167811.253,14
7,167814.225,14
7,167817.834,14
7,167820.703,14
7,167823.321,14
7,167825.742,14
7,167829.013,15
7,167831.989,15
7,167834.534,15
7,167837.036,15
7,167840.229,15
7,167843.015,15
7,167845.473,15
7,167849.222,15
7,167852.243,15
7,167854.933,15
7,167857.925,15
7,167860.511,15
7,167863.352,15
7,167866.645,15
7,167869.158,15
7,167872.245,15
7,167875.268,15
7,167878.118,15
7,167880.936,15
7,167883.804,15
7,167886.589,15
7,167889.482,15
7,167892.453,15
7,167895.700,15
7,167899.494,15
7,167902.743,15
7,167905.995,15
7,167909.017,15
7,167912.342,15
7,167916.481,15
7,167919.658,15
7,167923.028,15
7,167926.082,15
7,167929.123,15
7,167933.122,15
7,167935.917,15
7,167938.625,15
7,167941.682,15
7,167944.639,15
7,167947.687,15
7,167950.391,15
7,167953.615,15
7,167956.449,15
7,167959.502,15
7,167962.046,15
7,167966.074,15
7,167969.145,15
7,167972.437,15
7,167975.536,15
7,167978.311,15
7,167981.406,15
7,167984.473,15
7,167987.014,15
7,167989.810,15
7,167992.343,15
7,167995.053,15
7,167997.814,16
7,168001.633,16
7,168004.995,16
7,168008.037,16
7,168011.120,16
7,168013.621,16
7,168016.937,16
7,168020.024,16
7,168024.034,16
7,168027.055,16
7,168029.584,16
7,168034.239,16
7,168037.479,16
7,168040.506,16
7,168043.617,16
7,168046.248,16
7,168050.160,16
7,168055.351,16
7,168058.788,16
7,168062.768,16
7,168066.967,16
7,168069.750,16
7,168072.559,16
7,168075.806,16
7,168079.105,16
7,168083.708,16
7,168086.410,16
7,168088.821,16
7,168091.809,16
7,168094.791,16
7,168097.734,16
7,168101.469,16
7,168104.538,16
7,168107.524,16
7,168111.650,16
7,168114.677,16
7,168118.643,16
7,168121.755,16
7,168124.814,16
7,168127.427,16
7,168130.509,16
7,168133.789,16
7,168136.437,16
7,168139.246,16
7,168141.797,16
7,168145.132,16
7,168147.635,16
7,168150.072,16
7,168153.129,16
7,168156.706,16
7,168160.037,16
7,168162.838,17
7,168165.252,17
7,168167.699,17
7,168171.184,17
7,168173.707,17
7,168176.410,17
7,168179.389,17
7,168182.131,17
7,168185.213,17
7,168187.858,17
7,168190.903,17
7,168193.534,17
7,168196.329,17
7,168200.584,17
7,168203.330,17
7,168206.476,17
7,168209.517,17
7,168212.625,17
7,168216.620,17
7,168219.658,17
7,168222.754,17
7,168225.820,17
7,168229.163,17
7,168233.609,17
7,168236.765,17
7,168240.056,17
7,168243.082,17
7,168246.438,17
7,168250.335,17
7,168252.955,17
7,168255.752,17
7,168258.962,17
7,168262.265,17
7,168268.124,17
7,168270.938,17
7,168274.122,17
7,168277.080,17
7,168279.977,17
7,168284.195,17
7,168287.339,17
7,168290.376,17
7,168293.400,17
7,168296.251,17
7,168299.031,17
7,168302.181,17
7,168304.891,17
7,168308.218,17
7,168310.773,17
7,168313.282,17
7,168315.876,17
7,168319.111,17
7,168322.079,17
7,168325.222,17
7,168328.168,17
7,168331.042,18
7,168334.666,18
7,168337.375,18
7,168340.262,18
7,168343.317,18
7,168346.012,18
7,168350.540,18
7,168353.117,18
7,168355.750,18
7,168358.910,18
7,168361.986,18
7,168366.373,18
7,168369.319,18
7,168372.251,18
7,168375.438,18
7,168377.962,18
7,168381.270,18
7,168384.623,18
7,168387.177,18
7,168390.212,18
7,168393.139,18
7,168395.575,18
7,168399.596,18
7,168402.650,18
7,168406.121,18
7,168409.149,18
7,168412.667,18
7,168416.897,18
7,168420.128,18
7,168423.402,18
7,168426.526,18
7,168428.936,18
7,168432.810,18
7,168436.056,18
7,168438.499,18
7,168441.589,18
7,168444.567,18
7,168447.516,18
7,168451.332,18
7,168454.459,18
7,168457.562,18
7,168460.466,18
7,168463.048,18
7,168465.469,18
7,168467.966,18
7,168470.929,18
7,168473.990,18
7,168477.257,18
7,168479.883,18
7,168483.001,18
7,168486.182,18
7,168489.657,18
7,168492.871,18
7,168495.976,18
7,168498.540,19
7,168502.490,19
7,168505.748,19
7,168508.918,19
7,168511.951,19
7,168515.799,19
7,168518.465,19
7,168521.417,19
7,168524.511,19
7,168527.520,19
7,168530.402,19
7,168534.205,19
7,168536.960,19
7,168539.568,19
7,168542.766,19
7,168545.856,19
7,168551.341,19
7,168555.400,19
7,168558.503,19
7,168561.631,19
7,168564.614,19
7,168568.995,19
7,168572.201,19
7,168575.472,19
7,168578.792,19
7,168583.844,19
7,168587.036,19
7,168590.485,19
7,168593.471,19
7,168596.511,19
7,168601.803,19
7,168606.026,19
7,168609.202,19
7,168612.357,19
7,168616.606,19
7,168619.787,19
7,168623.130,19
7,168626.239,19
7,168628.800,19
7,168631.327,19
7,168634.991,19
7,168637.768,19
7,168640.303,19
7,168643.872,19
7,168646.565,19
7,168650.072,19
7,168652.621,19
7,168655.275,19
7,168658.391,19
7,168661.346,19
7,168663.872,20
7,168667.973,20
7,168670.651,20
7,168673.574,20
7,168677.044,20
7,168679.487,20
7,168682.146,20
7,168688.556,20
7,168691.810,20
7,168694.860,20
7,168697.785,20
7,168701.046,20
7,168704.609,20
7,168707.299,20
7,168710.223,20
7,168714.419,20
7,168717.121,20
7,168720.179,20
7,168723.238,20
7,168725.853,20
7,168729.021,20
7,168732.260,20
7,168734.856,20
7,168737.518,20
7,168740.468,20
7,168743.715,20
7,168746.486,20
7,168750.037,20
7,168753.262,20
7,168756.765,20
7,168759.803,20
7,168762.503,20
7,168766.722,20
7,168770.006,20
7,168773.151,20
7,168776.343,20
7,168778.953,20
7,168782.964,20
7,168785.762,20
7,168788.361,20
7,168791.424,20
7,168794.015,20
7,168796.575,20
7,168800.538,20
7,168803.731,20
7,168806.826,20
7,168809.796,20
7,168812.618,20
7,168816.126,20
7,168819.230,20
7,168821.689,20
7,168824.786,20
7,168827.685,20
7,168830.216,21
7,168833.690,21
7,168836.710,21
7,168839.690,21
7,168842.745,21
7,168845.870,21
7,168849.857,21
7,168852.580,21
7,168855.474,21
7,168858.539,21
7,168861.466,21
7,168865.015,21
7,168868.157,21
7,168870.734,21
7,168874.080,21
7,168877.326,21
7,168880.571,21
7,168884.108,21
7,168887.546,21
7,168890.051,21
7,168893.038,21
7,168895.716,21
7,168899.867,21
7,168903.115,21
7,168906.616,21
7,168909.705,21
7,168912.325,21
7,168915.859,21
7,168919.111,21
7,168921.859,21
7,168924.908,21
7,168927.855,21
7,168930.741,21
7,168934.243,21
7,168937.259,21
7,168940.305,21
7,168943.598,21
7,168946.609,21
7,168950.512,21
7,168953.672,21
7,168956.597,21
7,168959.382,21
7,168962.177,21
7,168965.254,21
7,168969.556,21
7,168972.625,21
7,168976.096,21
7,168979.084,21
7,168983.929,21
7,168986.568,21
7,168989.706,21
7,168992.848,21
7,168995.579,22
7,168999.164,22
7,169002.534,22
7,169005.739,22
7,169008.886,22
7,169011.694,22
7,169016.728,22
7,169019.685,22
7,169022.410,22
7,169025.485,22
7,169028.111,22
7,169030.749,22
7,169034.407,22
7,169036.979,22
7,169040.110,22
7,169043.147,22
7,169046.793,22
7,169050.387,22
7,169053.103,22
7,169056.816,22
7,169059.760,22
7,169062.755,22
7,169066.684,22
7,169069.777,22
7,169073.000,22
7,169076.076,22
7,169079.073,22
7,169083.174,22
7,169086.396,22
7,169089.430,22
7,169092.504,22
7,169095.386,22
7,169099.120,22
7,169102.105,22
7,169105.214,22
7,169108.312,22
7,169111.336,22
7,169114.419,22
7,169117.578,22
7,169120.978,22
7,169123.722,22
7,169127.851,22
7,169130.360,22
7,169133.071,22
7,169135.857,22
7,169140.111,22
7,169143.131,22
7,169145.713,22
7,169148.552,22
7,169151.770,22
7,169154.651,22
7,169157.696,22
7,169161.112,22
7,169164.307,23
7,169167.948,23
7,169171.113,23
7,169174.162,23
7,169177.334,23
7,169180.435,23
7,169184.826,23
7,169187.968,23
7,169190.934,23
7,169194.003,23
7,169196.580,23
7,169199.876,23
7,169203.119,23
7,169206.760,23
7,169209.810,23
7,169212.218,23
7,169216.724,23
7,169219.798,23
7,169222.779,23
7,169225.898,23
7,169228.842,23
7,169232.818,23
7,169235.620,23
7,169238.540,23
7,169241.530,23
7,169244.617,23
7,169247.679,23
7,169250.940,23
7,169254.028,23
7,169257.074,23
7,169259.873,23
7,169262.427,23
7,169266.231,23
7,169269.421,23
7,169272.491,23
7,169275.556,23
7,169278.697,23
7,169281.546,23
7,169285.326,23
7,169288.416,23
7,169291.049,23
7,169293.734,23
7,169296.795,23
7,169300.634,23
7,169303.720,23
7,169306.816,23
7,169310.169,23
7,169312.726,23
7,169317.126,23
7,169320.158,23
7,169323.079,23
7,169326.148,23
7,169329.229,24
7,169332.863,24
7,169335.561,24
7,169338.881,24
7,169342.011,24
7,169344.575,24
7,169346.967,24
7,169351.180,24
7,169354.640,24
7,169357.277,24
7,169360.137,24
7,169363.346,24
7,169367.386,24
7,169370.207,24
7,169373.001,24
7,169375.772,24
7,169378.973,24
7,169383.273,24
7,169386.034,24
7,169389.152,24
7,169392.285,24
7,169395.383,24
7,169398.400,24
7,169401.392,24
7,169404.198,24
7,169406.720,24
7,169409.857,24
7,169413.099,24
7,169415.781,24
7,169418.738,24
7,169422.204,24
7,169425.306,24
7,169428.215,24
7,169430.920,24
7,169434.713,24
7,169437.945,24
7,169440.632,24
7,169443.647,24
7,169446.270,24
7,169449.827,24
7,169453.376,24
7,169456.222,24
7,169459.371,24
7,169462.600,24
7,169466.584,24
7,169470.040,24
7,169473.188,24
7,169476.272,24
7,169479.246,24
7,169483.409,24
7,169486.057,24
7,169489.261,24
7,169492.280,24
7,169495.027,25
7,169499.516,25
7,169502.063,25
7,169505.202,25
7,169508.190,25
7,169511.842,25
7,169514.844,25
7,169518.380,25
7,169521.285,25
7,169524.581,25
7,169527.698,25
7,169530.842,25
7,169535.045,25
7,169538.075,25
7,169541.298,25
7,169543.945,25
7,169546.493,25
7,169551.155,25
7,169555.396,25
7,169558.558,25
7,169561.601,25
7,169564.538,25
7,169568.601,25
7,169571.950,25
7,169575.046,25
7,169578.117,25
7,169581.291,25
7,169584.541,25
7,169587.045,25
7,169590.284,25
7,169593.469,25
7,169596.283,25
7,169601.122,25
7,169604.394,25
7,169607.652,25
7,169610.797,25
7,169613.748,25
7,169617.967,25
7,169621.061,25
7,169624.060,25
7,169627.120,25
7,169629.914,25
7,169633.810,25
7,169636.452,25
7,169639.599,25
7,169642.618,25
7,169645.871,25
7,169649.713,25
7,169652.877,25
7,169655.945,25
7,169659.130,25
7,169662.068,26
7,169665.717,26
7,169668.409,26
7,169670.944,26
7,169673.654,26
7,169676.531,26
7,169679.240,26
7,169683.381,26
7,169685.830,26
7,169688.913,26
7,169692.038,26
7,169694.783,26
7,169697.830,26
7,169700.964,26
7,169703.628,26
7,169707.341,26
7,169711.496,26
7,169714.112,26
7,169717.791,26
7,169720.876,26
7,169723.440,26
7,169725.845,26
7,169728.621,26
7,169732.421,26
7,169735.033,26
7,169738.019,26
7,169741.282,26
7,169743.755,26
7,169746.745,26
7,169750.524,26
7,169753.741,26
7,169756.800,26
7,169759.512,26
7,169762.551,26
7,169766.715,26
7,169769.158,26
7,169771.908,26
7,169774.979,26
7,169777.993,26
7,169780.881,26
7,169784.655,26
7,169787.331,26
7,169789.964,26
7,169793.243,26
7,169796.020,26
7,169798.673,26
7,169802.144,26
7,169804.681,26
7,169807.716,26
7,169810.740,26
7,169813.656,26
7,169816.658,26
7,169819.118,26
7,169821.682,26
7,169824.865,26
7,169827.422,26
7,169829.936,27
7,169832.659,27
7,169836.328,27
7,169838.971,27
7,169842.078,27
7,169844.865,27
7,169847.606,27
7,169850.770,27
7,169853.443,27
7,169856.032,27
7,169859.097,27
7,169862.357,27
7,169867.074,27
7,169870.168,27
7,169873.259,27
7,169875.875,27
7,169878.605,27
7,169883.065,27
7,169885.815,27
7,169889.003,27
7,169891.992,27
7,169894.873,27
7,169897.415,27
7,169900.726,27
7,169903.340,27
7,169906.432,27
7,169909.516,27
7,169912.491,27
7,169916.051,27
7,169919.319,27
7,169922.366,27
7,169924.994,27
7,169928.004,27
7,169930.493,27
7,169934.584,27
7,169937.707,27
7,169940.618,27
7,169943.654,27
7,169946.588,27
7,169949.744,27
7,169952.683,27
7,169955.219,27
7,169958.281,27
7,169962.996,27
7,169965.825,27
7,169969.029,27
7,169972.017,27
7,169975.784,27
7,169978.927,27
7,169981.747,27
7,169984.438,27
7,169987.132,27
7,169990.827,27
7,169993.846,27
7,169996.958,29
7,170000.854,29
7,170004.033,29
7,170007.332,29
7,170010.616,29
7,170013.563,29
7,170016.630,29
7,170019.701,29
7,170022.971,29
7,170026.075,29
7,170028.432,29
7,170031.983,29
7,170034.678,29
7,170037.718,29
7,170040.709,29
7,170043.863,29
7,170046.834,29
7,170050.349,29
7,170053.425,29
7,170056.475,29
7,170059.443,29
7,170062.124,29
7,170066.189,29
7,170069.159,29
7,170071.807,29
7,170074.880,29
7,170077.874,29
7,170080.859,29
7,170083.720,29
7,170086.773,29
7,170089.718,29
7,170092.755,29
7,170097.388,29
7,170100.786,29
7,170104.096,29
7,170107.127,29
7,170110.946,29
7,170114.046,29
7,170117.360,29
7,170120.626,29
7,170123.599,29
7,170126.675,29
7,170129.587,29
7,170132.271,29
7,170135.839,29
7,170138.963,29
7,170142.219,29
7,170145.216,29
7,170148.078,29
7,170151.460,29
7,170154.657,29
7,170157.764,29
7,170160.828,29
7,170163.401,30
7,170166.875,30
7,170169.793,30
7,170172.152,30
7,170175.140,30
7,170178.187,30
7,170181.198,30
7,170184.544,30
7,170187.137,30
7,170190.203,30
7,170193.023,30
7,170195.448,30
7,170198.014,30
7,170201.034,30
7,170204.337,30
7,170206.963,30
7,170210.122,30
7,170213.113,30
7,170216.421,30
7,170219.533,30
7,170222.943,30
7,170226.031,30
7,170229.128,30
7,170232.424,30
7,170235.948,30
7,170238.634,30
7,170241.745,30
7,170244.712,30
7,170247.601,30
7,170251.006,30
7,170254.197,30
7,170256.750,30
7,170259.715,30
7,170262.672,30
7,170267.448,30
7,170270.676,30
7,170273.841,30
7,170276.280,30
7,170278.681,30
7,170281.319,30
7,170284.742,30
7,170287.294,30
7,170289.898,30
7,170292.389,30
7,170295.131,30
7,170298.005,30
7,170302.350,30
7,170304.977,30
7,170307.409,30
7,170310.663,30
7,170313.179,30
7,170317.168,30
7,170320.369,30
7,170323.087,30
7,170326.157,30
7,170328.802,31
7,170331.605,31
7,170334.621,31
7,170337.704,31
7,170340.824,31
7,170343.943,31
7,170346.492,31
7,170350.289,31
7,170353.432,31
7,170356.510,31
7,170359.535,31
7,170362.537,31
7,170365.534,31
7,170368.819,31
7,170371.405,31
7,170374.559,31
7,170377.617,31
7,170380.484,31
7,170383.756,31
7,170386.490,31
7,170388.963,31
7,170392.200,31
7,170394.969,31
7,170397.636,31
7,170400.793,31
7,170403.934,31
7,170406.885,31
7,170409.924,31
7,170412.512,31
7,170415.395,31
7,170419.254,31
7,170422.096,31
7,170424.965,31
7,170428.022,31
7,170430.903,31
7,170433.695,31
7,170436.979,31
7,170439.999,31
7,170443.001,31
7,170445.943,31
7,170449.773,31
7,170452.830,31
7,170455.378,31
7,170458.281,31
7,170460.751,31
7,170463.250,31
7,170465.838,31
7,170468.260,31
7,170471.157,31
7,170474.211,31
7,170477.258,31
7,170481.292,31
7,170484.216,31
7,170487.033,31
7,170490.015,31
7,170494.267,31
7,170496.836,32
7,170499.782,32
7,170502.840,32
7,170505.831,32
7,170509.864,32
7,170512.833,32
7,170515.726,32
7,170519.829,32
7,170522.844,32
7,170527.149,32
7,170530.233,32
7,170532.969,32
7,170535.377,32
7,170537.880,32
7,170541.156,32
7,170544.129,32
7,170547.042,32
7,170549.591,32
7,170552.097,32
7,170554.597,32
7,170558.938,32
7,170561.995,32
7,170565.118,32
7,170568.059,32
7,170571.245,32
7,170574.971,32
7,170577.420,32
7,170580.009,32
7,170583.152,32
7,170585.702,32
7,170589.045,32
7,170592.531,32
7,170595.434,32
7,170598.070,32
7,170600.870,32
7,170603.952,32
7,170606.697,32
7,170609.677,32
7,170612.873,32
7,170615.870,32
7,170618.932,32
7,170621.974,32
7,170625.048,32
7,170628.141,32
7,170631.847,32
7,170634.797,32
7,170637.473,32
7,170642.177,32
7,170644.995,33
7,170647.559,33
7,170650.159,33
7,170653.190,33
7,170657.540,33
7,170661.017,33
7,170663.943,33
7,170667.053,33
7,170670.079,33
7,170673.495,33
7,170675.970,33
7,170680.200,33
7,170683.212,33
7,170685.746,33
7,170688.924,33
7,170692.810,33
7,170696.843,33
7,170699.764,33
7,170702.777,33
7,170706.040,33
7,170709.397,33
7,170712.350,33
7,170715.779,33
7,170718.546,33
7,170720.928,33
7,170723.543,33
7,170726.920,33
7,170729.857,33
7,170734.147,33
7,170737.019,33
7,170740.708,33
7,170743.839,33
7,170746.782,33
7,170749.634,33
7,170752.584,33
7,170755.239,33
7,170759.465,33
7,170762.136,33
7,170764.770,33
7,170767.341,33
7,170770.013,33
7,170773.003,33
7,170777.278,33
7,170780.214,33
7,170783.171,33
7,170785.750,33
7,170789.300,33
7,170792.561,33
7,170796.218,33
7,170799.293,33
7,170802.308,33
7,170805.297,33
7,170809.135,33
7,170812.103,34
7,170815.059,34
7,170818.091,34
7,170820.726,34
7,170825.176,34
7,170829.139,34
7,170832.310,34
7,170835.061,34
7,170838.225,34
7,170841.727,34
7,170844.851,34
7,170847.858,34
7,170850.881,34
7,170853.585,34
7,170857.982,34
7,170861.277,34
7,170864.393,34
7,170867.477,34
7,170870.583,34
7,170875.262,34
7,170878.224,34
7,170880.846,34
7,170883.398,34
7,170885.843,34
7,170889.173,34
7,170893.083,34
7,170895.715,34
7,170898.677,34
7,170901.735,34
7,170904.320,34
7,170908.470,34
7,170911.487,34
7,170914.202,34
7,170917.439,34
7,170920.548,34
7,170923.424,34
7,170925.949,34
7,170928.863,34
7,170931.776,34
7,170934.981,34
7,170938.018,34
7,170941.481,34
7,170944.037,34
7,170946.559,34
7,170949.418,34
7,170952.310,34
7,170955.412,34
7,170960.000,34
7,170963.048,34
7,170965.961,34
7,170968.991,34
7,170973.797,34
7,170976.492,34
7,170979.500,35
7,170981.913,35
7,170984.745,35
7,170987.531,35
7,170991.744,35
7,170994.875,35
7,170997.334,35
7,170999.927,35
7,171003.034,35
7,171007.082,35
7,171009.608,35
7,171012.603,35
7,171015.202,35
7,171018.137,35
7,171020.992,35
7,171024.921,35
7,171027.979,35
7,171031.035,35
7,171033.689,35
7,171036.232,35
7,171039.256,35
7,171042.643,35
7,171045.119,35
7,171048.109,35
7,171051.044,35
7,171054.249,35
7,171057.713,35
7,171061.113,35
7,171064.096,35
7,171067.080,35
7,171070.098,35
7,171073.699,35
7,171076.895,35
7,171079.855,35
7,171082.806,35
7,171085.402,35
7,171087.980,35
7,171091.616,35
7,171094.726,35
7,171097.670,35
7,171100.563,35
7,171103.716,35
7,171106.687,35
7,171109.858,35
7,171112.871,35
7,171115.837,35
7,171118.886,35
7,171121.890,35
7,171124.928,35
7,171127.941,35
7,171134.260,35
7,171137.430,35
7,171140.518,35
7,171143.093,35
7,171147.660,35
7,171150.533,36
7,171153.211,36
7,171156.269,36
7,171159.940,36
7,171162.368,36
7,171165.061,36
7,171167.475,36
7,171170.052,36
7,171173.269,36
7,171176.533,36
7,171179.425,36
7,171182.252,36
7,171184.957,36
7,171187.499,36
7,171192.459,36
7,171195.437,36
7,171197.842,36
7,171200.464,36
7,171203.653,36
7,171206.766,36
7,171209.702,36
7,171212.663,36
7,171215.354,36
7,171218.359,36
7,171220.968,36
7,171225.655,36
7,171228.837,36
7,171231.823,36
7,171234.861,36
7,171237.862,36
7,171240.944,36
7,171244.359,36
7,171247.225,36
7,171250.286,36
7,171253.229,36
7,171256.517,36
7,171259.952,36
7,171263.105,36
7,171266.090,36
7,171269.027,36
7,171272.040,36
7,171276.610,36
7,171279.643,36
7,171282.172,36
7,171285.348,36
7,171288.009,36
7,171291.306,36
7,171295.076,36
7,171298.016,36
7,171301.046,36
7,171304.015,36
7,171307.452,36
7,171310.943,36
7,171313.894,37
7,171316.862,37
7,171319.427,37
7,171322.046,37
7,171325.784,37
7,171328.280,37
7,171330.762,37
7,171333.812,37
7,171336.784,37
7,171340.012,37
7,171343.001,37
7,171345.407,37
7,171348.346,37
7,171350.904,37
7,171353.511,37
7,171357.667,37
7,171360.955,37
7,171363.984,37
7,171366.440,37
7,171369.542,37
7,171372.807,37
7,171376.180,37
7,171378.647,37
7,171381.691,37
7,171384.505,37
7,171386.981,37
7,171390.296,37
7,171393.196,37
7,171396.051,37
7,171398.855,37
7,171401.293,37
7,171403.944,37
7,171407.097,37
7,171410.272,37
7,171413.249,37
7,171416.160,37
7,171419.122,37
7,171423.092,37
7,171426.460,37
7,171428.920,37
7,171432.365,37
7,171435.433,37
7,171438.757,37
7,171441.779,37
7,171445.709,37
7,171448.746,37
7,171451.746,37
7,171454.898,37
7,171457.298,37
7,171460.432,37
7,171464.950,37
7,171467.634,37
7,171470.231,37
7,171473.111,37
7,171476.830,37
7,171479.598,38
7,171482.193,38
7,171484.830,38
7,171487.656,38
7,171492.023,38
7,171495.253,38
7,171498.192,38
7,171501.172,38
7,171504.301,38
7,171507.436,38
7,171510.895,38
7,171513.854,38
7,171516.817,38
7,171519.770,38
7,171523.050,38
7,171526.443,38
7,171529.936,38
7,171532.822,38
7,171535.950,38
7,171539.453,38
7,171542.928,38
7,171545.421,38
7,171547.751,38
7,171550.755,38
7,171553.299,38
7,171557.617,38
7,171560.775,38
7,171563.666,38
7,171566.472,38
7,171569.481,38
7,171572.831,38
7,171576.068,38
7,171579.025,38
7,171582.210,38
7,171585.196,38
7,171587.915,38
7,171592.365,38
7,171595.499,38
7,171598.602,38
7,171600.990,38
7,171603.707,38
7,171608.001,38
7,171611.055,38
7,171614.022,38
7,171617.071,38
7,171620.174,38
7,171623.362,38
7,171626.145,38
7,171630.256,38
7,171633.288,38
7,171635.863,38
7,171639.065,38
7,171642.381,38
7,171644.740,39
7,171647.538,39
7,171650.672,39
7,171653.301,39
7,171656.647,39
7,171659.930,39
7,171662.802,39
7,171665.502,39
7,171668.617,39
7,171672.623,39
7,171677.753,39
7,171681.654,39
7,171684.683,39
7,171687.310,39
7,171691.186,39
7,171694.102,39
7,171696.647,39
7,171699.277,39
7,171702.464,39
7,171705.814,39
7,171709.667,39
7,171712.743,39
7,171715.771,39
7,171718.867,39
7,171721.894,39
7,171725.326,39
7,171728.473,39
7,171731.366,39
7,171735.350,39
7,171738.644,39
7,171742.016,39
7,171745.325,39
7,171748.056,39
7,171750.864,39
7,171754.001,39
7,171757.729,39
7,171760.584,39
7,171763.239,39
7,171765.872,39
7,171768.951,39
7,171771.871,39
7,171776.077,39
7,171778.666,39
7,171781.706,39
7,171784.899,39
7,171787.532,39
7,171790.187,39
7,171792.766,39
7,171795.477,39
7,171798.082,39
7,171801.558,39
7,171804.977,39
7,171808.136,39
7,171811.239,39
7,171813.818,40
7,171817.152,40
7,171819.850,40
7,171822.421,40
7,171825.717,40
7,171829.261,40
7,171832.378,40
7,171835.517,40
7,171838.550,40
7,171842.056,40
7,171845.238,40
7,171848.244,40
7,171851.222,40
7,171853.914,40
7,171858.198,40
7,171860.673,40
7,171864.007,40
7,171867.912,40
7,171871.923,40
7,171876.081,40
7,171878.625,40
7,171881.991,40
7,171885.811,40
7,171888.766,40
7,171892.234,40
7,171895.606,40
7,171898.726,40
7,171901.683,40
7,171904.841,40
7,171908.184,40
7,171911.215,40
7,171914.163,40
7,171917.105,40
7,171920.059,40
7,171923.176,40
7,171925.973,40
7,171929.182,40
7,171932.166,40
7,171934.766,40
7,171938.196,40
7,171941.498,40
7,171944.041,40
7,171946.975,40
7,171949.990,40
7,171952.901,40
7,171955.915,40
7,171959.037,40
7,171962.649,40
7,171965.630,40
7,171968.713,40
7,171971.721,40
7,171975.100,40
7,171978.200,40
7,171981.180,41
7,171984.156,41
7,171986.551,41
7,171989.763,41
7,171992.787,41
7,171995.285,41
7,171997.850,41
7,172000.424,41
7,172003.495,41
7,172007.920,41
7,172011.042,41
7,172014.050,41
7,172016.617,41
7,172019.598,41
7,172023.029,41
7,172025.730,41
7,172029.036,41
7,172031.629,41
7,172034.581,41
7,172037.890,41
7,172040.439,41
7,172043.726,41
7,172046.200,41
7,172049.419,41
7,172051.919,41
7,172054.442,41
7,172057.034,41
7,172059.581,41
7,172062.029,41
7,172065.798,41
7,172069.268,41
7,172072.381,41
7,172074.996,41
7,172078.219,41
7,172081.087,41
7,172084.189,41
7,172086.853,41
7,172090.817,41
7,172093.861,41
7,172096.732,41
7,172099.449,41
7,172102.566,41
7,172107.363,41
7,172110.803,41
7,172113.853,41
7,172116.776,41
7,172119.823,41
7,172123.548,41
7,172126.495,41
7,172128.999,41
7,172131.424,41
7,172133.912,41
7,172136.934,41
7,172140.407,41
7,172143.031,41
7,172146.042,42
7,172148.796,42
7,172151.266,42
7,172154.411,42
7,172157.490,42
7,172160.100,42
7,172163.023,42
7,172166.147,42
7,172169.098,42
7,172172.627,42
7,172175.961,42
7,172178.969,42
7,172181.880,42
7,172184.865,42
7,172187.857,42
7,172190.834,42
7,172193.968,42
7,172196.989,42
7,172199.640,42
7,172202.233,42
7,172204.956,42
7,172208.751,42
7,172211.920,42
7,172214.918,42
7,172217.871,42
7,172221.006,42
7,172225.074,42
7,172228.233,42
7,172231.188,42
7,172233.660,42
7,172236.615,42
7,172240.880,42
7,172243.959,42
7,172246.668,42
7,172249.195,42
7,172252.273,42
7,172255.554,42
7,172258.935,42
7,172262.221,42
7,172264.836,42
7,172267.554,42
7,172270.710,42
7,172273.999,42
7,172277.150,42
7,172280.075,42
7,172282.506,42
7,172284.896,42
7,172287.666,42
7,172291.015,42
7,172294.539,42
7,172297.499,42
7,172300.142,42
7,172302.674,42
7,172305.375,42
7,172309.265,42
7,172311.952,43
7,172314.365,43
7,172316.897,43
7,172319.860,43
7,172323.459,43
7,172326.242,43
7,172329.058,43
7,172332.197,43
7,172335.202,43
7,172338.438,43
7,172342.419,43
7,172345.309,43
7,172347.707,43
7,172350.558,43
7,172353.731,43
7,172356.995,43
7,172360.193,43
7,172363.219,43
7,172365.771,43
7,172368.349,43
7,172371.546,43
7,172375.950,43
7,172378.552,43
7,172380.919,43
7,172383.833,43
7,172386.550,43
7,172390.259,43
7,172393.072,43
7,172395.979,43
7,172398.347,43
7,172401.021,43
7,172403.668,43
7,172406.347,43
7,172409.480,43
7,172412.493,43
7,172415.618,43
7,172418.614,43
7,172421.702,43
7,172427.843,43
7,172430.656,43
7,172433.464,43
7,172436.535,43
7,172440.771,43
7,172444.189,43
7,172447.242,43
7,172450.171,43
7,172453.110,43
7,172456.038,43
7,172459.038,43
7,172462.351,43
7,172465.228,43
7,172469.255,43
7,172472.402,43
7,172474.975,43
7,172479.346,43
7,172482.036,44
7,172485.098,44
7,172487.724,44
7,172491.605,44
7,172494.984,44
7,172497.548,44
7,172500.140,44
7,172502.923,44
7,172507.565,44
7,172510.694,44
7,172513.265,44
7,172515.681,44
7,172518.176,44
7,172521.092,44
7,172523.756,44
7,172527.777,44
7,172530.712,44
7,172533.769,44
7,172536.683,44
7,172539.492,44
7,172543.839,44
7,172546.837,44
7,172549.756,44
7,172552.640,44
7,172555.746,44
7,172559.044,44
7,172562.591,44
7,172565.464,44
7,172568.469,44
7,172571.541,44
7,172574.738,44
7,172577.679,44
7,172580.265,44
7,172583.531,44
7,172586.032,44
7,172588.728,44
7,172592.814,44
7,172595.780,44
7,172598.861,44
7,172601.821,44
7,172604.964,44
7,172608.205,44
7,172611.252,44
7,172613.622,44
7,172616.488,44
7,172619.011,44
7,172621.722,44
7,172624.678,44
7,172628.610,44
7,172631.538,44
7,172634.556,44
7,172636.960,44
7,172641.849,44
7,172645.567,45
7,172648.282,45
7,172650.945,45
7,172654.075,45
7,172656.630,45
7,172660.655,45
7,172663.834,45
7,172666.288,45
7,172669.304,45
7,172672.276,45
7,172675.764,45
7,172678.669,45
7,172681.695,45
7,172684.703,45
7,172687.666,45
7,172690.413,45
7,172694.359,45
7,172696.879,45
7,172699.780,45
7,172702.286,45
7,172704.750,45
7,172707.988,45
7,172711.282,45
7,172714.288,45
7,172716.860,45
7,172719.415,45
7,172722.542,45
7,172725.828,45
7,172728.811,45
7,172731.851,45
7,172734.865,45
7,172737.856,45
7,172741.093,45
7,172744.498,45
7,172747.391,45
7,172750.512,45
7,172753.070,45
7,172755.847,45
7,172760.036,45
7,172763.086,45
7,172766.127,45
7,172768.686,45
7,172771.204,45
7,172776.015,45
7,172779.048,45
7,172781.981,45
7,172785.113,45
7,172788.023,45
7,172790.806,45
7,172794.271,45
7,172797.446,45
7,172799.942,45
7,172803.098,45
7,172806.053,45
7,172809.064,45
7,172812.879,45
7,172815.907,46
7,172818.840,46
7,172821.824,46
7,172824.490,46
7,172827.698,46
7,172830.511,46
7,172833.489,46
7,172836.446,46
7,172839.508,46
7,172842.524,46
7,172845.952,46
7,172848.859,46
7,172851.687,46
7,172854.397,46
7,172857.402,46
7,172860.777,46
7,172864.109,46
7,172867.271,46
7,172869.938,46
7,172872.670,46
7,172875.245,46
7,172878.008,46
7,172882.363,46
7,172884.836,46
7,172887.352,46
7,172889.737,46
7,172892.360,46
7,172895.829,46
7,172898.388,46
7,172900.815,46
7,172903.696,46
7,172907.113,46
7,172910.296,46
7,172913.356,46
7,172915.710,46
7,172918.318,46
7,172920.882,46
7,172924.178,46
7,172926.900,46
7,172929.325,46
7,172931.853,46
7,172934.866,46
7,172937.897,46
7,172942.201,46
7,172945.511,46
7,172949.281,46
7,172952.361,46
7,172955.385,46
7,172959.983,46
7,172963.062,46
7,172965.671,46
7,172968.757,46
7,172971.883,46
7,172975.207,46
7,172978.485,46
7,172980.896,47
7,172983.457,47
7,172985.995,47
7,172989.332,47
7,172992.221,47
7,172995.516,47
7,172998.511,47
7,173001.704,47
7,173004.469,47
7,173009.429,47
7,173012.406,47
7,173015.619,47
7,173018.735,47
7,173022.018,47
7,173025.790,47
7,173028.809,47
7,173031.783,47
7,173034.781,47
7,173037.361,47
7,173041.007,47
7,173044.137,47
7,173046.602,47
7,173049.178,47
7,173052.303,47
7,173054.823,47
7,173059.293,47
7,173062.291,47
7,173064.733,47
7,173067.742,47
7,173070.348,47
7,173073.942,47
7,173077.010,47
7,173080.613,47
7,173083.803,47
7,173086.760,47
7,173089.396,47
7,173093.896,47
7,173096.920,47
7,173099.539,47
7,173102.539,47
7,173105.246,47
7,173109.434,47
7,173112.377,47
7,173115.337,47
7,173118.292,47
7,173121.275,47
7,173124.410,47
7,173127.852,47
7,173131.255,47
7,173134.351,47
7,173137.300,47
7,173139.820,47
7,173142.508,47
7,173146.016,48
7,173149.257,48
7,173151.695,48
7,173154.959,48
7,173157.379,48
7,173160.346,48
7,173164.341,48
7,173167.273,48
7,173170.194,48
7,173172.595,48
7,173175.999,48
7,173179.439,48
7,173182.366,48
7,173184.963,48
7,173187.957,48
7,173191.677,48
7,173194.802,48
7,173197.139,48
7,173199.741,48
7,173202.750,48
7,173205.408,48
7,173208.851,48
7,173212.535,48
7,173215.218,48
7,173217.884,48
7,173220.668,48
7,173223.341,48
7,173226.165,48
7,173230.064,48
7,173232.636,48
7,173235.286,48
7,173237.858,48
7,173241.033,48
7,173244.243,48
7,173247.221,48
7,173251.024,48
7,173254.110,48
7,173256.755,48
7,173261.516,48
7,173264.453,48
7,173267.462,48
7,173270.024,48
7,173273.039,48
7,173276.850,48
7,173279.845,48
7,173282.839,48
7,173285.827,48
7,173289.269,48
7,173292.609,48
7,173295.567,48
7,173299.266,48
7,173302.294,48
7,173304.925,48
7,173307.958,48
7,173310.480,48
7,173313.950,49
7,173316.526,49
7,173319.480,49
7,173322.361,49
7,173325.593,49
7,173328.744,49
7,173331.825,49
7,173335.200,49
7,173338.286,49
7,173341.328,49
7,173344.020,49
7,173348.045,49
7,173350.716,49
7,173353.851,49
7,173356.734,49
7,173359.747,49
7,173362.379,49
7,173365.533,49
7,173368.288,49
7,173371.511,49
7,173374.649,49
7,173377.393,49
7,173380.837,49
7,173383.977,49
7,173386.648,49
7,173389.564,49
7,173392.212,49
7,173395.043,49
7,173398.088,49
7,173401.237,49
7,173404.071,49
7,173407.082,49
7,173410.254,49
7,173413.343,49
7,173415.979,49
7,173418.758,49
7,173421.753,49
7,173424.422,49
7,173427.431,49
7,173429.996,49
7,173434.126,49
7,173436.961,49
7,173440.018,49
7,173443.498,49
7,173447.210,49
7,173449.878,49
7,173452.387,49
7,173455.668,49
7,173459.681,49
7,173462.700,49
7,173465.604,49
7,173468.721,49
7,173471.676,49
7,173475.118,49
7,173478.224,49
7,173481.141,50
7,173483.728,50
7,173486.829,50
7,173490.953,50
7,173494.102,50
7,173496.757,50
7,173499.805,50
7,173502.348,50
7,173504.991,50
7,173509.739,50
7,173512.807,50
7,173516.090,50
7,173519.198,50
7,173522.314,50
7,173526.057,50
7,173529.310,50
7,173532.071,50
7,173534.810,50
7,173537.878,50
7,173541.168,50
7,173543.640,50
7,173546.146,50
7,173549.063,50
7,173553.164,50
7,173556.317,50
7,173559.612,50
7,173562.807,50
7,173565.862,50
7,173568.979,50
7,173571.697,50
7,173575.778,50
7,173578.787,50
7,173581.869,50
7,173584.925,50
7,173587.593,50
7,173591.690,50
7,173594.337,50
7,173596.831,50
7,173599.911,50
7,173602.991,50
7,173606.920,50
7,173610.304,50
7,173613.421,50
7,173616.400,50
7,173619.315,50
7,173621.963,50
7,173625.188,50
7,173628.625,50
7,173631.523,50
7,173634.219,50
7,173637.264,50
7,173641.268,50
7,173643.972,50
7,173646.958,51
7,173649.904,51
7,173652.818,51
7,173657.643,51
7,173660.847,51
7,173663.407,51
7,173666.335,51
7,173669.365,51
7,173671.910,51
7,173675.836,51
7,173679.105,51
7,173681.601,51
7,173684.057,51
7,173686.727,51
7,173691.476,51
7,173694.651,51
7,173697.860,51
7,173700.469,51
7,173703.141,51
7,173707.789,51
7,173711.071,51
7,173714.070,51
7,173716.618,51
7,173719.111,51
7,173722.573,51
7,173725.753,51
7,173728.866,51
7,173731.827,51
7,173734.846,51
7,173738.237,51
7,173741.439,51
7,173744.105,51
7,173746.627,51
7,173749.127,51
7,173752.130,51
7,173755.076,51
7,173758.252,51
7,173761.377,51
7,173764.393,51
7,173767.033,51
7,173769.997,51
7,173774.299,51
7,173777.593,51
7,173780.677,51
7,173783.437,51
7,173786.029,51
7,173789.328,51
7,173792.731,51
7,173796.044,51
7,173798.576,51
7,173801.720,51
7,173804.398,51
7,173808.632,51
7,173811.759,51
7,173814.758,52
7,173817.342,52
7,173820.196,52
7,173823.513,52
7,173826.462,52
7,173829.477,52
7,173832.545,52
7,173835.018,52
7,173838.429,52
7,173841.792,52
7,173844.875,52
7,173847.793,52
7,173850.848,52
7,173854.752,52
7,173858.871,52
7,173861.923,52
7,173864.978,52
7,173867.994,52
7,173870.664,52
7,173873.933,52
7,173877.242,52
7,173880.324,52
7,173883.084,52
7,173885.644,52
7,173889.265,52
7,173892.861,52
7,173895.826,52
7,173898.987,52
7,173902.021,52
7,173904.966,52
7,173908.558,52
7,173911.686,52
7,173914.787,52
7,173917.131,52
7,173920.239,52
7,173923.384,52
7,173926.196,52
7,173928.801,52
7,173931.496,52
7,173934.630,52
7,173937.566,52
7,173940.835,52
7,173944.232,52
7,173947.243,52
7,173950.254,52
7,173953.194,52
7,173956.475,52
7,173959.860,52
7,173962.908,52
7,173965.387,52
7,173967.971,52
7,173970.484,52
7,173973.196,52
7,173977.304,52
7,173980.289,53
7,173982.878,53
7,173985.938,53
7,173988.407,53
7,173991.702,53
7,173994.995,53
7,173998.008,53
7,174001.011,53
7,174003.706,53
7,174007.896,53
7,174010.806,53
7,174013.259,53
7,174015.915,53
7,174018.999,53
7,174022.332,53
7,174026.023,53
7,174029.099,53
7,174031.782,53
7,174034.562,53
7,174038.314,53
7,174041.900,53
7,174044.983,53
7,174047.931,53
7,174051.108,53
7,174054.864,53
7,174058.524,53
7,174061.784,53
7,174064.598,53
7,174067.632,53
7,174070.334,53
7,174073.696,53
7,174077.170,53
7,174080.151,53
7,174083.116,53
7,174086.161,53
7,174089.565,53
7,174093.054,53
7,174095.985,53
7,174099.069,53
7,174102.268,53
7,174105.014,53
7,174109.246,53
7,174112.316,53
7,174115.282,53
7,174118.273,53
7,174121.584,53
7,174124.691,53
7,174128.180,53
7,174131.185,53
7,174134.156,53
7,174136.778,53
7,174139.580,53
7,174143.351,53
7,174146.290,55
7,174149.332,55
7,174152.081,55
7,174156.625,55
7,174159.565,55
7,174162.593,55
7,174165.639,55
7,174168.817,55
7,174171.941,55
7,174176.113,55
7,174179.092,55
7,174182.294,55
7,174184.749,55
7,174187.827,55
7,174191.424,55
7,174194.652,55
7,174197.617,55
7,174200.232,55
7,174202.708,55
7,174205.480,55
7,174209.654,55
7,174212.652,55
7,174215.794,55
7,174218.360,55
7,174221.006,55
7,174224.709,55
7,174227.817,55
7,174230.185,55
7,174233.247,55
7,174236.239,55
7,174240.878,55
7,174244.222,55
7,174247.240,55
7,174249.843,55
7,174252.976,55
7,174257.436,55
7,174260.612,55
7,174263.818,55
7,174266.308,55
7,174268.990,55
7,174272.164,55
7,174274.832,55
7,174277.502,55
7,174281.084,55
7,174284.042,55
7,174286.999,55
7,174290.029,55
7,174292.604,55
7,174297.311,55
7,174300.097,55
7,174302.598,55
7,174305.080,55
7,174307.886,55
7,174312.213,55
7,174315.228,56
7,174318.222,56
7,174321.275,56
7,174326.025,56
7,174329.071,56
7,174332.256,56
7,174335.291,56
7,174338.467,56
7,174342.639,56
7,174345.589,56
7,174348.545,56
7,174351.698,56
7,174354.655,56
7,174358.779,56
7,174362.066,56
7,174365.057,56
7,174368.083,56
7,174371.298,56
7,174375.902,56
7,174378.517,56
7,174381.183,56
7,174383.855,56
7,174386.912,56
7,174389.855,56
7,174393.020,56
7,174395.753,56
7,174398.689,56
7,174401.242,56
7,174404.306,56
7,174407.520,56
7,174410.894,56
7,174413.800,56
7,174416.695,56
7,174419.690,56
7,174422.910,56
7,174426.283,56
7,174429.311,56
7,174432.386,56
7,174435.905,56
7,174439.727,56
7,174442.633,56
7,174447.209,56
7,174450.381,56
7,174452.848,56
7,174455.385,56
7,174458.954,56
7,174462.163,56
7,174465.898,56
7,174469.128,56
7,174471.684,56
7,174474.942,56
7,174478.079,56
7,174481.024,57
7,174484.443,57
7,174487.638,57
7,174490.975,57
7,174493.592,57
7,174496.275,57
7,174500.258,57
7,174503.636,57
7,174506.324,57
7,174509.535,57
7,174512.029,57
7,174516.244,57
7,174519.291,57
7,174522.624,57
7,174525.750,57
7,174529.464,57
7,174532.506,57
7,174535.169,57
7,174537.618,57
7,174540.742,57
7,174544.233,57
7,174546.630,57
7,174549.069,57
7,174551.897,57
7,174554.864,57
7,174559.018,57
7,174562.096,57
7,174564.644,57
7,174567.677,57
7,174570.401,57
7,174572.917,57
7,174576.713,57
7,174579.148,57
7,174582.054,57
7,174584.485,57
7,174587.062,57
7,174590.338,57
7,174593.541,57
7,174596.434,57
7,174599.347,57
7,174602.241,57
7,174604.802,57
7,174609.200,57
7,174612.545,57
7,174615.407,57
7,174618.080,57
7,174621.283,57
7,174624.756,57
7,174627.429,57
7,174630.335,57
7,174633.159,57
7,174635.810,57
7,174638.985,57
7,174642.075,57
7,174645.822,57
7,174648.866,58
7,174651.873,58
7,174655.049,58
7,174658.240,58
7,174660.807,58
7,174663.362,58
7,174666.438,58
7,174669.387,58
7,174674.243,58
7,174677.421,58
7,174680.434,58
7,174682.987,58
7,174685.957,58
7,174689.214,58
7,174692.569,58
7,174695.116,58
7,174698.058,58
7,174700.516,58
7,174703.583,58
7,174707.645,58
7,174710.787,58
7,174713.312,58
7,174715.930,58
7,174718.987,58
7,174722.298,58
7,174725.179,58
7,174727.975,58
7,174730.857,58
7,174734.017,58
7,174738.047,58
7,174741.412,58
7,174744.731,58
7,174747.750,58
7,174750.700,58
7,174753.378,58
7,174757.110,58
7,174761.042,58
7,174764.091,58
7,174767.990,58
7,174771.215,58
7,174774.810,58
7,174777.919,58
7,174780.832,58
7,174783.843,58
7,174786.436,58
7,174789.515,58
7,174794.117,58
7,174797.095,58
7,174799.581,58
7,174802.751,58
7,174805.850,58
7,174809.713,58
7,174812.742,59
7,174815.789,59
7,174818.855,59
7,174821.898,59
7,174825.238,59
7,174828.322,59
7,174831.224,59
7,174834.285,59
7,174837.277,59
7,174841.494,59
7,174844.663,59
7,174847.630,59
7,174850.288,59
7,174852.920,59
7,174857.271,59
7,174860.258,59
7,174863.352,59
7,174866.434,59
7,174868.846,59
7,174872.130,59
7,174875.399,59
7,174878.128,59
7,174882.199,59
7,174885.096,59
7,174889.831,59
7,174893.003,59
7,174895.683,59
7,174898.101,59
7,174900.653,59
7,174903.232,59
7,174906.568,59
7,174909.992,59
7,174913.045,59
7,174917.125,59
7,174920.266,59
7,174923.357,59
7,174926.513,59
7,174929.177,59
7,174931.955,59
7,174934.544,59
7,174937.551,59
7,174940.619,59
7,174944.584,59
7,174947.030,59
7,174949.635,59
7,174952.502,59
7,174954.948,59
7,174957.414,59
7,174960.467,59
7,174963.372,59
7,174966.474,59
7,174969.641,59
7,174972.383,59
7,174975.076,59
7,174978.155,59
7,174981.165,60
7,174984.395,60
7,174986.988,60
7,174989.918,60
7,174992.443,60
7,174995.290,60
7,174997.922,60
7,175001.832,60
7,175004.363,60
7,175007.478,60
7,175010.370,60
7,175013.839,60
7,175016.322,60
7,175019.387,60
7,175022.630,60
7,175025.940,60
7,175028.358,60
7,175031.211,60
7,175034.471,60
7,175037.627,60
7,175041.241,60
7,175044.101,60
7,175047.019,60
7,175049.443,60
7,175051.977,60
7,175055.175,60
7,175058.453,60
7,175062.347,60
7,175064.877,60
7,175067.997,60
7,175071.028,60
7,175074.221,60
7,175077.140,60
7,175079.879,60
7,175082.519,60
7,175085.005,60
7,175087.721,60
7,175091.765,60
7,175094.916,60
7,175097.770,60
7,175100.820,60
7,175103.531,60
7,175106.594,60
7,175110.141,60
7,175113.116,60
7,175116.111,60
7,175119.090,60
7,175122.486,60
7,175125.628,60
7,175130.681,60
7,175133.349,60
7,175136.027,60
7,175138.599,60
7,175142.856,60
7,175145.328,61
7,175147.839,61
7,175150.430,61
7,175153.096,61
7,175156.160,61
7,175159.655,61
7,175162.620,61
7,175164.999,61
7,175167.992,61
7,175171.040,61
7,175175.944,61
7,175178.963,61
7,175181.652,61
7,175184.651,61
7,175187.166,61
7,175189.891,61
7,175193.010,61
7,175195.913,61
7,175198.878,61
7,175201.768,61
7,175204.385,61
7,175207.040,61
7,175210.880,61
7,175213.748,61
7,175216.720,61
7,175219.729,61
7,175222.596,61
7,175225.906,61
7,175228.962,61
7,175232.147,61
7,175234.699,61
7,175237.735,61
7,175242.535,61
7,175245.072,61
7,175247.777,61
7,175250.377,61
7,175253.492,61
7,175256.510,61
7,175259.835,61
7,175262.220,61
7,175264.638,61
7,175267.377,61
7,175270.066,61
7,175274.376,61
7,175276.949,61
7,175279.851,61
7,175282.845,61
7,175285.755,61
7,175288.313,61
7,175290.993,61
7,175295.341,61
7,175297.831,61
7,175300.647,61
7,175303.345,61
7,175307.598,61
7,175310.757,61
7,175313.712,62
7,175316.491,62
7,175319.520,62
7,175323.268,62
7,175326.416,62
7,175329.376,62
7,175332.261,62
7,175334.657,62
7,175337.824,62
7,175341.312,62
7,175343.966,62
7,175346.397,62
7,175349.044,62
7,175351.723,62
7,175354.945,62
7,175358.228,62
7,175360.922,62
7,175364.937,62
7,175368.115,62
7,175371.310,62
7,175374.646,62
7,175377.311,62
7,175379.832,62
7,175382.917,62
7,175386.014,62
7,175390.306,62
7,175393.002,62
7,175396.006,62
7,175398.903,62
7,175401.924,62
7,175404.947,62
7,175407.680,62
7,175410.545,62
7,175412.910,62
7,175415.610,62
7,175418.901,62
7,175422.121,62
7,175424.979,62
7,175428.176,62
7,175430.461,62
7,175433.532,62
7,175436.562,62
7,175440.808,62
7,175444.114,62
7,175447.058,62
7,175449.995,62
7,175452.923,62
7,175455.636,62
7,175458.916,62
7,175463.362,62
7,175465.884,62
7,175468.734,62
7,175471.864,62
7,175474.956,62
7,175478.167,62
7,175480.835,63
7,175484.117,63
7,175486.573,63
7,175490.904,63
7,175494.130,63
7,175496.652,63
7,175499.755,63
7,175502.268,63
7,175505.429,63
7,175509.168,63
7,175513.437,63
7,175516.244,63
7,175518.810,63
7,175521.700,63
7,175525.176,63
7,175528.367,63
7,175531.317,63
7,175534.447,63
7,175537.122,63
7,175541.511,63
7,175544.634,63
7,175547.514,63
7,175550.812,63
7,175553.798,63
7,175558.604,63
7,175561.787,63
7,175564.807,63
7,175567.773,63
7,175570.335,63
7,175573.205,63
7,175576.744,63
7,175579.798,63
7,175582.292,63
7,175584.865,63
7,175587.554,63
7,175591.613,63
7,175594.396,63
7,175597.376,63
7,175600.320,63
7,175603.447,63
7,175606.604,63
7,175609.795,63
7,175612.941,63
7,175616.447,63
7,175619.574,63
7,175622.166,63
7,175624.862,63
7,175628.099,63
7,175631.167,63
7,175634.420,63
7,175637.476,63
7,175640.476,63
7,175644.386,63
7,175647.592,64
7,175650.114,64
7,175653.181,64
7,175656.106,64
7,175659.300,64
7,175661.910,64
7,175665.547,64
7,175668.670,64
7,175671.364,64
7,175675.575,64
7,175678.888,64
7,175681.957,64
7,175684.994,64
7,175688.516,64
7,175691.838,64
7,175694.998,64
7,175697.988,64
7,175700.482,64
7,175703.571,64
7,175706.656,64
7,175709.777,64
7,175712.520,64
7,175715.201,64
7,175717.567,64
7,175720.171,64
7,175723.034,64
7,175725.777,64
7,175729.281,64
7,175731.831,64
7,175734.461,64
7,175737.800,64
7,175741.015,64
7,175744.391,64
7,175746.775,64
7,175749.940,64
7,175752.970,64
7,175755.840,64
7,175759.217,64
7,175762.239,64
7,175767.028,64
7,175770.221,64
7,175773.374,64
7,175777.757,64
7,175780.772,64
7,175783.892,64
7,175786.881,64
7,175789.987,64
7,175793.108,64
7,175795.681,64
7,175798.212,64
7,175801.179,64
7,175804.652,64
7,175807.386,64
7,175809.989,64
7,175813.100,65
7,175815.531,65
7,175818.662,65
7,175821.920,65
7,175824.525,65
7,175827.866,65
7,175830.973,65
7,175834.242,65
7,175837.113,65
7,175840.201,65
7,175842.995,65
7,175845.881,65
7,175848.452,65
7,175851.217,65
7,175854.531,65
7,175857.136,65
7,175859.864,65
7,175863.101,65
7,175866.968,65
7,175870.001,65
7,175872.704,65
7,175875.192,65
7,175877.697,65
7,175880.325,65
7,175884.028,65
7,175886.785,65
7,175889.807,65
7,175892.799,65
7,175895.457,65
7,175898.160,65
7,175900.764,65
7,175904.269,65
7,175907.457,65
7,175910.664,65
7,175913.285,65
7,175915.718,65
7,175919.137,65
7,175922.591,65
7,175925.215,65
7,175929.499,65
7,175932.531,65
7,175935.640,65
7,175938.923,65
7,175942.651,65
7,175945.274,65
7,175948.213,65
7,175952.094,65
7,175955.165,65
7,175957.851,65
7,175960.620,65
7,175963.675,65
7,175967.126,65
7,175969.631,65
7,175972.767,65
7,175975.748,65
7,175978.876,66
7,175981.540,66
7,175984.681,66
7,175988.599,66
7,175991.905,66
7,175994.800,66
7,175997.268,66
7,175999.918,66
7,176002.915,66
7,176006.097,66
7,176009.762,66
7,176012.803,66
7,176015.459,66
7,176018.652,66
7,176022.137,66
7,176024.965,66
7,176028.203,66
7,176030.523,66
7,176033.126,66
7,176036.070,66
7,176039.614,66
7,176042.039,66
7,176044.688,66
7,176047.715,66
7,176052.167,66
7,176054.748,66
7,176057.977,66
7,176060.591,66
7,176064.783,66
7,176067.843,66
7,176070.992,66
7,176073.689,66
7,176076.574,66
7,176080.594,66
7,176083.626,66
7,176086.509,66
7,176090.663,66
7,176093.812,66
7,176096.699,66
7,176099.625,66
7,176102.516,66
7,176106.574,66
7,176110.873,66
7,176114.253,66
7,176117.158,66
7,176120.132,66
7,176123.294,66
7,176126.108,66
7,176128.639,66
7,176132.228,66
7,176135.069,66
7,176138.145,66
7,176142.892,66
7,176145.823,67
7,176148.970,67
7,176151.938,67
7,176155.317,67
7,176158.113,67
7,176161.194,67
7,176163.770,67
7,176166.757,67
7,176169.780,67
7,176172.857,67
7,176176.139,67
7,176179.111,67
7,176182.128,67
7,176184.486,67
7,176187.032,67
7,176191.666,67
7,176194.169,67
7,176196.742,67
7,176199.753,67
7,176202.861,67
7,176207.038,67
7,176210.177,67
7,176213.297,67
7,176216.217,67
7,176219.217,67
7,176222.236,67
7,176225.871,67
7,176228.913,67
7,176231.396,67
7,176233.975,67
7,176236.830,67
7,176241.149,67
7,176244.219,67
7,176247.089,67
7,176250.105,67
7,176253.069,67
7,176257.417,67
7,176260.552,67
7,176263.438,67
7,176266.338,67
7,176270.247,67
7,176274.969,67
7,176277.830,67
7,176281.057,67
7,176284.187,67
7,176287.273,67
7,176290.236,67
7,176293.019,67
7,176297.327,67
7,176299.931,67
7,176302.971,67
7,176307.640,67
7,176310.771,67
7,176313.723,68
7,176316.658,68
7,176319.107,68
7,176322.507,68
7,176325.829,68
7,176328.874,68
7,176332.030,68
7,176334.971,68
7,176337.750,68
7,176341.872,68
7,176344.764,68
7,176347.883,68
7,176350.940,68
7,176353.777,68
7,176357.623,68
7,176360.950,68
7,176363.870,68
7,176366.666,68
7,176369.835,68
7,176372.946,68
7,176375.739,68
7,176378.892,68
7,176381.842,68
7,176384.843,68
7,176387.869,68
7,176390.844,68
7,176393.993,68
7,176396.620,68
7,176399.698,68
7,176402.816,68
7,176406.339,68
7,176409.460,68
7,176412.424,68
7,176415.476,68
7,176418.545,68
7,176421.775,68
7,176424.841,68
7,176428.043,68
7,176431.066,68
7,176433.627,68
7,176436.255,68
7,176440.745,68
7,176443.473,68
7,176446.412,68
7,176449.093,68
7,176451.714,68
7,176454.743,68
7,176457.924,68
7,176461.652,68
7,176464.203,68
7,176467.170,68
7,176469.751,68
7,176472.985,68
7,176475.761,68
7,176478.874,69
7,176481.719,69
7,176484.254,69
7,176486.905,69
7,176491.380,69
7,176494.595,69
7,176497.466,69
7,176500.013,69
7,176502.579,69
7,176505.448,69
7,176509.253,69
7,176512.292,69
7,176515.006,69
7,176518.038,69
7,176521.179,69
7,176523.995,69
7,176527.089,69
7,176530.001,69
7,176532.969,69
7,176535.994,69
7,176538.975,69
7,176542.924,69
7,176545.845,69
7,176548.855,69
7,176551.891,69
7,176555.264,69
7,176559.025,69
7,176562.484,69
7,176565.126,69
7,176567.861,69
7,176571.969,69
7,176575.118,69
7,176578.165,69
7,176580.474,69
7,176583.523,69
7,176585.895,69
7,176588.584,69
7,176592.501,69
7,176595.072,69
7,176598.131,69
7,176600.950,69
7,176604.193,69
7,176607.398,69
7,176610.488,69
7,176613.080,69
7,176615.867,69
7,176619.122,69
7,176622.150,69
7,176625.308,69
7,176628.745,69
7,176631.266,69
7,176634.391,69
7,176637.338,69
7,176640.683,69
7,176643.894,69
7,176646.920,70
7,176649.300,70
7,176652.098,70
7,176654.462,70
7,176657.735,70
7,176661.369,70
7,176664.386,70
7,176667.426,70
7,176670.526,70
7,176675.041,70
7,176677.929,70
7,176681.406,70
7,176684.010,70
7,176686.367,70
7,176689.122,70
7,176692.032,70
7,176696.057,70
7,176699.077,70
7,176702.253,70
7,176704.874,70
7,176709.280,70
7,176712.345,70
7,176715.031,70
7,176717.941,70
7,176720.933,70
7,176724.743,70
7,176727.373,70
7,176729.970,70
7,176733.085,70
7,176735.840,70
7,176738.554,70
7,176742.520,70
7,176745.036,70
7,176747.969,70
7,176750.699,70
7,176753.808,70
7,176756.663,70
7,176760.305,70
7,176762.804,70
7,176765.138,70
7,176767.632,70
7,176770.438,70
7,176773.444,70
7,176776.793,70
7,176779.816,70
7,176782.848,70
7,176785.299,70
7,176787.914,70
7,176790.659,70
7,176793.848,70
7,176797.015,70
7,176799.833,70
7,176802.880,70
7,176806.093,70
7,176809.260,70
7,176812.447,70
7,176814.970,71
7,176817.789,71
7,176820.465,71
7,176824.685,71
7,176827.735,71
7,176830.689,71
7,176833.861,71
7,176836.371,71
7,176840.633,71
7,176843.638,71
7,176846.703,71
7,176849.620,71
7,176852.555,71
7,176856.452,71
7,176860.919,71
7,176863.751,71
7,176866.475,71
7,176869.155,71
7,176872.827,71
7,176876.233,71
7,176881.007,71
7,176884.227,71
7,176887.320,71
7,176890.764,71
7,176893.559,71
7,176896.677,71
7,176899.167,71
7,176901.903,71
7,176905.054,71
7,176907.771,71
7,176910.650,71
7,176914.029,71
7,176917.236,71
7,176919.941,71
7,176923.085,71
7,176927.326,71
7,176930.050,71
7,176932.520,71
7,176936.565,71
7,176941.637,71
7,176944.800,71
7,176947.779,71
7,176950.954,71
7,176954.616,71
7,176958.005,71
7,176962.098,71
7,176965.082,71
7,176968.103,71
7,176971.276,71
7,176974.702,71
7,176977.360,71
7,176979.934,72
7,176982.878,72
7,176985.536,72
7,176988.422,72
7,176991.705,72
7,176994.890,72
7,176997.408,72
7,177000.033,72
7,177002.517,72
7,177007.092,72
7,177010.167,72
7,177013.057,72
7,177015.622,72
7,177018.534,72
7,177021.762,72
7,177025.037,72
7,177028.263,72
7,177031.285,72
7,177033.887,72
7,177036.435,72
7,177040.833,72
7,177043.559,72
7,177046.191,72
7,177049.266,72
7,177051.761,72
7,177054.540,72
7,177058.172,72
7,177061.548,72
7,177064.510,72
7,177067.432,72
7,177070.125,72
7,177074.151,72
7,177077.495,72
7,177080.430,72
7,177083.074,72
7,177086.158,72
7,177090.036,72
7,177093.360,72
7,177096.394,72
7,177099.420,72
7,177102.398,72
7,177106.377,72
7,177109.303,72
7,177112.425,72
7,177115.475,72
7,177118.588,72
7,177121.978,72
7,177125.302,72
7,177128.628,72
7,177131.509,72
7,177134.590,72
7,177137.653,72
7,177142.096,72
7,177145.346,73
7,177148.344,73
7,177151.349,73
7,177154.480,73
7,177157.854,73
7,177160.967,73
7,177164.066,73
7,177166.788,73
7,177169.782,73
7,177174.545,73
7,177178.060,73
7,177180.990,73
7,177184.027,73
7,177186.653,73
7,177190.456,73
7,177193.479,73
7,177196.421,73
7,177199.389,73
7,177202.422,73
7,177205.617,73
7,177208.939,73
7,177211.896,73
7,177214.562,73
7,177217.055,73
7,177219.405,73
7,177222.193,73
7,177226.281,73
7,177229.167,73
7,177232.151,73
7,177234.848,73
7,177237.834,73
7,177241.258,73
7,177243.897,73
7,177246.806,73
7,177249.666,73
7,177252.139,73
7,177254.770,73
7,177258.485,73
7,177261.628,73
7,177264.481,73
7,177267.467,73
7,177270.568,73
7,177273.365,73
7,177275.961,73
7,177279.014,73
7,177281.820,73
7,177284.320,73
7,177287.243,73
7,177290.390,73
7,177293.900,73
7,177296.837,73
7,177299.426,73
7,177302.433,73
7,177305.672,73
7,177308.930,73
7,177312.137,73
7,177314.570,74
7,177317.023,74
7,177319.620,74
7,177323.582,74
7,177326.553,74
7,177329.214,74
7,177332.248,74
7,177334.792,74
7,177337.891,74
7,177341.129,74
7,177343.799,74
7,177346.799,74
7,177349.366,74
7,177352.176,74
7,177356.445,74
7,177359.621,74
7,177362.544,74
7,177365.546,74
7,177368.514,74
7,177371.735,74
7,177374.853,74
7,177377.904,74
7,177380.879,74
7,177383.862,74
7,177386.295,74
7,177390.643,74
7,177393.291,74
7,177395.675,74
7,177398.772,74
7,177401.399,74
7,177404.042,74
7,177408.082,74
7,177410.772,74
7,177413.284,74
7,177416.258,74
7,177419.266,74
7,177423.749,74
7,177426.816,74
7,177429.775,74
7,177432.710,74
7,177435.725,74
7,177439.113,74
7,177442.303,74
7,177445.564,74
7,177448.161,74
7,177450.625,74
7,177453.590,74
7,177456.697,74
7,177460.406,74
7,177463.386,74
7,177466.327,74
7,177469.332,74
7,177474.244,74
7,177477.329,74
7,177481.054,75
7,177483.722,75
7,177486.327,75
7,177489.183,75
7,177492.983,75
7,177495.946,75
7,177498.876,75
7,177502.045,75
7,177505.327,75
7,177508.777,75
7,177513.443,75
7,177516.052,75
7,177518.439,75
7,177520.935,75
7,177523.553,75
7,177527.293,75
7,177530.003,75
7,177532.385,75
7,177535.053,75
7,177538.295,75
7,177541.758,75
7,177544.883,75
7,177547.834,75
7,177550.781,75
7,177553.730,75
7,177556.766,75
7,177560.317,75
7,177563.365,75
7,177565.715,75
7,177568.720,75
7,177571.741,75
7,177575.163,75
7,177578.469,75
7,177581.519,75
7,177583.969,75
7,177586.673,75
7,177589.447,75
7,177592.392,75
7,177594.764,75
7,177597.193,75
7,177599.688,75
7,177602.126,75
7,177604.829,75
7,177608.669,75
7,177611.749,75
7,177614.062,75
7,177616.437,75
7,177618.865,75
7,177621.876,75
7,177624.799,75
7,177628.207,75
7,177630.632,75
7,177633.275,75
7,177635.847,75
7,177638.811,75
7,177642.440,75
7,177645.751,76
7,177648.822,76
7,177651.797,76
7,177654.561,76
7,177659.240,76
7,177662.382,76
7,177665.136,76
7,177668.354,76
7,177671.383,76
7,177675.764,76
7,177678.917,76
7,177681.936,76
7,177685.000,76
7,177687.537,76
7,177691.862,76
7,177694.446,76
7,177696.812,76
7,177699.389,76
7,177701.989,76
7,177704.657,76
7,177707.407,76
7,177710.507,76
7,177713.492,76
7,177716.436,76
7,177719.339,76
7,177721.822,76
7,177725.195,76
7,177727.911,76
7,177730.840,76
7,177733.478,76
7,177738.128,76
7,177742.043,76
7,177744.733,76
7,177747.816,76
7,177750.824,76
7,177753.651,76
7,177756.458,76
7,177760.220,76
7,177763.199,76
7,177765.758,76
7,177768.548,76
7,177771.180,76
7,177775.409,76
7,177778.623,76
7,177782.460,76
7,177785.157,76
7,177787.969,76
7,177791.103,76
7,177794.442,76
7,177798.062,76
7,177801.178,76
7,177804.596,76
7,177807.063,76
7,177810.584,76
7,177813.099,77
7,177815.941,77
7,177818.590,77
7,177821.017,77
7,177824.909,77
7,177827.929,77
7,177830.962,77
7,177834.020,77
7,177837.137,77
7,177840.559,77
7,177843.798,77
7,177846.707,77
7,177849.651,77
7,177852.582,77
7,177856.217,77
7,177858.927,77
7,177862.295,77
7,177865.124,77
7,177868.069,77
7,177870.644,77
7,177873.248,77
7,177877.554,77
7,177880.504,77
7,177883.074,77
7,177885.734,77
7,177888.498,77
7,177890.991,77
7,177893.791,77
7,177896.833,77
7,177899.821,77
7,177902.605,77
7,177906.099,77
7,177909.898,77
7,177912.450,77
7,177915.372,77
7,177917.902,77
7,177920.360,77
7,177924.394,77
7,177927.510,77
7,177930.441,77
7,177933.367,77
7,177935.902,77
7,177939.017,77
7,177942.260,77
7,177945.136,77
7,177948.115,77
7,177951.144,77
7,177954.173,77
7,177956.788,77
7,177959.877,77
7,177963.446,77
7,177966.568,77
7,177969.478,77
7,177972.081,77
7,177975.208,77
7,177978.482,77
7,177981.341,78
7,177984.461,78
7,177987.461,78
7,177990.511,78
7,177993.770,78
7,177996.718,78
7,177999.636,78
7,178002.558,78
7,178005.562,78
7,178009.067,78
7,178012.274,78
7,178014.838,78
7,178017.386,78
7,178020.461,78
7,178024.887,78
7,178027.994,78
7,178030.862,78
7,178033.301,78
7,178036.232,78
7,178039.120,78
7,178042.754,78
7,178045.355,78
7,178048.280,78
7,178050.708,78
7,178053.307,78
7,178056.351,78
7,178059.628,78
7,178062.182,78
7,178064.522,78
7,178067.077,78
7,178069.807,78
7,178072.917,78
7,178075.840,78
7,178078.559,78
7,178081.032,78
7,178084.380,78
7,178087.043,78
7,178090.111,78
7,178093.224,78
7,178096.186,78
7,178098.538,78
7,178101.052,78
7,178104.164,78
7,178108.919,78
7,178111.940,78
7,178114.945,78
7,178117.900,78
7,178121.019,78
7,178123.587,78
7,178128.089,78
7,178130.454,78
7,178135.071,78
7,178139.443,78
7,178143.417,78
7,178146.373,79
7,178149.359,79
7,178152.296,79
7,178155.301,79
7,178158.397,79
7,178161.544,79
7,178163.900,79
7,178166.512,79
7,178168.988,79
7,178172.408,79
7,178175.726,79
7,178178.818,79
7,178181.762,79
7,178184.769,79
7,178187.765,79
7,178191.218,79
7,178193.866,79
7,178196.489,79
7,178199.410,79
7,178202.299,79
7,178204.736,79
7,178209.361,79
7,178212.228,79
7,178214.820,79
7,178217.501,79
7,178220.247,79
7,178223.308,79
7,178226.270,79
7,178228.642,79
7,178231.550,79
7,178234.607,79
7,178237.177,79
7,178240.211,79
7,178243.399,79
7,178246.391,79
7,178249.037,79
7,178251.724,79
7,178255.077,79
7,178258.258,79
7,178261.331,79
7,178264.372,79
7,178266.909,79
7,178269.332,79
7,178271.621,79
7,178275.055,79
7,178278.309,79
7,178281.184,79
7,178284.236,79
7,178287.264,79
7,178290.343,79
7,178293.906,79
7,178296.717,79
7,178299.712,79
7,178302.241,79
7,178306.728,79
7,178309.912,79
7,178312.882,80
7,178315.838,80
7,178318.892,80
7,178322.071,80
7,178324.970,80
7,178327.405,80
7,178329.920,80
7,178332.519,80
7,178335.036,80
7,178337.873,80
7,178341.480,80
7,178344.777,80
7,178347.312,80
7,178350.267,80
7,178353.249,80
7,178356.220,80
7,178359.515,80
7,178362.490,80
7,178365.408,80
7,178368.416,80
7,178371.383,80
7,178375.124,80
7,178378.264,80
7,178381.150,80
7,178383.885,80
7,178387.806,80
7,178391.252,80
7,178394.391,80
7,178397.336,80
7,178400.334,80
7,178403.335,80
7,178406.609,80
7,178409.899,80
7,178412.882,80
7,178415.377,80
7,178418.186,80
7,178421.161,80
7,178424.333,80
7,178427.796,80
7,178430.680,80
7,178433.620,80
7,178436.714,80
7,178441.527,80
7,178444.695,80
7,178447.654,80
7,178450.644,80
7,178453.729,80
7,178456.592,80
7,178459.235,80
7,178462.704,80
7,178465.690,80
7,178468.391,80
7,178471.309,80
7,178474.598,80
7,178477.277,80
7,178480.094,82
7,178482.920,82
7,178485.459,82
7,178488.933,82
7,178492.624,82
7,178495.609,82
7,178498.593,82
7,178501.539,82
7,178504.546,82
7,178507.704,82
7,178510.421,82
7,178513.276,82
7,178516.148,82
7,178519.131,82
7,178522.344,82
7,178525.490,82
7,178528.263,82
7,178530.815,82
7,178533.276,82
7,178536.269,82
7,178538.941,82
7,178542.336,82
7,178544.818,82
7,178547.854,82
7,178550.841,82
7,178553.451,82
7,178556.680,82
7,178560.214,82
7,178563.130,82
7,178565.667,82
7,178568.744,82
7,178571.354,82
7,178575.929,82
7,178578.985,82
7,178582.064,82
7,178585.144,82
7,178588.282,82
7,178591.766,82
7,178594.411,82
7,178597.361,82
7,178600.327,82
7,178603.360,82
7,178606.910,82
7,178610.071,82
7,178612.967,82
7,178615.909,82
7,178618.883,82
7,178621.540,82
7,178624.984,82
7,178628.149,82
7,178631.050,82
7,178634.043,82
7,178637.173,82
7,178640.256,82
7,178643.361,82
7,178646.256,83
7,178648.991,83
7,178651.896,83
7,178654.715,83
7,178658.162,83
7,178660.808,83
7,178663.906,83
7,178666.318,83
7,178668.824,83
7,178671.803,83
7,178675.152,83
7,178678.099,83
7,178680.586,83
7,178683.376,83
7,178686.400,83
7,178690.886,83
7,178694.274,83
7,178697.323,83
7,178700.400,83
7,178703.550,83
7,178706.974,83
7,178710.994,83
7,178713.525,83
7,178716.049,83
7,178719.122,83
7,178722.277,83
7,178725.648,83
7,178728.911,83
7,178731.882,83
7,178734.959,83
7,178737.984,83
7,178741.797,83
7,178744.460,83
7,178747.059,83
7,178750.031,83
7,178752.394,83
7,178755.000,83
7,178758.921,83
7,178762.209,83
7,178765.317,83
7,178768.361,83
7,178771.086,83
7,178774.956,83
7,178778.072,83
7,178780.927,83
7,178783.990,83
7,178786.966,83
7,178789.511,83
7,178792.210,83
7,178796.086,83
7,178798.719,83
7,178801.807,83
7,178805.032,83
7,178808.312,83
7,178811.510,83
7,178814.408,84
7,178817.044,84
7,178819.687,84
7,178822.888,84
7,178826.247,84
7,178829.237,84
7,178832.287,84
7,178834.997,84
7,178837.425,84
7,178841.380,84
7,178844.595,84
7,178847.580,84
7,178850.632,84
7,178853.725,84
7,178856.879,84
7,178859.576,84
7,178862.573,84
7,178866.709,84
7,178869.844,84
7,178872.394,84
7,178875.249,84
7,178879.181,84
7,178882.190,84
7,178885.166,84
7,178888.293,84
7,178891.402,84
7,178895.016,84
7,178897.669,84
7,178900.346,84
7,178902.906,84
7,178906.094,84
7,178909.365,84
7,178912.320,84
7,178915.360,84
7,178917.785,84
7,178920.781,84
7,178925.485,84
7,178928.858,84
7,178931.461,84
7,178934.576,84
7,178937.577,84
7,178941.132,84
7,178944.441,84
7,178947.484,84
7,178950.475,84
7,178953.525,84
7,178956.595,84
7,178959.624,84
7,178963.569,84
7,178966.758,84
7,178969.776,84
7,178972.836,84
7,178976.028,84
7,178980.509,85
7,178983.750,85
7,178986.419,85
7,178989.360,85
7,178993.432,85
7,178996.431,85
7,178998.868,85
7,179001.917,85
7,179004.693,85
7,179008.231,85
7,179011.477,85
7,179014.560,85
7,179017.757,85
7,179020.859,85
7,179025.057,85
7,179029.591,85
7,179032.334,85
7,179035.079,85
7,179037.951,85
7,179041.798,85
7,179044.920,85
7,179047.888,85
7,179050.983,85
7,179054.144,85
7,179057.743,85
7,179060.520,85
7,179063.673,85
7,179066.264,85
7,179070.321,85
7,179073.836,85
7,179076.525,85
7,179079.635,85
7,179082.105,85
7,179084.847,85
7,179088.604,85
7,179091.758,85
7,179094.899,85
7,179097.897,85
7,179100.913,85
7,179103.492,85
7,179107.525,85
7,179110.635,85
7,179113.473,85
7,179116.432,85
7,179118.993,85
7,179121.878,85
7,179125.683,85
7,179128.889,85
7,179131.539,85
7,179134.214,85
7,179137.662,85
7,179140.638,85
7,179143.829,85
7,179146.761,86
7,179149.736,86
7,179152.761,86
7,179157.244,86
7,179160.497,86
7,179163.399,86
7,179165.812,86
7,179168.894,86
7,179171.973,86
7,179175.050,86
7,179178.050,86
7,179182.870,86
7,179185.857,86
7,179190.455,86
7,179193.481,86
7,179197.746,86
7,179200.963,86
7,179203.625,86
7,179207.815,86
7,179210.829,86
7,179213.798,86
7,179216.386,86
7,179219.090,86
7,179222.061,86
7,179225.237,86
7,179228.402,86
7,179230.922,86
7,179233.598,86
7,179236.223,86
7,179240.093,86
7,179243.277,86
7,179246.234,86
7,179249.138,86
7,179252.069,86
7,179256.684,86
7,179259.772,86
7,179262.158,86
7,179264.836,86
7,179267.295,86
7,179269.925,86
7,179274.262,86
7,179277.394,86
7,179280.295,86
7,179283.237,86
7,179286.174,86
7,179288.758,86
7,179293.221,86
7,179296.887,86
7,179299.929,86
7,179302.662,86
7,179305.939,86
7,179309.119,86
7,179312.234,87
7,179315.330,87
7,179318.422,87
7,179321.510,87
7,179324.750,87
7,179328.087,87
7,179330.994,87
7,179333.537,87
7,179336.579,87
7,179340.653,87
7,179343.961,87
7,179346.891,87
7,179349.393,87
7,179351.957,87
7,179355.209,87
7,179358.332,87
7,179361.443,87
7,179364.357,87
7,179367.354,87
7,179369.989,87
7,179374.354,87
7,179377.394,87
7,179380.080,87
7,179382.793,87
7,179385.446,87
7,179389.142,87
7,179392.376,87
7,179395.338,87
7,179398.021,87
7,179401.008,87
7,179403.607,87
7,179407.589,87
7,179410.625,87
7,179413.493,87
7,179416.442,87
7,179419.477,87
7,179423.656,87
7,179426.676,87
7,179429.797,87
7,179432.270,87
7,179435.032,87
7,179438.177,87
7,179441.296,87
7,179444.476,87
7,179447.459,87
7,179450.415,87
7,179453.273,87
7,179456.866,87
7,179461.449,87
7,179464.421,87
7,179467.015,87
7,179469.672,87
7,179472.828,87
7,179475.970,87
7,179479.047,88
7,179481.652,88
7,179484.260,88
7,179486.650,88
7,179489.742,88
7,179493.258,88
7,179495.675,88
7,179498.853,88
7,179501.997,88
7,179504.812,88
7,179509.342,88
7,179512.317,88
7,179515.266,88
7,179518.280,88
7,179520.854,88
7,179523.965,88
7,179527.173,88
7,179530.107,88
7,179533.133,88
7,179536.218,88
7,179539.572,88
7,179542.784,88
7,179546.042,88
7,179550.040,88
7,179553.084,88
7,179555.747,88
7,179558.354,88
7,179561.716,88
7,179564.668,88
7,179567.644,88
7,179570.237,88
7,179573.413,88
7,179576.069,88
7,179579.471,88
7,179582.438,88
7,179585.354,88
7,179588.575,88
7,179592.239,88
7,179594.983,88
7,179598.921,88
7,179601.345,88
7,179603.892,88
7,179607.025,88
7,179610.163,88
7,179613.044,88
7,179615.987,88
7,179618.999,88
7,179622.094,88
7,179624.750,88
7,179628.106,88
7,179631.099,88
7,179634.056,88
7,179636.694,88
7,179640.000,88
7,179642.901,88
7,179645.806,89
7,179648.837,89
7,179651.815,89
7,179654.903,89
7,179657.863,89
7,179661.220,89
7,179664.487,89
7,179667.424,89
7,179670.143,89
7,179672.875,89
7,179676.984,89
7,179680.013,89
7,179682.944,89
7,179685.921,89
7,179689.010,89
7,179692.488,89
7,179695.000,89
7,179697.976,89
7,179700.451,89
7,179703.645,89
7,179706.487,89
7,179709.998,89
7,179712.954,89
7,179715.956,89
7,179718.944,89
7,179721.961,89
7,179725.168,89
7,179728.253,89
7,179730.878,89
7,179733.376,89
7,179736.357,89
7,179738.905,89
7,179742.813,89
7,179745.764,89
7,179748.854,89
7,179751.827,89
7,179754.553,89
7,179759.115,89
7,179762.168,89
7,179764.712,89
7,179767.240,89
7,179770.342,89
7,179773.240,89
7,179776.642,89
7,179779.547,89
7,179782.133,89
7,179784.755,89
7,179787.462,89
7,179790.322,89
7,179793.701,89
7,179797.032,89
7,179799.970,89
7,179802.996,89
7,179805.692,89
7,179808.971,89
7,179812.445,90
7,179815.500,90
7,179818.518,90
7,179821.785,90
7,179824.739,90
7,179827.206,90
7,179829.698,90
7,179832.724,90
7,179835.297,90
7,179838.372,90
7,179841.530,90
7,179844.610,90
7,179847.172,90
7,179849.845,90
7,179852.404,90
7,179857.412,90
7,179860.562,90
7,179863.678,90
7,179866.720,90
7,179871.308,90
7,179876.683,90
7,179879.841,90
7,179882.726,90
7,179885.826,90
7,179889.262,90
7,179893.034,90
7,179896.008,90
7,179899.737,90
7,179902.870,90
7,179905.582,90
7,179908.910,90
7,179912.115,90
7,179915.054,90
7,179917.764,90
7,179920.462,90
7,179923.227,90
7,179926.130,90
7,179929.773,90
7,179932.366,90
7,179934.931,90
7,179937.547,90
7,179940.351,90
7,179943.385,90
7,179946.772,90
7,179949.371,90
7,179952.333,90
7,179954.937,90
7,179958.205,90
7,179961.033,90
7,179963.839,90
7,179966.614,90
7,179969.050,90
7,179971.820,90
7,179974.506,90
7,179977.176,90
7,179980.671,91
7,179983.606,91
7,179986.492,91
7,179988.897,91
7,179991.410,91
7,179994.058,91
7,179996.557,91
7,179999.128,91
7,180001.976,91
