cycle_index,t_ms,pixel_width
-1,0.004,71
-1,9.019,76
-1,18.207,76
-1,25.355,76
-1,32.619,76
-1,39.270,76
-1,51.838,76
-1,58.620,76
-1,65.641,76
-1,72.360,76
-1,82.160,76
-1,88.695,76
-1,96.150,76
-1,102.738,76
-1,109.125,76
-1,116.173,76
-1,127.163,76
-1,134.365,76
-1,141.176,76
-1,150.718,76
-1,158.226,76
-1,165.735,76
-1,172.295,81
-1,179.377,81
-1,186.158,81
-1,192.981,81
-1,200.208,81
-1,207.401,81
-1,217.077,81
-1,224.713,81
-1,232.060,81
-1,238.929,81
-1,248.567,81
-1,255.873,81
-1,263.032,81
-1,269.725,81
-1,277.791,81
-1,285.699,81
-1,292.486,81
-1,299.452,81
-1,308.416,81
-1,319.777,81
-1,326.594,81
-1,333.712,81
-1,340.456,86
-1,347.491,86
-1,354.414,86
-1,361.729,86
-1,368.285,86
-1,374.914,86
-1,382.086,86
-1,389.343,86
-1,396.377,86
-1,402.995,86
-1,409.619,86
-1,416.658,86
-1,423.841,86
-1,430.829,86
-1,437.537,86
-1,444.330,86
-1,451.106,86
-1,458.092,86
-1,465.241,86
-1,472.031,86
-1,479.274,86
-1,492.011,86
-1,498.761,86
-1,509.769,91
-1,517.071,91
-1,524.017,91
-1,531.187,91
-1,539.556,91
-1,548.533,91
-1,557.754,91
-1,564.455,91
-1,571.196,91
-1,577.920,91
-1,588.392,91
-1,595.687,91
-1,602.799,91
-1,609.441,91
-1,617.150,91
-1,624.978,91
-1,632.185,91
-1,638.849,91
-1,648.694,91
-1,655.170,91
-1,663.421,91
-1,670.342,91
-1,677.345,96
-1,685.747,96
-1,693.126,96
-1,700.268,96
-1,707.512,96
-1,714.658,96
-1,721.543,96
-1,729.511,96
-1,736.298,96
-1,743.091,96
-1,750.297,96
-1,756.907,96
-1,764.966,96
-1,771.403,96
-1,778.724,96
-1,787.881,96
-1,796.519,96
-1,803.386,96
-1,810.079,96
-1,817.015,96
-1,827.046,96
-1,834.903,96
-1,841.837,101
-1,849.245,101
-1,855.974,101
-1,865.556,101
-1,872.434,101
-1,879.682,101
-1,887.589,101
-1,897.882,101
-1,908.750,101
-1,916.054,101
-1,923.399,101
-1,932.048,101
-1,938.818,101
-1,948.832,101
-1,955.359,101
-1,965.649,101
-1,972.285,101
-1,979.679,101
-1,986.409,101
-1,992.750,101
-1,1001.056,101
-1,1007.585,106
-1,1014.779,106
-1,1021.277,106
-1,1028.544,106
-1,1035.371,106
-1,1042.297,106
-1,1049.510,106
-1,1056.318,106
-1,1063.641,106
-1,1070.402,106
-1,1077.007,106
-1,1084.337,106
-1,1091.026,106
-1,1098.181,106
-1,1107.221,106
-1,1114.429,106
-1,1121.114,106
-1,1127.969,106
-1,1135.484,106
-1,1142.721,106
-1,1150.038,106
-1,1156.628,106
-1,1163.871,106
-1,1170.427,106
-1,1177.316,111
-1,1189.113,111
-1,1195.954,111
-1,1207.770,111
-1,1215.616,111
-1,1222.241,111
-1,1230.080,111
-1,1236.799,111
-1,1247.395,111
-1,1254.735,111
-1,1261.598,111
-1,1271.967,111
-1,1279.540,111
-1,1287.573,111
-1,1294.517,111
-1,1301.398,111
-1,1308.365,111
-1,1315.138,111
-1,1321.844,111
-1,1329.103,111
-1,1334.587,111
-1,1342.914,111
-1,1350.358,116
-1,1357.028,116
-1,1364.250,116
-1,1373.626,116
-1,1380.298,116
-1,1386.792,116
-1,1394.163,116
-1,1400.873,116
-1,1410.649,116
-1,1417.429,116
-1,1424.476,116
-1,1431.982,116
-1,1440.662,116
-1,1447.868,116
-1,1454.745,116
-1,1461.979,116
-1,1468.655,116
-1,1476.157,116
-1,1483.450,116
-1,1489.955,116
-1,1497.196,116
-1,1503.973,116
-1,1512.947,121
-1,1519.752,121
-1,1526.356,121
-1,1534.048,121
-1,1546.547,121
-1,1553.872,121
-1,1560.224,121
-1,1567.354,121
-1,1576.828,121
-1,1584.134,121
-1,1590.679,121
-1,1597.796,121
-1,1607.031,121
-1,1615.598,121
-1,1622.231,121
-1,1628.875,121
-1,1636.126,121
-1,1646.782,121
-1,1654.098,121
-1,1660.516,121
-1,1667.697,121
-1,1675.034,126
-1,1682.811,126
-1,1689.773,126
-1,1696.895,126
-1,1703.790,126
-1,1713.118,126
-1,1720.808,126
-1,1727.464,126
-1,1734.760,126
-1,1741.629,126
-1,1749.747,126
-1,1756.687,126
-1,1764.889,126
-1,1771.394,126
-1,1780.597,126
-1,1787.920,126
-1,1794.424,126
-1,1801.594,126
-1,1808.465,126
-1,1816.822,126
-1,1823.696,126
-1,1831.161,126
-1,1838.344,131
-1,1848.409,131
-1,1856.173,131
-1,1863.792,131
-1,1870.646,131
-1,1877.281,131
-1,1885.501,131
-1,1892.571,131
-1,1899.941,131
-1,1909.320,131
-1,1918.048,131
-1,1924.829,131
-1,1932.216,131
-1,1938.968,131
-1,1948.847,131
-1,1956.667,131
-1,1963.544,131
-1,1970.830,131
-1,1977.480,131
-1,1986.695,131
-1,1993.546,131
-1,2000.809,131
-1,2007.306,136
-1,2014.614,136
-1,2021.399,136
-1,2028.433,136
-1,2035.577,136
-1,2042.551,136
-1,2049.848,136
-1,2056.649,136
-1,2063.758,136
-1,2070.752,136
-1,2077.249,136
-1,2087.461,136
-1,2094.284,136
-1,2101.319,136
-1,2108.101,136
-1,2115.602,136
-1,2123.292,136
-1,2130.425,136
-1,2137.248,136
-1,2147.402,136
-1,2156.117,136
-1,2163.689,136
-1,2170.341,136
-1,2176.956,141
-1,2184.336,141
-1,2191.356,141
-1,2198.515,141
-1,2209.233,141
-1,2216.362,141
-1,2223.384,141
-1,2230.258,141
-1,2236.949,141
-1,2243.592,141
-1,2250.804,141
-1,2257.839,141
-1,2264.860,141
-1,2271.297,141
-1,2277.789,141
-1,2288.756,141
-1,2295.832,141
-1,2303.129,141
-1,2309.790,141
-1,2316.966,141
-1,2324.974,141
-1,2332.365,141
-1,2339.333,146
-1,2347.238,146
-1,2353.924,146
-1,2361.158,146
-1,2368.413,146
-1,2374.979,146
-1,2382.141,146
-1,2388.915,146
-1,2396.684,146
-1,2403.458,146
-1,2410.132,146
-1,2417.195,146
-1,2426.942,146
-1,2433.984,146
-1,2440.574,146
-1,2448.402,146
-1,2454.814,146
-1,2465.963,146
-1,2472.935,146
-1,2480.169,146
-1,2486.649,146
-1,2495.856,146
-1,2502.605,146
-1,2509.327,151
-1,2516.444,151
-1,2523.560,151
-1,2531.921,151
-1,2538.506,151
-1,2547.913,151
-1,2555.031,151
-1,2565.752,151
-1,2572.514,151
-1,2579.687,151
-1,2587.042,151
-1,2594.025,151
-1,2600.930,151
-1,2607.331,151
-1,2614.582,151
-1,2621.220,151
-1,2630.968,151
-1,2637.566,151
-1,2644.146,151
-1,2651.142,151
-1,2657.723,151
-1,2666.367,151
-1,2673.512,156
-1,2680.664,156
-1,2687.197,156
-1,2694.243,156
-1,2701.313,156
-1,2707.833,156
-1,2715.044,156
-1,2721.446,156
-1,2728.434,156
-1,2735.383,156
-1,2742.259,156
-1,2750.114,156
-1,2756.715,156
-1,2767.310,156
-1,2774.004,156
-1,2781.187,156
-1,2787.806,156
-1,2795.130,156
-1,2802.185,156
-1,2809.178,156
-1,2816.558,156
-1,2823.188,156
-1,2830.710,156
-1,2837.414,156
-1,2847.265,161
-1,2854.217,161
-1,2861.390,161
-1,2868.919,161
-1,2875.980,161
-1,2883.372,161
-1,2890.239,161
-1,2897.181,161
-1,2906.957,161
-1,2914.186,161
-1,2921.124,161
-1,2928.090,161
-1,2936.895,161
-1,2947.433,161
-1,2956.636,161
-1,2965.823,161
-1,2972.918,161
-1,2979.990,161
-1,2987.296,161
-1,2994.419,161
-1,3001.038,161
-1,3009.930,161
-1,3016.874,166
-1,3023.492,166
-1,3030.767,166
-1,3038.776,166
-1,3045.952,166
-1,3053.367,166
-1,3060.486,166
-1,3067.598,166
-1,3074.738,166
-1,3082.161,166
-1,3089.038,166
-1,3096.207,166
-1,3103.307,166
-1,3110.683,166
-1,3117.814,166
-1,3124.531,166
-1,3131.909,166
-1,3141.468,166
-1,3148.873,166
-1,3155.569,166
-1,3162.665,166
-1,3169.412,166
-1,3176.532,171
-1,3188.039,171
-1,3195.066,171
-1,3202.051,171
-1,3209.159,171
-1,3216.451,171
-1,3223.436,171
-1,3230.847,171
-1,3237.647,171
-1,3246.237,171
-1,3253.090,171
-1,3259.797,171
-1,3266.927,171
-1,3277.211,171
-1,3284.351,171
-1,3290.847,171
-1,3297.983,171
-1,3308.872,171
-1,3315.315,171
-1,3322.066,171
-1,3329.295,171
-1,3336.002,171
-1,3344.275,176
-1,3351.468,176
-1,3358.723,176
-1,3365.620,176
-1,3372.636,176
-1,3380.636,176
-1,3387.353,176
-1,3394.463,176
-1,3401.174,176
-1,3407.897,176
-1,3415.774,176
-1,3422.345,176
-1,3429.486,176
-1,3436.090,176
-1,3447.362,176
-1,3456.215,176
-1,3466.177,176
-1,3473.196,176
-1,3482.331,176
-1,3489.188,176
-1,3496.354,176
-1,3502.970,176
-1,3509.633,180
-1,3517.855,180
-1,3524.445,180
-1,3531.710,180
-1,3538.525,180
-1,3545.684,180
-1,3552.798,180
-1,3559.505,180
-1,3566.800,180
-1,3573.565,180
-1,3584.033,180
-1,3590.970,180
-1,3598.187,180
-1,3605.110,180
-1,3612.388,180
-1,3619.531,180
-1,3626.280,180
-1,3633.687,180
-1,3640.534,180
-1,3647.684,180
-1,3654.812,180
-1,3662.577,180
-1,3669.389,180
0,3676.110,0
0,3686.178,0
0,3692.848,0
0,3700.165,0
0,3706.782,0
0,3713.958,0
0,3720.754,0
0,3728.088,0
0,3735.111,0
0,3742.116,0
0,3749.437,0
0,3756.368,0
0,3765.288,0
0,3771.834,0
0,3779.018,0
0,3786.621,0
0,3793.139,0
0,3800.560,0
0,3807.225,0
0,3814.638,0
0,3822.894,0
0,3830.065,0
0,3836.689,0
0,3847.379,4
0,3855.407,4
0,3862.828,4
0,3869.643,4
0,3876.501,4
0,3883.939,4
0,3890.969,4
0,3898.044,4
0,3908.961,4
0,3916.141,4
0,3922.996,4
0,3930.261,4
0,3937.060,4
0,3947.073,4
0,3957.063,4
0,3966.313,4
0,3973.170,4
0,3980.495,4
0,3987.234,4
0,3994.351,4
0,4002.010,4
0,4009.024,9
0,4016.432,9
0,4024.869,9
0,4031.973,9
0,4038.654,9
0,4045.537,9
0,4052.395,9
0,4059.934,9
0,4067.171,9
0,4073.696,9
0,4081.119,9
0,4087.998,9
0,4094.949,9
0,4102.258,9
0,4109.110,9
0,4116.466,9
0,4123.419,9
0,4131.735,9
0,4138.577,9
0,4147.236,9
0,4154.237,9
0,4162.788,9
0,4169.739,9
0,4176.443,14
0,4183.928,14
0,4190.817,14
0,4198.712,14
0,4205.663,14
0,4212.949,14
0,4219.612,14
0,4229.797,14
0,4237.317,14
0,4247.398,14
0,4254.454,14
0,4265.134,14
0,4272.835,14
0,4280.253,14
0,4286.733,14
0,4298.268,14
0,4305.212,14
0,4312.948,14
0,4319.677,14
0,4326.633,14
0,4335.239,14
0,4342.506,19
0,4349.980,19
0,4356.819,19
0,4365.824,19
0,4373.656,19
0,4380.967,19
0,4387.576,19
0,4394.858,19
0,4402.277,19
0,4409.376,19
0,4416.715,19
0,4423.801,19
0,4430.795,19
0,4437.588,19
0,4446.828,19
0,4454.085,19
0,4460.751,19
0,4469.017,19
0,4475.841,19
0,4483.448,19
0,4490.598,19
0,4501.015,19
0,4507.594,24
0,4515.374,24
0,4522.371,24
0,4530.215,24
0,4537.187,24
0,4547.465,24
0,4554.911,24
0,4562.213,24
0,4569.021,24
0,4576.786,24
0,4583.929,24
0,4590.548,24
0,4597.746,24
0,4606.319,24
0,4613.192,24
0,4619.789,24
0,4627.117,24
0,4637.139,24
0,4643.612,24
0,4650.952,24
0,4657.527,24
0,4665.001,24
0,4672.010,24
0,4679.408,29
0,4686.215,29
0,4693.267,29
0,4700.622,29
0,4707.384,29
0,4714.332,29
0,4721.046,29
0,4728.258,29
0,4734.677,29
0,4742.119,29
0,4749.803,29
0,4756.958,29
0,4764.169,29
0,4772.304,29
0,4779.260,29
0,4786.445,29
0,4793.305,29
0,4800.395,29
0,4807.165,29
0,4814.486,29
0,4821.662,29
0,4827.610,29
0,4834.175,29
0,4841.048,29
0,4848.372,34
0,4853.755,34
0,4859.050,34
0,4864.870,34
0,4873.529,34
0,4880.489,34
0,4886.026,34
0,4891.210,34
0,4897.092,34
0,4902.467,34
0,4909.495,34
0,4915.175,34
0,4920.784,34
0,4925.889,34
0,4931.737,34
0,4937.030,34
0,4944.524,34
0,4951.418,34
0,4957.936,34
0,4964.012,34
0,4969.620,34
0,4976.752,34
0,4983.217,34
0,4989.203,34
0,4995.174,34
0,5000.676,34
0,5009.424,39
0,5015.508,39
0,5021.059,39
0,5026.989,39
0,5032.614,39
0,5038.493,39
0,5046.751,39
0,5052.315,39
0,5057.730,39
0,5063.759,39
0,5069.349,39
0,5077.169,39
0,5083.616,39
0,5089.465,39
0,5096.141,39
0,5102.004,39
0,5107.809,39
0,5115.960,39
0,5122.070,39
0,5128.295,39
0,5134.259,39
0,5140.089,39
0,5148.310,39
0,5154.293,39
0,5160.185,39
0,5166.705,39
0,5173.277,44
0,5181.690,44
0,5188.157,44
0,5194.075,44
0,5199.241,44
0,5204.727,44
0,5214.315,44
0,5220.044,44
0,5225.446,44
0,5231.407,44
0,5236.811,44
0,5242.510,44
0,5250.593,44
0,5256.084,44
0,5262.197,44
0,5267.657,44
0,5273.253,44
0,5278.923,44
0,5285.999,44
0,5291.472,44
0,5297.361,44
0,5302.882,44
0,5308.468,44
0,5317.110,44
0,5322.821,44
0,5328.949,44
0,5334.469,44
0,5339.951,49
0,5346.302,49
0,5353.150,49
0,5358.593,49
0,5364.013,49
0,5369.303,49
0,5375.124,49
0,5384.524,49
0,5390.241,49
0,5396.379,49
0,5402.066,49
0,5407.449,49
0,5413.642,49
0,5420.480,49
0,5425.991,49
0,5432.200,49
0,5437.889,49
0,5443.709,49
0,5449.257,49
0,5456.200,49
0,5462.356,49
0,5467.885,49
0,5473.736,49
0,5480.432,49
0,5487.333,49
0,5493.661,49
0,5499.804,49
0,5505.814,54
0,5512.155,54
0,5520.189,54
0,5525.855,54
0,5531.821,54
0,5537.563,54
0,5544.743,54
0,5554.111,54
0,5560.166,54
0,5566.167,54
0,5572.524,54
0,5578.541,54
0,5584.292,54
0,5591.360,54
0,5597.041,54
0,5602.563,54
0,5608.371,54
0,5614.494,54
0,5623.156,54
0,5629.115,54
0,5634.592,54
0,5640.102,54
0,5646.415,54
0,5652.710,54
0,5660.032,54
0,5665.984,54
0,5671.917,59
0,5678.211,59
0,5683.792,59
0,5691.005,59
0,5696.908,59
0,5702.711,59
0,5708.379,59
0,5714.492,59
0,5720.783,59
0,5727.550,59
0,5733.605,59
0,5739.395,59
0,5745.306,59
0,5751.078,59
0,5758.550,59
0,5764.517,59
0,5770.048,59
0,5775.860,59
0,5781.822,59
0,5787.739,59
0,5795.981,59
0,5802.243,59
0,5807.548,59
0,5813.586,59
0,5819.076,59
0,5827.769,59
0,5833.366,59
0,5838.822,64
0,5844.909,64
0,5850.253,64
0,5855.935,64
0,5863.847,64
0,5869.842,64
0,5875.857,64
0,5882.004,64
0,5887.461,64
0,5895.168,64
0,5900.653,64
0,5906.290,64
0,5912.021,64
0,5916.924,64
0,5922.337,64
0,5930.171,64
0,5935.466,64
0,5940.819,64
0,5947.106,64
0,5952.479,64
0,5961.016,64
0,5966.659,64
0,5972.604,64
0,5978.592,64
0,5983.801,64
0,5990.028,64
0,5997.466,64
0,6002.853,64
0,6008.015,69
0,6013.776,69
0,6018.856,69
0,6024.256,69
0,6032.558,69
0,6038.311,69
0,6044.399,69
0,6049.827,69
0,6055.200,69
0,6064.517,69
0,6070.390,69
0,6075.998,69
0,6082.210,69
0,6087.674,69
0,6094.391,69
0,6101.960,69
0,6108.964,69
0,6115.300,69
0,6120.833,69
0,6126.669,69
0,6134.997,69
0,6140.938,69
0,6147.107,69
0,6153.282,69
0,6158.679,69
0,6167.215,69
0,6172.803,74
0,6179.152,74
0,6184.968,74
0,6190.395,74
0,6196.896,74
0,6203.626,74
0,6209.081,74
0,6216.009,74
0,6221.924,74
0,6228.118,74
0,6235.171,74
0,6240.614,74
0,6247.226,74
0,6253.209,74
0,6258.610,74
0,6264.826,74
0,6271.757,74
0,6277.232,74
0,6283.598,74
0,6289.545,74
0,6295.879,74
0,6302.720,74
0,6308.285,74
0,6315.073,74
0,6320.733,74
0,6326.579,74
0,6333.256,74
0,6340.337,74
0,6346.645,79
0,6352.412,79
0,6357.647,79
0,6362.804,79
0,6371.374,79
0,6377.000,79
0,6383.576,79
0,6388.989,79
0,6394.838,79
0,6400.385,79
0,6407.029,79
0,6413.821,79
0,6419.442,79
0,6425.272,79
0,6432.315,79
0,6440.321,79
0,6446.955,79
0,6453.743,79
0,6460.012,79
0,6466.515,79
0,6474.452,79
0,6480.587,79
0,6488.298,79
0,6496.690,79
0,6503.186,79
0,6513.053,79
0,6519.064,84
0,6524.808,84
0,6531.266,84
0,6541.727,84
0,6548.218,84
0,6554.468,84
0,6560.056,84
0,6566.128,84
0,6573.390,84
0,6579.315,84
0,6584.904,84
0,6590.789,84
0,6597.594,84
0,6604.285,84
0,6611.598,84
0,6618.198,84
0,6624.794,84
0,6631.199,84
0,6637.695,84
0,6644.688,84
0,6651.180,84
0,6657.029,84
0,6663.656,84
0,6669.789,84
0,6677.197,89
0,6684.958,89
0,6690.957,89
0,6697.534,89
0,6703.932,89
0,6714.132,89
0,6720.901,89
0,6728.141,89
0,6734.191,89
0,6741.073,89
0,6748.052,89
0,6754.337,89
0,6760.126,89
0,6766.361,89
0,6773.553,89
0,6780.957,89
0,6788.197,89
0,6794.477,89
0,6800.939,89
0,6808.257,89
0,6815.263,89
0,6822.451,89
0,6828.476,89
0,6834.242,89
0,6839.970,94
0,6847.665,94
0,6853.136,94
0,6859.723,94
0,6865.743,94
0,6871.417,94
0,6879.426,94
0,6885.588,94
0,6890.919,94
0,6896.898,94
0,6902.033,94
0,6907.278,94
0,6915.447,94
0,6922.385,94
0,6928.053,94
0,6934.044,94
0,6939.975,94
0,6949.600,94
0,6955.390,94
0,6961.960,94
0,6967.721,94
0,6973.199,94
0,6983.150,94
0,6989.020,94
0,6995.295,94
0,7001.092,94
0,7006.791,99
0,7017.459,99
0,7024.348,99
0,7030.505,99
0,7035.930,99
0,7041.597,99
0,7049.901,99
0,7055.356,99
0,7062.296,99
0,7068.332,99
0,7074.450,99
0,7084.021,99
0,7089.796,99
0,7095.935,99
0,7101.912,99
0,7107.513,99
0,7113.640,99
0,7120.741,99
0,7126.881,99
0,7134.360,99
0,7140.514,99
0,7146.803,99
0,7153.574,99
0,7159.498,99
0,7165.915,99
0,7171.339,104
0,7177.397,104
0,7183.109,104
0,7191.041,104
0,7197.091,104
0,7202.677,104
0,7207.932,104
0,7214.015,104
0,7220.830,104
0,7227.249,104
0,7232.475,104
0,7239.184,104
0,7245.461,104
0,7254.235,104
0,7259.962,104
0,7266.062,104
0,7272.180,104
0,7278.314,104
0,7287.091,104
0,7293.623,104
0,7299.379,104
0,7304.611,104
0,7311.459,104
0,7316.938,104
0,7324.031,104
0,7330.807,104
0,7336.341,104
0,7342.239,109
0,7348.541,109
0,7358.046,109
0,7365.224,109
0,7371.638,109
0,7378.724,109
0,7384.814,109
0,7391.428,109
0,7397.331,109
0,7402.940,109
0,7408.181,109
0,7414.229,109
0,7419.488,109
0,7426.234,109
0,7431.894,109
0,7437.579,109
0,7443.519,109
0,7448.434,109
0,7457.095,109
0,7463.057,109
0,7468.242,109
0,7473.262,109
0,7480.322,109
0,7485.826,109
0,7492.864,109
0,7498.963,109
0,7504.574,114
0,7511.038,114
0,7516.588,114
0,7522.256,114
0,7529.676,114
0,7535.357,114
0,7541.054,114
0,7546.986,114
0,7552.414,114
0,7560.889,114
0,7567.857,114
0,7573.412,114
0,7579.630,114
0,7584.864,114
0,7590.262,114
0,7598.044,114
0,7603.627,114
0,7608.941,114
0,7615.116,114
0,7620.511,114
0,7629.012,114
0,7635.982,114
0,7641.527,114
0,7647.575,114
0,7652.948,114
0,7661.886,114
0,7668.075,114
0,7673.860,119
0,7679.977,119
0,7685.442,119
0,7692.324,119
0,7700.227,119
0,7707.162,119
0,7713.512,119
0,7719.132,119
0,7724.837,119
0,7733.562,119
0,7739.276,119
0,7745.709,119
0,7751.391,119
0,7756.751,119
0,7765.048,119
0,7770.526,119
0,7776.195,119
0,7782.283,119
0,7787.836,119
0,7795.126,119
0,7802.455,119
0,7807.923,119
0,7815.382,119
0,7821.572,119
0,7827.642,119
0,7834.814,119
0,7841.868,124
0,7848.358,124
0,7853.967,124
0,7859.942,124
0,7868.457,124
0,7875.068,124
0,7881.385,124
0,7887.697,124
0,7894.799,124
0,7902.106,124
0,7907.782,124
0,7915.486,124
0,7922.148,124
0,7929.081,124
0,7937.094,124
0,7944.364,124
0,7957.304,124
0,7966.247,124
0,7974.333,124
0,7980.561,124
0,7987.662,124
0,7993.726,124
0,8004.841,124
0,8010.663,129
0,8017.001,129
0,8022.826,129
0,8029.530,129
0,8035.980,129
0,8041.498,129
0,8047.588,129
0,8052.873,129
0,8058.236,129
0,8064.384,129
0,8071.635,129
0,8077.530,129
0,8083.230,129
0,8088.813,129
0,8095.070,129
0,8105.362,129
0,8111.074,129
0,8117.211,129
0,8123.745,129
0,8129.932,129
0,8137.427,129
0,8143.065,129
0,8149.281,129
0,8155.386,129
0,8161.423,129
0,8166.752,129
0,8173.682,129
0,8179.622,134
0,8184.939,134
0,8190.213,134
0,8195.913,134
0,8201.193,134
0,8208.124,134
0,8213.890,134
0,8219.345,134
0,8224.727,134
0,8230.896,134
0,8240.632,134
0,8247.419,134
0,8252.956,134
0,8258.131,134
0,8264.124,134
0,8269.463,134
0,8277.291,134
0,8283.051,134
0,8288.600,134
0,8294.797,134
0,8300.311,134
0,8308.017,134
0,8313.909,134
0,8319.426,134
0,8324.866,134
0,8330.811,134
0,8336.395,134
0,8343.587,139
0,8349.494,139
0,8355.404,139
0,8361.378,139
0,8366.462,139
0,8372.232,139
0,8379.881,139
0,8385.076,139
0,8390.274,139
0,8396.502,139
0,8401.997,139
0,8410.132,139
0,8416.183,139
0,8422.416,139
0,8428.580,139
0,8434.318,139
0,8440.127,139
0,8448.374,139
0,8453.526,139
0,8459.281,139
0,8465.463,139
0,8471.010,139
0,8479.035,139
0,8485.292,139
0,8490.739,139
0,8497.487,139
0,8505.831,139
0,8513.252,144
0,8518.722,144
0,8524.090,144
0,8529.989,144
0,8535.240,144
0,8540.524,144
0,8548.511,144
0,8555.405,144
0,8561.540,144
0,8567.074,144
0,8572.676,144
0,8580.974,144
0,8586.625,144
0,8592.128,144
0,8598.487,144
0,8604.219,144
0,8610.734,144
0,8617.875,144
0,8623.430,144
0,8629.800,144
0,8635.497,144
0,8641.126,144
0,8649.663,144
0,8655.765,144
0,8661.652,144
0,8666.864,144
0,8672.457,149
0,8681.485,149
0,8686.982,149
0,8693.289,149
0,8698.463,149
0,8703.903,149
0,8709.903,149
0,8716.325,149
0,8721.762,149
0,8727.943,149
0,8733.535,149
0,8739.152,149
0,8745.307,149
0,8751.853,149
0,8757.083,149
0,8762.339,149
0,8768.743,149
0,8773.999,149
0,8780.151,149
0,8786.629,149
0,8792.349,149
0,8798.520,149
0,8804.096,149
0,8809.570,149
0,8817.732,149
0,8823.402,149
0,8829.450,149
0,8834.763,149
0,8840.005,154
0,8846.088,154
0,8852.539,154
0,8858.743,154
0,8864.774,154
0,8870.200,154
0,8876.594,154
0,8881.777,154
0,8888.723,154
0,8894.649,154
0,8899.867,154
0,8905.880,154
0,8912.027,154
0,8920.200,154
0,8926.165,154
0,8932.034,154
0,8937.586,154
0,8943.892,154
0,8949.204,154
0,8957.786,154
0,8964.438,154
0,8970.691,154
0,8975.926,154
0,8982.063,154
0,8989.114,154
0,8995.145,154
0,9000.535,154
0,9006.106,159
0,9011.849,159
0,9016.942,159
0,9024.095,159
0,9029.945,159
0,9035.398,159
0,9040.982,159
0,9046.663,159
0,9052.085,159
0,9059.133,159
0,9065.117,159
0,9070.425,159
0,9075.891,159
0,9082.129,159
0,9090.118,159
0,9095.731,159
0,9101.098,159
0,9106.646,159
0,9112.728,159
0,9118.030,159
0,9125.560,159
0,9131.297,159
0,9136.783,159
0,9142.275,159
0,9148.537,159
0,9155.289,159
0,9162.565,159
0,9168.351,159
0,9174.072,164
0,9179.916,164
0,9185.902,164
0,9192.737,164
0,9198.608,164
0,9203.719,164
0,9209.030,164
0,9215.157,164
0,9220.327,164
0,9228.293,164
0,9234.019,164
0,9239.615,164
0,9245.493,164
0,9250.727,164
0,9255.841,164
0,9263.903,164
0,9269.273,164
0,9274.746,164
0,9280.746,164
0,9286.330,164
0,9293.243,164
0,9299.196,164
0,9304.420,164
0,9309.941,164
0,9315.943,164
0,9321.628,164
0,9329.625,164
0,9335.002,164
0,9340.339,169
0,9346.473,169
0,9351.924,169
0,9357.168,169
0,9365.080,169
0,9370.349,169
0,9375.809,169
0,9381.733,169
0,9387.020,169
0,9392.915,169
0,9399.558,169
0,9404.967,169
0,9411.896,169
0,9417.382,169
0,9422.975,169
0,9430.253,169
0,9435.493,169
0,9440.785,169
0,9446.632,169
0,9451.761,169
0,9456.958,169
0,9464.918,169
0,9470.289,169
0,9475.407,169
0,9481.279,169
0,9486.730,169
0,9493.382,169
0,9500.006,169
0,9506.606,174
0,9512.859,174
0,9518.206,174
0,9523.446,174
0,9531.652,174
0,9536.949,174
0,9542.312,174
0,9548.057,174
0,9553.485,174
0,9558.377,174
0,9566.809,174
0,9572.493,174
0,9578.872,174
0,9584.091,174
0,9589.507,174
0,9595.360,174
0,9601.732,174
0,9606.911,174
0,9612.483,174
0,9617.571,174
0,9622.539,174
0,9628.430,174
0,9635.394,174
0,9641.111,174
0,9647.269,174
0,9652.993,174
0,9658.675,174
0,9668.089,174
0,9673.383,179
0,9679.496,179
0,9685.104,179
0,9690.386,179
0,9696.496,179
0,9703.188,179
0,9708.364,179
0,9714.639,179
0,9720.073,179
0,9725.294,179
0,9731.316,179
0,9738.262,179
0,9744.109,179
0,9749.809,179
0,9755.194,179
0,9761.071,179
0,9770.749,179
0,9776.386,179
0,9782.245,179
0,9787.618,179
0,9793.703,179
0,9799.134,179
0,9806.104,179
0,9811.789,179
0,9817.192,179
0,9823.094,179
0,9829.515,179
0,9837.724,179
1,9843.122,0
1,9849.673,0
1,9855.081,0
1,9861.846,0
1,9867.536,0
1,9874.388,0
1,9880.003,0
1,9885.381,0
1,9890.441,0
1,9896.730,0
1,9905.312,0
1,9910.673,0
1,9916.930,0
1,9922.695,0
1,9928.404,0
1,9934.057,0
1,9941.609,0
1,9947.118,0
1,9952.617,0
1,9959.064,0
1,9964.970,0
1,9970.812,0
1,9977.460,0
1,9982.829,0
1,9988.556,0
1,9994.366,0
1,9999.705,0
1,10006.964,0
1,10013.043,0
1,10018.268,0
1,10023.496,0
1,10029.238,0
1,10034.520,0
1,10041.742,0
1,10047.880,0
1,10053.185,0
1,10059.275,0
1,10065.320,0
1,10071.879,0
1,10079.944,0
1,10085.893,0
1,10091.386,0
1,10097.483,0
1,10103.265,0
1,10111.395,0
1,10117.062,0
1,10122.740,0
1,10129.015,0
1,10134.664,0
1,10145.916,0
1,10152.026,0
1,10157.699,0
1,10164.540,0
1,10170.158,6
1,10180.055,6
1,10185.696,6
1,10190.973,6
1,10197.058,6
1,10202.824,6
1,10208.105,6
1,10216.581,6
1,10221.963,6
1,10227.668,6
1,10233.002,6
1,10238.506,6
1,10251.432,6
1,10256.650,6
1,10263.071,6
1,10268.596,6
1,10274.113,6
1,10286.517,6
1,10292.228,6
1,10298.322,6
1,10307.484,6
1,10316.484,6
1,10322.026,6
1,10327.945,6
1,10333.470,6
1,10338.769,11
1,10347.140,11
1,10354.263,11
1,10359.508,11
1,10364.887,11
1,10370.126,11
1,10376.744,11
1,10383.985,11
1,10389.096,11
1,10395.211,11
1,10400.945,11
1,10406.298,11
1,10411.993,11
1,10419.097,11
1,10424.377,11
1,10430.648,11
1,10436.068,11
1,10441.099,11
1,10447.001,11
1,10454.039,11
1,10459.548,11
1,10465.342,11
1,10470.700,11
1,10476.339,11
1,10484.721,11
1,10490.188,11
1,10496.444,11
1,10502.029,11
1,10507.498,16
1,10513.746,16
1,10520.929,16
1,10526.170,16
1,10532.057,16
1,10537.192,16
1,10548.053,16
1,10555.195,16
1,10560.748,16
1,10565.939,16
1,10571.038,16
1,10576.644,16
1,10582.116,16
1,10589.381,16
1,10594.942,16
1,10600.343,16
1,10606.122,16
1,10612.366,16
1,10619.703,16
1,10625.214,16
1,10632.464,16
1,10638.352,16
1,10647.433,16
1,10654.236,16
1,10659.552,16
1,10665.712,16
1,10670.879,21
1,10677.070,21
1,10683.002,21
1,10690.026,21
1,10695.878,21
1,10701.449,21
1,10706.911,21
1,10713.088,21
1,10723.013,21
1,10729.409,21
1,10734.800,21
1,10739.817,21
1,10745.361,21
1,10750.924,21
1,10758.438,21
1,10764.344,21
1,10769.619,21
1,10775.174,21
1,10780.918,21
1,10786.360,21
1,10794.537,21
1,10802.102,21
1,10807.755,21
1,10813.533,21
1,10819.305,21
1,10827.142,21
1,10832.864,21
1,10838.131,26
1,10846.919,26
1,10852.802,26
1,10859.681,26
1,10865.495,26
1,10871.697,26
1,10877.752,26
1,10883.409,26
1,10892.305,26
1,10898.313,26
1,10907.568,26
1,10913.528,26
1,10919.052,26
1,10926.263,26
1,10932.212,26
1,10938.425,26
1,10947.428,26
1,10956.561,26
1,10962.018,26
1,10967.822,26
1,10973.318,26
1,10979.674,26
1,10985.857,26
1,10993.331,26
1,10999.905,26
1,11006.195,31
1,11012.452,31
1,11018.112,31
1,11023.612,31
1,11031.425,31
1,11036.813,31
1,11046.937,31
1,11053.090,31
1,11061.881,31
1,11067.746,31
1,11072.970,31
1,11079.147,31
1,11086.242,31
1,11091.378,31
1,11099.987,31
1,11106.270,31
1,11112.455,31
1,11117.869,31
1,11123.564,31
1,11131.091,31
1,11137.305,31
1,11143.078,31
1,11149.262,31
1,11154.985,31
1,11161.086,31
1,11167.875,31
1,11173.385,36
1,11179.727,36
1,11186.121,36
1,11191.308,36
1,11199.798,36
1,11206.301,36
1,11212.470,36
1,11218.248,36
1,11223.877,36
1,11232.571,36
1,11237.816,36
1,11247.065,36
1,11253.008,36
1,11258.695,36
1,11267.922,36
1,11273.019,36
1,11279.163,36
1,11284.726,36
1,11291.681,36
1,11300.755,36
1,11307.929,36
1,11314.306,36
1,11320.329,36
1,11326.825,36
1,11335.042,36
1,11340.524,41
1,11346.766,41
1,11352.488,41
1,11358.179,41
1,11364.353,41
1,11372.170,41
1,11378.275,41
1,11384.933,41
1,11390.612,41
1,11396.565,41
1,11404.531,41
1,11411.051,41
1,11417.291,41
1,11422.866,41
1,11428.917,41
1,11436.863,41
1,11446.772,41
1,11453.812,41
1,11459.502,41
1,11466.202,41
1,11473.117,41
1,11478.883,41
1,11486.719,41
1,11494.199,41
1,11500.544,41
1,11509.037,41
1,11514.832,46
1,11520.761,46
1,11526.511,46
1,11532.917,46
1,11539.927,46
1,11548.333,46
1,11554.043,46
1,11561.393,46
1,11567.259,46
1,11574.642,46
1,11580.758,46
1,11587.345,46
1,11594.011,46
1,11599.689,46
1,11609.712,46
1,11616.035,46
1,11622.627,46
1,11628.937,46
1,11634.572,46
1,11642.137,46
1,11648.710,46
1,11654.077,46
1,11659.584,46
1,11665.851,46
1,11676.286,51
1,11682.377,51
1,11687.762,51
1,11693.930,51
1,11699.864,51
1,11709.570,51
1,11715.973,51
1,11721.834,51
1,11727.847,51
1,11733.448,51
1,11741.810,51
1,11748.531,51
1,11753.854,51
1,11760.621,51
1,11766.016,51
1,11771.380,51
1,11778.174,51
1,11787.933,51
1,11793.510,51
1,11799.810,51
1,11805.352,51
1,11812.181,51
1,11818.207,51
1,11823.644,51
1,11830.191,51
1,11835.792,51
1,11843.272,56
1,11849.519,56
1,11855.213,56
1,11861.798,56
1,11867.408,56
1,11873.308,56
1,11879.873,56
1,11886.076,56
1,11891.306,56
1,11898.338,56
1,11903.844,56
1,11912.461,56
1,11918.146,56
1,11923.686,56
1,11930.215,56
1,11935.689,56
1,11941.378,56
1,11949.271,56
1,11954.845,56
1,11961.557,56
1,11967.129,56
1,11972.979,56
1,11982.012,56
1,11987.864,56
1,11994.438,56
1,12000.249,56
1,12005.938,61
1,12014.885,61
1,12020.803,61
1,12026.577,61
1,12032.646,61
1,12038.777,61
1,12045.030,61
1,12052.108,61
1,12057.916,61
1,12064.887,61
1,12073.135,61
1,12082.645,61
1,12088.523,61
1,12097.609,61
1,12104.318,61
1,12110.394,61
1,12118.777,61
1,12124.481,61
1,12132.494,61
1,12138.514,61
1,12145.451,61
1,12152.583,61
1,12158.329,61
1,12164.586,61
1,12170.496,66
1,12176.064,66
1,12184.873,66
1,12190.250,66
1,12196.318,66
1,12202.491,66
1,12207.592,66
1,12213.499,66
1,12219.985,66
1,12225.383,66
1,12231.367,66
1,12236.696,66
1,12242.298,66
1,12248.334,66
1,12255.374,66
1,12260.750,66
1,12266.512,66
1,12272.612,66
1,12278.378,66
1,12284.908,66
1,12290.343,66
1,12296.290,66
1,12301.721,66
1,12306.990,66
1,12313.132,66
1,12319.686,66
1,12325.089,66
1,12331.108,66
1,12336.346,66
1,12342.898,71
1,12348.320,71
1,12354.990,71
1,12360.853,71
1,12366.431,71
1,12372.108,71
1,12378.912,71
1,12387.447,71
1,12393.038,71
1,12399.079,71
1,12404.809,71
1,12411.183,71
1,12416.489,71
1,12423.758,71
1,12429.389,71
1,12434.577,71
1,12440.215,71
1,12446.835,71
1,12452.578,71
1,12459.421,71
1,12464.917,71
1,12470.154,71
1,12475.418,71
1,12481.575,71
1,12489.452,71
1,12495.527,71
1,12501.066,71
1,12507.432,76
1,12514.067,76
1,12519.927,76
1,12527.306,76
1,12533.286,76
1,12539.071,76
1,12545.499,76
1,12551.258,76
1,12558.570,76
1,12564.418,76
1,12569.675,76
1,12575.158,76
1,12581.423,76
1,12587.163,76
1,12594.067,76
1,12600.294,76
1,12605.537,76
1,12611.540,76
1,12616.698,76
1,12625.565,76
1,12631.558,76
1,12636.540,76
1,12641.950,76
1,12648.108,76
1,12653.622,76
1,12660.315,76
1,12666.137,76
1,12671.327,81
1,12677.552,81
1,12682.616,81
1,12688.124,81
1,12695.919,81
1,12701.478,81
1,12707.022,81
1,12712.771,81
1,12718.452,81
1,12724.037,81
1,12732.333,81
1,12738.267,81
1,12744.733,81
1,12750.691,81
1,12756.505,81
1,12764.933,81
1,12770.951,81
1,12776.695,81
1,12782.990,81
1,12789.063,81
1,12797.529,81
1,12803.614,81
1,12810.221,81
1,12816.334,81
1,12822.383,81
1,12833.096,81
1,12841.948,86
1,12849.083,86
1,12855.116,86
1,12864.604,86
1,12871.982,86
1,12879.546,86
1,12886.475,86
1,12892.526,86
1,12901.572,86
1,12907.865,86
1,12914.223,86
1,12920.543,86
1,12927.211,86
1,12935.747,86
1,12941.856,86
1,12948.319,86
1,12954.156,86
1,12959.921,86
1,12968.192,86
1,12973.750,86
1,12980.167,86
1,12985.758,86
1,12991.431,86
1,13000.410,86
1,13006.141,91
1,13012.322,91
1,13017.601,91
1,13023.332,91
1,13029.284,91
1,13036.073,91
1,13041.758,91
1,13047.846,91
1,13053.938,91
1,13059.735,91
1,13068.151,91
1,13073.751,91
1,13080.107,91
1,13085.757,91
1,13091.231,91
1,13097.115,91
1,13103.838,91
1,13109.198,91
1,13116.271,91
1,13122.268,91
1,13128.609,91
1,13135.926,91
1,13141.338,91
1,13147.452,91
1,13153.107,91
1,13158.552,91
1,13164.665,91
1,13171.651,91
1,13177.549,96
1,13183.204,96
1,13188.931,96
1,13195.240,96
1,13203.451,96
1,13209.037,96
1,13214.966,96
1,13220.303,96
1,13226.259,96
1,13231.986,96
1,13238.810,96
1,13244.520,96
1,13250.052,96
1,13255.892,96
1,13262.228,96
1,13267.862,96
1,13274.955,96
1,13281.126,96
1,13286.459,96
1,13292.053,96
1,13298.310,96
1,13305.504,96
1,13310.899,96
1,13316.842,96
1,13322.298,96
1,13328.480,96
1,13334.063,96
1,13341.043,101
1,13346.504,101
1,13352.818,101
1,13357.798,101
1,13363.544,101
1,13368.709,101
1,13376.781,101
1,13382.067,101
1,13387.418,101
1,13393.571,101
1,13399.122,101
1,13404.416,101
1,13412.261,101
1,13418.503,101
1,13423.694,101
1,13429.809,101
1,13435.505,101
1,13442.766,101
1,13448.689,101
1,13454.381,101
1,13460.823,101
1,13466.295,101
1,13475.047,101
1,13480.543,101
1,13486.701,101
1,13493.052,101
1,13500.044,101
1,13505.364,106
1,13513.495,106
1,13518.876,106
1,13524.220,106
1,13530.006,106
1,13535.229,106
1,13543.817,106
1,13549.851,106
1,13554.926,106
1,13560.921,106
1,13565.845,106
1,13571.304,106
1,13580.334,106
1,13586.031,106
1,13591.770,106
1,13598.028,106
1,13603.709,106
1,13611.762,106
1,13617.750,106
1,13623.416,106
1,13629.212,106
1,13634.689,106
1,13640.077,106
1,13648.654,106
1,13656.064,106
1,13662.656,106
1,13668.242,106
1,13674.006,111
1,13682.304,111
1,13688.104,111
1,13693.816,111
1,13700.335,111
1,13706.806,111
1,13716.464,111
1,13723.987,111
1,13730.654,111
1,13736.952,111
1,13743.937,111
1,13758.362,111
1,13764.925,111
1,13771.360,111
1,13777.847,111
1,13787.540,111
1,13794.347,111
1,13801.276,111
1,13808.430,111
1,13817.839,111
1,13826.110,111
1,13833.176,111
1,13839.455,116
1,13847.533,116
1,13855.523,116
1,13862.452,116
1,13870.038,116
1,13876.553,116
1,13885.272,116
1,13891.380,116
1,13899.372,116
1,13905.328,116
1,13912.530,116
1,13919.904,116
1,13926.075,116
1,13932.841,116
1,13938.827,116
1,13945.304,116
1,13954.404,116
1,13961.279,116
1,13967.861,116
1,13973.666,116
1,13980.387,116
1,13989.123,116
1,13996.546,116
1,14003.264,116
1,14009.562,121
1,14016.121,121
1,14023.223,121
1,14030.040,121
1,14035.986,121
1,14042.004,121
1,14049.062,121
1,14057.175,121
1,14064.479,121
1,14070.350,121
1,14076.292,121
1,14083.827,121
1,14089.929,121
1,14097.348,121
1,14103.207,121
1,14109.552,121
1,14117.417,121
1,14123.445,121
1,14130.749,121
1,14136.470,121
1,14142.103,121
1,14148.397,121
1,14156.100,121
1,14161.809,121
1,14167.202,121
1,14174.514,126
1,14180.757,126
1,14186.307,126
1,14195.516,126
1,14201.825,126
1,14207.369,126
1,14213.497,126
1,14220.303,126
1,14226.753,126
1,14233.217,126
1,14239.543,126
1,14245.739,126
1,14251.342,126
1,14258.525,126
1,14264.778,126
1,14270.828,126
1,14277.589,126
1,14283.869,126
1,14292.757,126
1,14299.187,126
1,14304.894,126
1,14310.870,126
1,14317.371,126
1,14326.879,126
1,14334.147,126
1,14339.824,131
1,14346.098,131
1,14352.089,131
1,14359.512,131
1,14366.138,131
1,14371.844,131
1,14378.132,131
1,14383.893,131
1,14389.655,131
1,14398.937,131
1,14404.955,131
1,14410.433,131
1,14416.468,131
1,14422.035,131
1,14430.450,131
1,14436.314,131
1,14441.742,131
1,14448.218,131
1,14454.001,131
1,14463.459,131
1,14469.146,131
1,14474.409,131
1,14480.874,131
1,14486.286,131
1,14495.641,131
1,14503.434,131
1,14509.032,136
1,14515.967,136
1,14522.148,136
1,14531.439,136
1,14538.395,136
1,14544.728,136
1,14550.271,136
1,14555.714,136
1,14565.296,136
1,14570.671,136
1,14576.169,136
1,14582.197,136
1,14588.039,136
1,14594.435,136
1,14601.200,136
1,14606.892,136
1,14613.004,136
1,14618.392,136
1,14624.277,136
1,14632.793,136
1,14639.339,136
1,14645.605,136
1,14651.108,136
1,14657.662,136
1,14666.298,136
1,14671.983,141
1,14678.352,141
1,14684.072,141
1,14689.644,141
1,14695.934,141
1,14702.357,141
1,14707.823,141
1,14713.921,141
1,14719.524,141
1,14725.033,141
1,14734.531,141
1,14741.155,141
1,14747.429,141
1,14753.298,141
1,14758.659,141
1,14764.817,141
1,14772.381,141
1,14778.470,141
1,14784.139,141
1,14790.908,141
1,14797.112,141
1,14803.870,141
1,14809.328,141
1,14815.543,141
1,14821.182,141
1,14827.435,141
1,14835.791,141
1,14841.397,146
1,14847.570,146
1,14852.972,146
1,14858.469,146
1,14864.766,146
1,14871.657,146
1,14877.452,146
1,14883.307,146
1,14889.212,146
1,14895.340,146
1,14903.230,146
1,14908.527,146
1,14914.367,146
1,14919.629,146
1,14924.794,146
1,14930.831,146
1,14937.810,146
1,14944.618,146
1,14952.523,146
1,14959.855,146
1,14965.913,146
1,14973.839,146
1,14979.907,146
1,14985.385,146
1,14990.980,146
1,14998.675,146
1,15007.282,151
1,15014.643,151
1,15020.360,151
1,15026.829,151
1,15032.907,151
1,15039.727,151
1,15045.276,151
1,15050.760,151
1,15056.196,151
1,15062.318,151
1,15067.853,151
1,15076.387,151
1,15082.558,151
1,15087.942,151
1,15094.648,151
1,15100.230,151
1,15108.292,151
1,15114.419,151
1,15120.010,151
1,15125.854,151
1,15133.001,151
1,15142.327,151
1,15149.593,151
1,15155.248,151
1,15161.917,151
1,15167.408,151
1,15176.569,156
1,15182.711,156
1,15188.406,156
1,15194.520,156
1,15199.635,156
1,15205.356,156
1,15213.263,156
1,15221.114,156
1,15226.972,156
1,15232.571,156
1,15238.183,156
1,15245.939,156
1,15252.594,156
1,15258.011,156
1,15264.002,156
1,15269.620,156
1,15278.183,156
1,15284.259,156
1,15289.924,156
1,15296.088,156
1,15302.119,156
1,15307.532,156
1,15315.460,156
1,15321.070,156
1,15327.661,156
1,15333.411,156
1,15338.890,161
1,15347.418,161
1,15353.914,161
1,15360.181,161
1,15365.788,161
1,15371.429,161
1,15380.691,161
1,15385.885,161
1,15391.214,161
1,15397.118,161
1,15402.480,161
1,15407.652,161
1,15415.924,161
1,15421.667,161
1,15427.857,161
1,15433.499,161
1,15438.971,161
1,15445.092,161
1,15451.682,161
1,15457.065,161
1,15463.083,161
1,15468.491,161
1,15474.109,161
1,15481.757,161
1,15487.138,161
1,15494.062,161
1,15499.613,161
1,15506.068,166
1,15512.332,166
1,15518.785,166
1,15525.298,166
1,15531.227,166
1,15536.933,166
1,15544.137,166
1,15551.079,166
1,15558.630,166
1,15564.510,166
1,15570.031,166
1,15576.759,166
1,15584.280,166
1,15590.239,166
1,15596.363,166
1,15601.602,166
1,15606.772,166
1,15612.564,166
1,15619.270,166
1,15625.862,166
1,15631.866,166
1,15637.605,166
1,15643.991,166
1,15652.014,166
1,15658.819,166
1,15664.942,166
1,15670.411,171
1,15676.126,171
1,15682.420,171
1,15689.440,171
1,15695.048,171
1,15700.900,171
1,15706.328,171
1,15712.533,171
1,15719.336,171
1,15726.042,171
1,15732.613,171
1,15738.211,171
1,15744.555,171
1,15750.181,171
1,15757.683,171
1,15763.437,171
1,15768.882,171
1,15774.492,171
1,15780.504,171
1,15788.694,171
1,15794.140,171
1,15800.476,171
1,15806.869,171
1,15813.216,171
1,15822.052,171
1,15827.387,171
1,15833.551,171
1,15839.071,176
1,15845.059,176
1,15850.776,176
1,15858.140,176
1,15865.090,176
1,15870.586,176
1,15879.291,176
1,15885.424,176
1,15892.680,176
1,15898.794,176
1,15904.164,176
1,15910.702,176
1,15920.012,176
1,15927.026,176
1,15933.402,176
1,15938.858,176
1,15944.985,176
1,15951.881,176
1,15958.397,176
1,15964.718,176
1,15971.872,176
1,15979.353,176
1,15985.463,176
1,15992.541,176
1,15999.716,176
1,16005.484,180
1,16011.132,180
1,16020.497,180
1,16028.179,180
1,16035.637,180
1,16041.138,180
1,16047.361,180
1,16053.434,180
1,16060.803,180
1,16067.907,180
1,16073.477,180
1,16079.550,180
1,16085.148,180
1,16090.949,180
1,16099.214,180
1,16105.213,180
1,16111.289,180
1,16116.640,180
1,16122.211,180
1,16130.641,180
1,16136.873,180
1,16142.838,180
1,16149.134,180
1,16154.638,180
1,16162.976,180
1,16169.318,180
2,16174.883,0
2,16181.669,0
2,16187.606,0
2,16196.254,0
2,16202.716,0
2,16208.225,0
2,16214.368,0
2,16221.526,0
2,16227.256,0
2,16234.829,0
2,16240.467,0
2,16246.879,0
2,16252.861,0
2,16258.642,0
2,16267.351,0
2,16273.111,0
2,16281.858,0
2,16287.532,0
2,16294.049,0
2,16303.221,0
2,16309.764,0
2,16316.142,0
2,16322.589,0
2,16328.861,0
2,16335.989,0
2,16341.662,4
2,16348.102,4
2,16354.306,4
2,16360.911,4
2,16368.333,4
2,16375.162,4
2,16381.344,4
2,16386.968,4
2,16392.798,4
2,16404.419,4
2,16410.081,4
2,16417.546,4
2,16423.251,4
2,16429.572,4
2,16436.709,4
2,16442.084,4
2,16448.311,4
2,16453.600,4
2,16458.985,4
2,16469.136,4
2,16475.886,4
2,16486.725,4
2,16492.776,4
2,16504.748,4
2,16510.472,9
2,16516.738,9
2,16522.896,9
2,16529.278,9
2,16536.506,9
2,16543.210,9
2,16549.442,9
2,16555.259,9
2,16561.409,9
2,16569.929,9
2,16575.374,9
2,16581.665,9
2,16586.914,9
2,16592.831,9
2,16599.146,9
2,16606.194,9
2,16612.214,9
2,16617.631,9
2,16625.822,9
2,16631.948,9
2,16640.095,9
2,16646.670,9
2,16653.157,9
2,16658.751,9
2,16665.131,9
2,16672.499,9
2,16678.385,14
2,16684.347,14
2,16689.953,14
2,16695.997,14
2,16701.444,14
2,16708.686,14
2,16714.634,14
2,16720.428,14
2,16727.159,14
2,16732.455,14
2,16739.952,14
2,16745.932,14
2,16751.400,14
2,16757.834,14
2,16763.838,14
2,16769.726,14
2,16778.008,14
2,16785.219,14
2,16791.542,14
2,16798.009,14
2,16804.923,14
2,16811.784,14
2,16817.834,14
2,16823.118,14
2,16830.451,14
2,16837.315,14
2,16844.932,19
2,16850.784,19
2,16856.467,19
2,16863.879,19
2,16869.874,19
2,16876.922,19
2,16885.698,19
2,16891.408,19
2,16897.548,19
2,16904.961,19
2,16913.549,19
2,16919.541,19
2,16925.882,19
2,16931.994,19
2,16937.828,19
2,16945.934,19
2,16953.828,19
2,16961.192,19
2,16967.427,19
2,16972.841,19
2,16981.113,19
2,16987.229,19
2,16993.009,19
2,16999.673,19
2,17005.688,24
2,17013.989,24
2,17020.049,24
2,17025.918,24
2,17032.270,24
2,17038.177,24
2,17050.916,24
2,17056.562,24
2,17064.549,24
2,17070.671,24
2,17076.299,24
2,17084.719,24
2,17091.062,24
2,17097.387,24
2,17107.782,24
2,17116.684,24
2,17122.494,24
2,17128.521,24
2,17134.243,24
2,17140.104,24
2,17149.165,24
2,17155.627,24
2,17161.913,24
2,17167.319,24
2,17173.841,29
2,17186.120,29
2,17191.890,29
2,17198.161,29
2,17208.077,29
2,17216.689,29
2,17223.726,29
2,17229.753,29
2,17235.193,29
2,17240.713,29
2,17246.988,29
2,17254.175,29
2,17260.550,29
2,17266.800,29
2,17272.135,29
2,17278.393,29
2,17285.566,29
2,17291.353,29
2,17297.571,29
2,17304.594,29
2,17310.649,29
2,17317.854,29
2,17324.338,29
2,17330.533,29
2,17336.175,29
2,17342.876,34
2,17353.668,34
2,17359.013,34
2,17365.141,34
2,17370.583,34
2,17377.853,34
2,17389.475,34
2,17395.452,34
2,17402.846,34
2,17409.041,34
2,17415.363,34
2,17422.619,34
2,17428.702,34
2,17434.929,34
2,17440.507,34
2,17449.366,34
2,17455.516,34
2,17462.393,34
2,17468.798,34
2,17474.041,34
2,17480.389,34
2,17488.854,34
2,17494.621,34
2,17501.067,34
2,17506.715,39
2,17513.195,39
2,17522.454,39
2,17528.752,39
2,17535.016,39
2,17540.779,39
2,17548.257,39
2,17556.247,39
2,17562.034,39
2,17568.374,39
2,17574.135,39
2,17580.315,39
2,17589.296,39
2,17596.448,39
2,17602.968,39
2,17608.869,39
2,17615.156,39
2,17623.618,39
2,17629.853,39
2,17636.796,39
2,17642.666,39
2,17649.425,39
2,17658.778,39
2,17665.000,39
2,17670.566,44
2,17677.288,44
2,17683.102,44
2,17689.361,44
2,17697.622,44
2,17704.020,44
2,17710.329,44
2,17716.200,44
2,17721.566,44
2,17729.472,44
2,17735.115,44
2,17740.419,44
2,17746.665,44
2,17752.386,44
2,17759.882,44
2,17766.312,44
2,17771.469,44
2,17777.736,44
2,17783.544,44
2,17789.410,44
2,17797.453,44
2,17803.054,44
2,17809.061,44
2,17815.395,44
2,17822.174,44
2,17829.111,44
2,17835.079,44
2,17840.709,49
2,17849.548,49
2,17855.146,49
2,17865.011,49
2,17870.458,49
2,17877.166,49
2,17882.920,49
2,17888.310,49
2,17896.939,49
2,17902.843,49
2,17909.587,49
2,17915.983,49
2,17922.020,49
2,17931.027,49
2,17938.166,49
2,17944.230,49
2,17950.713,49
2,17957.179,49
2,17964.989,49
2,17971.168,49
2,17976.863,49
2,17983.150,49
2,17989.214,49
2,17998.177,49
2,18004.479,54
2,18011.736,54
2,18018.644,54
2,18024.737,54
2,18033.561,54
2,18038.891,54
2,18044.812,54
2,18050.435,54
2,18055.861,54
2,18061.848,54
2,18070.077,54
2,18075.624,54
2,18081.960,54
2,18087.414,54
2,18093.584,54
2,18100.932,54
2,18109.275,54
2,18115.773,54
2,18121.441,54
2,18127.316,54
2,18134.827,54
2,18140.710,54
2,18146.915,54
2,18152.447,54
2,18159.242,54
2,18168.704,54
2,18174.216,59
2,18180.390,59
2,18186.280,59
2,18192.565,59
2,18198.986,59
2,18206.042,59
2,18212.052,59
2,18218.428,59
2,18224.219,59
2,18230.592,59
2,18237.605,59
2,18243.521,59
2,18249.826,59
2,18256.090,59
2,18262.825,59
2,18270.444,59
2,18276.992,59
2,18283.298,59
2,18289.114,59
2,18296.042,59
2,18303.702,59
2,18310.390,59
2,18317.296,59
2,18322.808,59
2,18328.766,59
2,18337.724,59
2,18343.382,64
2,18349.790,64
2,18355.779,64
2,18362.096,64
2,18367.947,64
2,18375.558,64
2,18381.259,64
2,18386.781,64
2,18392.805,64
2,18398.961,64
2,18406.533,64
2,18414.895,64
2,18420.612,64
2,18427.747,64
2,18433.626,64
2,18440.887,64
2,18446.874,64
2,18452.335,64
2,18457.930,64
2,18464.422,64
2,18475.842,64
2,18483.977,64
2,18489.809,64
2,18496.405,64
2,18506.782,64
2,18513.070,69
2,18518.749,69
2,18524.429,69
2,18530.640,69
2,18537.643,69
2,18543.914,69
2,18550.187,69
2,18556.032,69
2,18562.864,69
2,18568.584,69
2,18576.921,69
2,18582.667,69
2,18588.739,69
2,18595.836,69
2,18601.769,69
2,18610.954,69
2,18617.029,69
2,18623.738,69
2,18629.932,69
2,18635.641,69
2,18644.099,69
2,18650.305,69
2,18657.164,69
2,18663.495,69
2,18669.382,69
2,18677.903,74
2,18684.371,74
2,18691.270,74
2,18697.525,74
2,18703.266,74
2,18711.855,74
2,18718.038,74
2,18723.891,74
2,18730.239,74
2,18735.695,74
2,18741.220,74
2,18749.554,74
2,18755.619,74
2,18761.979,74
2,18767.821,74
2,18773.574,74
2,18781.611,74
2,18787.328,74
2,18792.976,74
2,18799.433,74
2,18805.132,74
2,18814.991,74
2,18821.913,74
2,18827.949,74
2,18836.823,74
2,18842.458,79
2,18851.336,79
2,18857.092,79
2,18863.063,79
2,18868.807,79
2,18874.175,79
2,18882.320,79
2,18889.395,79
2,18895.198,79
2,18900.827,79
2,18906.640,79
2,18913.689,79
2,18919.935,79
2,18926.165,79
2,18932.485,79
2,18938.411,79
2,18944.285,79
2,18951.686,79
2,18957.215,79
2,18963.373,79
2,18968.720,79
2,18974.255,79
2,18980.483,79
2,18988.560,79
2,18994.601,79
2,19000.295,79
2,19005.742,84
2,19011.994,84
2,19019.060,84
2,19024.764,84
2,19030.808,84
2,19036.148,84
2,19041.528,84
2,19047.665,84
2,19054.975,84
2,19060.890,84
2,19066.623,84
2,19072.113,84
2,19078.085,84
2,19085.614,84
2,19092.106,84
2,19098.115,84
2,19103.407,84
2,19110.116,84
2,19115.837,84
2,19123.462,84
2,19129.734,84
2,19135.553,84
2,19141.719,84
2,19148.286,84
2,19158.216,84
2,19164.300,84
2,19170.177,84
2,19176.227,89
2,19183.403,89
2,19190.306,89
2,19196.531,89
2,19202.267,89
2,19208.201,89
2,19214.661,89
2,19222.242,89
2,19229.057,89
2,19234.796,89
2,19240.667,89
2,19247.003,89
2,19256.465,89
2,19262.082,89
2,19268.392,89
2,19274.021,89
2,19280.284,89
2,19286.108,89
2,19293.319,89
2,19299.847,89
2,19305.335,89
2,19312.118,89
2,19317.918,89
2,19325.985,89
2,19332.280,89
2,19337.583,94
2,19344.287,94
2,19350.102,94
2,19360.250,94
2,19366.650,94
2,19372.348,94
2,19378.712,94
2,19384.584,94
2,19392.932,94
2,19398.970,94
2,19404.520,94
2,19410.323,94
2,19415.804,94
2,19424.969,94
2,19431.401,94
2,19437.353,94
2,19444.083,94
2,19449.774,94
2,19455.532,94
2,19464.143,94
2,19469.926,94
2,19475.058,94
2,19481.585,94
2,19487.263,94
2,19496.375,94
2,19502.373,94
2,19508.136,99
2,19514.155,99
2,19520.397,99
2,19528.677,99
2,19535.157,99
2,19541.148,99
2,19547.392,99
2,19552.993,99
2,19558.381,99
2,19567.779,99
2,19573.691,99
2,19579.970,99
2,19585.811,99
2,19591.753,99
2,19600.026,99
2,19605.630,99
2,19611.310,99
2,19617.661,99
2,19623.179,99
2,19631.329,99
2,19637.947,99
2,19643.707,99
2,19649.809,99
2,19655.290,99
2,19664.199,99
2,19670.933,99
2,19676.563,104
2,19683.033,104
2,19688.856,104
2,19694.467,104
2,19702.895,104
2,19708.551,104
2,19715.156,104
2,19720.697,104
2,19726.432,104
2,19735.138,104
2,19740.978,104
2,19747.497,104
2,19753.309,104
2,19758.786,104
2,19767.769,104
2,19773.556,104
2,19779.502,104
2,19785.838,104
2,19792.604,104
2,19802.733,104
2,19809.150,104
2,19815.143,104
2,19820.335,104
2,19827.427,104
2,19835.894,104
2,19842.213,109
2,19848.604,109
2,19854.511,109
2,19861.883,109
2,19870.255,109
2,19875.739,109
2,19881.947,109
2,19887.819,109
2,19894.578,109
2,19901.703,109
2,19908.318,109
2,19914.744,109
2,19920.357,109
2,19927.218,109
2,19936.300,109
2,19943.551,109
2,19950.014,109
2,19955.827,109
2,19962.202,109
2,19970.576,109
2,19977.774,109
2,19984.230,109
2,19990.004,109
2,19996.244,109
2,20006.644,109
2,20013.864,114
2,20020.222,114
2,20025.939,114
2,20032.484,114
2,20039.390,114
2,20045.206,114
2,20050.957,114
2,20056.509,114
2,20063.306,114
2,20072.083,114
2,20078.121,114
2,20084.516,114
2,20090.191,114
2,20096.504,114
2,20102.460,114
2,20110.189,114
2,20116.532,114
2,20122.483,114
2,20128.700,114
2,20134.550,114
2,20142.637,114
2,20149.636,114
2,20155.386,114
2,20161.869,114
2,20167.972,114
2,20175.453,119
2,20182.891,119
2,20188.666,119
2,20194.735,119
2,20200.427,119
2,20207.916,119
2,20214.370,119
2,20220.374,119
2,20226.879,119
2,20233.211,119
2,20242.431,119
2,20248.728,119
2,20254.319,119
2,20261.001,119
2,20267.736,119
2,20276.193,119
2,20282.793,119
2,20289.143,119
2,20295.193,119
2,20301.071,119
2,20309.814,119
2,20317.243,119
2,20323.055,119
2,20329.387,119
2,20335.202,119
2,20343.260,124
2,20350.722,124
2,20356.311,124
2,20361.764,124
2,20367.541,124
2,20373.435,124
2,20382.716,124
2,20388.916,124
2,20395.042,124
2,20400.780,124
2,20406.707,124
2,20414.826,124
2,20421.094,124
2,20429.111,124
2,20434.985,124
2,20440.841,124
2,20449.328,124
2,20455.856,124
2,20462.186,124
2,20467.808,124
2,20473.272,124
2,20481.343,124
2,20488.416,124
2,20494.697,124
2,20500.403,124
2,20507.161,129
2,20514.443,129
2,20521.274,129
2,20527.544,129
2,20533.011,129
2,20538.660,129
2,20544.520,129
2,20551.148,129
2,20556.450,129
2,20562.534,129
2,20567.890,129
2,20572.949,129
2,20578.841,129
2,20585.626,129
2,20591.247,129
2,20597.318,129
2,20603.238,129
2,20610.051,129
2,20618.038,129
2,20624.919,129
2,20631.492,129
2,20637.493,129
2,20643.201,129
2,20651.684,129
2,20657.319,129
2,20663.362,129
2,20668.709,129
2,20674.477,134
2,20680.799,134
2,20688.020,134
2,20693.751,134
2,20701.100,134
2,20706.917,134
2,20712.977,134
2,20719.891,134
2,20727.051,134
2,20733.044,134
2,20738.758,134
2,20745.587,134
2,20752.641,134
2,20759.539,134
2,20766.226,134
2,20772.302,134
2,20780.472,134
2,20787.285,134
2,20793.667,134
2,20800.195,134
2,20806.184,134
2,20812.901,134
2,20823.446,134
2,20829.958,134
2,20836.680,134
2,20842.453,139
2,20849.136,139
2,20857.014,139
2,20863.549,139
2,20870.026,139
2,20877.318,139
2,20884.017,139
2,20891.578,139
2,20898.768,139
2,20904.710,139
2,20910.912,139
2,20918.424,139
2,20925.375,139
2,20933.019,139
2,20939.476,139
2,20946.307,139
2,20952.536,139
2,20959.655,139
2,20966.634,139
2,20973.266,139
2,20979.029,139
2,20986.375,139
2,20994.122,139
2,21002.227,139
2,21009.554,144
2,21018.799,144
2,21026.724,144
2,21033.849,144
2,21040.657,144
2,21047.432,144
2,21053.605,144
2,21062.175,144
2,21069.067,144
2,21075.478,144
2,21082.492,144
2,21088.876,144
2,21097.339,144
2,21104.114,144
2,21110.416,144
2,21117.533,144
2,21127.570,144
2,21134.391,144
2,21141.014,144
2,21147.863,144
2,21154.679,144
2,21163.852,144
2,21170.730,144
2,21177.692,149
2,21184.859,149
2,21191.501,149
2,21200.624,149
2,21207.507,149
2,21214.761,149
2,21222.433,149
2,21230.503,149
2,21236.434,149
2,21242.142,149
2,21249.312,149
2,21255.450,149
2,21265.210,149
2,21271.425,149
2,21277.338,149
2,21285.112,149
2,21292.355,149
2,21300.539,149
2,21306.997,149
2,21313.233,149
2,21320.131,149
2,21328.717,149
2,21337.459,149
2,21345.105,154
2,21351.965,154
2,21358.847,154
2,21368.689,154
2,21374.532,154
2,21380.922,154
2,21386.719,154
2,21392.442,154
2,21401.744,154
2,21408.176,154
2,21414.974,154
2,21422.201,154
2,21428.984,154
2,21436.132,154
2,21442.297,154
2,21449.525,154
2,21455.679,154
2,21462.909,154
2,21471.468,154
2,21478.749,154
2,21485.234,154
2,21491.115,154
2,21503.012,154
2,21511.367,159
2,21518.017,159
2,21523.823,159
2,21530.685,159
2,21537.913,159
2,21543.833,159
2,21550.357,159
2,21556.251,159
2,21562.785,159
2,21569.578,159
2,21575.189,159
2,21581.527,159
2,21588.968,159
2,21598.042,159
2,21605.430,159
2,21612.660,159
2,21618.896,159
2,21624.928,159
2,21631.687,159
2,21639.119,159
2,21644.913,159
2,21651.318,159
2,21657.180,159
2,21663.550,159
2,21670.921,159
2,21676.652,164
2,21683.222,164
2,21689.007,164
2,21695.613,164
2,21704.625,164
2,21711.255,164
2,21717.700,164
2,21723.533,164
2,21731.055,164
2,21741.486,164
2,21747.924,164
2,21755.167,164
2,21762.102,164
2,21768.926,164
2,21776.371,164
2,21783.120,164
2,21788.954,164
2,21795.654,164
2,21802.520,164
2,21810.338,164
2,21816.854,164
2,21823.310,164
2,21830.389,164
2,21836.592,164
2,21844.445,164
2,21850.787,169
2,21857.494,169
2,21863.895,169
2,21870.738,169
2,21878.094,169
2,21884.374,169
2,21890.086,169
2,21896.700,169
2,21903.265,169
2,21910.949,169
2,21917.351,169
2,21923.003,169
2,21929.103,169
2,21935.383,169
2,21943.579,169
2,21951.970,169
2,21961.655,169
2,21969.045,169
2,21978.992,169
2,21986.379,169
2,21992.630,169
2,22000.694,169
2,22006.921,174
2,22016.137,174
2,22021.782,174
2,22028.733,174
2,22036.603,174
2,22046.611,174
2,22053.051,174
2,22059.261,174
2,22065.622,174
2,22072.285,174
2,22080.885,174
2,22087.175,174
2,22093.774,174
2,22100.165,174
2,22105.936,174
2,22114.377,174
2,22120.737,174
2,22127.093,174
2,22133.409,174
2,22139.664,174
2,22147.693,174
2,22154.438,174
2,22161.558,174
2,22168.376,174
2,22174.310,179
2,22182.636,179
2,22188.654,179
2,22195.643,179
2,22202.103,179
2,22208.083,179
2,22217.591,179
2,22223.666,179
2,22230.374,179
2,22236.753,179
2,22242.442,179
2,22252.795,179
2,22258.912,179
2,22265.388,179
2,22271.647,179
2,22278.677,179
2,22286.965,179
2,22293.049,179
2,22299.193,179
2,22305.260,179
2,22310.980,179
2,22320.167,179
2,22326.130,179
2,22333.029,179
3,22339.365,0
3,22347.783,0
3,22354.563,0
3,22361.112,0
3,22367.388,0
3,22373.326,0
3,22379.629,0
3,22386.509,0
3,22391.993,0
3,22397.883,0
3,22404.127,0
3,22410.480,0
3,22418.493,0
3,22423.920,0
3,22430.414,0
3,22436.494,0
3,22442.412,0
3,22449.225,0
3,22455.602,0
3,22461.445,0
3,22466.887,0
3,22472.461,0
3,22478.726,0
3,22486.752,0
3,22492.706,0
3,22500.840,0
3,22506.906,0
3,22513.058,0
3,22520.532,0
3,22526.009,0
3,22531.995,0
3,22537.465,0
3,22543.613,0
3,22549.032,0
3,22555.759,0
3,22561.522,0
3,22567.017,0
3,22572.697,0
3,22579.654,0
3,22587.136,0
3,22592.804,0
3,22599.006,0
3,22604.466,0
3,22610.582,0
3,22616.212,0
3,22622.866,0
3,22628.655,0
3,22634.181,0
3,22639.757,0
3,22645.230,0
3,22653.431,0
3,22660.025,0
3,22666.284,0
3,22672.399,6
3,22677.752,6
3,22683.964,6
3,22690.549,6
3,22696.047,6
3,22701.454,6
3,22706.797,6
3,22712.472,6
3,22717.828,6
3,22724.799,6
3,22730.649,6
3,22735.800,6
3,22741.943,6
3,22748.430,6
3,22754.077,6
3,22760.840,6
3,22766.732,6
3,22772.092,6
3,22777.272,6
3,22783.194,6
3,22791.647,6
3,22798.005,6
3,22803.259,6
3,22808.886,6
3,22814.452,6
3,22820.778,6
3,22827.485,6
3,22833.881,6
3,22839.247,11
3,22844.600,11
3,22850.375,11
3,22855.793,11
3,22863.502,11
3,22869.146,11
3,22874.814,11
3,22881.988,11
3,22887.459,11
3,22895.672,11
3,22901.278,11
3,22906.913,11
3,22912.990,11
3,22918.162,11
3,22923.555,11
3,22931.403,11
3,22937.264,11
3,22942.861,11
3,22948.959,11
3,22954.236,11
3,22962.995,11
3,22969.175,11
3,22974.403,11
3,22980.809,11
3,22986.551,11
3,22992.171,11
3,22999.796,11
3,23005.536,16
3,23011.145,16
3,23016.902,16
3,23022.254,16
3,23031.083,16
3,23036.765,16
3,23041.806,16
3,23047.699,16
3,23053.364,16
3,23059.173,16
3,23067.108,16
3,23072.535,16
3,23078.264,16
3,23084.384,16
3,23090.001,16
3,23098.695,16
3,23104.704,16
3,23110.205,16
3,23116.272,16
3,23121.614,16
3,23126.924,16
3,23135.290,16
3,23140.774,16
3,23146.363,16
3,23152.578,16
3,23162.825,16
3,23168.481,16
3,23174.572,21
3,23180.632,21
3,23186.988,21
3,23192.666,21
3,23201.834,21
3,23207.299,21
3,23213.356,21
3,23218.927,21
3,23224.407,21
3,23231.019,21
3,23237.610,21
3,23243.031,21
3,23249.270,21
3,23255.421,21
3,23261.458,21
3,23270.223,21
3,23276.005,21
3,23282.469,21
3,23288.505,21
3,23294.778,21
3,23302.160,21
3,23307.863,21
3,23314.517,21
3,23320.436,21
3,23326.506,21
3,23333.614,21
3,23340.761,21
3,23346.920,26
3,23352.679,26
3,23359.441,26
3,23366.011,26
3,23373.161,26
3,23378.966,26
3,23384.642,26
3,23389.954,26
3,23396.096,26
3,23403.528,26
3,23411.568,26
3,23417.588,26
3,23423.234,26
3,23429.473,26
3,23438.610,26
3,23444.321,26
3,23451.290,26
3,23457.321,26
3,23463.315,26
3,23473.368,26
3,23478.974,26
3,23485.078,26
3,23491.389,26
3,23497.490,26
3,23506.291,26
3,23512.182,31
3,23518.316,31
3,23523.946,31
3,23529.704,31
3,23535.087,31
3,23542.426,31
3,23548.829,31
3,23554.104,31
3,23560.595,31
3,23566.329,31
3,23573.654,31
3,23579.517,31
3,23584.830,31
3,23590.258,31
3,23596.043,31
3,23601.368,31
3,23610.585,31
3,23616.774,31
3,23624.174,31
3,23630.366,31
3,23635.877,31
3,23643.114,31
3,23649.021,31
3,23654.772,31
3,23660.608,31
3,23665.769,31
3,23670.924,36
3,23678.647,36
3,23684.075,36
3,23689.156,36
3,23695.335,36
3,23700.574,36
3,23706.191,36
3,23713.867,36
3,23719.639,36
3,23725.401,36
3,23731.372,36
3,23736.841,36
3,23744.832,36
3,23750.304,36
3,23755.368,36
3,23761.320,36
3,23766.768,36
3,23772.313,36
3,23780.017,36
3,23785.493,36
3,23791.012,36
3,23798.092,36
3,23803.959,36
3,23812.265,36
3,23818.095,36
3,23823.150,36
3,23829.131,36
3,23834.510,36
3,23839.855,41
3,23847.694,41
3,23852.987,41
3,23858.219,41
3,23864.143,41
3,23869.706,41
3,23875.055,41
3,23883.370,41
3,23889.153,41
3,23895.270,41
3,23900.736,41
3,23906.140,41
3,23914.140,41
3,23919.654,41
3,23924.883,41
3,23930.975,41
3,23936.167,41
3,23941.571,41
3,23949.647,41
3,23956.387,41
3,23962.350,41
3,23967.367,41
3,23972.336,41
3,23978.080,41
3,23984.671,41
3,23990.170,41
3,23996.254,41
3,24001.794,41
3,24007.311,46
3,24016.005,46
3,24021.664,46
3,24027.100,46
3,24032.836,46
3,24038.096,46
3,24043.824,46
3,24050.321,46
3,24055.826,46
3,24061.826,46
3,24067.069,46
3,24072.234,46
3,24078.358,46
3,24084.595,46
3,24089.854,46
3,24095.762,46
3,24101.637,46
3,24106.751,46
3,24112.592,46
3,24119.425,46
3,24124.827,46
3,24130.924,46
3,24136.348,46
3,24141.653,46
3,24147.422,46
3,24154.630,46
3,24160.028,46
3,24166.089,46
3,24171.767,51
3,24177.711,51
3,24184.720,51
3,24190.215,51
3,24196.410,51
3,24201.760,51
3,24207.243,51
3,24213.299,51
3,24219.566,51
3,24224.792,51
3,24230.851,51
3,24236.146,51
3,24241.384,51
3,24247.621,51
3,24254.956,51
3,24261.366,51
3,24267.634,51
3,24273.375,51
3,24279.488,51
3,24288.477,51
3,24293.800,51
3,24299.861,51
3,24305.697,51
3,24311.884,51
3,24317.489,51
3,24324.169,51
3,24330.415,51
3,24335.942,51
3,24341.148,56
3,24347.335,56
3,24356.133,56
3,24361.317,56
3,24367.007,56
3,24372.572,56
3,24378.679,56
3,24383.943,56
3,24391.088,56
3,24397.059,56
3,24403.293,56
3,24408.908,56
3,24415.124,56
3,24420.376,56
3,24428.544,56
3,24433.960,56
3,24439.381,56
3,24445.397,56
3,24451.019,56
3,24458.319,56
3,24464.642,56
3,24470.926,56
3,24476.665,56
3,24482.411,56
3,24488.219,56
3,24495.834,56
3,24501.215,56
3,24506.791,61
3,24513.008,61
3,24518.067,61
3,24526.561,61
3,24531.583,61
3,24537.477,61
3,24543.841,61
3,24549.307,61
3,24555.173,61
3,24563.784,61
3,24569.384,61
3,24574.525,61
3,24580.265,61
3,24585.146,61
3,24592.923,61
3,24598.537,61
3,24603.801,61
3,24609.071,61
3,24615.042,61
3,24620.216,61
3,24629.086,61
3,24634.442,61
3,24639.685,61
3,24645.421,61
3,24650.856,61
3,24655.974,61
3,24664.649,61
3,24671.009,66
3,24677.899,66
3,24683.601,66
3,24689.155,66
3,24697.701,66
3,24703.388,66
3,24710.182,66
3,24715.510,66
3,24721.182,66
3,24730.234,66
3,24735.933,66
3,24741.446,66
3,24748.259,66
3,24754.051,66
3,24761.062,66
3,24768.284,66
3,24773.768,66
3,24780.321,66
3,24789.863,66
3,24798.342,66
3,24803.867,66
3,24809.350,66
3,24814.924,66
3,24820.900,66
3,24829.318,66
3,24836.553,66
3,24841.857,71
3,24847.849,71
3,24853.566,71
3,24860.070,71
3,24867.309,71
3,24872.837,71
3,24878.971,71
3,24889.472,71
3,24895.195,71
3,24903.405,71
3,24908.933,71
3,24915.260,71
3,24920.220,71
3,24926.548,71
3,24934.385,71
3,24939.955,71
3,24946.330,71
3,24952.100,71
3,24957.641,71
3,24963.661,71
3,24970.771,71
3,24976.107,71
3,24982.263,71
3,24987.572,71
3,24993.656,71
3,25002.060,71
3,25007.589,76
3,25014.207,76
3,25019.923,76
3,25026.919,76
3,25035.592,76
3,25040.963,76
3,25047.274,76
3,25053.054,76
3,25058.629,76
3,25064.800,76
3,25071.809,76
3,25077.305,76
3,25082.969,76
3,25088.450,76
3,25094.155,76
3,25099.658,76
3,25106.804,76
3,25112.878,76
3,25118.658,76
3,25125.095,76
3,25131.095,76
3,25138.382,76
3,25145.154,76
3,25150.946,76
3,25156.241,76
3,25162.612,76
3,25168.494,76
3,25175.901,76
3,25181.582,81
3,25186.827,81
3,25193.462,81
3,25199.456,81
3,25206.640,81
3,25212.537,81
3,25218.179,81
3,25223.460,81
3,25229.782,81
3,25235.190,81
3,25242.758,81
3,25248.597,81
3,25254.054,81
3,25260.007,81
3,25266.294,81
3,25273.717,81
3,25279.988,81
3,25289.201,81
3,25294.813,81
3,25300.963,81
3,25312.691,81
3,25319.366,81
3,25324.592,81
3,25330.741,81
3,25337.030,81
3,25344.271,86
3,25349.985,86
3,25355.264,86
3,25360.635,86
3,25368.710,86
3,25375.961,86
3,25381.866,86
3,25389.146,86
3,25395.304,86
3,25400.979,86
3,25408.294,86
3,25416.429,86
3,25422.058,86
3,25428.140,86
3,25433.692,86
3,25438.987,86
3,25446.996,86
3,25452.987,86
3,25458.336,86
3,25464.326,86
3,25469.678,86
3,25477.397,86
3,25483.834,86
3,25489.591,86
3,25495.603,86
3,25501.125,86
3,25506.294,91
3,25514.745,91
3,25520.332,91
3,25526.602,91
3,25532.207,91
3,25538.053,91
3,25546.793,91
3,25552.398,91
3,25557.656,91
3,25563.582,91
3,25569.332,91
3,25575.096,91
3,25583.374,91
3,25589.115,91
3,25595.364,91
3,25600.851,91
3,25606.309,91
3,25614.732,91
3,25620.730,91
3,25625.934,91
3,25632.111,91
3,25637.541,91
3,25643.073,91
3,25652.955,91
3,25658.421,91
3,25664.731,91
3,25670.602,96
3,25676.808,96
3,25683.833,96
3,25689.523,96
3,25695.055,96
3,25700.732,96
3,25705.898,96
3,25712.014,96
3,25718.955,96
3,25724.610,96
3,25730.967,96
3,25736.815,96
3,25742.660,96
3,25751.111,96
3,25756.806,96
3,25763.261,96
3,25768.902,96
3,25774.307,96
3,25780.944,96
3,25789.777,96
3,25795.696,96
3,25801.332,96
3,25806.394,96
3,25812.088,96
3,25820.248,96
3,25825.687,96
3,25831.987,96
3,25837.307,101
3,25843.281,101
3,25849.282,101
3,25856.327,101
3,25862.064,101
3,25867.423,101
3,25873.036,101
3,25878.952,101
3,25886.137,101
3,25891.814,101
3,25898.313,101
3,25904.040,101
3,25909.350,101
3,25915.468,101
3,25922.696,101
3,25928.385,101
3,25934.105,101
3,25939.797,101
3,25945.898,101
3,25954.590,101
3,25960.086,101
3,25966.118,101
3,25971.493,101
3,25977.042,101
3,25983.024,101
3,25990.187,101
3,25995.544,101
3,26001.107,101
3,26006.119,106
3,26011.919,106
3,26017.535,106
3,26024.586,106
3,26030.282,106
3,26035.716,106
3,26040.923,106
3,26047.176,106
3,26055.779,106
3,26061.037,106
3,26067.010,106
3,26072.823,106
3,26078.838,106
3,26084.330,106
3,26091.436,106
3,26097.381,106
3,26103.031,106
3,26109.423,106
3,26115.659,106
3,26123.397,106
3,26129.807,106
3,26135.642,106
3,26141.313,106
3,26147.535,106
3,26153.231,106
3,26159.969,106
3,26165.921,106
3,26171.524,111
3,26177.211,111
3,26182.670,111
3,26188.420,111
3,26196.177,111
3,26202.132,111
3,26207.379,111
3,26213.617,111
3,26219.454,111
3,26226.348,111
3,26232.493,111
3,26237.906,111
3,26243.440,111
3,26249.479,111
3,26255.068,111
3,26262.135,111
3,26268.026,111
3,26273.260,111
3,26279.404,111
3,26285.053,111
3,26293.749,111
3,26300.110,111
3,26305.094,111
3,26310.711,111
3,26316.905,111
3,26322.837,111
3,26331.124,111
3,26339.406,111
3,26345.309,116
3,26351.402,116
3,26356.812,116
3,26364.608,116
3,26369.918,116
3,26375.756,116
3,26381.839,116
3,26387.023,116
3,26392.581,116
3,26400.618,116
3,26406.022,116
3,26412.719,116
3,26418.544,116
3,26424.126,116
3,26432.687,116
3,26438.131,116
3,26444.584,116
3,26450.190,116
3,26455.479,116
3,26465.185,116
3,26470.633,116
3,26476.203,116
3,26482.972,116
3,26488.107,116
3,26494.044,116
3,26500.967,116
3,26506.216,121
3,26513.164,121
3,26518.986,121
3,26524.695,121
3,26532.898,121
3,26538.169,121
3,26544.240,121
3,26549.642,121
3,26555.166,121
3,26561.507,121
3,26569.157,121
3,26574.759,121
3,26580.817,121
3,26586.353,121
3,26591.973,121
3,26600.558,121
3,26605.719,121
3,26611.972,121
3,26617.102,121
3,26622.181,121
3,26628.550,121
3,26635.445,121
3,26640.759,121
3,26646.783,121
3,26652.272,121
3,26657.385,121
3,26663.683,121
3,26670.787,121
3,26676.459,126
3,26683.533,126
3,26688.990,126
3,26695.126,126
3,26702.085,126
3,26707.490,126
3,26717.045,126
3,26722.361,126
3,26728.350,126
3,26735.262,126
3,26740.699,126
3,26747.152,126
3,26752.438,126
3,26758.728,126
3,26764.879,126
3,26771.889,126
3,26777.390,126
3,26783.548,126
3,26789.032,126
3,26794.982,126
3,26803.633,126
3,26809.542,126
3,26817.330,126
3,26822.798,126
3,26829.245,126
3,26842.793,126
3,26848.314,131
3,26858.852,131
3,26865.242,131
3,26872.278,131
3,26877.997,131
3,26883.493,131
3,26888.868,131
3,26895.108,131
3,26900.624,131
3,26908.050,131
3,26913.431,131
3,26918.785,131
3,26924.271,131
3,26930.602,131
3,26936.236,131
3,26943.980,131
3,26950.064,131
3,26955.413,131
3,26961.387,131
3,26966.750,131
3,26974.246,131
3,26980.619,131
3,26986.231,131
3,26991.918,131
3,26997.909,131
3,27003.998,136
3,27011.876,136
3,27017.536,136
3,27022.961,136
3,27029.154,136
3,27036.940,136
3,27044.280,136
3,27050.733,136
3,27056.067,136
3,27062.062,136
3,27067.659,136
3,27075.785,136
3,27082.098,136
3,27087.402,136
3,27093.566,136
3,27098.717,136
3,27104.457,136
3,27112.378,136
3,27118.053,136
3,27123.658,136
3,27129.917,136
3,27137.677,136
3,27145.907,136
3,27151.574,136
3,27156.690,136
3,27162.726,136
3,27168.552,136
3,27174.148,141
3,27182.072,141
3,27187.906,141
3,27193.897,141
3,27199.848,141
3,27205.240,141
3,27217.729,141
3,27223.383,141
3,27229.375,141
3,27236.648,141
3,27242.533,141
3,27250.633,141
3,27256.209,141
3,27262.179,141
3,27267.439,141
3,27272.673,141
3,27280.497,141
3,27286.157,141
3,27291.436,141
3,27297.529,141
3,27303.467,141
3,27308.946,141
3,27317.033,141
3,27322.486,141
3,27328.360,141
3,27338.905,141
3,27347.514,146
3,27353.891,146
3,27359.440,146
3,27365.611,146
3,27371.014,146
3,27376.812,146
3,27383.844,146
3,27389.178,146
3,27395.126,146
3,27401.157,146
3,27406.743,146
3,27412.669,146
3,27419.828,146
3,27425.142,146
3,27431.504,146
3,27436.976,146
3,27443.231,146
3,27450.224,146
3,27455.706,146
3,27461.538,146
3,27467.237,146
3,27472.351,146
3,27478.273,146
3,27485.282,146
3,27490.606,146
3,27496.633,146
3,27502.226,146
3,27507.978,151
3,27514.267,151
3,27521.448,151
3,27527.180,151
3,27533.051,151
3,27538.307,151
3,27544.027,151
3,27551.640,151
3,27557.050,151
3,27563.448,151
3,27568.623,151
3,27573.913,151
3,27580.064,151
3,27587.050,151
3,27592.437,151
3,27598.649,151
3,27603.968,151
3,27608.975,151
3,27614.753,151
3,27623.152,151
3,27628.338,151
3,27638.179,151
3,27643.901,151
3,27650.053,151
3,27659.979,151
3,27665.917,151
3,27671.055,156
3,27676.871,156
3,27682.901,156
3,27689.862,156
3,27695.645,156
3,27701.339,156
3,27706.779,156
3,27713.136,156
3,27721.617,156
3,27727.043,156
3,27733.286,156
3,27738.873,156
3,27745.096,156
3,27751.162,156
3,27758.870,156
3,27764.663,156
3,27769.932,156
3,27775.656,156
3,27781.941,156
3,27790.025,156
3,27796.264,156
3,27801.557,156
3,27806.838,156
3,27812.719,156
3,27818.448,156
3,27825.696,156
3,27832.060,156
3,27837.100,161
3,27843.439,161
3,27849.241,161
3,27855.020,161
3,27863.021,161
3,27868.739,161
3,27874.236,161
3,27880.493,161
3,27885.937,161
3,27893.136,161
3,27899.457,161
3,27904.789,161
3,27910.860,161
3,27916.291,161
3,27922.379,161
3,27929.981,161
3,27935.726,161
3,27941.101,161
3,27946.972,161
3,27952.885,161
3,27959.749,161
3,27966.623,161
3,27972.211,161
3,27978.813,161
3,27984.299,161
3,27992.607,161
3,27998.799,161
3,28004.262,166
3,28010.770,166
3,28016.091,166
3,28021.834,166
3,28030.058,166
3,28035.495,166
3,28040.917,166
3,28046.967,166
3,28053.169,166
3,28061.165,166
3,28067.514,166
3,28072.579,166
3,28078.805,166
3,28084.307,166
3,28089.453,166
3,28097.822,166
3,28103.539,166
3,28109.484,166
3,28118.641,166
3,28124.090,166
3,28137.596,166
3,28143.282,166
3,28150.405,166
3,28158.557,166
3,28166.768,166
3,28172.017,171
3,28178.066,171
3,28183.720,171
3,28189.453,171
3,28199.142,171
3,28204.923,171
3,28211.364,171
3,28216.980,171
3,28222.567,171
3,28228.715,171
3,28235.634,171
3,28241.016,171
3,28247.413,171
3,28254.084,171
3,28260.306,171
3,28267.470,171
3,28272.810,171
3,28279.198,171
3,28284.739,171
3,28289.959,171
3,28295.644,171
3,28303.044,171
3,28308.433,171
3,28318.545,171
3,28323.854,171
3,28330.239,171
3,28337.581,171
3,28343.173,176
3,28349.236,176
3,28357.474,176
3,28362.628,176
3,28369.342,176
3,28374.790,176
3,28380.869,176
3,28386.702,176
3,28392.275,176
3,28398.438,176
3,28405.688,176
3,28411.114,176
3,28416.768,176
3,28421.942,176
3,28427.995,176
3,28436.497,176
3,28442.249,176
3,28448.113,176
3,28458.282,176
3,28464.273,176
3,28471.584,176
3,28476.741,176
3,28483.088,176
3,28488.688,176
3,28494.925,176
3,28504.321,176
3,28509.946,180
3,28516.144,180
3,28521.380,180
3,28527.820,180
3,28533.642,180
3,28540.660,180
3,28546.355,180
3,28551.962,180
3,28557.588,180
3,28563.717,180
3,28571.739,180
3,28577.042,180
3,28582.942,180
3,28588.307,180
3,28593.813,180
3,28599.935,180
3,28607.029,180
3,28613.524,180
3,28619.062,180
3,28624.400,180
3,28630.396,180
3,28635.434,180
3,28642.522,180
3,28647.831,180
3,28653.657,180
3,28659.785,180
3,28666.115,180
4,28673.363,0
4,28679.669,0
4,28685.083,0
4,28690.845,0
4,28696.671,0
4,28702.611,0
4,28709.426,0
4,28717.352,0
4,28722.660,0
4,28728.610,0
4,28738.360,0
4,28746.192,0
4,28752.749,0
4,28758.712,0
4,28764.922,0
4,28770.299,0
4,28776.834,0
4,28782.802,0
4,28787.854,0
4,28794.337,0
4,28800.201,0
4,28805.789,0
4,28812.677,0
4,28818.575,0
4,28823.588,0
4,28830.499,0
4,28836.397,0
4,28844.056,4
4,28850.385,4
4,28855.601,4
4,28860.924,4
4,28869.125,4
4,28874.485,4
4,28882.482,4
4,28889.257,4
4,28895.176,4
4,28901.512,4
4,28906.933,4
4,28913.954,4
4,28920.175,4
4,28925.451,4
4,28931.769,4
4,28936.990,4
4,28946.143,4
4,28953.923,4
4,28959.495,4
4,28966.094,4
4,28971.463,4
4,28980.465,4
4,28986.434,4
4,28991.760,4
4,28997.875,4
4,29003.413,9
4,29008.988,9
4,29017.231,9
4,29022.586,9
4,29029.398,9
4,29034.789,9
4,29040.186,9
4,29048.645,9
4,29053.884,9
4,29059.362,9
4,29065.534,9
4,29070.823,9
4,29076.730,9
4,29083.536,9
4,29088.775,9
4,29094.871,9
4,29100.354,9
4,29105.642,9
4,29111.784,9
4,29118.635,9
4,29124.135,9
4,29130.398,9
4,29136.167,9
4,29141.375,9
4,29153.277,9
4,29159.264,9
4,29165.125,9
4,29170.442,14
4,29177.066,14
4,29184.082,14
4,29189.327,14
4,29195.549,14
4,29200.803,14
4,29206.188,14
4,29212.388,14
4,29219.321,14
4,29228.938,14
4,29235.154,14
4,29240.674,14
4,29249.163,14
4,29256.238,14
4,29262.504,14
4,29268.716,14
4,29273.981,14
4,29280.423,14
4,29288.959,14
4,29294.229,14
4,29300.175,14
4,29305.633,14
4,29311.335,14
4,29319.496,14
4,29329.201,14
4,29335.515,14
4,29340.982,19
4,29349.326,19
4,29356.498,19
4,29362.457,19
4,29368.838,19
4,29374.559,19
4,29380.823,19
4,29388.281,19
4,29393.534,19
4,29399.706,19
4,29405.204,19
4,29410.998,19
4,29416.524,19
4,29423.546,19
4,29429.471,19
4,29435.188,19
4,29440.674,19
4,29449.338,19
4,29456.171,19
4,29461.882,19
4,29468.416,19
4,29473.892,19
4,29480.218,19
4,29489.388,19
4,29496.480,19
4,29502.830,19
4,29509.080,24
4,29515.258,24
4,29523.613,24
4,29529.840,24
4,29535.324,24
4,29540.800,24
4,29546.678,24
4,29552.121,24
4,29559.536,24
4,29565.788,24
4,29572.107,24
4,29578.285,24
4,29583.941,24
4,29591.929,24
4,29597.886,24
4,29603.898,24
4,29609.167,24
4,29615.282,24
4,29620.500,24
4,29628.967,24
4,29634.656,24
4,29639.789,24
4,29649.316,24
4,29655.060,24
4,29663.118,24
4,29668.896,24
4,29674.589,29
4,29680.655,29
4,29686.028,29
4,29694.358,29
4,29699.807,29
4,29705.202,29
4,29711.147,29
4,29716.648,29
4,29721.554,29
4,29733.989,29
4,29739.273,29
4,29745.537,29
4,29750.826,29
4,29755.929,29
4,29764.140,29
4,29769.556,29
4,29774.915,29
4,29781.642,29
4,29789.082,29
4,29797.292,29
4,29803.180,29
4,29808.622,29
4,29814.822,29
4,29820.296,29
4,29826.169,29
4,29833.844,29
4,29839.259,34
4,29849.485,34
4,29855.368,34
4,29861.196,34
4,29871.565,34
4,29877.592,34
4,29883.649,34
4,29889.013,34
4,29898.202,34
4,29903.532,34
4,29909.061,34
4,29914.925,34
4,29920.000,34
4,29926.322,34
4,29933.480,34
4,29938.792,34
4,29944.701,34
4,29952.627,34
4,29960.147,34
4,29967.557,34
4,29972.927,34
4,29979.220,34
4,29984.707,34
4,29990.072,34
4,29995.753,34
4,30003.087,34
4,30008.207,39
4,30014.272,39
4,30019.959,39
4,30026.037,39
4,30033.930,39
4,30039.297,39
4,30045.865,39
4,30051.696,39
4,30057.330,39
4,30064.243,39
4,30071.417,39
4,30076.988,39
4,30083.389,39
4,30088.842,39
4,30095.076,39
4,30103.007,39
4,30108.285,39
4,30114.546,39
4,30120.414,39
4,30126.261,39
4,30131.643,39
4,30138.649,39
4,30144.130,39
4,30152.413,39
4,30158.413,39
4,30164.664,39
4,30171.721,39
4,30177.244,44
4,30183.206,44
4,30188.619,44
4,30194.944,44
4,30203.497,44
4,30209.317,44
4,30215.548,44
4,30220.703,44
4,30225.894,44
4,30231.738,44
4,30238.930,44
4,30244.695,44
4,30250.501,44
4,30255.853,44
4,30262.218,44
4,30269.123,44
4,30276.206,44
4,30281.751,44
4,30288.813,44
4,30295.098,44
4,30300.953,44
4,30307.702,44
4,30313.598,44
4,30319.801,44
4,30328.930,44
4,30335.242,44
4,30342.209,49
4,30349.400,49
4,30355.135,49
4,30360.643,49
4,30365.969,49
4,30373.439,49
4,30379.549,49
4,30385.207,49
4,30390.518,49
4,30396.736,49
4,30402.146,49
4,30409.276,49
4,30415.579,49
4,30421.518,49
4,30427.639,49
4,30433.326,49
4,30438.980,49
4,30449.066,49
4,30455.023,49
4,30461.458,49
4,30469.197,49
4,30476.205,49
4,30482.078,49
4,30490.062,49
4,30496.315,49
4,30501.945,49
4,30510.821,54
4,30517.087,54
4,30522.341,54
4,30529.456,54
4,30535.070,54
4,30540.566,54
4,30548.601,54
4,30553.873,54
4,30559.449,54
4,30565.395,54
4,30570.516,54
4,30577.440,54
4,30583.496,54
4,30589.073,54
4,30595.265,54
4,30600.691,54
4,30605.921,54
4,30614.093,54
4,30619.891,54
4,30629.081,54
4,30634.932,54
4,30640.527,54
4,30647.351,54
4,30653.913,54
4,30659.407,54
4,30665.631,54
4,30671.665,59
4,30681.321,59
4,30687.102,59
4,30692.498,59
4,30698.867,59
4,30704.470,59
4,30711.050,59
4,30718.072,59
4,30723.512,59
4,30729.786,59
4,30735.426,59
4,30740.819,59
4,30753.669,59
4,30759.130,59
4,30765.055,59
4,30770.563,59
4,30776.142,59
4,30784.612,59
4,30791.037,59
4,30797.389,59
4,30803.036,59
4,30808.593,59
4,30816.515,59
4,30821.703,59
4,30829.691,59
4,30835.308,59
4,30840.490,64
4,30849.268,64
4,30856.431,64
4,30862.530,64
4,30868.578,64
4,30873.871,64
4,30880.059,64
4,30889.114,64
4,30894.495,64
4,30900.541,64
4,30905.826,64
4,30911.704,64
4,30918.967,64
4,30924.212,64
4,30930.278,64
4,30935.703,64
4,30941.073,64
4,30947.433,64
4,30954.922,64
4,30960.568,64
4,30966.595,64
4,30971.645,64
4,30978.229,64
4,30985.835,64
4,30991.091,64
4,31001.090,64
4,31006.822,69
4,31013.220,69
4,31023.841,69
4,31029.549,69
4,31035.525,69
4,31041.017,69
4,31047.164,69
4,31054.294,69
4,31060.128,69
4,31066.035,69
4,31071.863,69
4,31077.132,69
4,31083.449,69
4,31090.373,69
4,31097.220,69
4,31102.855,69
4,31108.290,69
4,31114.677,69
4,31121.979,69
4,31127.348,69
4,31133.635,69
4,31140.049,69
4,31146.094,69
4,31151.854,69
4,31159.343,69
4,31165.240,69
4,31170.820,74
4,31176.069,74
4,31182.289,74
4,31190.069,74
4,31196.161,74
4,31201.814,74
4,31206.972,74
4,31213.232,74
4,31219.563,74
4,31227.034,74
4,31232.952,74
4,31241.273,74
4,31247.089,74
4,31252.744,74
4,31259.642,74
4,31265.722,74
4,31271.437,74
4,31277.669,74
4,31283.285,74
4,31291.588,74
4,31301.442,74
4,31306.984,74
4,31313.507,74
4,31319.065,74
4,31326.062,74
4,31332.469,74
4,31338.215,79
4,31344.470,79
4,31349.997,79
4,31355.289,79
4,31363.475,79
4,31368.838,79
4,31374.163,79
4,31380.244,79
4,31385.303,79
4,31394.203,79
4,31401.167,79
4,31406.516,79
4,31412.689,79
4,31418.157,79
4,31423.506,79
4,31430.345,79
4,31436.384,79
4,31441.628,79
4,31447.950,79
4,31454.113,79
4,31461.609,79
4,31467.680,79
4,31472.700,79
4,31479.079,79
4,31484.679,79
4,31490.095,79
4,31499.381,79
4,31505.373,84
4,31511.521,84
4,31517.112,84
4,31522.860,84
4,31530.483,84
4,31535.809,84
4,31540.899,84
4,31546.960,84
4,31552.800,84
4,31558.073,84
4,31566.485,84
4,31572.423,84
4,31578.107,84
4,31583.663,84
4,31588.923,84
4,31602.348,84
4,31607.863,84
4,31613.841,84
4,31623.410,84
4,31629.065,84
4,31637.094,84
4,31642.451,84
4,31648.517,84
4,31653.620,84
4,31660.565,84
4,31667.999,84
4,31673.753,89
4,31679.784,89
4,31685.322,89
4,31690.789,89
4,31696.852,89
4,31703.897,89
4,31709.405,89
4,31715.875,89
4,31724.252,89
4,31730.461,89
4,31737.546,89
4,31742.867,89
4,31749.117,89
4,31754.677,89
4,31762.840,89
4,31769.867,89
4,31775.274,89
4,31786.180,89
4,31791.870,89
4,31798.140,89
4,31805.107,89
4,31810.921,89
4,31816.754,89
4,31824.821,89
4,31830.926,89
4,31838.059,89
4,31844.389,94
4,31849.925,94
4,31855.209,94
4,31861.162,94
4,31866.798,94
4,31873.700,94
4,31879.535,94
4,31885.178,94
4,31890.734,94
4,31896.881,94
4,31904.289,94
4,31909.850,94
4,31915.753,94
4,31920.800,94
4,31926.862,94
4,31932.376,94
4,31939.859,94
4,31946.479,94
4,31952.841,94
4,31958.590,94
4,31964.623,94
4,31971.885,94
4,31977.439,94
4,31984.447,94
4,31989.764,94
4,31995.420,94
4,32001.067,94
4,32008.423,94
4,32013.924,99
4,32019.644,99
4,32025.112,99
4,32031.407,99
4,32039.527,99
4,32045.210,99
4,32050.553,99
4,32055.934,99
4,32062.176,99
4,32067.617,99
4,32075.251,99
4,32081.685,99
4,32087.015,99
4,32092.427,99
4,32098.673,99
4,32107.314,99
4,32113.577,99
4,32118.748,99
4,32124.115,99
4,32130.215,99
4,32135.330,99
4,32143.033,99
4,32149.226,99
4,32155.531,99
4,32161.748,99
4,32167.294,99
4,32175.578,104
4,32181.885,104
4,32187.322,104
4,32192.576,104
4,32197.630,104
4,32203.443,104
4,32210.762,104
4,32216.895,104
4,32223.467,104
4,32229.603,104
4,32235.184,104
4,32240.396,104
4,32248.760,104
4,32254.704,104
4,32261.200,104
4,32267.026,104
4,32272.539,104
4,32280.743,104
4,32286.801,104
4,32292.304,104
4,32298.070,104
4,32303.310,104
4,32311.333,104
4,32317.323,104
4,32324.364,104
4,32330.376,104
4,32338.180,104
4,32346.950,109
4,32352.678,109
4,32358.069,109
4,32364.539,109
4,32370.264,109
4,32375.455,109
4,32384.197,109
4,32389.356,109
4,32395.299,109
4,32400.701,109
4,32406.558,109
4,32414.161,109
4,32420.118,109
4,32425.873,109
4,32432.179,109
4,32437.625,109
4,32443.844,109
4,32451.011,109
4,32456.210,109
4,32461.928,109
4,32467.336,109
4,32472.679,109
4,32481.542,109
4,32487.488,109
4,32493.186,109
4,32499.185,109
4,32506.475,114
4,32513.077,114
4,32519.950,114
4,32525.321,114
4,32531.549,114
4,32536.568,114
4,32542.487,114
4,32552.530,114
4,32557.856,114
4,32563.769,114
4,32569.204,114
4,32574.593,114
4,32580.637,114
4,32588.285,114
4,32593.547,114
4,32599.823,114
4,32605.027,114
4,32611.604,114
4,32618.358,114
4,32623.689,114
4,32629.575,114
4,32634.906,114
4,32642.415,114
4,32649.419,114
4,32656.770,114
4,32662.531,114
4,32668.791,114
4,32674.205,119
4,32680.300,119
4,32689.273,119
4,32694.760,119
4,32700.778,119
4,32705.979,119
4,32712.059,119
4,32720.379,119
4,32729.404,119
4,32735.768,119
4,32741.096,119
4,32746.987,119
4,32754.116,119
4,32759.539,119
4,32765.593,119
4,32771.268,119
4,32777.305,119
4,32782.841,119
4,32789.908,119
4,32795.388,119
4,32800.733,119
4,32805.832,119
4,32811.597,119
4,32817.251,119
4,32824.514,119
4,32830.484,119
4,32835.962,119
4,32841.771,124
4,32849.345,124
4,32856.453,124
4,32862.524,124
4,32868.634,124
4,32873.853,124
4,32879.946,124
4,32885.483,124
4,32892.824,124
4,32899.299,124
4,32904.759,124
4,32911.376,124
4,32917.552,124
4,32925.106,124
4,32931.293,124
4,32937.559,124
4,32943.261,124
4,32949.406,124
4,32959.085,124
4,32965.429,124
4,32970.918,124
4,32976.444,124
4,32982.423,124
4,32989.305,124
4,32995.768,124
4,33001.920,124
4,33007.463,129
4,33013.594,129
4,33018.984,129
4,33026.155,129
4,33032.464,129
4,33038.238,129
4,33044.306,129
4,33049.766,129
4,33059.003,129
4,33069.633,129
4,33078.042,129
4,33084.109,129
4,33089.716,129
4,33097.416,129
4,33103.256,129
4,33108.332,129
4,33114.559,129
4,33120.489,129
4,33128.604,129
4,33134.018,129
4,33139.267,129
4,33145.458,129
4,33150.841,129
4,33156.207,129
4,33165.025,129
4,33170.290,134
4,33175.904,134
4,33182.510,134
4,33189.399,134
4,33197.250,134
4,33203.046,134
4,33208.801,134
4,33214.596,134
4,33221.010,134
4,33231.042,134
4,33237.090,134
4,33242.630,134
4,33249.233,134
4,33254.697,134
4,33263.967,134
4,33269.606,134
4,33275.138,134
4,33281.309,134
4,33287.106,134
4,33293.540,134
4,33300.642,134
4,33309.018,134
4,33315.351,134
4,33320.981,134
4,33327.175,134
4,33334.530,134
4,33339.964,139
4,33346.559,139
4,33351.819,139
4,33357.115,139
4,33363.231,139
4,33371.948,139
4,33377.349,139
4,33383.271,139
4,33388.658,139
4,33394.122,139
4,33402.997,139
4,33408.229,139
4,33414.774,139
4,33420.374,139
4,33426.631,139
4,33433.830,139
4,33439.023,139
4,33444.903,139
4,33450.594,139
4,33455.964,139
4,33462.367,139
4,33469.202,139
4,33474.529,139
4,33480.806,139
4,33486.430,139
4,33492.276,139
4,33498.226,139
4,33506.148,139
4,33512.348,144
4,33517.799,144
4,33523.719,144
4,33529.860,144
4,33536.682,144
4,33542.169,144
4,33548.604,144
4,33554.061,144
4,33560.519,144
4,33566.006,144
4,33573.079,144
4,33578.842,144
4,33584.388,144
4,33589.952,144
4,33596.330,144
4,33604.249,144
4,33609.759,144
4,33616.078,144
4,33622.157,144
4,33629.409,144
4,33637.561,144
4,33642.969,144
4,33649.107,144
4,33654.960,144
4,33661.538,144
4,33667.024,144
4,33674.340,144
4,33680.254,149
4,33685.825,149
4,33691.158,149
4,33697.392,149
4,33703.044,149
4,33709.878,149
4,33715.793,149
4,33721.732,149
4,33727.726,149
4,33733.343,149
4,33740.868,149
4,33747.036,149
4,33752.884,149
4,33758.834,149
4,33764.525,149
4,33773.860,149
4,33782.014,149
4,33787.104,149
4,33793.051,149
4,33799.151,149
4,33807.505,149
4,33813.469,149
4,33819.279,149
4,33825.309,149
4,33831.277,149
4,33836.815,154
4,33843.194,154
4,33849.106,154
4,33854.410,154
4,33859.575,154
4,33865.840,154
4,33871.223,154
4,33878.944,154
4,33884.516,154
4,33890.285,154
4,33896.179,154
4,33901.952,154
4,33908.877,154
4,33919.472,154
4,33925.147,154
4,33931.318,154
4,33937.065,154
4,33944.882,154
4,33950.722,154
4,33957.266,154
4,33963.136,154
4,33968.767,154
4,33973.934,154
4,33982.118,154
4,33987.724,154
4,33994.217,154
4,34000.100,154
4,34005.556,159
4,34013.746,159
4,34019.560,159
4,34024.955,159
4,34031.478,159
4,34037.276,159
4,34047.007,159
4,34057.951,159
4,34063.114,159
4,34069.088,159
4,34074.683,159
4,34083.472,159
4,34088.983,159
4,34095.052,159
4,34100.308,159
4,34105.706,159
4,34114.809,159
4,34120.543,159
4,34127.060,159
4,34132.465,159
4,34137.882,159
4,34143.495,159
4,34151.890,159
4,34157.533,159
4,34163.827,159
4,34169.396,159
4,34175.166,164
4,34183.591,164
4,34188.900,164
4,34194.931,164
4,34200.941,164
4,34206.165,164
4,34212.461,164
4,34219.337,164
4,34224.849,164
4,34230.977,164
4,34238.796,164
4,34244.690,164
4,34251.320,164
4,34256.917,164
4,34262.709,164
4,34268.065,164
4,34273.303,164
4,34279.694,164
4,34286.572,164
4,34291.898,164
4,34297.615,164
4,34303.724,164
4,34309.045,164
4,34317.685,164
4,34323.164,164
4,34329.094,164
4,34339.838,164
4,34345.183,169
4,34353.884,169
4,34359.185,169
4,34365.408,169
4,34371.054,169
4,34376.977,169
4,34385.836,169
4,34391.212,169
4,34397.504,169
4,34403.391,169
4,34409.317,169
4,34415.451,169
4,34422.348,169
4,34428.994,169
4,34438.841,169
4,34444.253,169
4,34450.287,169
4,34457.570,169
4,34463.243,169
4,34468.558,169
4,34473.745,169
4,34480.095,169
4,34488.066,169
4,34493.393,169
4,34499.482,169
4,34505.179,174
4,34511.357,174
4,34519.587,174
4,34526.158,174
4,34532.152,174
4,34537.900,174
4,34544.378,174
4,34550.005,174
4,34557.143,174
4,34563.231,174
4,34568.712,174
4,34573.959,174
4,34579.865,174
4,34585.484,174
4,34592.558,174
4,34600.806,174
4,34606.581,174
4,34612.538,174
4,34617.785,174
4,34625.602,174
4,34631.831,174
4,34637.071,174
4,34642.530,174
4,34648.457,174
4,34653.607,174
4,34661.644,174
4,34667.525,174
4,34673.014,179
4,34679.424,179
4,34685.178,179
4,34692.319,179
4,34698.338,179
4,34703.292,179
4,34708.757,179
4,34714.830,179
4,34720.092,179
4,34727.282,179
4,34733.959,179
4,34740.892,179
4,34747.010,179
4,34752.821,179
4,34759.797,179
4,34766.111,179
4,34771.602,179
4,34776.906,179
4,34783.220,179
4,34788.521,179
4,34796.535,179
4,34802.459,179
4,34807.959,179
4,34814.164,179
4,34820.593,179
4,34827.748,179
4,34834.086,179
5,34842.574,0
5,34849.111,0
5,34854.711,0
5,34861.863,0
5,34867.534,0
5,34872.760,0
5,34879.452,0
5,34885.047,0
5,34890.673,0
5,34902.693,0
5,34908.367,0
5,34914.533,0
5,34920.226,0
5,34925.605,0
5,34934.140,0
5,34942.132,0
5,34948.361,0
5,34953.722,0
5,34959.331,0
5,34967.690,0
5,34972.720,0
5,34978.175,0
5,34984.316,0
5,34989.447,0
5,34999.388,0
5,35005.166,0
5,35011.114,0
5,35016.726,0
5,35022.325,0
5,35028.211,0
5,35035.040,0
5,35040.688,0
5,35046.456,0
5,35051.990,0
5,35057.480,0
5,35066.124,0
5,35071.617,0
5,35077.761,0
5,35083.399,0
5,35088.586,0
5,35094.782,0
5,35104.573,0
5,35109.762,0
5,35116.032,0
5,35121.774,0
5,35128.104,0
5,35135.089,0
5,35140.819,0
5,35147.113,0
5,35152.688,0
5,35158.217,0
5,35164.218,0
5,35171.326,0
5,35176.646,6
5,35183.774,6
5,35189.002,6
5,35195.086,6
5,35202.785,6
5,35208.181,6
5,35214.662,6
5,35225.380,6
5,35231.387,6
5,35238.559,6
5,35244.268,6
5,35249.533,6
5,35254.889,6
5,35263.704,6
5,35270.798,6
5,35276.260,6
5,35282.749,6
5,35288.138,6
5,35294.139,6
5,35300.135,6
5,35307.279,6
5,35313.416,6
5,35319.295,6
5,35324.733,6
5,35331.088,6
5,35338.702,6
5,35344.632,11
5,35350.068,11
5,35355.629,11
5,35364.106,11
5,35371.717,11
5,35377.328,11
5,35383.724,11
5,35389.168,11
5,35395.342,11
5,35403.208,11
5,35410.250,11
5,35416.480,11
5,35421.957,11
5,35427.970,11
5,35433.682,11
5,35440.972,11
5,35447.217,11
5,35453.076,11
5,35462.135,11
5,35468.385,11
5,35475.479,11
5,35484.712,11
5,35490.368,11
5,35496.720,11
5,35506.113,11
5,35512.099,16
5,35517.903,16
5,35523.423,16
5,35529.941,16
5,35535.762,16
5,35542.810,16
5,35548.758,16
5,35554.220,16
5,35559.873,16
5,35565.939,16
5,35571.889,16
5,35584.160,16
5,35589.753,16
5,35596.347,16
5,35602.080,16
5,35609.364,16
5,35615.479,16
5,35624.015,16
5,35630.304,16
5,35635.853,16
5,35643.680,16
5,35649.858,16
5,35655.130,16
5,35661.222,16
5,35666.971,16
5,35672.254,21
5,35683.341,21
5,35688.466,21
5,35694.338,21
5,35700.014,21
5,35705.663,21
5,35713.466,21
5,35718.959,21
5,35724.144,21
5,35730.140,21
5,35735.864,21
5,35741.519,21
5,35749.754,21
5,35755.299,21
5,35761.593,21
5,35767.413,21
5,35772.389,21
5,35781.229,21
5,35786.700,21
5,35791.785,21
5,35797.851,21
5,35803.132,21
5,35808.432,21
5,35817.514,21
5,35822.985,21
5,35828.940,21
5,35834.313,21
5,35839.744,26
5,35848.666,26
5,35854.318,26
5,35864.317,26
5,35870.412,26
5,35876.669,26
5,35885.586,26
5,35891.252,26
5,35897.300,26
5,35903.158,26
5,35908.764,26
5,35916.784,26
5,35922.507,26
5,35928.645,26
5,35934.182,26
5,35939.497,26
5,35946.040,26
5,35954.639,26
5,35961.169,26
5,35966.946,26
5,35972.548,26
5,35979.064,26
5,35985.981,26
5,35991.434,26
5,35997.761,26
5,36003.475,31
5,36010.012,31
5,36018.742,31
5,36024.022,31
5,36030.572,31
5,36036.390,31
5,36041.883,31
5,36048.152,31
5,36055.013,31
5,36060.793,31
5,36066.523,31
5,36072.377,31
5,36078.632,31
5,36087.361,31
5,36092.637,31
5,36099.039,31
5,36104.961,31
5,36111.243,31
5,36119.570,31
5,36125.133,31
5,36131.529,31
5,36137.495,31
5,36143.563,31
5,36149.861,31
5,36156.646,31
5,36162.705,31
5,36168.267,31
5,36173.687,36
5,36180.065,36
5,36191.913,36
5,36197.294,36
5,36203.933,36
5,36209.794,36
5,36216.078,36
5,36223.306,36
5,36229.372,36
5,36234.986,36
5,36240.844,36
5,36247.832,36
5,36257.091,36
5,36263.430,36
5,36268.976,36
5,36274.859,36
5,36281.469,36
5,36291.291,36
5,36297.075,36
5,36303.026,36
5,36308.921,36
5,36315.213,36
5,36323.967,36
5,36329.537,36
5,36336.867,36
5,36343.098,41
5,36349.448,41
5,36358.293,41
5,36369.492,41
5,36375.147,41
5,36381.881,41
5,36387.796,41
5,36395.727,41
5,36401.869,41
5,36407.462,41
5,36413.445,41
5,36418.625,41
5,36426.727,41
5,36432.659,41
5,36438.545,41
5,36444.750,41
5,36450.491,41
5,36459.774,41
5,36466.654,41
5,36472.349,41
5,36478.051,41
5,36484.228,41
5,36489.789,41
5,36497.859,41
5,36503.555,41
5,36509.730,46
5,36515.843,46
5,36521.914,46
5,36529.609,46
5,36535.142,46
5,36540.354,46
5,36546.802,46
5,36553.263,46
5,36561.420,46
5,36567.105,46
5,36572.366,46
5,36578.448,46
5,36583.766,46
5,36589.319,46
5,36597.244,46
5,36602.839,46
5,36607.872,46
5,36614.007,46
5,36619.189,46
5,36624.269,46
5,36632.771,46
5,36638.341,46
5,36645.097,46
5,36650.475,46
5,36655.474,46
5,36663.967,46
5,36669.417,46
5,36674.688,51
5,36680.794,51
5,36686.060,51
5,36691.428,51
5,36699.750,51
5,36705.816,51
5,36711.939,51
5,36717.292,51
5,36722.433,51
5,36731.358,51
5,36737.452,51
5,36744.082,51
5,36749.487,51
5,36755.100,51
5,36761.150,51
5,36767.704,51
5,36773.204,51
5,36779.341,51
5,36784.484,51
5,36789.721,51
5,36795.929,51
5,36802.151,51
5,36807.332,51
5,36813.663,51
5,36818.878,51
5,36824.115,51
5,36830.171,51
5,36836.683,51
5,36841.900,56
5,36847.845,56
5,36854.149,56
5,36860.344,56
5,36867.035,56
5,36872.549,56
5,36878.756,56
5,36884.403,56
5,36890.016,56
5,36896.103,56
5,36902.957,56
5,36908.713,56
5,36914.880,56
5,36920.382,56
5,36926.235,56
5,36932.259,56
5,36939.537,56
5,36945.777,56
5,36951.839,56
5,36958.470,56
5,36966.181,56
5,36973.133,56
5,36980.565,56
5,36987.576,56
5,36994.446,56
5,37001.723,56
5,37011.665,56
5,37019.550,61
5,37025.967,61
5,37032.663,61
5,37039.943,61
5,37046.149,61
5,37051.968,61
5,37057.692,61
5,37064.118,61
5,37072.831,61
5,37080.205,61
5,37087.223,61
5,37093.671,61
5,37100.998,61
5,37108.138,61
5,37114.417,61
5,37120.090,61
5,37125.793,61
5,37132.408,61
5,37143.585,61
5,37150.185,61
5,37158.520,61
5,37164.793,61
5,37170.564,66
5,37177.043,66
5,37182.799,66
5,37188.424,66
5,37194.370,66
5,37199.613,66
5,37207.524,66
5,37213.578,66
5,37219.037,66
5,37224.266,66
5,37230.648,66
5,37236.710,66
5,37244.183,66
5,37250.082,66
5,37255.523,66
5,37261.780,66
5,37266.979,66
5,37275.557,66
5,37281.734,66
5,37286.962,66
5,37294.002,66
5,37299.471,66
5,37304.893,66
5,37312.570,66
5,37318.163,66
5,37323.508,66
5,37329.465,66
5,37336.642,66
5,37343.927,71
5,37349.911,71
5,37355.673,71
5,37361.613,71
5,37366.922,71
5,37372.578,71
5,37380.515,71
5,37385.735,71
5,37391.296,71
5,37398.070,71
5,37403.995,71
5,37412.853,71
5,37418.292,71
5,37423.632,71
5,37429.709,71
5,37435.322,71
5,37440.551,71
5,37448.836,71
5,37454.815,71
5,37461.385,71
5,37466.773,71
5,37472.235,71
5,37481.681,71
5,37487.641,71
5,37493.922,71
5,37499.291,71
5,37504.929,76
5,37512.416,76
5,37517.898,76
5,37523.352,76
5,37529.289,76
5,37534.514,76
5,37539.836,76
5,37548.193,76
5,37554.148,76
5,37560.959,76
5,37566.534,76
5,37571.721,76
5,37578.733,76
5,37584.362,76
5,37591.141,76
5,37597.436,76
5,37603.149,76
5,37608.570,76
5,37616.994,76
5,37623.768,76
5,37630.028,76
5,37635.327,76
5,37640.733,76
5,37646.567,76
5,37653.089,76
5,37658.586,76
5,37664.674,76
5,37671.038,81
5,37676.773,81
5,37684.869,81
5,37691.681,81
5,37697.793,81
5,37703.505,81
5,37708.844,81
5,37715.389,81
5,37722.344,81
5,37727.835,81
5,37733.904,81
5,37739.685,81
5,37746.258,81
5,37753.935,81
5,37761.018,81
5,37768.471,81
5,37774.313,81
5,37780.696,81
5,37787.493,81
5,37793.067,81
5,37799.222,81
5,37804.665,81
5,37810.241,81
5,37816.661,81
5,37823.474,81
5,37829.268,81
5,37835.881,81
5,37841.673,86
5,37848.007,86
5,37855.604,86
5,37862.570,86
5,37868.689,86
5,37874.355,86
5,37880.868,86
5,37888.755,86
5,37894.438,86
5,37900.582,86
5,37906.328,86
5,37912.690,86
5,37918.120,86
5,37925.827,86
5,37931.824,86
5,37938.646,86
5,37944.949,86
5,37950.475,86
5,37958.426,86
5,37964.646,86
5,37971.894,86
5,37979.174,86
5,37985.363,86
5,37992.397,86
5,37998.231,86
5,38004.004,91
5,38010.562,91
5,38016.270,91
5,38024.641,91
5,38030.631,91
5,38036.284,91
5,38041.814,91
5,38047.719,91
5,38053.347,91
5,38060.368,91
5,38067.325,91
5,38073.419,91
5,38079.388,91
5,38084.709,91
5,38092.529,91
5,38098.591,91
5,38104.344,91
5,38111.080,91
5,38116.800,91
5,38122.492,91
5,38130.054,91
5,38135.549,91
5,38141.103,91
5,38147.079,91
5,38153.415,91
5,38159.873,91
5,38167.046,91
5,38172.801,96
5,38178.840,96
5,38184.273,96
5,38189.745,96
5,38197.476,96
5,38203.199,96
5,38208.455,96
5,38214.504,96
5,38220.525,96
5,38229.367,96
5,38234.976,96
5,38240.303,96
5,38246.928,96
5,38252.165,96
5,38257.620,96
5,38265.700,96
5,38271.202,96
5,38278.078,96
5,38283.764,96
5,38289.817,96
5,38298.002,96
5,38303.673,96
5,38309.064,96
5,38315.303,96
5,38321.212,96
5,38327.421,96
5,38335.315,96
5,38342.270,101
5,38348.715,101
5,38354.715,101
5,38364.054,101
5,38369.273,101
5,38375.765,101
5,38381.849,101
5,38387.735,101
5,38393.858,101
5,38400.462,101
5,38406.187,101
5,38412.457,101
5,38418.015,101
5,38423.603,101
5,38432.519,101
5,38438.926,101
5,38444.503,101
5,38450.356,101
5,38456.894,101
5,38465.849,101
5,38472.861,101
5,38478.117,101
5,38484.052,101
5,38489.264,101
5,38496.433,101
5,38503.811,101
5,38512.345,106
5,38518.478,106
5,38523.866,106
5,38529.559,106
5,38536.698,106
5,38542.031,106
5,38547.932,106
5,38553.598,106
5,38559.224,106
5,38567.345,106
5,38573.787,106
5,38579.811,106
5,38585.132,106
5,38590.620,106
5,38597.913,106
5,38603.693,106
5,38609.315,106
5,38615.696,106
5,38621.363,106
5,38626.739,106
5,38632.559,106
5,38639.402,106
5,38644.682,106
5,38650.697,106
5,38659.567,106
5,38665.783,106
5,38673.275,106
5,38679.779,111
5,38685.184,111
5,38690.502,111
5,38701.406,111
5,38708.550,111
5,38714.127,111
5,38719.745,111
5,38725.109,111
5,38731.037,111
5,38743.965,111
5,38749.607,111
5,38755.167,111
5,38761.061,111
5,38766.572,111
5,38773.538,111
5,38780.039,111
5,38787.036,111
5,38792.332,111
5,38798.562,111
5,38806.377,111
5,38811.997,111
5,38817.858,111
5,38823.340,111
5,38829.136,111
5,38834.399,111
5,38841.398,111
5,38847.083,116
5,38852.613,116
5,38858.503,116
5,38864.758,116
5,38869.908,116
5,38877.797,116
5,38883.339,116
5,38888.700,116
5,38895.030,116
5,38900.573,116
5,38908.924,116
5,38915.309,116
5,38921.291,116
5,38927.665,116
5,38933.354,116
5,38941.790,116
5,38947.627,116
5,38953.205,116
5,38958.405,116
5,38964.552,116
5,38970.280,116
5,38976.693,116
5,38983.458,116
5,38988.570,116
5,38994.686,116
5,38999.846,116
5,39005.167,121
5,39013.084,121
5,39018.586,121
5,39023.840,121
5,39029.888,121
5,39035.087,121
5,39043.409,121
5,39049.647,121
5,39055.453,121
5,39061.595,121
5,39067.198,121
5,39072.780,121
5,39080.593,121
5,39086.437,121
5,39092.015,121
5,39098.032,121
5,39103.946,121
5,39113.402,121
5,39119.159,121
5,39124.950,121
5,39131.464,121
5,39137.630,121
5,39147.016,121
5,39153.620,121
5,39159.540,121
5,39165.840,121
5,39171.625,126
5,39182.492,126
5,39187.911,126
5,39193.784,126
5,39198.937,126
5,39204.453,126
5,39210.473,126
5,39217.832,126
5,39223.938,126
5,39230.138,126
5,39235.672,126
5,39241.068,126
5,39249.345,126
5,39254.674,126
5,39261.210,126
5,39266.854,126
5,39272.221,126
5,39278.479,126
5,39285.470,126
5,39290.813,126
5,39296.879,126
5,39305.150,126
5,39310.727,126
5,39319.139,126
5,39324.526,126
5,39330.505,126
5,39335.619,126
5,39340.888,131
5,39347.106,131
5,39354.612,131
5,39359.964,131
5,39365.796,131
5,39371.668,131
5,39377.631,131
5,39384.416,131
5,39389.853,131
5,39396.167,131
5,39406.289,131
5,39411.859,131
5,39420.626,131
5,39426.239,131
5,39432.389,131
5,39438.298,131
5,39444.582,131
5,39451.849,131
5,39457.285,131
5,39464.817,131
5,39470.690,131
5,39476.332,131
5,39483.061,131
5,39490.298,131
5,39496.009,131
5,39501.566,131
5,39507.106,136
5,39513.859,136
5,39520.876,136
5,39526.142,136
5,39532.437,136
5,39538.534,136
5,39545.226,136
5,39554.864,136
5,39560.431,136
5,39566.378,136
5,39571.699,136
5,39577.656,136
5,39585.294,136
5,39592.717,136
5,39599.029,136
5,39604.832,136
5,39611.031,136
5,39616.552,136
5,39623.656,136
5,39629.416,136
5,39634.785,136
5,39640.160,136
5,39646.183,136
5,39651.898,136
5,39659.358,136
5,39665.228,136
5,39670.407,141
5,39675.928,141
5,39682.221,141
5,39690.443,141
5,39696.735,141
5,39706.999,141
5,39712.610,141
5,39718.989,141
5,39725.917,141
5,39732.348,141
5,39739.946,141
5,39746.076,141
5,39751.860,141
5,39759.431,141
5,39765.963,141
5,39771.860,141
5,39778.598,141
5,39784.135,141
5,39792.206,141
5,39798.522,141
5,39804.002,141
5,39809.219,141
5,39815.314,141
5,39820.920,141
5,39827.374,141
5,39833.258,141
5,39838.607,146
5,39844.875,146
5,39850.621,146
5,39856.745,146
5,39864.277,146
5,39869.607,146
5,39874.770,146
5,39880.727,146
5,39886.065,146
5,39893.543,146
5,39899.698,146
5,39904.803,146
5,39910.984,146
5,39916.754,146
5,39922.170,146
5,39931.532,146
5,39937.276,146
5,39942.736,146
5,39949.458,146
5,39955.381,146
5,39963.777,146
5,39969.567,146
5,39975.183,146
5,39981.372,146
5,39987.607,146
5,39996.837,146
5,40005.969,146
5,40011.262,151
5,40017.578,151
5,40023.049,151
5,40031.724,151
5,40037.371,151
5,40044.987,151
5,40051.055,151
5,40056.774,151
5,40065.528,151
5,40070.810,151
5,40076.040,151
5,40082.047,151
5,40087.656,151
5,40096.289,151
5,40105.402,151
5,40111.258,151
5,40117.013,151
5,40125.214,151
5,40133.629,151
5,40139.891,151
5,40146.038,151
5,40152.314,151
5,40158.394,151
5,40167.846,151
5,40173.258,156
5,40179.470,156
5,40184.697,156
5,40189.943,156
5,40196.669,156
5,40203.882,156
5,40209.563,156
5,40215.610,156
5,40221.353,156
5,40227.679,156
5,40235.185,156
5,40240.824,156
5,40246.637,156
5,40253.145,156
5,40259.145,156
5,40268.518,156
5,40274.412,156
5,40280.955,156
5,40286.887,156
5,40293.396,156
5,40302.237,156
5,40307.835,156
5,40314.169,156
5,40319.641,156
5,40325.181,156
5,40331.258,156
5,40338.406,156
5,40344.278,161
5,40349.725,161
5,40355.281,161
5,40360.601,161
5,40369.397,161
5,40375.038,161
5,40381.563,161
5,40388.225,161
5,40394.196,161
5,40400.039,161
5,40406.691,161
5,40413.060,161
5,40419.036,161
5,40424.917,161
5,40431.044,161
5,40438.459,161
5,40443.704,161
5,40450.061,161
5,40455.718,161
5,40462.564,161
5,40468.425,161
5,40475.594,161
5,40481.389,161
5,40486.956,161
5,40492.162,161
5,40498.834,161
5,40506.672,161
5,40512.662,166
5,40518.161,166
5,40523.067,166
5,40529.085,166
5,40534.652,166
5,40546.376,166
5,40552.460,166
5,40558.075,166
5,40564.637,166
5,40574.220,166
5,40580.038,166
5,40585.343,166
5,40590.782,166
5,40596.999,166
5,40607.495,166
5,40615.044,166
5,40620.161,166
5,40625.587,166
5,40631.474,166
5,40636.983,166
5,40644.248,166
5,40650.460,166
5,40655.611,166
5,40662.281,166
5,40668.810,166
5,40676.465,171
5,40682.636,171
5,40689.344,171
5,40695.172,171
5,40701.397,171
5,40708.942,171
5,40715.007,171
5,40720.251,171
5,40726.414,171
5,40732.659,171
5,40738.027,171
5,40745.525,171
5,40751.635,171
5,40757.289,171
5,40763.153,171
5,40768.599,171
5,40774.094,171
5,40782.059,171
5,40787.378,171
5,40792.696,171
5,40798.930,171
5,40805.501,171
5,40812.447,171
5,40819.330,171
5,40825.048,171
5,40831.086,171
5,40837.129,171
5,40842.576,176
5,40850.994,176
5,40856.595,176
5,40863.163,176
5,40868.795,176
5,40874.378,176
5,40882.544,176
5,40889.099,176
5,40896.058,176
5,40901.789,176
5,40907.437,176
5,40915.542,176
5,40922.802,176
5,40929.359,176
5,40935.103,176
5,40940.911,176
5,40948.839,176
5,40954.840,176
5,40960.318,176
5,40966.544,176
5,40972.188,176
5,40977.424,176
5,40986.111,176
5,40991.431,176
5,40997.843,176
5,41003.605,180
5,41009.248,180
5,41017.767,180
5,41023.088,180
5,41028.749,180
5,41034.632,180
5,41040.143,180
5,41046.039,180
5,41053.201,180
5,41058.687,180
5,41065.164,180
5,41071.692,180
5,41077.131,180
5,41089.052,180
5,41094.789,180
5,41100.815,180
5,41106.775,180
5,41113.197,180
5,41119.978,180
5,41125.700,180
5,41132.140,180
5,41138.290,180
5,41143.761,180
5,41153.101,180
5,41158.707,180
5,41165.044,180
6,41171.394,0
6,41177.249,0
6,41186.199,0
6,41192.062,0
6,41198.276,0
6,41203.534,0
6,41208.745,0
6,41215.216,0
6,41223.148,0
6,41229.682,0
6,41235.175,0
6,41241.304,0
6,41247.648,0
6,41255.017,0
6,41261.006,0
6,41267.231,0
6,41272.662,0
6,41278.800,0
6,41288.936,0
6,41294.568,0
6,41301.154,0
6,41306.736,0
6,41313.617,0
6,41321.961,0
6,41329.380,0
6,41335.461,0
6,41340.738,4
6,41346.757,4
6,41352.606,4
6,41359.731,4
6,41365.679,4
6,41371.437,4
6,41377.912,4
6,41383.542,4
6,41390.856,4
6,41396.687,4
6,41402.587,4
6,41408.541,4
6,41414.568,4
6,41420.201,4
6,41427.058,4
6,41433.317,4
6,41438.845,4
6,41444.904,4
6,41450.422,4
6,41458.776,4
6,41465.121,4
6,41470.456,4
6,41475.954,4
6,41482.082,4
6,41487.565,4
6,41494.398,4
6,41501.005,4
6,41506.177,9
6,41512.576,9
6,41518.154,9
6,41528.751,9
6,41534.870,9
6,41540.474,9
6,41548.429,9
6,41554.016,9
6,41562.088,9
6,41568.547,9
6,41575.567,9
6,41583.660,9
6,41589.606,9
6,41597.587,9
6,41603.621,9
6,41608.981,9
6,41615.229,9
6,41620.836,9
6,41627.777,9
6,41634.035,9
6,41639.358,9
6,41648.172,9
6,41655.059,9
6,41664.626,9
6,41671.038,14
6,41676.630,14
6,41683.564,14
6,41690.280,14
6,41699.052,14
6,41704.824,14
6,41711.552,14
6,41717.802,14
6,41723.772,14
6,41732.596,14
6,41738.735,14
6,41746.037,14
6,41752.654,14
6,41759.206,14
6,41767.971,14
6,41774.176,14
6,41780.973,14
6,41787.048,14
6,41792.749,14
6,41801.565,14
6,41807.864,14
6,41814.544,14
6,41820.916,14
6,41827.719,14
6,41835.498,14
6,41842.200,19
6,41851.229,19
6,41858.017,19
6,41867.207,19
6,41872.851,19
6,41879.458,19
6,41885.511,19
6,41891.960,19
6,41901.739,19
6,41908.057,19
6,41914.288,19
6,41920.216,19
6,41925.968,19
6,41935.421,19
6,41941.821,19
6,41948.260,19
6,41954.305,19
6,41960.163,19
6,41968.367,19
6,41974.294,19
6,41980.483,19
6,41986.360,19
6,41991.827,19
6,41999.113,19
6,42005.733,19
6,42012.369,24
6,42018.385,24
6,42023.782,24
6,42029.593,24
6,42036.374,24
6,42041.741,24
6,42047.968,24
6,42053.883,24
6,42059.505,24
6,42065.547,24
6,42072.647,24
6,42078.478,24
6,42084.206,24
6,42089.860,24
6,42096.126,24
6,42104.319,24
6,42109.955,24
6,42115.876,24
6,42121.363,24
6,42127.312,24
6,42132.792,24
6,42139.963,24
6,42145.663,24
6,42151.245,24
6,42156.717,24
6,42162.910,24
6,42168.253,24
6,42175.348,24
6,42180.862,29
6,42186.274,29
6,42191.722,29
6,42199.409,29
6,42207.299,29
6,42213.267,29
6,42218.654,29
6,42223.852,29
6,42229.688,29
6,42234.841,29
6,42242.305,29
6,42247.626,29
6,42253.044,29
6,42258.093,29
6,42263.881,29
6,42269.473,29
6,42276.259,29
6,42282.302,29
6,42288.367,29
6,42294.400,29
6,42300.280,29
6,42308.423,29
6,42315.304,29
6,42320.499,29
6,42325.624,29
6,42331.545,29
6,42337.347,34
6,42345.255,34
6,42350.870,34
6,42356.494,34
6,42362.709,34
6,42368.054,34
6,42375.642,34
6,42381.691,34
6,42387.253,34
6,42393.334,34
6,42398.933,34
6,42404.221,34
6,42412.073,34
6,42417.611,34
6,42422.748,34
6,42427.876,34
6,42433.639,34
6,42439.132,34
6,42447.116,34
6,42452.616,34
6,42458.031,34
6,42464.651,34
6,42470.324,34
6,42480.222,34
6,42485.732,34
6,42491.010,34
6,42497.153,34
6,42502.796,34
6,42508.376,39
6,42516.268,39
6,42521.815,39
6,42528.140,39
6,42533.628,39
6,42538.811,39
6,42545.626,39
6,42551.552,39
6,42556.961,39
6,42562.747,39
6,42568.032,39
6,42573.319,39
6,42581.944,39
6,42587.242,39
6,42594.926,39
6,42601.240,39
6,42606.921,39
6,42615.274,39
6,42622.007,39
6,42627.463,39
6,42633.106,39
6,42638.473,39
6,42646.877,39
6,42652.695,39
6,42657.708,39
6,42663.836,39
6,42669.000,39
6,42674.426,44
6,42682.614,44
6,42688.807,44
6,42694.841,44
6,42700.495,44
6,42705.782,44
6,42712.239,44
6,42718.880,44
6,42724.417,44
6,42730.718,44
6,42736.322,44
6,42742.900,44
6,42750.389,44
6,42755.591,44
6,42760.932,44
6,42766.684,44
6,42771.968,44
6,42778.211,44
6,42784.623,44
6,42789.894,44
6,42795.377,44
6,42800.510,44
6,42805.960,44
6,42811.348,44
6,42820.069,44
6,42825.384,44
6,42832.019,44
6,42837.464,49
6,42842.958,49
6,42849.247,49
6,42855.942,49
6,42862.176,49
6,42867.675,49
6,42872.941,49
6,42879.892,49
6,42887.712,49
6,42893.095,49
6,42899.018,49
6,42904.371,49
6,42910.027,49
6,42916.111,49
6,42923.037,49
6,42929.836,49
6,42935.631,49
6,42941.393,49
6,42948.098,49
6,42957.281,49
6,42963.290,49
6,42968.895,49
6,42975.417,49
6,42981.849,49
6,42989.113,49
6,42995.318,49
6,43001.539,49
6,43007.459,54
6,43014.135,54
6,43022.030,54
6,43028.009,54
6,43034.368,54
6,43040.343,54
6,43047.143,54
6,43056.138,54
6,43062.078,54
6,43069.164,54
6,43076.372,54
6,43083.046,54
6,43091.214,54
6,43098.029,54
6,43104.678,54
6,43110.747,54
6,43117.278,54
6,43125.171,54
6,43131.517,54
6,43138.219,54
6,43144.217,54
6,43150.811,54
6,43159.398,54
6,43166.174,54
6,43172.980,59
6,43179.501,59
6,43185.936,59
6,43193.806,59
6,43200.140,59
6,43206.299,59
6,43212.190,59
6,43217.888,59
6,43226.148,59
6,43235.248,59
6,43240.703,59
6,43246.510,59
6,43251.603,59
6,43256.952,59
6,43264.689,59
6,43269.999,59
6,43275.598,59
6,43281.576,59
6,43287.332,59
6,43295.542,59
6,43301.262,59
6,43306.682,59
6,43312.655,59
6,43317.664,59
6,43322.820,59
6,43331.233,59
6,43338.769,64
6,43344.772,64
6,43350.343,64
6,43356.200,64
6,43363.863,64
6,43369.153,64
6,43374.285,64
6,43380.214,64
6,43385.489,64
6,43390.569,64
6,43398.856,64
6,43404.660,64
6,43411.287,64
6,43416.418,64
6,43421.818,64
6,43429.739,64
6,43434.825,64
6,43440.153,64
6,43445.987,64
6,43451.201,64
6,43456.817,64
6,43465.210,64
6,43470.429,64
6,43475.775,64
6,43481.901,64
6,43487.374,64
6,43493.558,64
6,43500.179,64
6,43505.432,69
6,43511.319,69
6,43516.838,69
6,43522.144,69
6,43528.479,69
6,43535.742,69
6,43541.028,69
6,43547.089,69
6,43552.351,69
6,43557.304,69
6,43563.000,69
6,43569.504,69
6,43574.736,69
6,43580.329,69
6,43585.572,69
6,43590.938,69
6,43599.456,69
6,43605.226,69
6,43611.427,69
6,43616.693,69
6,43622.353,69
6,43628.390,69
6,43636.356,69
6,43641.725,69
6,43647.763,69
6,43653.029,69
6,43657.982,69
6,43663.927,69
6,43670.653,69
6,43675.979,74
6,43681.749,74
6,43686.879,74
6,43693.172,74
6,43698.616,74
6,43705.356,74
6,43711.124,74
6,43716.289,74
6,43722.681,74
6,43728.863,74
6,43735.813,74
6,43741.144,74
6,43747.297,74
6,43752.646,74
6,43758.248,74
6,43764.368,74
6,43771.139,74
6,43776.628,74
6,43782.143,74
6,43787.251,74
6,43793.684,74
6,43799.027,74
6,43805.856,74
6,43811.029,74
6,43816.803,74
6,43822.150,74
6,43828.448,74
6,43834.017,74
6,43840.545,74
6,43846.438,79
6,43851.895,79
6,43856.863,79
6,43862.997,79
6,43871.863,79
6,43877.235,79
6,43883.102,79
6,43888.424,79
6,43893.509,79
6,43899.553,79
6,43907.800,79
6,43914.052,79
6,43919.611,79
6,43924.735,79
6,43930.649,79
6,43935.830,79
6,43944.292,79
6,43951.096,79
6,43956.796,79
6,43962.713,79
6,43967.941,79
6,43976.257,79
6,43982.434,79
6,43987.687,79
6,43993.703,79
6,43999.857,79
6,44008.156,84
6,44014.796,84
6,44020.423,84
6,44025.975,84
6,44032.329,84
6,44037.946,84
6,44046.073,84
6,44052.517,84
6,44058.041,84
6,44064.183,84
6,44070.064,84
6,44077.302,84
6,44083.792,84
6,44089.383,84
6,44095.208,84
6,44101.403,84
6,44109.253,84
6,44115.686,84
6,44121.738,84
6,44127.251,84
6,44133.387,84
6,44138.801,84
6,44147.152,84
6,44153.552,84
6,44159.498,84
6,44165.159,84
6,44171.366,89
6,44177.911,89
6,44183.589,89
6,44188.988,89
6,44194.108,89
6,44199.953,89
6,44205.374,89
6,44213.417,89
6,44219.082,89
6,44224.537,89
6,44230.943,89
6,44237.499,89
6,44245.618,89
6,44251.541,89
6,44257.041,89
6,44263.047,89
6,44268.714,89
6,44274.360,89
6,44282.082,89
6,44288.007,89
6,44294.111,89
6,44299.261,89
6,44304.908,89
6,44310.412,89
6,44318.971,89
6,44324.347,89
6,44330.373,89
6,44336.028,89
6,44341.298,94
6,44349.376,94
6,44354.859,94
6,44360.289,94
6,44366.023,94
6,44371.464,94
6,44378.227,94
6,44385.029,94
6,44390.228,94
6,44396.084,94
6,44401.876,94
6,44407.082,94
6,44413.137,94
6,44419.892,94
6,44425.464,94
6,44431.734,94
6,44437.570,94
6,44442.922,94
6,44451.348,94
6,44456.482,94
6,44462.415,94
6,44467.671,94
6,44472.492,94
6,44477.791,94
6,44486.085,94
6,44491.699,94
6,44497.712,94
6,44503.254,94
6,44510.540,99
6,44519.137,99
6,44524.694,99
6,44530.588,99
6,44535.689,99
6,44540.863,99
6,44546.982,99
6,44553.660,99
6,44559.439,99
6,44566.642,99
6,44572.021,99
6,44578.274,99
6,44585.569,99
6,44590.940,99
6,44596.840,99
6,44602.241,99
6,44607.446,99
6,44613.183,99
6,44620.434,99
6,44625.967,99
6,44632.412,99
6,44638.799,99
6,44643.975,99
6,44650.299,99
6,44656.820,99
6,44662.289,99
6,44667.340,99
6,44672.320,104
6,44678.785,104
6,44684.708,104
6,44691.843,104
6,44697.514,104
6,44702.556,104
6,44707.678,104
6,44713.285,104
6,44718.980,104
6,44726.112,104
6,44731.943,104
6,44737.431,104
6,44742.803,104
6,44748.807,104
6,44758.800,104
6,44764.724,104
6,44771.220,104
6,44777.587,104
6,44783.239,104
6,44790.134,104
6,44796.058,104
6,44801.088,104
6,44806.430,104
6,44812.312,104
6,44817.476,104
6,44825.128,104
6,44831.335,104
6,44836.997,109
6,44843.495,109
6,44848.911,109
6,44858.354,109
6,44864.944,109
6,44870.401,109
6,44877.056,109
6,44882.358,109
6,44887.928,109
6,44895.766,109
6,44901.498,109
6,44906.582,109
6,44912.903,109
6,44918.306,109
6,44926.843,109
6,44932.390,109
6,44938.089,109
6,44944.256,109
6,44950.429,109
6,44956.132,109
6,44964.651,109
6,44970.497,109
6,44976.092,109
6,44982.241,109
6,44987.944,109
6,44995.838,109
6,45001.367,109
6,45006.389,114
6,45012.119,114
6,45017.490,114
6,45023.017,114
6,45031.784,114
6,45038.380,114
6,45046.259,114
6,45051.897,114
6,45061.785,114
6,45067.697,114
6,45073.141,114
6,45078.872,114
6,45084.110,114
6,45089.196,114
6,45097.229,114
6,45102.423,114
6,45107.801,114
6,45113.921,114
6,45119.199,114
6,45124.743,114
6,45132.718,114
6,45138.404,114
6,45145.274,114
6,45151.108,114
6,45156.740,114
6,45165.023,114
6,45170.865,119
6,45177.658,119
6,45183.084,119
6,45188.463,119
6,45194.667,119
6,45201.070,119
6,45206.473,119
6,45213.094,119
6,45218.282,119
6,45223.828,119
6,45231.912,119
6,45237.225,119
6,45243.842,119
6,45249.101,119
6,45254.764,119
6,45260.789,119
6,45267.494,119
6,45272.888,119
6,45279.024,119
6,45284.273,119
6,45291.280,119
6,45299.723,119
6,45304.849,119
6,45310.061,119
6,45315.995,119
6,45322.105,119
6,45327.888,119
6,45335.080,119
6,45340.327,124
6,45346.114,124
6,45351.358,124
6,45356.320,124
6,45362.592,124
6,45369.042,124
6,45374.361,124
6,45380.240,124
6,45385.665,124
6,45390.912,124
6,45397.075,124
6,45403.738,124
6,45409.101,124
6,45414.887,124
6,45419.976,124
6,45425.649,124
6,45431.392,124
6,45438.405,124
6,45443.978,124
6,45449.077,124
6,45455.675,124
6,45461.629,124
6,45468.944,124
6,45474.422,124
6,45480.563,124
6,45485.788,124
6,45491.102,124
6,45497.156,124
6,45503.907,124
6,45509.301,129
6,45515.290,129
6,45520.428,129
6,45526.547,129
6,45531.627,129
6,45538.964,129
6,45545.283,129
6,45550.760,129
6,45556.967,129
6,45569.317,129
6,45576.148,129
6,45581.267,129
6,45586.497,129
6,45593.306,129
6,45598.453,129
6,45605.935,129
6,45611.729,129
6,45617.259,129
6,45622.798,129
6,45628.746,129
6,45634.353,129
6,45641.740,129
6,45647.801,129
6,45653.480,129
6,45658.791,129
6,45665.615,129
6,45674.607,134
6,45680.916,134
6,45686.880,134
6,45693.026,134
6,45699.093,134
6,45707.543,134
6,45713.870,134
6,45719.992,134
6,45726.033,134
6,45732.472,134
6,45738.243,134
6,45746.966,134
6,45752.956,134
6,45758.567,134
6,45765.217,134
6,45771.707,134
6,45780.641,134
6,45787.348,134
6,45792.863,134
6,45799.354,134
6,45808.379,134
6,45817.003,134
6,45822.440,134
6,45828.578,134
6,45834.012,134
6,45839.507,139
6,45847.384,139
6,45853.291,139
6,45858.879,139
6,45865.014,139
6,45870.446,139
6,45879.729,139
6,45889.098,139
6,45895.309,139
6,45901.527,139
6,45908.129,139
6,45915.668,139
6,45921.337,139
6,45927.172,139
6,45932.739,139
6,45938.502,139
6,45947.869,139
6,45954.087,139
6,45960.721,139
6,45966.897,139
6,45972.606,139
6,45980.838,139
6,45986.662,139
6,45993.234,139
6,45999.467,139
6,46008.194,144
6,46016.687,144
6,46022.395,144
6,46028.079,144
6,46034.504,144
6,46039.922,144
6,46048.253,144
6,46054.901,144
6,46061.204,144
6,46067.121,144
6,46072.814,144
6,46078.708,144
6,46086.122,144
6,46091.492,144
6,46097.426,144
6,46106.025,144
6,46111.829,144
6,46121.276,144
6,46127.128,144
6,46132.810,144
6,46138.158,144
6,46144.154,144
6,46151.601,144
6,46157.053,144
6,46162.991,144
6,46168.292,144
6,46174.521,149
6,46180.819,149
6,46190.965,149
6,46196.681,149
6,46203.119,149
6,46208.601,149
6,46218.554,149
6,46223.908,149
6,46229.937,149
6,46235.296,149
6,46240.815,149
6,46246.946,149
6,46253.933,149
6,46259.478,149
6,46265.891,149
6,46272.424,149
6,46279.211,149
6,46285.751,149
6,46291.305,149
6,46297.547,149
6,46303.418,149
6,46309.192,149
6,46316.514,149
6,46323.119,149
6,46329.094,149
6,46335.478,149
6,46341.209,154
6,46347.330,154
6,46355.495,154
6,46361.140,154
6,46367.376,154
6,46373.027,154
6,46378.946,154
6,46389.135,154
6,46398.130,154
6,46404.589,154
6,46410.154,154
6,46416.125,154
6,46423.207,154
6,46428.756,154
6,46434.828,154
6,46440.770,154
6,46447.324,154
6,46456.851,154
6,46462.851,154
6,46469.511,154
6,46476.330,154
6,46483.686,154
6,46492.642,154
6,46498.984,154
6,46508.722,159
6,46515.014,159
6,46524.148,159
6,46532.552,159
6,46538.493,159
6,46544.676,159
6,46550.565,159
6,46558.846,159
6,46565.269,159
6,46571.638,159
6,46578.570,159
6,46584.794,159
6,46592.877,159
6,46599.318,159
6,46606.095,159
6,46612.927,159
6,46619.071,159
6,46627.085,159
6,46633.481,159
6,46639.311,159
6,46645.812,159
6,46651.472,159
6,46659.470,159
6,46665.802,159
6,46674.365,164
6,46680.692,164
6,46686.642,164
6,46695.325,164
6,46700.888,164
6,46706.455,164
6,46712.900,164
6,46718.346,164
6,46723.991,164
6,46732.442,164
6,46737.695,164
6,46744.286,164
6,46749.906,164
6,46755.619,164
6,46763.733,164
6,46771.202,164
6,46777.065,164
6,46782.794,164
6,46788.635,164
6,46797.482,164
6,46803.320,164
6,46809.042,164
6,46815.159,164
6,46820.653,164
6,46830.680,164
6,46836.315,164
6,46842.208,169
6,46848.485,169
6,46853.763,169
6,46860.556,169
6,46867.540,169
6,46875.007,169
6,46881.906,169
6,46887.331,169
6,46893.824,169
6,46901.166,169
6,46906.777,169
6,46912.795,169
6,46918.521,169
6,46924.320,169
6,46932.988,169
6,46938.394,169
6,46944.515,169
6,46950.200,169
6,46956.009,169
6,46964.805,169
6,46972.709,169
6,46978.605,169
6,46985.330,169
6,46991.557,169
6,47002.272,169
6,47008.603,174
6,47015.484,174
6,47021.950,174
6,47029.970,174
6,47037.704,174
6,47043.554,174
6,47049.762,174
6,47056.276,174
6,47062.514,174
6,47069.714,174
6,47075.400,174
6,47081.887,174
6,47087.991,174
6,47095.417,174
6,47103.602,174
6,47110.319,174
6,47116.954,174
6,47122.738,174
6,47129.435,174
6,47138.360,174
6,47144.625,174
6,47151.390,174
6,47159.306,174
6,47166.598,174
6,47174.550,174
6,47181.477,179
6,47188.587,179
6,47194.825,179
6,47204.087,179
6,47209.795,179
6,47217.316,179
6,47223.928,179
6,47230.577,179
6,47242.519,179
6,47249.514,179
6,47257.072,179
6,47263.573,179
6,47272.733,179
6,47278.630,179
6,47285.009,179
6,47290.833,179
6,47297.111,179
6,47306.466,179
6,47312.418,179
6,47318.855,179
6,47324.440,179
6,47330.857,179
6,47337.005,179
7,47344.547,0
7,47351.453,0
7,47357.652,0
7,47364.893,0
7,47372.374,0
7,47381.092,0
7,47387.348,0
7,47393.554,0
7,47399.593,0
7,47408.944,0
7,47415.526,0
7,47422.167,0
7,47429.080,0
7,47435.254,0
7,47442.574,0
7,47449.339,0
7,47457.005,0
7,47463.254,0
7,47469.105,0
7,47477.285,0
7,47484.006,0
7,47491.374,0
7,47498.027,0
7,47505.885,0
7,47514.599,0
7,47520.888,0
7,47526.896,0
7,47533.044,0
7,47540.319,0
7,47547.842,0
7,47554.246,0
7,47560.905,0
7,47567.306,0
7,47572.868,0
7,47581.054,0
7,47586.766,0
7,47592.207,0
7,47598.166,0
7,47603.873,0
7,47612.516,0
7,47618.815,0
7,47624.821,0
7,47631.175,0
7,47636.786,0
7,47646.238,0
7,47652.676,0
7,47658.339,0
7,47664.518,0
7,47670.693,6
7,47676.186,6
7,47684.480,6
7,47690.088,6
7,47696.275,6
7,47702.755,6
7,47708.908,6
7,47718.489,6
7,47724.571,6
7,47731.003,6
7,47737.005,6
7,47742.771,6
7,47751.709,6
7,47759.283,6
7,47766.435,6
7,47772.716,6
7,47783.159,6
7,47789.085,6
7,47796.300,6
7,47802.405,6
7,47807.957,6
7,47816.549,6
7,47824.268,6
7,47831.095,6
7,47837.266,6
7,47843.649,11
7,47854.733,11
7,47861.862,11
7,47867.913,11
7,47874.135,11
7,47880.533,11
7,47888.378,11
7,47897.610,11
7,47905.589,11
7,47911.534,11
7,47921.382,11
7,47927.842,11
7,47934.321,11
7,47941.077,11
7,47948.846,11
7,47957.116,11
7,47964.845,11
7,47970.852,11
7,47976.590,11
7,47983.416,11
7,47992.901,11
7,47999.187,11
7,48005.141,16
7,48013.427,16
7,48020.883,16
7,48026.843,16
7,48033.988,16
7,48039.930,16
7,48046.650,16
7,48056.753,16
7,48063.713,16
7,48070.228,16
7,48076.369,16
7,48083.311,16
7,48090.933,16
7,48099.157,16
7,48105.293,16
7,48111.908,16
7,48118.111,16
7,48125.612,16
7,48131.894,16
7,48137.879,16
7,48145.869,16
7,48153.158,16
7,48160.307,16
7,48167.698,16
7,48173.656,21
7,48181.703,21
7,48190.998,21
7,48197.820,21
7,48203.595,21
7,48209.038,21
7,48216.171,21
7,48224.389,21
7,48230.825,21
7,48237.243,21
7,48243.007,21
7,48251.253,21
7,48258.225,21
7,48265.212,21
7,48271.202,21
7,48278.594,21
7,48284.356,21
7,48292.117,21
7,48298.380,21
7,48303.853,21
7,48309.650,21
7,48316.073,21
7,48321.894,21
7,48329.657,21
7,48335.563,21
7,48341.540,26
7,48348.384,26
7,48355.503,26
7,48364.286,26
7,48370.885,26
7,48376.633,26
7,48382.811,26
7,48389.406,26
7,48398.238,26
7,48404.992,26
7,48411.882,26
7,48417.442,26
7,48424.526,26
7,48431.881,26
7,48438.319,26
7,48445.031,26
7,48451.918,26
7,48457.832,26
7,48465.977,26
7,48473.025,26
7,48478.686,26
7,48484.885,26
7,48490.646,26
7,48498.868,26
7,48505.407,31
7,48513.517,31
7,48519.586,31
7,48526.731,31
7,48533.415,31
7,48538.848,31
7,48546.294,31
7,48553.576,31
7,48560.715,31
7,48567.947,31
7,48574.569,31
7,48581.887,31
7,48587.796,31
7,48595.233,31
7,48601.663,31
7,48608.973,31
7,48616.469,31
7,48623.558,31
7,48633.849,31
7,48639.826,31
7,48647.263,31
7,48654.405,31
7,48662.446,31
7,48670.386,31
7,48677.851,36
7,48685.912,36
7,48693.329,36
7,48701.476,36
7,48709.346,36
7,48716.743,36
7,48722.212,36
7,48728.533,36
7,48735.495,36
7,48741.152,36
7,48748.712,36
7,48755.806,36
7,48763.356,36
7,48770.304,36
7,48777.205,36
7,48784.490,36
7,48791.565,36
7,48799.769,36
7,48807.199,36
7,48814.551,36
7,48821.699,36
7,48829.110,36
7,48836.954,36
7,48843.600,41
7,48850.022,41
7,48855.741,41
7,48862.605,41
7,48871.068,41
7,48878.416,41
7,48884.889,41
7,48892.067,41
7,48900.359,41
7,48907.192,41
7,48914.417,41
7,48922.473,41
7,48929.694,41
7,48938.536,41
7,48944.277,41
7,48952.349,41
7,48958.009,41
7,48965.401,41
7,48973.401,41
7,48980.753,41
7,48988.063,41
7,48995.452,41
7,49002.461,41
7,49010.198,46
7,49017.714,46
7,49024.536,46
7,49031.979,46
7,49040.993,46
7,49048.492,46
7,49056.148,46
7,49063.573,46
7,49070.499,46
7,49077.045,46
7,49083.151,46
7,49089.202,46
7,49095.698,46
7,49102.205,46
7,49110.154,46
7,49116.605,46
7,49122.302,46
7,49128.966,46
7,49135.703,46
7,49144.859,46
7,49151.332,46
7,49157.098,46
7,49163.999,46
7,49170.910,46
7,49179.093,51
7,49184.988,51
7,49190.544,51
7,49196.763,51
7,49203.082,51
7,49209.769,51
7,49215.752,51
7,49221.620,51
7,49227.584,51
7,49233.242,51
7,49239.336,51
7,49247.347,51
7,49252.910,51
7,49258.819,51
7,49265.807,51
7,49272.434,51
7,49278.471,51
7,49285.478,51
7,49292.643,51
7,49299.555,51
7,49306.097,51
7,49314.356,51
7,49321.922,51
7,49329.701,51
7,49336.469,51
7,49342.923,56
7,49355.137,56
7,49362.325,56
7,49368.496,56
7,49374.452,56
7,49382.601,56
7,49388.232,56
7,49394.815,56
7,49400.590,56
7,49406.127,56
7,49415.387,56
7,49421.075,56
7,49426.984,56
7,49433.904,56
7,49439.614,56
7,49449.273,56
7,49456.370,56
7,49462.974,56
7,49469.873,56
7,49475.522,56
7,49484.080,56
7,49490.138,56
7,49496.990,56
7,49503.241,56
7,49509.625,61
7,49518.331,61
7,49524.826,61
7,49532.380,61
7,49539.847,61
7,49546.083,61
7,49553.209,61
7,49560.359,61
7,49567.640,61
7,49573.725,61
7,49580.983,61
7,49590.827,61
7,49597.506,61
7,49603.743,61
7,49609.953,61
7,49619.111,61
7,49625.243,61
7,49632.787,61
7,49638.902,61
7,49645.278,61
7,49651.918,61
7,49657.454,61
7,49663.523,61
7,49669.254,61
7,49674.794,66
7,49681.137,66
7,49688.519,66
7,49694.457,66
7,49700.052,66
7,49705.670,66
7,49711.668,66
7,49722.484,66
7,49728.135,66
7,49734.176,66
7,49739.715,66
7,49745.962,66
7,49753.804,66
7,49759.675,66
7,49765.735,66
7,49771.666,66
7,49777.583,66
7,49782.945,66
7,49790.013,66
7,49797.536,66
7,49803.089,66
7,49808.320,66
7,49814.575,66
7,49822.278,66
7,49827.888,66
7,49833.274,66
7,49838.545,71
7,49844.480,71
7,49849.877,71
7,49857.702,71
7,49863.827,71
7,49869.261,71
7,49874.930,71
7,49881.113,71
7,49889.889,71
7,49895.674,71
7,49901.075,71
7,49906.468,71
7,49912.243,71
7,49918.677,71
7,49925.506,71
7,49931.574,71
7,49937.285,71
7,49943.901,71
7,49949.310,71
7,49957.734,71
7,49963.808,71
7,49969.137,71
7,49974.647,71
7,49980.746,71
7,49986.199,71
7,49994.484,71
7,49999.912,71
7,50005.388,76
7,50011.515,76
7,50016.664,76
7,50022.875,76
7,50030.172,76
7,50035.450,76
7,50040.812,76
7,50046.747,76
7,50052.444,76
7,50059.687,76
7,50066.206,76
7,50072.077,76
7,50078.856,76
7,50084.325,76
7,50089.383,76
7,50097.202,76
7,50103.017,76
7,50108.505,76
7,50114.447,76
7,50120.477,76
7,50128.972,76
7,50134.791,76
7,50140.251,76
7,50146.314,76
7,50152.693,76
7,50161.363,76
7,50167.444,76
7,50172.561,81
7,50178.409,81
7,50183.586,81
7,50188.888,81
7,50196.983,81
7,50202.760,81
7,50208.029,81
7,50213.973,81
7,50220.247,81
7,50226.542,81
7,50233.898,81
7,50239.315,81
7,50245.166,81
7,50250.592,81
7,50255.625,81
7,50264.184,81
7,50269.654,81
7,50274.990,81
7,50281.154,81
7,50287.228,81
7,50293.567,81
7,50300.614,81
7,50306.460,81
7,50312.907,81
7,50318.371,81
7,50323.733,81
7,50332.013,81
7,50337.756,86
7,50344.411,86
7,50350.104,86
7,50355.624,86
7,50360.776,86
7,50368.402,86
7,50374.092,86
7,50380.334,86
7,50385.616,86
7,50391.059,86
7,50397.141,86
7,50403.672,86
7,50409.168,86
7,50415.301,86
7,50420.757,86
7,50427.039,86
7,50433.760,86
7,50439.312,86
7,50445.226,86
7,50450.349,86
7,50455.478,86
7,50461.497,86
7,50467.945,86
7,50473.397,86
7,50479.234,86
7,50484.316,86
7,50489.575,86
7,50495.443,86
7,50503.269,86
7,50509.585,91
7,50515.710,91
7,50522.122,91
7,50528.244,91
7,50535.753,91
7,50541.119,91
7,50547.587,91
7,50553.210,91
7,50558.952,91
7,50564.984,91
7,50571.672,91
7,50577.290,91
7,50582.595,91
7,50588.227,91
7,50594.131,91
7,50599.594,91
7,50606.060,91
7,50611.820,91
7,50616.932,91
7,50622.652,91
7,50628.821,91
7,50637.588,91
7,50642.715,91
7,50648.701,91
7,50653.957,91
7,50659.846,91
7,50665.162,91
7,50672.028,91
7,50677.970,96
7,50683.453,96
7,50688.682,96
7,50694.824,96
7,50700.459,96
7,50707.284,96
7,50713.153,96
7,50718.563,96
7,50723.804,96
7,50729.686,96
7,50735.116,96
7,50742.306,96
7,50748.224,96
7,50753.456,96
7,50759.915,96
7,50765.199,96
7,50773.865,96
7,50779.857,96
7,50784.873,96
7,50790.103,96
7,50796.157,96
7,50801.737,96
7,50808.672,96
7,50815.098,96
7,50820.693,96
7,50827.493,96
7,50833.112,96
7,50838.232,101
7,50846.041,101
7,50851.466,101
7,50856.790,101
7,50862.945,101
7,50868.545,101
7,50875.780,101
7,50881.996,101
7,50887.714,101
7,50893.732,101
7,50899.511,101
7,50904.961,101
7,50912.830,101
7,50918.408,101
7,50923.813,101
7,50929.894,101
7,50935.220,101
7,50944.187,101
7,50950.904,101
7,50956.609,101
7,50962.859,101
7,50968.483,101
7,50977.026,101
7,50983.030,101
7,50988.423,101
7,50994.435,101
7,51000.054,101
7,51005.302,106
7,51013.281,106
7,51018.732,106
7,51024.389,106
7,51030.336,106
7,51035.898,106
7,51041.507,106
7,51049.636,106
7,51055.061,106
7,51061.292,106
7,51066.687,106
7,51072.379,106
7,51080.786,106
7,51086.232,106
7,51092.414,106
7,51098.300,106
7,51103.891,106
7,51110.356,106
7,51118.156,106
7,51123.632,106
7,51130.218,106
7,51135.813,106
7,51141.506,106
7,51149.997,106
7,51157.163,106
7,51163.644,106
7,51171.146,106
7,51178.671,111
7,51186.607,111
7,51193.728,111
7,51200.334,111
7,51206.011,111
7,51211.942,111
7,51218.992,111
7,51225.385,111
7,51231.358,111
7,51236.926,111
7,51242.660,111
7,51251.057,111
7,51258.290,111
7,51264.185,111
7,51269.576,111
7,51275.137,111
7,51281.084,111
7,51288.661,111
7,51294.493,111
7,51299.821,111
7,51305.327,111
7,51310.974,111
7,51323.418,111
7,51329.086,111
7,51337.868,111
7,51343.790,116
7,51353.801,116
7,51360.120,116
7,51366.115,116
7,51371.865,116
7,51377.467,116
7,51385.855,116
7,51391.372,116
7,51405.434,116
7,51410.879,116
7,51417.066,116
7,51427.939,116
7,51434.446,116
7,51440.227,116
7,51448.612,116
7,51455.622,116
7,51461.257,116
7,51468.410,116
7,51474.163,116
7,51480.236,116
7,51492.595,116
7,51498.669,116
7,51504.914,121
7,51511.686,121
7,51517.755,121
7,51525.308,121
7,51531.462,121
7,51537.441,121
7,51544.291,121
7,51549.922,121
7,51557.470,121
7,51563.169,121
7,51568.619,121
7,51574.191,121
7,51580.091,121
7,51589.372,121
7,51596.621,121
7,51602.865,121
7,51608.912,121
7,51615.265,121
7,51628.165,121
7,51634.792,121
7,51640.815,121
7,51646.984,121
7,51652.887,121
7,51659.920,121
7,51669.175,121
7,51674.911,126
7,51681.214,126
7,51688.527,126
7,51695.653,126
7,51701.851,126
7,51707.323,126
7,51713.613,126
7,51719.541,126
7,51726.750,126
7,51732.927,126
7,51739.667,126
7,51745.995,126
7,51751.362,126
7,51759.196,126
7,51769.716,126
7,51775.573,126
7,51782.078,126
7,51787.759,126
7,51794.603,126
7,51800.816,126
7,51806.349,126
7,51811.880,126
7,51817.962,126
7,51823.442,126
7,51831.665,126
7,51837.327,131
7,51843.183,131
7,51849.301,131
7,51855.181,131
7,51862.246,131
7,51868.411,131
7,51874.437,131
7,51880.759,131
7,51889.755,131
7,51897.020,131
7,51903.160,131
7,51908.807,131
7,51915.026,131
7,51920.655,131
7,51929.482,131
7,51936.536,131
7,51942.641,131
7,51948.892,131
7,51954.713,131
7,51961.363,131
7,51971.743,131
7,51978.248,131
7,51984.900,131
7,51990.971,131
7,51999.423,131
7,52006.288,136
7,52012.443,136
7,52018.889,136
7,52024.590,136
7,52033.596,136
7,52039.280,136
7,52049.505,136
7,52055.727,136
7,52061.950,136
7,52069.175,136
7,52075.187,136
7,52081.688,136
7,52088.218,136
7,52094.357,136
7,52102.002,136
7,52107.855,136
7,52113.911,136
7,52119.792,136
7,52125.553,136
7,52135.138,136
7,52142.213,136
7,52149.604,136
7,52155.266,136
7,52162.398,136
7,52169.958,136
7,52175.740,141
7,52184.156,141
7,52189.896,141
7,52195.988,141
7,52203.012,141
7,52208.490,141
7,52214.414,141
7,52225.393,141
7,52231.699,141
7,52238.618,141
7,52244.427,141
7,52250.294,141
7,52256.097,141
7,52262.443,141
7,52270.201,141
7,52276.067,141
7,52283.597,141
7,52289.116,141
7,52295.195,141
7,52303.782,141
7,52309.541,141
7,52315.567,141
7,52320.668,141
7,52326.264,141
7,52331.821,141
7,52339.256,141
7,52345.302,146
7,52351.315,146
7,52356.576,146
7,52362.849,146
7,52371.798,146
7,52377.963,146
7,52383.817,146
7,52389.368,146
7,52395.839,146
7,52406.366,146
7,52413.398,146
7,52419.469,146
7,52424.787,146
7,52430.667,146
7,52439.194,146
7,52444.612,146
7,52451.024,146
7,52456.784,146
7,52462.702,146
7,52468.219,146
7,52475.667,146
7,52481.668,146
7,52486.815,146
7,52492.437,146
7,52498.489,146
7,52506.990,151
7,52513.844,151
7,52519.575,151
7,52525.318,151
7,52531.452,151
7,52537.131,151
7,52549.463,151
7,52555.162,151
7,52561.358,151
7,52566.968,151
7,52575.785,151
7,52586.091,151
7,52591.700,151
7,52597.813,151
7,52603.520,151
7,52610.526,151
7,52616.878,151
7,52622.671,151
7,52629.029,151
7,52634.870,151
7,52640.684,151
7,52648.670,151
7,52655.317,151
7,52661.321,151
7,52666.931,151
7,52672.691,156
7,52680.556,156
7,52686.631,156
7,52692.124,156
7,52697.854,156
7,52704.112,156
7,52713.779,156
7,52719.524,156
7,52725.075,156
7,52731.428,156
7,52737.026,156
7,52744.725,156
7,52751.479,156
7,52757.001,156
7,52763.304,156
7,52768.781,156
7,52774.387,156
7,52783.147,156
7,52789.017,156
7,52795.367,156
7,52801.044,156
7,52806.732,156
7,52815.109,156
7,52820.949,156
7,52828.500,156
7,52834.482,156
7,52840.247,161
7,52852.701,161
7,52858.288,161
7,52864.569,161
7,52870.597,161
7,52877.644,161
7,52888.214,161
7,52893.866,161
7,52899.993,161
7,52907.913,161
7,52914.152,161
7,52921.659,161
7,52927.558,161
7,52933.861,161
7,52939.610,161
7,52949.694,161
7,52964.728,161
7,52970.851,161
7,52976.715,161
7,52985.185,161
7,52991.128,161
7,52997.427,161
7,53003.426,161
7,53009.165,166
7,53018.756,166
7,53024.561,166
7,53030.823,166
7,53036.687,166
7,53042.758,166
7,53052.205,166
7,53058.170,166
7,53064.696,166
7,53070.070,166
7,53075.976,166
7,53082.436,166
7,53089.363,166
7,53095.104,166
7,53100.742,166
7,53106.491,166
7,53112.795,166
7,53120.785,166
7,53126.099,166
7,53133.249,166
7,53138.766,166
7,53145.065,166
7,53154.628,166
7,53160.438,166
7,53166.793,166
7,53172.434,171
7,53178.588,171
7,53183.909,171
7,53192.518,171
7,53198.606,171
7,53203.946,171
7,53210.712,171
7,53216.556,171
7,53224.098,171
7,53229.962,171
7,53235.413,171
7,53240.648,171
7,53246.865,171
7,53255.343,171
7,53261.499,171
7,53267.461,171
7,53272.955,171
7,53279.139,171
7,53285.034,171
7,53292.529,171
7,53298.624,171
7,53303.904,171
7,53309.486,171
7,53316.101,171
7,53324.583,171
7,53330.513,171
7,53335.972,171
7,53341.122,176
7,53347.374,176
7,53353.168,176
7,53360.309,176
7,53366.172,176
7,53372.023,176
7,53378.433,176
7,53383.898,176
7,53392.236,176
7,53398.413,176
7,53404.834,176
7,53411.230,176
7,53416.751,176
7,53422.199,176
7,53430.188,176
7,53435.771,176
7,53441.287,176
7,53447.699,176
7,53454.034,176
7,53462.062,176
7,53467.817,176
7,53473.460,176
7,53479.972,176
7,53486.226,176
7,53493.907,176
7,53500.050,176
7,53506.279,180
7,53512.651,180
7,53519.465,180
7,53528.863,180
7,53535.502,180
7,53541.245,180
7,53547.759,180
7,53553.711,180
7,53562.362,180
7,53569.658,180
7,53575.556,180
7,53581.894,180
7,53587.505,180
7,53597.934,180
7,53604.239,180
7,53609.953,180
7,53615.879,180
7,53622.018,180
7,53632.829,180
7,53638.613,180
7,53644.376,180
7,53650.435,180
7,53655.921,180
7,53664.574,180
8,53670.265,0
